MAxPy: SYNTHESIS USING YOSYS

Command line:

yosys synth.ys;

Synth file:

read_verilog /home/juliana/venv_pytorch/lib/python3.12/site-packages/MAxPy/pdk/NanGate15nm.v /home/juliana/venv_pytorch/lib/python3.12/site-packages/MAxPy/vlib/AxArith/*/*.v neuron_drums_4/neuron_intra_Nbits_DRUMs_4/rtl/neuron_intra_Nbits.v 
hierarchy -top neuron_intra_Nbits
prep; flatten; synth
clean -purge

dfflibmap -liberty /home/juliana/venv_pytorch/lib/python3.12/site-packages/MAxPy/pdk/NanGate15nm.lib
abc -liberty /home/juliana/venv_pytorch/lib/python3.12/site-packages/MAxPy/pdk/NanGate15nm.lib
clean -purge

write_verilog -noattr -noexpr  neuron_drums_4/neuron_intra_Nbits_DRUMs_4/netlist_yosys/neuron_intra_Nbits.v


Log from stdout and stderr:


 /----------------------------------------------------------------------------\
 |                                                                            |
 |  yosys -- Yosys Open SYnthesis Suite                                       |
 |                                                                            |
 |  Copyright (C) 2012 - 2020  Claire Xenia Wolf <claire@yosyshq.com>         |
 |                                                                            |
 |  Permission to use, copy, modify, and/or distribute this software for any  |
 |  purpose with or without fee is hereby granted, provided that the above    |
 |  copyright notice and this permission notice appear in all copies.         |
 |                                                                            |
 |  THE SOFTWARE IS PROVIDED "AS IS" AND THE AUTHOR DISCLAIMS ALL WARRANTIES  |
 |  WITH REGARD TO THIS SOFTWARE INCLUDING ALL IMPLIED WARRANTIES OF          |
 |  MERCHANTABILITY AND FITNESS. IN NO EVENT SHALL THE AUTHOR BE LIABLE FOR   |
 |  ANY SPECIAL, DIRECT, INDIRECT, OR CONSEQUENTIAL DAMAGES OR ANY DAMAGES    |
 |  WHATSOEVER RESULTING FROM LOSS OF USE, DATA OR PROFITS, WHETHER IN AN     |
 |  ACTION OF CONTRACT, NEGLIGENCE OR OTHER TORTIOUS ACTION, ARISING OUT OF   |
 |  OR IN CONNECTION WITH THE USE OR PERFORMANCE OF THIS SOFTWARE.            |
 |                                                                            |
 \----------------------------------------------------------------------------/

 Yosys 0.33 (git sha1 2584903a060)


-- Executing script file `synth.ys' --

1. Executing Verilog-2005 frontend: /home/juliana/venv_pytorch/lib/python3.12/site-packages/MAxPy/pdk/NanGate15nm.v
Parsing Verilog input from `/home/juliana/venv_pytorch/lib/python3.12/site-packages/MAxPy/pdk/NanGate15nm.v' to AST representation.
Generating RTLIL representation for module `\AND2_X1'.
Generating RTLIL representation for module `\AND2_X2'.
Generating RTLIL representation for module `\AND3_X1'.
/home/juliana/venv_pytorch/lib/python3.12/site-packages/MAxPy/pdk/NanGate15nm.v:23: Warning: Identifier `\i_12' is implicitly declared.
Generating RTLIL representation for module `\AND3_X2'.
/home/juliana/venv_pytorch/lib/python3.12/site-packages/MAxPy/pdk/NanGate15nm.v:33: Warning: Identifier `\i_18' is implicitly declared.
Generating RTLIL representation for module `\AND4_X1'.
/home/juliana/venv_pytorch/lib/python3.12/site-packages/MAxPy/pdk/NanGate15nm.v:44: Warning: Identifier `\i_0' is implicitly declared.
/home/juliana/venv_pytorch/lib/python3.12/site-packages/MAxPy/pdk/NanGate15nm.v:45: Warning: Identifier `\i_1' is implicitly declared.
Generating RTLIL representation for module `\AND4_X2'.
/home/juliana/venv_pytorch/lib/python3.12/site-packages/MAxPy/pdk/NanGate15nm.v:56: Warning: Identifier `\i_0' is implicitly declared.
/home/juliana/venv_pytorch/lib/python3.12/site-packages/MAxPy/pdk/NanGate15nm.v:57: Warning: Identifier `\i_1' is implicitly declared.
Generating RTLIL representation for module `\ANTENNA'.
Generating RTLIL representation for module `\AOI21_X1'.
/home/juliana/venv_pytorch/lib/python3.12/site-packages/MAxPy/pdk/NanGate15nm.v:73: Warning: Identifier `\i_18' is implicitly declared.
/home/juliana/venv_pytorch/lib/python3.12/site-packages/MAxPy/pdk/NanGate15nm.v:73: Warning: Identifier `\i_19' is implicitly declared.
Generating RTLIL representation for module `\AOI21_X2'.
/home/juliana/venv_pytorch/lib/python3.12/site-packages/MAxPy/pdk/NanGate15nm.v:84: Warning: Identifier `\i_12' is implicitly declared.
/home/juliana/venv_pytorch/lib/python3.12/site-packages/MAxPy/pdk/NanGate15nm.v:84: Warning: Identifier `\i_13' is implicitly declared.
Generating RTLIL representation for module `\AOI22_X1'.
/home/juliana/venv_pytorch/lib/python3.12/site-packages/MAxPy/pdk/NanGate15nm.v:96: Warning: Identifier `\i_0' is implicitly declared.
/home/juliana/venv_pytorch/lib/python3.12/site-packages/MAxPy/pdk/NanGate15nm.v:96: Warning: Identifier `\i_1' is implicitly declared.
/home/juliana/venv_pytorch/lib/python3.12/site-packages/MAxPy/pdk/NanGate15nm.v:96: Warning: Identifier `\i_2' is implicitly declared.
Generating RTLIL representation for module `\AOI22_X2'.
/home/juliana/venv_pytorch/lib/python3.12/site-packages/MAxPy/pdk/NanGate15nm.v:109: Warning: Identifier `\i_0' is implicitly declared.
/home/juliana/venv_pytorch/lib/python3.12/site-packages/MAxPy/pdk/NanGate15nm.v:109: Warning: Identifier `\i_1' is implicitly declared.
/home/juliana/venv_pytorch/lib/python3.12/site-packages/MAxPy/pdk/NanGate15nm.v:109: Warning: Identifier `\i_2' is implicitly declared.
Generating RTLIL representation for module `\BUF_X1'.
Generating RTLIL representation for module `\BUF_X2'.
Generating RTLIL representation for module `\BUF_X4'.
Generating RTLIL representation for module `\BUF_X8'.
Generating RTLIL representation for module `\BUF_X12'.
Generating RTLIL representation for module `\BUF_X16'.
Generating RTLIL representation for module `\CLKBUF_X1'.
Generating RTLIL representation for module `\CLKBUF_X2'.
Generating RTLIL representation for module `\CLKBUF_X4'.
Generating RTLIL representation for module `\CLKBUF_X8'.
Generating RTLIL representation for module `\CLKBUF_X12'.
Generating RTLIL representation for module `\CLKBUF_X16'.
Generating RTLIL representation for module `\CLKGATETST_X1'.
/home/juliana/venv_pytorch/lib/python3.12/site-packages/MAxPy/pdk/NanGate15nm.v:238: Warning: Identifier `\QD' is implicitly declared.
/home/juliana/venv_pytorch/lib/python3.12/site-packages/MAxPy/pdk/NanGate15nm.v:239: Warning: Identifier `\nextstate' is implicitly declared.
/home/juliana/venv_pytorch/lib/python3.12/site-packages/MAxPy/pdk/NanGate15nm.v:240: Warning: Identifier `\QDn' is implicitly declared.
Generating RTLIL representation for module `\seq_CLKGATETST_X1'.
Generating RTLIL representation for module `\DFFRNQ_X1'.
/home/juliana/venv_pytorch/lib/python3.12/site-packages/MAxPy/pdk/NanGate15nm.v:350: Warning: Identifier `\IQ' is implicitly declared.
/home/juliana/venv_pytorch/lib/python3.12/site-packages/MAxPy/pdk/NanGate15nm.v:350: Warning: Identifier `\nextstate' is implicitly declared.
/home/juliana/venv_pytorch/lib/python3.12/site-packages/MAxPy/pdk/NanGate15nm.v:351: Warning: Identifier `\IQN' is implicitly declared.
Generating RTLIL representation for module `\seq_DFFRNQ_X1'.
Generating RTLIL representation for module `\DFFSNQ_X1'.
/home/juliana/venv_pytorch/lib/python3.12/site-packages/MAxPy/pdk/NanGate15nm.v:484: Warning: Identifier `\IQ' is implicitly declared.
/home/juliana/venv_pytorch/lib/python3.12/site-packages/MAxPy/pdk/NanGate15nm.v:484: Warning: Identifier `\nextstate' is implicitly declared.
/home/juliana/venv_pytorch/lib/python3.12/site-packages/MAxPy/pdk/NanGate15nm.v:485: Warning: Identifier `\IQN' is implicitly declared.
Generating RTLIL representation for module `\seq_DFFSNQ_X1'.
Generating RTLIL representation for module `\FA_X1'.
/home/juliana/venv_pytorch/lib/python3.12/site-packages/MAxPy/pdk/NanGate15nm.v:580: Warning: Identifier `\i_12' is implicitly declared.
/home/juliana/venv_pytorch/lib/python3.12/site-packages/MAxPy/pdk/NanGate15nm.v:580: Warning: Identifier `\i_15' is implicitly declared.
/home/juliana/venv_pytorch/lib/python3.12/site-packages/MAxPy/pdk/NanGate15nm.v:581: Warning: Identifier `\i_13' is implicitly declared.
/home/juliana/venv_pytorch/lib/python3.12/site-packages/MAxPy/pdk/NanGate15nm.v:581: Warning: Identifier `\i_14' is implicitly declared.
/home/juliana/venv_pytorch/lib/python3.12/site-packages/MAxPy/pdk/NanGate15nm.v:586: Warning: Identifier `\i_20' is implicitly declared.
/home/juliana/venv_pytorch/lib/python3.12/site-packages/MAxPy/pdk/NanGate15nm.v:586: Warning: Identifier `\i_21' is implicitly declared.
/home/juliana/venv_pytorch/lib/python3.12/site-packages/MAxPy/pdk/NanGate15nm.v:586: Warning: Identifier `\i_27' is implicitly declared.
/home/juliana/venv_pytorch/lib/python3.12/site-packages/MAxPy/pdk/NanGate15nm.v:587: Warning: Identifier `\i_22' is implicitly declared.
/home/juliana/venv_pytorch/lib/python3.12/site-packages/MAxPy/pdk/NanGate15nm.v:589: Warning: Identifier `\i_23' is implicitly declared.
/home/juliana/venv_pytorch/lib/python3.12/site-packages/MAxPy/pdk/NanGate15nm.v:589: Warning: Identifier `\i_24' is implicitly declared.
/home/juliana/venv_pytorch/lib/python3.12/site-packages/MAxPy/pdk/NanGate15nm.v:589: Warning: Identifier `\i_25' is implicitly declared.
/home/juliana/venv_pytorch/lib/python3.12/site-packages/MAxPy/pdk/NanGate15nm.v:592: Warning: Identifier `\i_26' is implicitly declared.
/home/juliana/venv_pytorch/lib/python3.12/site-packages/MAxPy/pdk/NanGate15nm.v:594: Warning: Identifier `\i_28' is implicitly declared.
/home/juliana/venv_pytorch/lib/python3.12/site-packages/MAxPy/pdk/NanGate15nm.v:594: Warning: Identifier `\i_29' is implicitly declared.
/home/juliana/venv_pytorch/lib/python3.12/site-packages/MAxPy/pdk/NanGate15nm.v:596: Warning: Identifier `\i_30' is implicitly declared.
/home/juliana/venv_pytorch/lib/python3.12/site-packages/MAxPy/pdk/NanGate15nm.v:596: Warning: Identifier `\i_31' is implicitly declared.
/home/juliana/venv_pytorch/lib/python3.12/site-packages/MAxPy/pdk/NanGate15nm.v:596: Warning: Identifier `\i_32' is implicitly declared.
/home/juliana/venv_pytorch/lib/python3.12/site-packages/MAxPy/pdk/NanGate15nm.v:599: Warning: Identifier `\i_33' is implicitly declared.
Generating RTLIL representation for module `\FILLTIE'.
Generating RTLIL representation for module `\FILL_X1'.
Generating RTLIL representation for module `\FILL_X2'.
Generating RTLIL representation for module `\FILL_X4'.
Generating RTLIL representation for module `\FILL_X8'.
Generating RTLIL representation for module `\FILL_X16'.
Generating RTLIL representation for module `\HA_X1'.
/home/juliana/venv_pytorch/lib/python3.12/site-packages/MAxPy/pdk/NanGate15nm.v:634: Warning: Identifier `\i_42' is implicitly declared.
/home/juliana/venv_pytorch/lib/python3.12/site-packages/MAxPy/pdk/NanGate15nm.v:634: Warning: Identifier `\i_43' is implicitly declared.
/home/juliana/venv_pytorch/lib/python3.12/site-packages/MAxPy/pdk/NanGate15nm.v:634: Warning: Identifier `\i_44' is implicitly declared.
/home/juliana/venv_pytorch/lib/python3.12/site-packages/MAxPy/pdk/NanGate15nm.v:637: Warning: Identifier `\i_45' is implicitly declared.
Generating RTLIL representation for module `\INV_X1'.
Generating RTLIL representation for module `\INV_X2'.
Generating RTLIL representation for module `\INV_X4'.
Generating RTLIL representation for module `\INV_X8'.
Generating RTLIL representation for module `\INV_X12'.
Generating RTLIL representation for module `\INV_X16'.
Generating RTLIL representation for module `\LHQ_X1'.
/home/juliana/venv_pytorch/lib/python3.12/site-packages/MAxPy/pdk/NanGate15nm.v:720: Warning: Identifier `\IQ' is implicitly declared.
/home/juliana/venv_pytorch/lib/python3.12/site-packages/MAxPy/pdk/NanGate15nm.v:720: Warning: Identifier `\nextstate' is implicitly declared.
/home/juliana/venv_pytorch/lib/python3.12/site-packages/MAxPy/pdk/NanGate15nm.v:721: Warning: Identifier `\IQN' is implicitly declared.
Generating RTLIL representation for module `\seq_LHQ_X1'.
Generating RTLIL representation for module `\MUX2_X1'.
/home/juliana/venv_pytorch/lib/python3.12/site-packages/MAxPy/pdk/NanGate15nm.v:793: Warning: Identifier `\i_12' is implicitly declared.
/home/juliana/venv_pytorch/lib/python3.12/site-packages/MAxPy/pdk/NanGate15nm.v:793: Warning: Identifier `\i_13' is implicitly declared.
/home/juliana/venv_pytorch/lib/python3.12/site-packages/MAxPy/pdk/NanGate15nm.v:795: Warning: Identifier `\i_14' is implicitly declared.
Generating RTLIL representation for module `\NAND2_X1'.
/home/juliana/venv_pytorch/lib/python3.12/site-packages/MAxPy/pdk/NanGate15nm.v:805: Warning: Identifier `\i_24' is implicitly declared.
Generating RTLIL representation for module `\NAND2_X2'.
/home/juliana/venv_pytorch/lib/python3.12/site-packages/MAxPy/pdk/NanGate15nm.v:814: Warning: Identifier `\i_18' is implicitly declared.
Generating RTLIL representation for module `\NAND3_X1'.
/home/juliana/venv_pytorch/lib/python3.12/site-packages/MAxPy/pdk/NanGate15nm.v:824: Warning: Identifier `\i_6' is implicitly declared.
/home/juliana/venv_pytorch/lib/python3.12/site-packages/MAxPy/pdk/NanGate15nm.v:824: Warning: Identifier `\i_7' is implicitly declared.
Generating RTLIL representation for module `\NAND3_X2'.
/home/juliana/venv_pytorch/lib/python3.12/site-packages/MAxPy/pdk/NanGate15nm.v:835: Warning: Identifier `\i_6' is implicitly declared.
/home/juliana/venv_pytorch/lib/python3.12/site-packages/MAxPy/pdk/NanGate15nm.v:835: Warning: Identifier `\i_7' is implicitly declared.
Generating RTLIL representation for module `\NAND4_X1'.
/home/juliana/venv_pytorch/lib/python3.12/site-packages/MAxPy/pdk/NanGate15nm.v:847: Warning: Identifier `\i_0' is implicitly declared.
/home/juliana/venv_pytorch/lib/python3.12/site-packages/MAxPy/pdk/NanGate15nm.v:847: Warning: Identifier `\i_1' is implicitly declared.
/home/juliana/venv_pytorch/lib/python3.12/site-packages/MAxPy/pdk/NanGate15nm.v:848: Warning: Identifier `\i_2' is implicitly declared.
Generating RTLIL representation for module `\NAND4_X2'.
/home/juliana/venv_pytorch/lib/python3.12/site-packages/MAxPy/pdk/NanGate15nm.v:860: Warning: Identifier `\i_0' is implicitly declared.
/home/juliana/venv_pytorch/lib/python3.12/site-packages/MAxPy/pdk/NanGate15nm.v:860: Warning: Identifier `\i_1' is implicitly declared.
/home/juliana/venv_pytorch/lib/python3.12/site-packages/MAxPy/pdk/NanGate15nm.v:861: Warning: Identifier `\i_2' is implicitly declared.
Generating RTLIL representation for module `\NOR2_X1'.
/home/juliana/venv_pytorch/lib/python3.12/site-packages/MAxPy/pdk/NanGate15nm.v:871: Warning: Identifier `\i_12' is implicitly declared.
Generating RTLIL representation for module `\NOR2_X2'.
/home/juliana/venv_pytorch/lib/python3.12/site-packages/MAxPy/pdk/NanGate15nm.v:880: Warning: Identifier `\i_12' is implicitly declared.
Generating RTLIL representation for module `\NOR3_X1'.
/home/juliana/venv_pytorch/lib/python3.12/site-packages/MAxPy/pdk/NanGate15nm.v:890: Warning: Identifier `\i_0' is implicitly declared.
/home/juliana/venv_pytorch/lib/python3.12/site-packages/MAxPy/pdk/NanGate15nm.v:890: Warning: Identifier `\i_1' is implicitly declared.
Generating RTLIL representation for module `\NOR3_X2'.
/home/juliana/venv_pytorch/lib/python3.12/site-packages/MAxPy/pdk/NanGate15nm.v:901: Warning: Identifier `\i_0' is implicitly declared.
/home/juliana/venv_pytorch/lib/python3.12/site-packages/MAxPy/pdk/NanGate15nm.v:901: Warning: Identifier `\i_1' is implicitly declared.
Generating RTLIL representation for module `\NOR4_X1'.
/home/juliana/venv_pytorch/lib/python3.12/site-packages/MAxPy/pdk/NanGate15nm.v:913: Warning: Identifier `\i_0' is implicitly declared.
/home/juliana/venv_pytorch/lib/python3.12/site-packages/MAxPy/pdk/NanGate15nm.v:913: Warning: Identifier `\i_1' is implicitly declared.
/home/juliana/venv_pytorch/lib/python3.12/site-packages/MAxPy/pdk/NanGate15nm.v:914: Warning: Identifier `\i_2' is implicitly declared.
Generating RTLIL representation for module `\NOR4_X2'.
/home/juliana/venv_pytorch/lib/python3.12/site-packages/MAxPy/pdk/NanGate15nm.v:926: Warning: Identifier `\i_0' is implicitly declared.
/home/juliana/venv_pytorch/lib/python3.12/site-packages/MAxPy/pdk/NanGate15nm.v:926: Warning: Identifier `\i_1' is implicitly declared.
/home/juliana/venv_pytorch/lib/python3.12/site-packages/MAxPy/pdk/NanGate15nm.v:927: Warning: Identifier `\i_2' is implicitly declared.
Generating RTLIL representation for module `\OAI21_X1'.
/home/juliana/venv_pytorch/lib/python3.12/site-packages/MAxPy/pdk/NanGate15nm.v:938: Warning: Identifier `\i_0' is implicitly declared.
/home/juliana/venv_pytorch/lib/python3.12/site-packages/MAxPy/pdk/NanGate15nm.v:938: Warning: Identifier `\i_1' is implicitly declared.
Generating RTLIL representation for module `\OAI21_X2'.
/home/juliana/venv_pytorch/lib/python3.12/site-packages/MAxPy/pdk/NanGate15nm.v:949: Warning: Identifier `\i_0' is implicitly declared.
/home/juliana/venv_pytorch/lib/python3.12/site-packages/MAxPy/pdk/NanGate15nm.v:949: Warning: Identifier `\i_1' is implicitly declared.
Generating RTLIL representation for module `\OAI22_X1'.
/home/juliana/venv_pytorch/lib/python3.12/site-packages/MAxPy/pdk/NanGate15nm.v:961: Warning: Identifier `\i_0' is implicitly declared.
/home/juliana/venv_pytorch/lib/python3.12/site-packages/MAxPy/pdk/NanGate15nm.v:961: Warning: Identifier `\i_1' is implicitly declared.
/home/juliana/venv_pytorch/lib/python3.12/site-packages/MAxPy/pdk/NanGate15nm.v:961: Warning: Identifier `\i_2' is implicitly declared.
Generating RTLIL representation for module `\OAI22_X2'.
/home/juliana/venv_pytorch/lib/python3.12/site-packages/MAxPy/pdk/NanGate15nm.v:974: Warning: Identifier `\i_0' is implicitly declared.
/home/juliana/venv_pytorch/lib/python3.12/site-packages/MAxPy/pdk/NanGate15nm.v:974: Warning: Identifier `\i_1' is implicitly declared.
/home/juliana/venv_pytorch/lib/python3.12/site-packages/MAxPy/pdk/NanGate15nm.v:974: Warning: Identifier `\i_2' is implicitly declared.
Generating RTLIL representation for module `\OR2_X1'.
Generating RTLIL representation for module `\OR2_X2'.
Generating RTLIL representation for module `\OR3_X1'.
/home/juliana/venv_pytorch/lib/python3.12/site-packages/MAxPy/pdk/NanGate15nm.v:1001: Warning: Identifier `\i_0' is implicitly declared.
Generating RTLIL representation for module `\OR3_X2'.
/home/juliana/venv_pytorch/lib/python3.12/site-packages/MAxPy/pdk/NanGate15nm.v:1011: Warning: Identifier `\i_0' is implicitly declared.
Generating RTLIL representation for module `\OR4_X1'.
/home/juliana/venv_pytorch/lib/python3.12/site-packages/MAxPy/pdk/NanGate15nm.v:1022: Warning: Identifier `\i_0' is implicitly declared.
/home/juliana/venv_pytorch/lib/python3.12/site-packages/MAxPy/pdk/NanGate15nm.v:1023: Warning: Identifier `\i_1' is implicitly declared.
Generating RTLIL representation for module `\OR4_X2'.
/home/juliana/venv_pytorch/lib/python3.12/site-packages/MAxPy/pdk/NanGate15nm.v:1034: Warning: Identifier `\i_0' is implicitly declared.
/home/juliana/venv_pytorch/lib/python3.12/site-packages/MAxPy/pdk/NanGate15nm.v:1035: Warning: Identifier `\i_1' is implicitly declared.
Generating RTLIL representation for module `\SDFFRNQ_X1'.
/home/juliana/venv_pytorch/lib/python3.12/site-packages/MAxPy/pdk/NanGate15nm.v:1091: Warning: Identifier `\IQ' is implicitly declared.
/home/juliana/venv_pytorch/lib/python3.12/site-packages/MAxPy/pdk/NanGate15nm.v:1091: Warning: Identifier `\nextstate' is implicitly declared.
/home/juliana/venv_pytorch/lib/python3.12/site-packages/MAxPy/pdk/NanGate15nm.v:1094: Warning: Identifier `\i_0' is implicitly declared.
/home/juliana/venv_pytorch/lib/python3.12/site-packages/MAxPy/pdk/NanGate15nm.v:1094: Warning: Identifier `\i_1' is implicitly declared.
/home/juliana/venv_pytorch/lib/python3.12/site-packages/MAxPy/pdk/NanGate15nm.v:1096: Warning: Identifier `\i_2' is implicitly declared.
/home/juliana/venv_pytorch/lib/python3.12/site-packages/MAxPy/pdk/NanGate15nm.v:1092: Warning: Identifier `\IQN' is implicitly declared.
Generating RTLIL representation for module `\seq_SDFFRNQ_X1'.
Generating RTLIL representation for module `\SDFFSNQ_X1'.
/home/juliana/venv_pytorch/lib/python3.12/site-packages/MAxPy/pdk/NanGate15nm.v:1235: Warning: Identifier `\IQ' is implicitly declared.
/home/juliana/venv_pytorch/lib/python3.12/site-packages/MAxPy/pdk/NanGate15nm.v:1235: Warning: Identifier `\nextstate' is implicitly declared.
/home/juliana/venv_pytorch/lib/python3.12/site-packages/MAxPy/pdk/NanGate15nm.v:1238: Warning: Identifier `\i_0' is implicitly declared.
/home/juliana/venv_pytorch/lib/python3.12/site-packages/MAxPy/pdk/NanGate15nm.v:1238: Warning: Identifier `\i_1' is implicitly declared.
/home/juliana/venv_pytorch/lib/python3.12/site-packages/MAxPy/pdk/NanGate15nm.v:1240: Warning: Identifier `\i_2' is implicitly declared.
/home/juliana/venv_pytorch/lib/python3.12/site-packages/MAxPy/pdk/NanGate15nm.v:1236: Warning: Identifier `\IQN' is implicitly declared.
Generating RTLIL representation for module `\seq_SDFFSNQ_X1'.
Generating RTLIL representation for module `\TBUF_X1'.
/home/juliana/venv_pytorch/lib/python3.12/site-packages/MAxPy/pdk/NanGate15nm.v:1332: Warning: Identifier `\Z_enable' is implicitly declared.
/home/juliana/venv_pytorch/lib/python3.12/site-packages/MAxPy/pdk/NanGate15nm.v:1332: Warning: Identifier `\Z_in' is implicitly declared.
Generating RTLIL representation for module `\TBUF_X2'.
/home/juliana/venv_pytorch/lib/python3.12/site-packages/MAxPy/pdk/NanGate15nm.v:1342: Warning: Identifier `\Z_enable' is implicitly declared.
/home/juliana/venv_pytorch/lib/python3.12/site-packages/MAxPy/pdk/NanGate15nm.v:1342: Warning: Identifier `\Z_in' is implicitly declared.
Generating RTLIL representation for module `\TBUF_X4'.
/home/juliana/venv_pytorch/lib/python3.12/site-packages/MAxPy/pdk/NanGate15nm.v:1352: Warning: Identifier `\Z_enable' is implicitly declared.
/home/juliana/venv_pytorch/lib/python3.12/site-packages/MAxPy/pdk/NanGate15nm.v:1352: Warning: Identifier `\Z_in' is implicitly declared.
Generating RTLIL representation for module `\TBUF_X8'.
/home/juliana/venv_pytorch/lib/python3.12/site-packages/MAxPy/pdk/NanGate15nm.v:1362: Warning: Identifier `\Z_enable' is implicitly declared.
/home/juliana/venv_pytorch/lib/python3.12/site-packages/MAxPy/pdk/NanGate15nm.v:1362: Warning: Identifier `\Z_in' is implicitly declared.
Generating RTLIL representation for module `\TBUF_X12'.
/home/juliana/venv_pytorch/lib/python3.12/site-packages/MAxPy/pdk/NanGate15nm.v:1372: Warning: Identifier `\Z_enable' is implicitly declared.
/home/juliana/venv_pytorch/lib/python3.12/site-packages/MAxPy/pdk/NanGate15nm.v:1372: Warning: Identifier `\Z_in' is implicitly declared.
Generating RTLIL representation for module `\TBUF_X16'.
/home/juliana/venv_pytorch/lib/python3.12/site-packages/MAxPy/pdk/NanGate15nm.v:1382: Warning: Identifier `\Z_enable' is implicitly declared.
/home/juliana/venv_pytorch/lib/python3.12/site-packages/MAxPy/pdk/NanGate15nm.v:1382: Warning: Identifier `\Z_in' is implicitly declared.
Generating RTLIL representation for module `\TIEH'.
Generating RTLIL representation for module `\TIEL'.
Generating RTLIL representation for module `\XNOR2_X1'.
/home/juliana/venv_pytorch/lib/python3.12/site-packages/MAxPy/pdk/NanGate15nm.v:1406: Warning: Identifier `\i_19' is implicitly declared.
/home/juliana/venv_pytorch/lib/python3.12/site-packages/MAxPy/pdk/NanGate15nm.v:1406: Warning: Identifier `\i_20' is implicitly declared.
/home/juliana/venv_pytorch/lib/python3.12/site-packages/MAxPy/pdk/NanGate15nm.v:1406: Warning: Identifier `\i_21' is implicitly declared.
/home/juliana/venv_pytorch/lib/python3.12/site-packages/MAxPy/pdk/NanGate15nm.v:1409: Warning: Identifier `\i_22' is implicitly declared.
/home/juliana/venv_pytorch/lib/python3.12/site-packages/MAxPy/pdk/NanGate15nm.v:1404: Warning: Identifier `\i_18' is implicitly declared.
Generating RTLIL representation for module `\XOR2_X1'.
/home/juliana/venv_pytorch/lib/python3.12/site-packages/MAxPy/pdk/NanGate15nm.v:1418: Warning: Identifier `\i_18' is implicitly declared.
/home/juliana/venv_pytorch/lib/python3.12/site-packages/MAxPy/pdk/NanGate15nm.v:1418: Warning: Identifier `\i_19' is implicitly declared.
/home/juliana/venv_pytorch/lib/python3.12/site-packages/MAxPy/pdk/NanGate15nm.v:1418: Warning: Identifier `\i_20' is implicitly declared.
/home/juliana/venv_pytorch/lib/python3.12/site-packages/MAxPy/pdk/NanGate15nm.v:1421: Warning: Identifier `\i_21' is implicitly declared.
Successfully finished Verilog frontend.

2. Executing Verilog-2005 frontend: /home/juliana/venv_pytorch/lib/python3.12/site-packages/MAxPy/vlib/AxArith/adders/copy.v
Parsing Verilog input from `/home/juliana/venv_pytorch/lib/python3.12/site-packages/MAxPy/vlib/AxArith/adders/copy.v' to AST representation.
Generating RTLIL representation for module `\copyA'.
Generating RTLIL representation for module `\copyB'.
Successfully finished Verilog frontend.

3. Executing Verilog-2005 frontend: /home/juliana/venv_pytorch/lib/python3.12/site-packages/MAxPy/vlib/AxArith/adders/eta1.v
Parsing Verilog input from `/home/juliana/venv_pytorch/lib/python3.12/site-packages/MAxPy/vlib/AxArith/adders/eta1.v' to AST representation.
Generating RTLIL representation for module `\eta1'.
Successfully finished Verilog frontend.

4. Executing Verilog-2005 frontend: /home/juliana/venv_pytorch/lib/python3.12/site-packages/MAxPy/vlib/AxArith/adders/loa.v
Parsing Verilog input from `/home/juliana/venv_pytorch/lib/python3.12/site-packages/MAxPy/vlib/AxArith/adders/loa.v' to AST representation.
Generating RTLIL representation for module `\loa'.
Successfully finished Verilog frontend.

5. Executing Verilog-2005 frontend: /home/juliana/venv_pytorch/lib/python3.12/site-packages/MAxPy/vlib/AxArith/adders/trunc.v
Parsing Verilog input from `/home/juliana/venv_pytorch/lib/python3.12/site-packages/MAxPy/vlib/AxArith/adders/trunc.v' to AST representation.
Generating RTLIL representation for module `\trunc0'.
Generating RTLIL representation for module `\trunc1'.
Successfully finished Verilog frontend.

6. Executing Verilog-2005 frontend: /home/juliana/venv_pytorch/lib/python3.12/site-packages/MAxPy/vlib/AxArith/multipliers/DRUM.v
Parsing Verilog input from `/home/juliana/venv_pytorch/lib/python3.12/site-packages/MAxPy/vlib/AxArith/multipliers/DRUM.v' to AST representation.
Generating RTLIL representation for module `\DRUMs'.
Generating RTLIL representation for module `\DRUMu'.
Generating RTLIL representation for module `\DRUM_LOD_k'.
Generating RTLIL representation for module `\DRUM_P_Encoder_k'.
Generating RTLIL representation for module `\DRUM_Barrel_Shifter_k'.
Generating RTLIL representation for module `\DRUM_Mux_16_3_k'.
Successfully finished Verilog frontend.

7. Executing Verilog-2005 frontend: /home/juliana/venv_pytorch/lib/python3.12/site-packages/MAxPy/vlib/AxArith/multipliers/LOBA.v
Parsing Verilog input from `/home/juliana/venv_pytorch/lib/python3.12/site-packages/MAxPy/vlib/AxArith/multipliers/LOBA.v' to AST representation.
Generating RTLIL representation for module `\LOBA0s'.
Generating RTLIL representation for module `\LOBA0u'.
Generating RTLIL representation for module `\LOBA1s'.
Generating RTLIL representation for module `\LOBA1u'.
Generating RTLIL representation for module `\LOBA2s'.
Generating RTLIL representation for module `\LOBA2u'.
Generating RTLIL representation for module `\LOBA3s'.
Generating RTLIL representation for module `\LOBA3u'.
Generating RTLIL representation for module `\LOBA_SPLIT'.
Generating RTLIL representation for module `\LOBA_MUX'.
Generating RTLIL representation for module `\LOBA_LOWER'.
Generating RTLIL representation for module `\LOBA_LOB'.
Successfully finished Verilog frontend.

8. Executing Verilog-2005 frontend: neuron_drums_4/neuron_intra_Nbits_DRUMs_4/rtl/neuron_intra_Nbits.v
Parsing Verilog input from `neuron_drums_4/neuron_intra_Nbits_DRUMs_4/rtl/neuron_intra_Nbits.v' to AST representation.
Generating RTLIL representation for module `\neuron_intra_Nbits'.
neuron_drums_4/neuron_intra_Nbits_DRUMs_4/rtl/neuron_intra_Nbits.v:36: Warning: Identifier `\a' is implicitly declared.
neuron_drums_4/neuron_intra_Nbits_DRUMs_4/rtl/neuron_intra_Nbits.v:36: Warning: Identifier `\x' is implicitly declared.
neuron_drums_4/neuron_intra_Nbits_DRUMs_4/rtl/neuron_intra_Nbits.v:36: Warning: Identifier `\p' is implicitly declared.
Successfully finished Verilog frontend.

9. Executing HIERARCHY pass (managing design hierarchy).

9.1. Analyzing design hierarchy..
Top module:  \neuron_intra_Nbits
Used module:     \DRUMs
Used module:         \DRUMu
Used module:             \DRUM_Barrel_Shifter_k
Used module:             \DRUM_Mux_16_3_k
Used module:             \DRUM_P_Encoder_k
Used module:             \DRUM_LOD_k
Parameter \N = 16
Parameter \K = 4

9.2. Executing AST frontend in derive mode using pre-parsed AST for module `\DRUMu'.
Parameter \N = 16
Parameter \K = 4
Generating RTLIL representation for module `$paramod$a07b09e41c3d89959fdd140bdec9a7cc3f3fd22e\DRUMu'.
Parameter \N = 16
Parameter \K = 6

9.3. Executing AST frontend in derive mode using pre-parsed AST for module `\DRUM_Barrel_Shifter_k'.
Parameter \N = 16
Parameter \K = 6
Generating RTLIL representation for module `$paramod$5877bb0904bef1bfe55ddc5e09d3387b12830d7a\DRUM_Barrel_Shifter_k'.
Parameter \N = 16
Parameter \K = 6

9.4. Executing AST frontend in derive mode using pre-parsed AST for module `\DRUM_Mux_16_3_k'.
Parameter \N = 16
Parameter \K = 6
Generating RTLIL representation for module `$paramod$5877bb0904bef1bfe55ddc5e09d3387b12830d7a\DRUM_Mux_16_3_k'.
Parameter \N = 16
Parameter \K = 6
Found cached RTLIL representation for module `$paramod$5877bb0904bef1bfe55ddc5e09d3387b12830d7a\DRUM_Mux_16_3_k'.
Parameter \N = 16

9.5. Executing AST frontend in derive mode using pre-parsed AST for module `\DRUM_P_Encoder_k'.
Parameter \N = 16
Generating RTLIL representation for module `$paramod\DRUM_P_Encoder_k\N=s32'00000000000000000000000000010000'.
Parameter \N = 16
Found cached RTLIL representation for module `$paramod\DRUM_P_Encoder_k\N=s32'00000000000000000000000000010000'.
Parameter \N = 16

9.6. Executing AST frontend in derive mode using pre-parsed AST for module `\DRUM_LOD_k'.
Parameter \N = 16
Generating RTLIL representation for module `$paramod\DRUM_LOD_k\N=s32'00000000000000000000000000010000'.
Parameter \N = 16
Found cached RTLIL representation for module `$paramod\DRUM_LOD_k\N=s32'00000000000000000000000000010000'.
Parameter 1 (\N) = 16
Parameter 2 (\K) = 4

9.7. Executing AST frontend in derive mode using pre-parsed AST for module `\DRUMs'.
Parameter 1 (\N) = 16
Parameter 2 (\K) = 4
Generating RTLIL representation for module `$paramod$a07b09e41c3d89959fdd140bdec9a7cc3f3fd22e\DRUMs'.
Parameter 1 (\N) = 8
Parameter 2 (\K) = 4

9.8. Executing AST frontend in derive mode using pre-parsed AST for module `\DRUMs'.
Parameter 1 (\N) = 8
Parameter 2 (\K) = 4
Generating RTLIL representation for module `$paramod$fa799df0e717c308775c4f8dfa29494b0bf7198b\DRUMs'.
Parameter 1 (\N) = 16
Parameter 2 (\K) = 4
Found cached RTLIL representation for module `$paramod$a07b09e41c3d89959fdd140bdec9a7cc3f3fd22e\DRUMs'.
Parameter 1 (\N) = 8
Parameter 2 (\K) = 4
Found cached RTLIL representation for module `$paramod$fa799df0e717c308775c4f8dfa29494b0bf7198b\DRUMs'.
Parameter 1 (\N) = 16
Parameter 2 (\K) = 4
Found cached RTLIL representation for module `$paramod$a07b09e41c3d89959fdd140bdec9a7cc3f3fd22e\DRUMs'.
Parameter 1 (\N) = 8
Parameter 2 (\K) = 4
Found cached RTLIL representation for module `$paramod$fa799df0e717c308775c4f8dfa29494b0bf7198b\DRUMs'.
Parameter 1 (\N) = 16
Parameter 2 (\K) = 4
Found cached RTLIL representation for module `$paramod$a07b09e41c3d89959fdd140bdec9a7cc3f3fd22e\DRUMs'.
Parameter 1 (\N) = 8
Parameter 2 (\K) = 4
Found cached RTLIL representation for module `$paramod$fa799df0e717c308775c4f8dfa29494b0bf7198b\DRUMs'.
Parameter 1 (\N) = 16
Parameter 2 (\K) = 4
Found cached RTLIL representation for module `$paramod$a07b09e41c3d89959fdd140bdec9a7cc3f3fd22e\DRUMs'.
Parameter 1 (\N) = 8
Parameter 2 (\K) = 4
Found cached RTLIL representation for module `$paramod$fa799df0e717c308775c4f8dfa29494b0bf7198b\DRUMs'.
Parameter 1 (\N) = 16
Parameter 2 (\K) = 4
Found cached RTLIL representation for module `$paramod$a07b09e41c3d89959fdd140bdec9a7cc3f3fd22e\DRUMs'.
Parameter 1 (\N) = 8
Parameter 2 (\K) = 4
Found cached RTLIL representation for module `$paramod$fa799df0e717c308775c4f8dfa29494b0bf7198b\DRUMs'.
Parameter 1 (\N) = 16
Parameter 2 (\K) = 4
Found cached RTLIL representation for module `$paramod$a07b09e41c3d89959fdd140bdec9a7cc3f3fd22e\DRUMs'.
Parameter 1 (\N) = 8
Parameter 2 (\K) = 4
Found cached RTLIL representation for module `$paramod$fa799df0e717c308775c4f8dfa29494b0bf7198b\DRUMs'.
Parameter 1 (\N) = 16
Parameter 2 (\K) = 4
Found cached RTLIL representation for module `$paramod$a07b09e41c3d89959fdd140bdec9a7cc3f3fd22e\DRUMs'.
Parameter 1 (\N) = 8
Parameter 2 (\K) = 4
Found cached RTLIL representation for module `$paramod$fa799df0e717c308775c4f8dfa29494b0bf7198b\DRUMs'.
Reprocessing module neuron_intra_Nbits because instantiated module $paramod$fa799df0e717c308775c4f8dfa29494b0bf7198b\DRUMs has become available.
Generating RTLIL representation for module `\neuron_intra_Nbits'.
neuron_drums_4/neuron_intra_Nbits_DRUMs_4/rtl/neuron_intra_Nbits.v:36: Warning: Identifier `\a' is implicitly declared.
neuron_drums_4/neuron_intra_Nbits_DRUMs_4/rtl/neuron_intra_Nbits.v:36: Warning: Identifier `\x' is implicitly declared.
neuron_drums_4/neuron_intra_Nbits_DRUMs_4/rtl/neuron_intra_Nbits.v:36: Warning: Identifier `\p' is implicitly declared.

9.9. Analyzing design hierarchy..
Top module:  \neuron_intra_Nbits
Used module:     \DRUMs
Used module:         $paramod$a07b09e41c3d89959fdd140bdec9a7cc3f3fd22e\DRUMu
Used module:             \DRUM_Barrel_Shifter_k
Used module:             \DRUM_Mux_16_3_k
Used module:             \DRUM_P_Encoder_k
Used module:             \DRUM_LOD_k
Parameter 1 (\N) = 16
Parameter 2 (\K) = 4
Found cached RTLIL representation for module `$paramod$a07b09e41c3d89959fdd140bdec9a7cc3f3fd22e\DRUMs'.
Parameter 1 (\N) = 8
Parameter 2 (\K) = 4
Found cached RTLIL representation for module `$paramod$fa799df0e717c308775c4f8dfa29494b0bf7198b\DRUMs'.
Parameter 1 (\N) = 16
Parameter 2 (\K) = 4
Found cached RTLIL representation for module `$paramod$a07b09e41c3d89959fdd140bdec9a7cc3f3fd22e\DRUMs'.
Parameter 1 (\N) = 8
Parameter 2 (\K) = 4
Found cached RTLIL representation for module `$paramod$fa799df0e717c308775c4f8dfa29494b0bf7198b\DRUMs'.
Parameter 1 (\N) = 16
Parameter 2 (\K) = 4
Found cached RTLIL representation for module `$paramod$a07b09e41c3d89959fdd140bdec9a7cc3f3fd22e\DRUMs'.
Parameter 1 (\N) = 8
Parameter 2 (\K) = 4
Found cached RTLIL representation for module `$paramod$fa799df0e717c308775c4f8dfa29494b0bf7198b\DRUMs'.
Parameter 1 (\N) = 16
Parameter 2 (\K) = 4
Found cached RTLIL representation for module `$paramod$a07b09e41c3d89959fdd140bdec9a7cc3f3fd22e\DRUMs'.
Parameter 1 (\N) = 8
Parameter 2 (\K) = 4
Found cached RTLIL representation for module `$paramod$fa799df0e717c308775c4f8dfa29494b0bf7198b\DRUMs'.
Parameter 1 (\N) = 16
Parameter 2 (\K) = 4
Found cached RTLIL representation for module `$paramod$a07b09e41c3d89959fdd140bdec9a7cc3f3fd22e\DRUMs'.
Parameter 1 (\N) = 8
Parameter 2 (\K) = 4
Found cached RTLIL representation for module `$paramod$fa799df0e717c308775c4f8dfa29494b0bf7198b\DRUMs'.
Parameter 1 (\N) = 16
Parameter 2 (\K) = 4
Found cached RTLIL representation for module `$paramod$a07b09e41c3d89959fdd140bdec9a7cc3f3fd22e\DRUMs'.
Parameter 1 (\N) = 8
Parameter 2 (\K) = 4
Found cached RTLIL representation for module `$paramod$fa799df0e717c308775c4f8dfa29494b0bf7198b\DRUMs'.
Parameter 1 (\N) = 16
Parameter 2 (\K) = 4
Found cached RTLIL representation for module `$paramod$a07b09e41c3d89959fdd140bdec9a7cc3f3fd22e\DRUMs'.
Parameter 1 (\N) = 8
Parameter 2 (\K) = 4
Found cached RTLIL representation for module `$paramod$fa799df0e717c308775c4f8dfa29494b0bf7198b\DRUMs'.
Parameter 1 (\N) = 16
Parameter 2 (\K) = 4
Found cached RTLIL representation for module `$paramod$a07b09e41c3d89959fdd140bdec9a7cc3f3fd22e\DRUMs'.
Parameter 1 (\N) = 8
Parameter 2 (\K) = 4
Found cached RTLIL representation for module `$paramod$fa799df0e717c308775c4f8dfa29494b0bf7198b\DRUMs'.
Parameter \N = 16
Parameter \K = 4

9.10. Executing AST frontend in derive mode using pre-parsed AST for module `\DRUM_Barrel_Shifter_k'.
Parameter \N = 16
Parameter \K = 4
Generating RTLIL representation for module `$paramod$a07b09e41c3d89959fdd140bdec9a7cc3f3fd22e\DRUM_Barrel_Shifter_k'.
Parameter \N = 16
Parameter \K = 4

9.11. Executing AST frontend in derive mode using pre-parsed AST for module `\DRUM_Mux_16_3_k'.
Parameter \N = 16
Parameter \K = 4
Generating RTLIL representation for module `$paramod$a07b09e41c3d89959fdd140bdec9a7cc3f3fd22e\DRUM_Mux_16_3_k'.
Parameter \N = 16
Parameter \K = 4
Found cached RTLIL representation for module `$paramod$a07b09e41c3d89959fdd140bdec9a7cc3f3fd22e\DRUM_Mux_16_3_k'.
Parameter \N = 16
Found cached RTLIL representation for module `$paramod\DRUM_P_Encoder_k\N=s32'00000000000000000000000000010000'.
Parameter \N = 16
Found cached RTLIL representation for module `$paramod\DRUM_P_Encoder_k\N=s32'00000000000000000000000000010000'.
Parameter \N = 16
Found cached RTLIL representation for module `$paramod\DRUM_LOD_k\N=s32'00000000000000000000000000010000'.
Parameter \N = 16
Found cached RTLIL representation for module `$paramod\DRUM_LOD_k\N=s32'00000000000000000000000000010000'.

9.12. Analyzing design hierarchy..
Top module:  \neuron_intra_Nbits
Used module:     $paramod$a07b09e41c3d89959fdd140bdec9a7cc3f3fd22e\DRUMs
Used module:         \DRUMu
Used module:             $paramod$5877bb0904bef1bfe55ddc5e09d3387b12830d7a\DRUM_Barrel_Shifter_k
Used module:             $paramod$5877bb0904bef1bfe55ddc5e09d3387b12830d7a\DRUM_Mux_16_3_k
Used module:             $paramod\DRUM_P_Encoder_k\N=s32'00000000000000000000000000010000
Used module:             $paramod\DRUM_LOD_k\N=s32'00000000000000000000000000010000
Used module:     $paramod$fa799df0e717c308775c4f8dfa29494b0bf7198b\DRUMs
Parameter \N = 16
Parameter \K = 4
Found cached RTLIL representation for module `$paramod$a07b09e41c3d89959fdd140bdec9a7cc3f3fd22e\DRUMu'.
Parameter \N = 8
Parameter \K = 4

9.13. Executing AST frontend in derive mode using pre-parsed AST for module `\DRUMu'.
Parameter \N = 8
Parameter \K = 4
Generating RTLIL representation for module `$paramod$fa799df0e717c308775c4f8dfa29494b0bf7198b\DRUMu'.

9.14. Analyzing design hierarchy..
Top module:  \neuron_intra_Nbits
Used module:     $paramod$a07b09e41c3d89959fdd140bdec9a7cc3f3fd22e\DRUMs
Used module:         $paramod$a07b09e41c3d89959fdd140bdec9a7cc3f3fd22e\DRUMu
Used module:             $paramod$a07b09e41c3d89959fdd140bdec9a7cc3f3fd22e\DRUM_Barrel_Shifter_k
Used module:             $paramod$a07b09e41c3d89959fdd140bdec9a7cc3f3fd22e\DRUM_Mux_16_3_k
Used module:             $paramod\DRUM_P_Encoder_k\N=s32'00000000000000000000000000010000
Used module:             $paramod\DRUM_LOD_k\N=s32'00000000000000000000000000010000
Used module:     $paramod$fa799df0e717c308775c4f8dfa29494b0bf7198b\DRUMs
Used module:         $paramod$fa799df0e717c308775c4f8dfa29494b0bf7198b\DRUMu
Used module:             \DRUM_Barrel_Shifter_k
Used module:             \DRUM_Mux_16_3_k
Used module:             \DRUM_P_Encoder_k
Used module:             \DRUM_LOD_k
Parameter \N = 8
Parameter \K = 4

9.15. Executing AST frontend in derive mode using pre-parsed AST for module `\DRUM_Barrel_Shifter_k'.
Parameter \N = 8
Parameter \K = 4
Generating RTLIL representation for module `$paramod$fa799df0e717c308775c4f8dfa29494b0bf7198b\DRUM_Barrel_Shifter_k'.
Parameter \N = 8
Parameter \K = 4

9.16. Executing AST frontend in derive mode using pre-parsed AST for module `\DRUM_Mux_16_3_k'.
Parameter \N = 8
Parameter \K = 4
Generating RTLIL representation for module `$paramod$fa799df0e717c308775c4f8dfa29494b0bf7198b\DRUM_Mux_16_3_k'.
Parameter \N = 8
Parameter \K = 4
Found cached RTLIL representation for module `$paramod$fa799df0e717c308775c4f8dfa29494b0bf7198b\DRUM_Mux_16_3_k'.
Parameter \N = 8

9.17. Executing AST frontend in derive mode using pre-parsed AST for module `\DRUM_P_Encoder_k'.
Parameter \N = 8
Generating RTLIL representation for module `$paramod\DRUM_P_Encoder_k\N=s32'00000000000000000000000000001000'.
Parameter \N = 8
Found cached RTLIL representation for module `$paramod\DRUM_P_Encoder_k\N=s32'00000000000000000000000000001000'.
Parameter \N = 8

9.18. Executing AST frontend in derive mode using pre-parsed AST for module `\DRUM_LOD_k'.
Parameter \N = 8
Generating RTLIL representation for module `$paramod\DRUM_LOD_k\N=s32'00000000000000000000000000001000'.
Parameter \N = 8
Found cached RTLIL representation for module `$paramod\DRUM_LOD_k\N=s32'00000000000000000000000000001000'.

9.19. Analyzing design hierarchy..
Top module:  \neuron_intra_Nbits
Used module:     $paramod$a07b09e41c3d89959fdd140bdec9a7cc3f3fd22e\DRUMs
Used module:         $paramod$a07b09e41c3d89959fdd140bdec9a7cc3f3fd22e\DRUMu
Used module:             $paramod$a07b09e41c3d89959fdd140bdec9a7cc3f3fd22e\DRUM_Barrel_Shifter_k
Used module:             $paramod$a07b09e41c3d89959fdd140bdec9a7cc3f3fd22e\DRUM_Mux_16_3_k
Used module:             $paramod\DRUM_P_Encoder_k\N=s32'00000000000000000000000000010000
Used module:             $paramod\DRUM_LOD_k\N=s32'00000000000000000000000000010000
Used module:     $paramod$fa799df0e717c308775c4f8dfa29494b0bf7198b\DRUMs
Used module:         $paramod$fa799df0e717c308775c4f8dfa29494b0bf7198b\DRUMu
Used module:             $paramod$fa799df0e717c308775c4f8dfa29494b0bf7198b\DRUM_Barrel_Shifter_k
Used module:             $paramod$fa799df0e717c308775c4f8dfa29494b0bf7198b\DRUM_Mux_16_3_k
Used module:             $paramod\DRUM_P_Encoder_k\N=s32'00000000000000000000000000001000
Used module:             $paramod\DRUM_LOD_k\N=s32'00000000000000000000000000001000

9.20. Analyzing design hierarchy..
Top module:  \neuron_intra_Nbits
Used module:     $paramod$a07b09e41c3d89959fdd140bdec9a7cc3f3fd22e\DRUMs
Used module:         $paramod$a07b09e41c3d89959fdd140bdec9a7cc3f3fd22e\DRUMu
Used module:             $paramod$a07b09e41c3d89959fdd140bdec9a7cc3f3fd22e\DRUM_Barrel_Shifter_k
Used module:             $paramod$a07b09e41c3d89959fdd140bdec9a7cc3f3fd22e\DRUM_Mux_16_3_k
Used module:             $paramod\DRUM_P_Encoder_k\N=s32'00000000000000000000000000010000
Used module:             $paramod\DRUM_LOD_k\N=s32'00000000000000000000000000010000
Used module:     $paramod$fa799df0e717c308775c4f8dfa29494b0bf7198b\DRUMs
Used module:         $paramod$fa799df0e717c308775c4f8dfa29494b0bf7198b\DRUMu
Used module:             $paramod$fa799df0e717c308775c4f8dfa29494b0bf7198b\DRUM_Barrel_Shifter_k
Used module:             $paramod$fa799df0e717c308775c4f8dfa29494b0bf7198b\DRUM_Mux_16_3_k
Used module:             $paramod\DRUM_P_Encoder_k\N=s32'00000000000000000000000000001000
Used module:             $paramod\DRUM_LOD_k\N=s32'00000000000000000000000000001000
Removing unused module `$paramod$5877bb0904bef1bfe55ddc5e09d3387b12830d7a\DRUM_Mux_16_3_k'.
Removing unused module `$paramod$5877bb0904bef1bfe55ddc5e09d3387b12830d7a\DRUM_Barrel_Shifter_k'.
Removing unused module `\LOBA_LOB'.
Removing unused module `\LOBA_LOWER'.
Removing unused module `\LOBA_MUX'.
Removing unused module `\LOBA_SPLIT'.
Removing unused module `\LOBA3u'.
Removing unused module `\LOBA3s'.
Removing unused module `\LOBA2u'.
Removing unused module `\LOBA2s'.
Removing unused module `\LOBA1u'.
Removing unused module `\LOBA1s'.
Removing unused module `\LOBA0u'.
Removing unused module `\LOBA0s'.
Removing unused module `\DRUM_Mux_16_3_k'.
Removing unused module `\DRUM_Barrel_Shifter_k'.
Removing unused module `\DRUM_P_Encoder_k'.
Removing unused module `\DRUM_LOD_k'.
Removing unused module `\DRUMu'.
Removing unused module `\DRUMs'.
Removing unused module `\trunc1'.
Removing unused module `\trunc0'.
Removing unused module `\loa'.
Removing unused module `\eta1'.
Removing unused module `\copyB'.
Removing unused module `\copyA'.
Removing unused module `\XOR2_X1'.
Removing unused module `\XNOR2_X1'.
Removing unused module `\TIEL'.
Removing unused module `\TIEH'.
Removing unused module `\TBUF_X16'.
Removing unused module `\TBUF_X12'.
Removing unused module `\TBUF_X8'.
Removing unused module `\TBUF_X4'.
Removing unused module `\TBUF_X2'.
Removing unused module `\TBUF_X1'.
Removing unused module `\seq_SDFFSNQ_X1'.
Removing unused module `\SDFFSNQ_X1'.
Removing unused module `\seq_SDFFRNQ_X1'.
Removing unused module `\SDFFRNQ_X1'.
Removing unused module `\OR4_X2'.
Removing unused module `\OR4_X1'.
Removing unused module `\OR3_X2'.
Removing unused module `\OR3_X1'.
Removing unused module `\OR2_X2'.
Removing unused module `\OR2_X1'.
Removing unused module `\OAI22_X2'.
Removing unused module `\OAI22_X1'.
Removing unused module `\OAI21_X2'.
Removing unused module `\OAI21_X1'.
Removing unused module `\NOR4_X2'.
Removing unused module `\NOR4_X1'.
Removing unused module `\NOR3_X2'.
Removing unused module `\NOR3_X1'.
Removing unused module `\NOR2_X2'.
Removing unused module `\NOR2_X1'.
Removing unused module `\NAND4_X2'.
Removing unused module `\NAND4_X1'.
Removing unused module `\NAND3_X2'.
Removing unused module `\NAND3_X1'.
Removing unused module `\NAND2_X2'.
Removing unused module `\NAND2_X1'.
Removing unused module `\MUX2_X1'.
Removing unused module `\seq_LHQ_X1'.
Removing unused module `\LHQ_X1'.
Removing unused module `\INV_X16'.
Removing unused module `\INV_X12'.
Removing unused module `\INV_X8'.
Removing unused module `\INV_X4'.
Removing unused module `\INV_X2'.
Removing unused module `\INV_X1'.
Removing unused module `\HA_X1'.
Removing unused module `\FA_X1'.
Removing unused module `\seq_DFFSNQ_X1'.
Removing unused module `\DFFSNQ_X1'.
Removing unused module `\seq_DFFRNQ_X1'.
Removing unused module `\DFFRNQ_X1'.
Removing unused module `\seq_CLKGATETST_X1'.
Removing unused module `\CLKGATETST_X1'.
Removing unused module `\CLKBUF_X16'.
Removing unused module `\CLKBUF_X12'.
Removing unused module `\CLKBUF_X8'.
Removing unused module `\CLKBUF_X4'.
Removing unused module `\CLKBUF_X2'.
Removing unused module `\CLKBUF_X1'.
Removing unused module `\BUF_X16'.
Removing unused module `\BUF_X12'.
Removing unused module `\BUF_X8'.
Removing unused module `\BUF_X4'.
Removing unused module `\BUF_X2'.
Removing unused module `\BUF_X1'.
Removing unused module `\AOI22_X2'.
Removing unused module `\AOI22_X1'.
Removing unused module `\AOI21_X2'.
Removing unused module `\AOI21_X1'.
Removing unused module `\AND4_X2'.
Removing unused module `\AND4_X1'.
Removing unused module `\AND3_X2'.
Removing unused module `\AND3_X1'.
Removing unused module `\AND2_X2'.
Removing unused module `\AND2_X1'.
Removed 101 unused modules.
Mapping positional arguments of cell neuron_intra_Nbits.mults[7].mult1 ($paramod$a07b09e41c3d89959fdd140bdec9a7cc3f3fd22e\DRUMs).
Mapping positional arguments of cell neuron_intra_Nbits.mults[7].mult_i ($paramod$fa799df0e717c308775c4f8dfa29494b0bf7198b\DRUMs).
Mapping positional arguments of cell neuron_intra_Nbits.mults[6].mult1 ($paramod$a07b09e41c3d89959fdd140bdec9a7cc3f3fd22e\DRUMs).
Mapping positional arguments of cell neuron_intra_Nbits.mults[6].mult_i ($paramod$fa799df0e717c308775c4f8dfa29494b0bf7198b\DRUMs).
Mapping positional arguments of cell neuron_intra_Nbits.mults[5].mult1 ($paramod$a07b09e41c3d89959fdd140bdec9a7cc3f3fd22e\DRUMs).
Mapping positional arguments of cell neuron_intra_Nbits.mults[5].mult_i ($paramod$fa799df0e717c308775c4f8dfa29494b0bf7198b\DRUMs).
Mapping positional arguments of cell neuron_intra_Nbits.mults[4].mult1 ($paramod$a07b09e41c3d89959fdd140bdec9a7cc3f3fd22e\DRUMs).
Mapping positional arguments of cell neuron_intra_Nbits.mults[4].mult_i ($paramod$fa799df0e717c308775c4f8dfa29494b0bf7198b\DRUMs).
Mapping positional arguments of cell neuron_intra_Nbits.mults[3].mult1 ($paramod$a07b09e41c3d89959fdd140bdec9a7cc3f3fd22e\DRUMs).
Mapping positional arguments of cell neuron_intra_Nbits.mults[3].mult_i ($paramod$fa799df0e717c308775c4f8dfa29494b0bf7198b\DRUMs).
Mapping positional arguments of cell neuron_intra_Nbits.mults[2].mult1 ($paramod$a07b09e41c3d89959fdd140bdec9a7cc3f3fd22e\DRUMs).
Mapping positional arguments of cell neuron_intra_Nbits.mults[2].mult_i ($paramod$fa799df0e717c308775c4f8dfa29494b0bf7198b\DRUMs).
Mapping positional arguments of cell neuron_intra_Nbits.mults[1].mult1 ($paramod$a07b09e41c3d89959fdd140bdec9a7cc3f3fd22e\DRUMs).
Mapping positional arguments of cell neuron_intra_Nbits.mults[1].mult_i ($paramod$fa799df0e717c308775c4f8dfa29494b0bf7198b\DRUMs).
Mapping positional arguments of cell neuron_intra_Nbits.mults[0].mult1 ($paramod$a07b09e41c3d89959fdd140bdec9a7cc3f3fd22e\DRUMs).
Mapping positional arguments of cell neuron_intra_Nbits.mults[0].mult_i ($paramod$fa799df0e717c308775c4f8dfa29494b0bf7198b\DRUMs).
Warning: Resizing cell port neuron_intra_Nbits.mults[7].mult1.a from 1 bits to 16 bits.
Warning: Resizing cell port neuron_intra_Nbits.mults[7].mult1.b from 1 bits to 16 bits.
Warning: Resizing cell port neuron_intra_Nbits.mults[7].mult1.r from 1 bits to 32 bits.
Warning: Resizing cell port neuron_intra_Nbits.mults[7].mult_i.a from 4 bits to 8 bits.
Warning: Resizing cell port neuron_intra_Nbits.mults[7].mult_i.b from 4 bits to 8 bits.
Warning: Resizing cell port neuron_intra_Nbits.mults[6].mult1.a from 1 bits to 16 bits.
Warning: Resizing cell port neuron_intra_Nbits.mults[6].mult1.b from 1 bits to 16 bits.
Warning: Resizing cell port neuron_intra_Nbits.mults[6].mult1.r from 1 bits to 32 bits.
Warning: Resizing cell port neuron_intra_Nbits.mults[6].mult_i.a from 4 bits to 8 bits.
Warning: Resizing cell port neuron_intra_Nbits.mults[6].mult_i.b from 4 bits to 8 bits.
Warning: Resizing cell port neuron_intra_Nbits.mults[5].mult1.a from 1 bits to 16 bits.
Warning: Resizing cell port neuron_intra_Nbits.mults[5].mult1.b from 1 bits to 16 bits.
Warning: Resizing cell port neuron_intra_Nbits.mults[5].mult1.r from 1 bits to 32 bits.
Warning: Resizing cell port neuron_intra_Nbits.mults[5].mult_i.a from 4 bits to 8 bits.
Warning: Resizing cell port neuron_intra_Nbits.mults[5].mult_i.b from 4 bits to 8 bits.
Warning: Resizing cell port neuron_intra_Nbits.mults[4].mult1.a from 1 bits to 16 bits.
Warning: Resizing cell port neuron_intra_Nbits.mults[4].mult1.b from 1 bits to 16 bits.
Warning: Resizing cell port neuron_intra_Nbits.mults[4].mult1.r from 1 bits to 32 bits.
Warning: Resizing cell port neuron_intra_Nbits.mults[4].mult_i.a from 4 bits to 8 bits.
Warning: Resizing cell port neuron_intra_Nbits.mults[4].mult_i.b from 4 bits to 8 bits.
Warning: Resizing cell port neuron_intra_Nbits.mults[3].mult1.a from 1 bits to 16 bits.
Warning: Resizing cell port neuron_intra_Nbits.mults[3].mult1.b from 1 bits to 16 bits.
Warning: Resizing cell port neuron_intra_Nbits.mults[3].mult1.r from 1 bits to 32 bits.
Warning: Resizing cell port neuron_intra_Nbits.mults[3].mult_i.a from 4 bits to 8 bits.
Warning: Resizing cell port neuron_intra_Nbits.mults[3].mult_i.b from 4 bits to 8 bits.
Warning: Resizing cell port neuron_intra_Nbits.mults[2].mult1.a from 1 bits to 16 bits.
Warning: Resizing cell port neuron_intra_Nbits.mults[2].mult1.b from 1 bits to 16 bits.
Warning: Resizing cell port neuron_intra_Nbits.mults[2].mult1.r from 1 bits to 32 bits.
Warning: Resizing cell port neuron_intra_Nbits.mults[2].mult_i.a from 4 bits to 8 bits.
Warning: Resizing cell port neuron_intra_Nbits.mults[2].mult_i.b from 4 bits to 8 bits.
Warning: Resizing cell port neuron_intra_Nbits.mults[1].mult1.a from 1 bits to 16 bits.
Warning: Resizing cell port neuron_intra_Nbits.mults[1].mult1.b from 1 bits to 16 bits.
Warning: Resizing cell port neuron_intra_Nbits.mults[1].mult1.r from 1 bits to 32 bits.
Warning: Resizing cell port neuron_intra_Nbits.mults[1].mult_i.a from 4 bits to 8 bits.
Warning: Resizing cell port neuron_intra_Nbits.mults[1].mult_i.b from 4 bits to 8 bits.
Warning: Resizing cell port neuron_intra_Nbits.mults[0].mult1.a from 1 bits to 16 bits.
Warning: Resizing cell port neuron_intra_Nbits.mults[0].mult1.b from 1 bits to 16 bits.
Warning: Resizing cell port neuron_intra_Nbits.mults[0].mult1.r from 1 bits to 32 bits.
Warning: Resizing cell port neuron_intra_Nbits.mults[0].mult_i.a from 4 bits to 8 bits.
Warning: Resizing cell port neuron_intra_Nbits.mults[0].mult_i.b from 4 bits to 8 bits.

10. Executing PREP pass.

10.1. Executing HIERARCHY pass (managing design hierarchy).

10.1.1. Analyzing design hierarchy..
Top module:  \neuron_intra_Nbits
Used module:     $paramod$a07b09e41c3d89959fdd140bdec9a7cc3f3fd22e\DRUMs
Used module:         $paramod$a07b09e41c3d89959fdd140bdec9a7cc3f3fd22e\DRUMu
Used module:             $paramod$a07b09e41c3d89959fdd140bdec9a7cc3f3fd22e\DRUM_Barrel_Shifter_k
Used module:             $paramod$a07b09e41c3d89959fdd140bdec9a7cc3f3fd22e\DRUM_Mux_16_3_k
Used module:             $paramod\DRUM_P_Encoder_k\N=s32'00000000000000000000000000010000
Used module:             $paramod\DRUM_LOD_k\N=s32'00000000000000000000000000010000
Used module:     $paramod$fa799df0e717c308775c4f8dfa29494b0bf7198b\DRUMs
Used module:         $paramod$fa799df0e717c308775c4f8dfa29494b0bf7198b\DRUMu
Used module:             $paramod$fa799df0e717c308775c4f8dfa29494b0bf7198b\DRUM_Barrel_Shifter_k
Used module:             $paramod$fa799df0e717c308775c4f8dfa29494b0bf7198b\DRUM_Mux_16_3_k
Used module:             $paramod\DRUM_P_Encoder_k\N=s32'00000000000000000000000000001000
Used module:             $paramod\DRUM_LOD_k\N=s32'00000000000000000000000000001000

10.1.2. Analyzing design hierarchy..
Top module:  \neuron_intra_Nbits
Used module:     $paramod$a07b09e41c3d89959fdd140bdec9a7cc3f3fd22e\DRUMs
Used module:         $paramod$a07b09e41c3d89959fdd140bdec9a7cc3f3fd22e\DRUMu
Used module:             $paramod$a07b09e41c3d89959fdd140bdec9a7cc3f3fd22e\DRUM_Barrel_Shifter_k
Used module:             $paramod$a07b09e41c3d89959fdd140bdec9a7cc3f3fd22e\DRUM_Mux_16_3_k
Used module:             $paramod\DRUM_P_Encoder_k\N=s32'00000000000000000000000000010000
Used module:             $paramod\DRUM_LOD_k\N=s32'00000000000000000000000000010000
Used module:     $paramod$fa799df0e717c308775c4f8dfa29494b0bf7198b\DRUMs
Used module:         $paramod$fa799df0e717c308775c4f8dfa29494b0bf7198b\DRUMu
Used module:             $paramod$fa799df0e717c308775c4f8dfa29494b0bf7198b\DRUM_Barrel_Shifter_k
Used module:             $paramod$fa799df0e717c308775c4f8dfa29494b0bf7198b\DRUM_Mux_16_3_k
Used module:             $paramod\DRUM_P_Encoder_k\N=s32'00000000000000000000000000001000
Used module:             $paramod\DRUM_LOD_k\N=s32'00000000000000000000000000001000
Removed 0 unused modules.

10.2. Executing PROC pass (convert processes to netlists).

10.2.1. Executing PROC_CLEAN pass (remove empty switches from decision trees).
Cleaned up 0 empty switches.

10.2.2. Executing PROC_RMDEAD pass (remove dead branches from decision trees).
Marked 12 switch rules as full_case in process $proc$/home/juliana/venv_pytorch/lib/python3.12/site-packages/MAxPy/vlib/AxArith/multipliers/DRUM.v:161$699 in module $paramod$a07b09e41c3d89959fdd140bdec9a7cc3f3fd22e\DRUM_Mux_16_3_k.
Marked 1 switch rules as full_case in process $proc$neuron_drums_4/neuron_intra_Nbits_DRUMs_4/rtl/neuron_intra_Nbits.v:62$687 in module neuron_intra_Nbits.
Marked 16 switch rules as full_case in process $proc$/home/juliana/venv_pytorch/lib/python3.12/site-packages/MAxPy/vlib/AxArith/multipliers/DRUM.v:128$601 in module $paramod\DRUM_P_Encoder_k\N=s32'00000000000000000000000000010000.
Marked 8 switch rules as full_case in process $proc$/home/juliana/venv_pytorch/lib/python3.12/site-packages/MAxPy/vlib/AxArith/multipliers/DRUM.v:128$730 in module $paramod\DRUM_P_Encoder_k\N=s32'00000000000000000000000000001000.
Marked 4 switch rules as full_case in process $proc$/home/juliana/venv_pytorch/lib/python3.12/site-packages/MAxPy/vlib/AxArith/multipliers/DRUM.v:161$725 in module $paramod$fa799df0e717c308775c4f8dfa29494b0bf7198b\DRUM_Mux_16_3_k.
Removed a total of 0 dead cases.

10.2.3. Executing PROC_PRUNE pass (remove redundant assignments in processes).
Removed 0 redundant assignments.
Promoted 58 assignments to connections.

10.2.4. Executing PROC_INIT pass (extract init attributes).

10.2.5. Executing PROC_ARST pass (detect async resets in processes).
Found async reset \rst in `\neuron_intra_Nbits.$proc$neuron_drums_4/neuron_intra_Nbits_DRUMs_4/rtl/neuron_intra_Nbits.v:62$687'.

10.2.6. Executing PROC_ROM pass (convert switches to ROMs).
Converted 0 switches.
<suppressed ~41 debug messages>

10.2.7. Executing PROC_MUX pass (convert decision trees to multiplexers).
Creating decoders for process `$paramod$a07b09e41c3d89959fdd140bdec9a7cc3f3fd22e\DRUM_Mux_16_3_k.$proc$/home/juliana/venv_pytorch/lib/python3.12/site-packages/MAxPy/vlib/AxArith/multipliers/DRUM.v:161$699'.
     1/12: $12\out[1:0]
     2/12: $11\out[1:0]
     3/12: $10\out[1:0]
     4/12: $9\out[1:0]
     5/12: $8\out[1:0]
     6/12: $7\out[1:0]
     7/12: $6\out[1:0]
     8/12: $5\out[1:0]
     9/12: $4\out[1:0]
    10/12: $3\out[1:0]
    11/12: $2\out[1:0]
    12/12: $1\out[1:0]
Creating decoders for process `\neuron_intra_Nbits.$proc$neuron_drums_4/neuron_intra_Nbits_DRUMs_4/rtl/neuron_intra_Nbits.v:62$687'.
     1/2: $0\acc[7:0]
     2/2: $0\Out[3:0]
Creating decoders for process `$paramod\DRUM_LOD_k\N=s32'00000000000000000000000000010000.$proc$/home/juliana/venv_pytorch/lib/python3.12/site-packages/MAxPy/vlib/AxArith/multipliers/DRUM.v:107$602'.
Creating decoders for process `$paramod\DRUM_P_Encoder_k\N=s32'00000000000000000000000000010000.$proc$/home/juliana/venv_pytorch/lib/python3.12/site-packages/MAxPy/vlib/AxArith/multipliers/DRUM.v:128$601'.
     1/16: $16\out_a[3:0]
     2/16: $15\out_a[3:0]
     3/16: $14\out_a[3:0]
     4/16: $13\out_a[3:0]
     5/16: $12\out_a[3:0]
     6/16: $11\out_a[3:0]
     7/16: $10\out_a[3:0]
     8/16: $9\out_a[3:0]
     9/16: $8\out_a[3:0]
    10/16: $7\out_a[3:0]
    11/16: $6\out_a[3:0]
    12/16: $5\out_a[3:0]
    13/16: $4\out_a[3:0]
    14/16: $3\out_a[3:0]
    15/16: $2\out_a[3:0]
    16/16: $1\out_a[3:0]
Creating decoders for process `$paramod\DRUM_LOD_k\N=s32'00000000000000000000000000001000.$proc$/home/juliana/venv_pytorch/lib/python3.12/site-packages/MAxPy/vlib/AxArith/multipliers/DRUM.v:107$731'.
Creating decoders for process `$paramod\DRUM_P_Encoder_k\N=s32'00000000000000000000000000001000.$proc$/home/juliana/venv_pytorch/lib/python3.12/site-packages/MAxPy/vlib/AxArith/multipliers/DRUM.v:128$730'.
     1/8: $8\out_a[2:0]
     2/8: $7\out_a[2:0]
     3/8: $6\out_a[2:0]
     4/8: $5\out_a[2:0]
     5/8: $4\out_a[2:0]
     6/8: $3\out_a[2:0]
     7/8: $2\out_a[2:0]
     8/8: $1\out_a[2:0]
Creating decoders for process `$paramod$fa799df0e717c308775c4f8dfa29494b0bf7198b\DRUM_Mux_16_3_k.$proc$/home/juliana/venv_pytorch/lib/python3.12/site-packages/MAxPy/vlib/AxArith/multipliers/DRUM.v:161$725'.
     1/4: $4\out[1:0]
     2/4: $3\out[1:0]
     3/4: $2\out[1:0]
     4/4: $1\out[1:0]

10.2.8. Executing PROC_DLATCH pass (convert process syncs to latches).
No latch inferred for signal `$paramod$a07b09e41c3d89959fdd140bdec9a7cc3f3fd22e\DRUM_Mux_16_3_k.\out' from process `$paramod$a07b09e41c3d89959fdd140bdec9a7cc3f3fd22e\DRUM_Mux_16_3_k.$proc$/home/juliana/venv_pytorch/lib/python3.12/site-packages/MAxPy/vlib/AxArith/multipliers/DRUM.v:161$699'.
No latch inferred for signal `$paramod$a07b09e41c3d89959fdd140bdec9a7cc3f3fd22e\DRUM_Mux_16_3_k.\i' from process `$paramod$a07b09e41c3d89959fdd140bdec9a7cc3f3fd22e\DRUM_Mux_16_3_k.$proc$/home/juliana/venv_pytorch/lib/python3.12/site-packages/MAxPy/vlib/AxArith/multipliers/DRUM.v:161$699'.
No latch inferred for signal `$paramod\DRUM_LOD_k\N=s32'00000000000000000000000000010000.\out_a' from process `$paramod\DRUM_LOD_k\N=s32'00000000000000000000000000010000.$proc$/home/juliana/venv_pytorch/lib/python3.12/site-packages/MAxPy/vlib/AxArith/multipliers/DRUM.v:107$602'.
No latch inferred for signal `$paramod\DRUM_LOD_k\N=s32'00000000000000000000000000010000.\k' from process `$paramod\DRUM_LOD_k\N=s32'00000000000000000000000000010000.$proc$/home/juliana/venv_pytorch/lib/python3.12/site-packages/MAxPy/vlib/AxArith/multipliers/DRUM.v:107$602'.
No latch inferred for signal `$paramod\DRUM_LOD_k\N=s32'00000000000000000000000000010000.\w' from process `$paramod\DRUM_LOD_k\N=s32'00000000000000000000000000010000.$proc$/home/juliana/venv_pytorch/lib/python3.12/site-packages/MAxPy/vlib/AxArith/multipliers/DRUM.v:107$602'.
No latch inferred for signal `$paramod\DRUM_P_Encoder_k\N=s32'00000000000000000000000000010000.\out_a' from process `$paramod\DRUM_P_Encoder_k\N=s32'00000000000000000000000000010000.$proc$/home/juliana/venv_pytorch/lib/python3.12/site-packages/MAxPy/vlib/AxArith/multipliers/DRUM.v:128$601'.
No latch inferred for signal `$paramod\DRUM_P_Encoder_k\N=s32'00000000000000000000000000010000.\i' from process `$paramod\DRUM_P_Encoder_k\N=s32'00000000000000000000000000010000.$proc$/home/juliana/venv_pytorch/lib/python3.12/site-packages/MAxPy/vlib/AxArith/multipliers/DRUM.v:128$601'.
No latch inferred for signal `$paramod\DRUM_LOD_k\N=s32'00000000000000000000000000001000.\out_a' from process `$paramod\DRUM_LOD_k\N=s32'00000000000000000000000000001000.$proc$/home/juliana/venv_pytorch/lib/python3.12/site-packages/MAxPy/vlib/AxArith/multipliers/DRUM.v:107$731'.
No latch inferred for signal `$paramod\DRUM_LOD_k\N=s32'00000000000000000000000000001000.\k' from process `$paramod\DRUM_LOD_k\N=s32'00000000000000000000000000001000.$proc$/home/juliana/venv_pytorch/lib/python3.12/site-packages/MAxPy/vlib/AxArith/multipliers/DRUM.v:107$731'.
No latch inferred for signal `$paramod\DRUM_LOD_k\N=s32'00000000000000000000000000001000.\w' from process `$paramod\DRUM_LOD_k\N=s32'00000000000000000000000000001000.$proc$/home/juliana/venv_pytorch/lib/python3.12/site-packages/MAxPy/vlib/AxArith/multipliers/DRUM.v:107$731'.
No latch inferred for signal `$paramod\DRUM_P_Encoder_k\N=s32'00000000000000000000000000001000.\out_a' from process `$paramod\DRUM_P_Encoder_k\N=s32'00000000000000000000000000001000.$proc$/home/juliana/venv_pytorch/lib/python3.12/site-packages/MAxPy/vlib/AxArith/multipliers/DRUM.v:128$730'.
No latch inferred for signal `$paramod\DRUM_P_Encoder_k\N=s32'00000000000000000000000000001000.\i' from process `$paramod\DRUM_P_Encoder_k\N=s32'00000000000000000000000000001000.$proc$/home/juliana/venv_pytorch/lib/python3.12/site-packages/MAxPy/vlib/AxArith/multipliers/DRUM.v:128$730'.
No latch inferred for signal `$paramod$fa799df0e717c308775c4f8dfa29494b0bf7198b\DRUM_Mux_16_3_k.\out' from process `$paramod$fa799df0e717c308775c4f8dfa29494b0bf7198b\DRUM_Mux_16_3_k.$proc$/home/juliana/venv_pytorch/lib/python3.12/site-packages/MAxPy/vlib/AxArith/multipliers/DRUM.v:161$725'.
No latch inferred for signal `$paramod$fa799df0e717c308775c4f8dfa29494b0bf7198b\DRUM_Mux_16_3_k.\i' from process `$paramod$fa799df0e717c308775c4f8dfa29494b0bf7198b\DRUM_Mux_16_3_k.$proc$/home/juliana/venv_pytorch/lib/python3.12/site-packages/MAxPy/vlib/AxArith/multipliers/DRUM.v:161$725'.

10.2.9. Executing PROC_DFF pass (convert process syncs to FFs).
Creating register for signal `\neuron_intra_Nbits.\Out' using process `\neuron_intra_Nbits.$proc$neuron_drums_4/neuron_intra_Nbits_DRUMs_4/rtl/neuron_intra_Nbits.v:62$687'.
  created $adff cell `$procdff$886' with positive edge clock and positive level reset.
Creating register for signal `\neuron_intra_Nbits.\acc' using process `\neuron_intra_Nbits.$proc$neuron_drums_4/neuron_intra_Nbits_DRUMs_4/rtl/neuron_intra_Nbits.v:62$687'.
  created $adff cell `$procdff$887' with positive edge clock and positive level reset.

10.2.10. Executing PROC_MEMWR pass (convert process memory writes to cells).

10.2.11. Executing PROC_CLEAN pass (remove empty switches from decision trees).
Found and cleaned up 12 empty switches in `$paramod$a07b09e41c3d89959fdd140bdec9a7cc3f3fd22e\DRUM_Mux_16_3_k.$proc$/home/juliana/venv_pytorch/lib/python3.12/site-packages/MAxPy/vlib/AxArith/multipliers/DRUM.v:161$699'.
Removing empty process `$paramod$a07b09e41c3d89959fdd140bdec9a7cc3f3fd22e\DRUM_Mux_16_3_k.$proc$/home/juliana/venv_pytorch/lib/python3.12/site-packages/MAxPy/vlib/AxArith/multipliers/DRUM.v:161$699'.
Found and cleaned up 1 empty switch in `\neuron_intra_Nbits.$proc$neuron_drums_4/neuron_intra_Nbits_DRUMs_4/rtl/neuron_intra_Nbits.v:62$687'.
Removing empty process `neuron_intra_Nbits.$proc$neuron_drums_4/neuron_intra_Nbits_DRUMs_4/rtl/neuron_intra_Nbits.v:62$687'.
Removing empty process `$paramod\DRUM_LOD_k\N=s32'00000000000000000000000000010000.$proc$/home/juliana/venv_pytorch/lib/python3.12/site-packages/MAxPy/vlib/AxArith/multipliers/DRUM.v:107$602'.
Found and cleaned up 16 empty switches in `$paramod\DRUM_P_Encoder_k\N=s32'00000000000000000000000000010000.$proc$/home/juliana/venv_pytorch/lib/python3.12/site-packages/MAxPy/vlib/AxArith/multipliers/DRUM.v:128$601'.
Removing empty process `$paramod\DRUM_P_Encoder_k\N=s32'00000000000000000000000000010000.$proc$/home/juliana/venv_pytorch/lib/python3.12/site-packages/MAxPy/vlib/AxArith/multipliers/DRUM.v:128$601'.
Removing empty process `$paramod\DRUM_LOD_k\N=s32'00000000000000000000000000001000.$proc$/home/juliana/venv_pytorch/lib/python3.12/site-packages/MAxPy/vlib/AxArith/multipliers/DRUM.v:107$731'.
Found and cleaned up 8 empty switches in `$paramod\DRUM_P_Encoder_k\N=s32'00000000000000000000000000001000.$proc$/home/juliana/venv_pytorch/lib/python3.12/site-packages/MAxPy/vlib/AxArith/multipliers/DRUM.v:128$730'.
Removing empty process `$paramod\DRUM_P_Encoder_k\N=s32'00000000000000000000000000001000.$proc$/home/juliana/venv_pytorch/lib/python3.12/site-packages/MAxPy/vlib/AxArith/multipliers/DRUM.v:128$730'.
Found and cleaned up 4 empty switches in `$paramod$fa799df0e717c308775c4f8dfa29494b0bf7198b\DRUM_Mux_16_3_k.$proc$/home/juliana/venv_pytorch/lib/python3.12/site-packages/MAxPy/vlib/AxArith/multipliers/DRUM.v:161$725'.
Removing empty process `$paramod$fa799df0e717c308775c4f8dfa29494b0bf7198b\DRUM_Mux_16_3_k.$proc$/home/juliana/venv_pytorch/lib/python3.12/site-packages/MAxPy/vlib/AxArith/multipliers/DRUM.v:161$725'.
Cleaned up 41 empty switches.

10.2.12. Executing OPT_EXPR pass (perform const folding).
Optimizing module $paramod$fa799df0e717c308775c4f8dfa29494b0bf7198b\DRUMu.
Optimizing module $paramod$a07b09e41c3d89959fdd140bdec9a7cc3f3fd22e\DRUM_Mux_16_3_k.
Optimizing module $paramod$a07b09e41c3d89959fdd140bdec9a7cc3f3fd22e\DRUM_Barrel_Shifter_k.
Optimizing module neuron_intra_Nbits.
<suppressed ~1 debug messages>
Optimizing module $paramod$a07b09e41c3d89959fdd140bdec9a7cc3f3fd22e\DRUMs.
Optimizing module $paramod\DRUM_LOD_k\N=s32'00000000000000000000000000010000.
Optimizing module $paramod\DRUM_P_Encoder_k\N=s32'00000000000000000000000000010000.
Optimizing module $paramod\DRUM_LOD_k\N=s32'00000000000000000000000000001000.
Optimizing module $paramod\DRUM_P_Encoder_k\N=s32'00000000000000000000000000001000.
Optimizing module $paramod$a07b09e41c3d89959fdd140bdec9a7cc3f3fd22e\DRUMu.
Optimizing module $paramod$fa799df0e717c308775c4f8dfa29494b0bf7198b\DRUMs.
Optimizing module $paramod$fa799df0e717c308775c4f8dfa29494b0bf7198b\DRUM_Mux_16_3_k.
Optimizing module $paramod$fa799df0e717c308775c4f8dfa29494b0bf7198b\DRUM_Barrel_Shifter_k.

10.3. Executing OPT_EXPR pass (perform const folding).
Optimizing module $paramod$fa799df0e717c308775c4f8dfa29494b0bf7198b\DRUMu.
Optimizing module $paramod$a07b09e41c3d89959fdd140bdec9a7cc3f3fd22e\DRUM_Mux_16_3_k.
Optimizing module $paramod$a07b09e41c3d89959fdd140bdec9a7cc3f3fd22e\DRUM_Barrel_Shifter_k.
Optimizing module neuron_intra_Nbits.
Optimizing module $paramod$a07b09e41c3d89959fdd140bdec9a7cc3f3fd22e\DRUMs.
Optimizing module $paramod\DRUM_LOD_k\N=s32'00000000000000000000000000010000.
Optimizing module $paramod\DRUM_P_Encoder_k\N=s32'00000000000000000000000000010000.
Optimizing module $paramod\DRUM_LOD_k\N=s32'00000000000000000000000000001000.
Optimizing module $paramod\DRUM_P_Encoder_k\N=s32'00000000000000000000000000001000.
Optimizing module $paramod$a07b09e41c3d89959fdd140bdec9a7cc3f3fd22e\DRUMu.
Optimizing module $paramod$fa799df0e717c308775c4f8dfa29494b0bf7198b\DRUMs.
Optimizing module $paramod$fa799df0e717c308775c4f8dfa29494b0bf7198b\DRUM_Mux_16_3_k.
Optimizing module $paramod$fa799df0e717c308775c4f8dfa29494b0bf7198b\DRUM_Barrel_Shifter_k.

10.4. Executing OPT_CLEAN pass (remove unused cells and wires).
Finding unused cells or wires in module $paramod$fa799df0e717c308775c4f8dfa29494b0bf7198b\DRUMu..
Finding unused cells or wires in module $paramod$a07b09e41c3d89959fdd140bdec9a7cc3f3fd22e\DRUM_Mux_16_3_k..
Finding unused cells or wires in module $paramod$a07b09e41c3d89959fdd140bdec9a7cc3f3fd22e\DRUM_Barrel_Shifter_k..
Finding unused cells or wires in module \neuron_intra_Nbits..
Finding unused cells or wires in module $paramod$a07b09e41c3d89959fdd140bdec9a7cc3f3fd22e\DRUMs..
Finding unused cells or wires in module $paramod\DRUM_LOD_k\N=s32'00000000000000000000000000010000..
Finding unused cells or wires in module $paramod\DRUM_P_Encoder_k\N=s32'00000000000000000000000000010000..
Finding unused cells or wires in module $paramod\DRUM_LOD_k\N=s32'00000000000000000000000000001000..
Finding unused cells or wires in module $paramod\DRUM_P_Encoder_k\N=s32'00000000000000000000000000001000..
Finding unused cells or wires in module $paramod$a07b09e41c3d89959fdd140bdec9a7cc3f3fd22e\DRUMu..
Finding unused cells or wires in module $paramod$fa799df0e717c308775c4f8dfa29494b0bf7198b\DRUMs..
Finding unused cells or wires in module $paramod$fa799df0e717c308775c4f8dfa29494b0bf7198b\DRUM_Mux_16_3_k..
Finding unused cells or wires in module $paramod$fa799df0e717c308775c4f8dfa29494b0bf7198b\DRUM_Barrel_Shifter_k..
Removed 10 unused cells and 192 unused wires.
<suppressed ~60 debug messages>

10.5. Executing CHECK pass (checking for obvious problems).
Checking module $paramod$a07b09e41c3d89959fdd140bdec9a7cc3f3fd22e\DRUM_Barrel_Shifter_k...
Checking module $paramod$a07b09e41c3d89959fdd140bdec9a7cc3f3fd22e\DRUM_Mux_16_3_k...
Checking module $paramod$a07b09e41c3d89959fdd140bdec9a7cc3f3fd22e\DRUMs...
Checking module $paramod$a07b09e41c3d89959fdd140bdec9a7cc3f3fd22e\DRUMu...
Checking module $paramod$fa799df0e717c308775c4f8dfa29494b0bf7198b\DRUM_Barrel_Shifter_k...
Checking module $paramod$fa799df0e717c308775c4f8dfa29494b0bf7198b\DRUM_Mux_16_3_k...
Checking module $paramod$fa799df0e717c308775c4f8dfa29494b0bf7198b\DRUMs...
Checking module $paramod$fa799df0e717c308775c4f8dfa29494b0bf7198b\DRUMu...
Checking module $paramod\DRUM_LOD_k\N=s32'00000000000000000000000000001000...
Checking module $paramod\DRUM_LOD_k\N=s32'00000000000000000000000000010000...
Checking module $paramod\DRUM_P_Encoder_k\N=s32'00000000000000000000000000001000...
Checking module $paramod\DRUM_P_Encoder_k\N=s32'00000000000000000000000000010000...
Checking module neuron_intra_Nbits...
Found and reported 0 problems.

10.6. Executing OPT pass (performing simple optimizations).

10.6.1. Executing OPT_EXPR pass (perform const folding).
Optimizing module $paramod$a07b09e41c3d89959fdd140bdec9a7cc3f3fd22e\DRUM_Barrel_Shifter_k.
Optimizing module $paramod$a07b09e41c3d89959fdd140bdec9a7cc3f3fd22e\DRUM_Mux_16_3_k.
Optimizing module $paramod$a07b09e41c3d89959fdd140bdec9a7cc3f3fd22e\DRUMs.
Optimizing module $paramod$a07b09e41c3d89959fdd140bdec9a7cc3f3fd22e\DRUMu.
Optimizing module $paramod$fa799df0e717c308775c4f8dfa29494b0bf7198b\DRUM_Barrel_Shifter_k.
Optimizing module $paramod$fa799df0e717c308775c4f8dfa29494b0bf7198b\DRUM_Mux_16_3_k.
Optimizing module $paramod$fa799df0e717c308775c4f8dfa29494b0bf7198b\DRUMs.
Optimizing module $paramod$fa799df0e717c308775c4f8dfa29494b0bf7198b\DRUMu.
Optimizing module $paramod\DRUM_LOD_k\N=s32'00000000000000000000000000001000.
Optimizing module $paramod\DRUM_LOD_k\N=s32'00000000000000000000000000010000.
Optimizing module $paramod\DRUM_P_Encoder_k\N=s32'00000000000000000000000000001000.
Optimizing module $paramod\DRUM_P_Encoder_k\N=s32'00000000000000000000000000010000.
Optimizing module neuron_intra_Nbits.

10.6.2. Executing OPT_MERGE pass (detect identical cells).
Finding identical cells in module `$paramod$a07b09e41c3d89959fdd140bdec9a7cc3f3fd22e\DRUM_Barrel_Shifter_k'.
Finding identical cells in module `$paramod$a07b09e41c3d89959fdd140bdec9a7cc3f3fd22e\DRUM_Mux_16_3_k'.
Finding identical cells in module `$paramod$a07b09e41c3d89959fdd140bdec9a7cc3f3fd22e\DRUMs'.
Finding identical cells in module `$paramod$a07b09e41c3d89959fdd140bdec9a7cc3f3fd22e\DRUMu'.
<suppressed ~6 debug messages>
Finding identical cells in module `$paramod$fa799df0e717c308775c4f8dfa29494b0bf7198b\DRUM_Barrel_Shifter_k'.
Finding identical cells in module `$paramod$fa799df0e717c308775c4f8dfa29494b0bf7198b\DRUM_Mux_16_3_k'.
Finding identical cells in module `$paramod$fa799df0e717c308775c4f8dfa29494b0bf7198b\DRUMs'.
Finding identical cells in module `$paramod$fa799df0e717c308775c4f8dfa29494b0bf7198b\DRUMu'.
<suppressed ~6 debug messages>
Finding identical cells in module `$paramod\DRUM_LOD_k\N=s32'00000000000000000000000000001000'.
Finding identical cells in module `$paramod\DRUM_LOD_k\N=s32'00000000000000000000000000010000'.
Finding identical cells in module `$paramod\DRUM_P_Encoder_k\N=s32'00000000000000000000000000001000'.
Finding identical cells in module `$paramod\DRUM_P_Encoder_k\N=s32'00000000000000000000000000010000'.
Finding identical cells in module `\neuron_intra_Nbits'.
Removed a total of 4 cells.

10.6.3. Executing OPT_MUXTREE pass (detect dead branches in mux trees).
Running muxtree optimizer on module $paramod$a07b09e41c3d89959fdd140bdec9a7cc3f3fd22e\DRUM_Barrel_Shifter_k..
  Creating internal representation of mux trees.
  No muxes found in this module.
Running muxtree optimizer on module $paramod$a07b09e41c3d89959fdd140bdec9a7cc3f3fd22e\DRUM_Mux_16_3_k..
  Creating internal representation of mux trees.
  Evaluating internal representation of mux trees.
  Analyzing evaluation results.
Running muxtree optimizer on module $paramod$a07b09e41c3d89959fdd140bdec9a7cc3f3fd22e\DRUMs..
  Creating internal representation of mux trees.
  Evaluating internal representation of mux trees.
      Replacing known input bits on port A of cell $ternary$/home/juliana/venv_pytorch/lib/python3.12/site-packages/MAxPy/vlib/AxArith/multipliers/DRUM.v:49$653: { 16'0000000000000000 \a } -> { 17'00000000000000000 \a [14:0] }
      Replacing known input bits on port A of cell $ternary$/home/juliana/venv_pytorch/lib/python3.12/site-packages/MAxPy/vlib/AxArith/multipliers/DRUM.v:50$658: { 16'0000000000000000 \b } -> { 17'00000000000000000 \b [14:0] }
  Analyzing evaluation results.
Running muxtree optimizer on module $paramod$a07b09e41c3d89959fdd140bdec9a7cc3f3fd22e\DRUMu..
  Creating internal representation of mux trees.
  Evaluating internal representation of mux trees.
  Analyzing evaluation results.
Running muxtree optimizer on module $paramod$fa799df0e717c308775c4f8dfa29494b0bf7198b\DRUM_Barrel_Shifter_k..
  Creating internal representation of mux trees.
  No muxes found in this module.
Running muxtree optimizer on module $paramod$fa799df0e717c308775c4f8dfa29494b0bf7198b\DRUM_Mux_16_3_k..
  Creating internal representation of mux trees.
  Evaluating internal representation of mux trees.
  Analyzing evaluation results.
Running muxtree optimizer on module $paramod$fa799df0e717c308775c4f8dfa29494b0bf7198b\DRUMs..
  Creating internal representation of mux trees.
  Evaluating internal representation of mux trees.
      Replacing known input bits on port A of cell $ternary$/home/juliana/venv_pytorch/lib/python3.12/site-packages/MAxPy/vlib/AxArith/multipliers/DRUM.v:49$667: { 24'000000000000000000000000 \a } -> { 25'0000000000000000000000000 \a [6:0] }
      Replacing known input bits on port A of cell $ternary$/home/juliana/venv_pytorch/lib/python3.12/site-packages/MAxPy/vlib/AxArith/multipliers/DRUM.v:50$672: { 24'000000000000000000000000 \b } -> { 25'0000000000000000000000000 \b [6:0] }
  Analyzing evaluation results.
Running muxtree optimizer on module $paramod$fa799df0e717c308775c4f8dfa29494b0bf7198b\DRUMu..
  Creating internal representation of mux trees.
  Evaluating internal representation of mux trees.
  Analyzing evaluation results.
Running muxtree optimizer on module $paramod\DRUM_LOD_k\N=s32'00000000000000000000000000001000..
  Creating internal representation of mux trees.
  Evaluating internal representation of mux trees.
  Analyzing evaluation results.
Running muxtree optimizer on module $paramod\DRUM_LOD_k\N=s32'00000000000000000000000000010000..
  Creating internal representation of mux trees.
  Evaluating internal representation of mux trees.
  Analyzing evaluation results.
Running muxtree optimizer on module $paramod\DRUM_P_Encoder_k\N=s32'00000000000000000000000000001000..
  Creating internal representation of mux trees.
  Evaluating internal representation of mux trees.
  Analyzing evaluation results.
Running muxtree optimizer on module $paramod\DRUM_P_Encoder_k\N=s32'00000000000000000000000000010000..
  Creating internal representation of mux trees.
  Evaluating internal representation of mux trees.
  Analyzing evaluation results.
Running muxtree optimizer on module \neuron_intra_Nbits..
  Creating internal representation of mux trees.
  Evaluating internal representation of mux trees.
  Analyzing evaluation results.
Removed 0 multiplexer ports.
<suppressed ~42 debug messages>

10.6.4. Executing OPT_REDUCE pass (consolidate $*mux and $reduce_* inputs).
  Optimizing cells in module $paramod$a07b09e41c3d89959fdd140bdec9a7cc3f3fd22e\DRUM_Barrel_Shifter_k.
  Optimizing cells in module $paramod$a07b09e41c3d89959fdd140bdec9a7cc3f3fd22e\DRUM_Mux_16_3_k.
  Optimizing cells in module $paramod$a07b09e41c3d89959fdd140bdec9a7cc3f3fd22e\DRUMs.
  Optimizing cells in module $paramod$a07b09e41c3d89959fdd140bdec9a7cc3f3fd22e\DRUMu.
  Optimizing cells in module $paramod$fa799df0e717c308775c4f8dfa29494b0bf7198b\DRUM_Barrel_Shifter_k.
  Optimizing cells in module $paramod$fa799df0e717c308775c4f8dfa29494b0bf7198b\DRUM_Mux_16_3_k.
  Optimizing cells in module $paramod$fa799df0e717c308775c4f8dfa29494b0bf7198b\DRUMs.
  Optimizing cells in module $paramod$fa799df0e717c308775c4f8dfa29494b0bf7198b\DRUMu.
  Optimizing cells in module $paramod\DRUM_LOD_k\N=s32'00000000000000000000000000001000.
  Optimizing cells in module $paramod\DRUM_LOD_k\N=s32'00000000000000000000000000010000.
  Optimizing cells in module $paramod\DRUM_P_Encoder_k\N=s32'00000000000000000000000000001000.
  Optimizing cells in module $paramod\DRUM_P_Encoder_k\N=s32'00000000000000000000000000010000.
  Optimizing cells in module \neuron_intra_Nbits.
Performed a total of 0 changes.

10.6.5. Executing OPT_MERGE pass (detect identical cells).
Finding identical cells in module `$paramod$a07b09e41c3d89959fdd140bdec9a7cc3f3fd22e\DRUM_Barrel_Shifter_k'.
Finding identical cells in module `$paramod$a07b09e41c3d89959fdd140bdec9a7cc3f3fd22e\DRUM_Mux_16_3_k'.
Finding identical cells in module `$paramod$a07b09e41c3d89959fdd140bdec9a7cc3f3fd22e\DRUMs'.
Finding identical cells in module `$paramod$a07b09e41c3d89959fdd140bdec9a7cc3f3fd22e\DRUMu'.
Finding identical cells in module `$paramod$fa799df0e717c308775c4f8dfa29494b0bf7198b\DRUM_Barrel_Shifter_k'.
Finding identical cells in module `$paramod$fa799df0e717c308775c4f8dfa29494b0bf7198b\DRUM_Mux_16_3_k'.
Finding identical cells in module `$paramod$fa799df0e717c308775c4f8dfa29494b0bf7198b\DRUMs'.
Finding identical cells in module `$paramod$fa799df0e717c308775c4f8dfa29494b0bf7198b\DRUMu'.
Finding identical cells in module `$paramod\DRUM_LOD_k\N=s32'00000000000000000000000000001000'.
Finding identical cells in module `$paramod\DRUM_LOD_k\N=s32'00000000000000000000000000010000'.
Finding identical cells in module `$paramod\DRUM_P_Encoder_k\N=s32'00000000000000000000000000001000'.
Finding identical cells in module `$paramod\DRUM_P_Encoder_k\N=s32'00000000000000000000000000010000'.
Finding identical cells in module `\neuron_intra_Nbits'.
Removed a total of 0 cells.

10.6.6. Executing OPT_CLEAN pass (remove unused cells and wires).
Finding unused cells or wires in module $paramod$a07b09e41c3d89959fdd140bdec9a7cc3f3fd22e\DRUM_Barrel_Shifter_k..
Finding unused cells or wires in module $paramod$a07b09e41c3d89959fdd140bdec9a7cc3f3fd22e\DRUM_Mux_16_3_k..
Finding unused cells or wires in module $paramod$a07b09e41c3d89959fdd140bdec9a7cc3f3fd22e\DRUMs..
Finding unused cells or wires in module $paramod$a07b09e41c3d89959fdd140bdec9a7cc3f3fd22e\DRUMu..
Finding unused cells or wires in module $paramod$fa799df0e717c308775c4f8dfa29494b0bf7198b\DRUM_Barrel_Shifter_k..
Finding unused cells or wires in module $paramod$fa799df0e717c308775c4f8dfa29494b0bf7198b\DRUM_Mux_16_3_k..
Finding unused cells or wires in module $paramod$fa799df0e717c308775c4f8dfa29494b0bf7198b\DRUMs..
Finding unused cells or wires in module $paramod$fa799df0e717c308775c4f8dfa29494b0bf7198b\DRUMu..
Finding unused cells or wires in module $paramod\DRUM_LOD_k\N=s32'00000000000000000000000000001000..
Finding unused cells or wires in module $paramod\DRUM_LOD_k\N=s32'00000000000000000000000000010000..
Finding unused cells or wires in module $paramod\DRUM_P_Encoder_k\N=s32'00000000000000000000000000001000..
Finding unused cells or wires in module $paramod\DRUM_P_Encoder_k\N=s32'00000000000000000000000000010000..
Finding unused cells or wires in module \neuron_intra_Nbits..
Removed 0 unused cells and 4 unused wires.
<suppressed ~2 debug messages>

10.6.7. Executing OPT_EXPR pass (perform const folding).
Optimizing module $paramod$a07b09e41c3d89959fdd140bdec9a7cc3f3fd22e\DRUM_Barrel_Shifter_k.
Optimizing module $paramod$a07b09e41c3d89959fdd140bdec9a7cc3f3fd22e\DRUM_Mux_16_3_k.
Optimizing module $paramod$a07b09e41c3d89959fdd140bdec9a7cc3f3fd22e\DRUMs.
Optimizing module $paramod$a07b09e41c3d89959fdd140bdec9a7cc3f3fd22e\DRUMu.
Optimizing module $paramod$fa799df0e717c308775c4f8dfa29494b0bf7198b\DRUM_Barrel_Shifter_k.
Optimizing module $paramod$fa799df0e717c308775c4f8dfa29494b0bf7198b\DRUM_Mux_16_3_k.
Optimizing module $paramod$fa799df0e717c308775c4f8dfa29494b0bf7198b\DRUMs.
Optimizing module $paramod$fa799df0e717c308775c4f8dfa29494b0bf7198b\DRUMu.
Optimizing module $paramod\DRUM_LOD_k\N=s32'00000000000000000000000000001000.
Optimizing module $paramod\DRUM_LOD_k\N=s32'00000000000000000000000000010000.
Optimizing module $paramod\DRUM_P_Encoder_k\N=s32'00000000000000000000000000001000.
Optimizing module $paramod\DRUM_P_Encoder_k\N=s32'00000000000000000000000000010000.
Optimizing module neuron_intra_Nbits.

10.6.8. Rerunning OPT passes. (Maybe there is more to do..)

10.6.9. Executing OPT_MUXTREE pass (detect dead branches in mux trees).
Running muxtree optimizer on module $paramod$a07b09e41c3d89959fdd140bdec9a7cc3f3fd22e\DRUM_Barrel_Shifter_k..
  Creating internal representation of mux trees.
  No muxes found in this module.
Running muxtree optimizer on module $paramod$a07b09e41c3d89959fdd140bdec9a7cc3f3fd22e\DRUM_Mux_16_3_k..
  Creating internal representation of mux trees.
  Evaluating internal representation of mux trees.
  Analyzing evaluation results.
Running muxtree optimizer on module $paramod$a07b09e41c3d89959fdd140bdec9a7cc3f3fd22e\DRUMs..
  Creating internal representation of mux trees.
  Evaluating internal representation of mux trees.
  Analyzing evaluation results.
Running muxtree optimizer on module $paramod$a07b09e41c3d89959fdd140bdec9a7cc3f3fd22e\DRUMu..
  Creating internal representation of mux trees.
  Evaluating internal representation of mux trees.
  Analyzing evaluation results.
Running muxtree optimizer on module $paramod$fa799df0e717c308775c4f8dfa29494b0bf7198b\DRUM_Barrel_Shifter_k..
  Creating internal representation of mux trees.
  No muxes found in this module.
Running muxtree optimizer on module $paramod$fa799df0e717c308775c4f8dfa29494b0bf7198b\DRUM_Mux_16_3_k..
  Creating internal representation of mux trees.
  Evaluating internal representation of mux trees.
  Analyzing evaluation results.
Running muxtree optimizer on module $paramod$fa799df0e717c308775c4f8dfa29494b0bf7198b\DRUMs..
  Creating internal representation of mux trees.
  Evaluating internal representation of mux trees.
  Analyzing evaluation results.
Running muxtree optimizer on module $paramod$fa799df0e717c308775c4f8dfa29494b0bf7198b\DRUMu..
  Creating internal representation of mux trees.
  Evaluating internal representation of mux trees.
  Analyzing evaluation results.
Running muxtree optimizer on module $paramod\DRUM_LOD_k\N=s32'00000000000000000000000000001000..
  Creating internal representation of mux trees.
  Evaluating internal representation of mux trees.
  Analyzing evaluation results.
Running muxtree optimizer on module $paramod\DRUM_LOD_k\N=s32'00000000000000000000000000010000..
  Creating internal representation of mux trees.
  Evaluating internal representation of mux trees.
  Analyzing evaluation results.
Running muxtree optimizer on module $paramod\DRUM_P_Encoder_k\N=s32'00000000000000000000000000001000..
  Creating internal representation of mux trees.
  Evaluating internal representation of mux trees.
  Analyzing evaluation results.
Running muxtree optimizer on module $paramod\DRUM_P_Encoder_k\N=s32'00000000000000000000000000010000..
  Creating internal representation of mux trees.
  Evaluating internal representation of mux trees.
  Analyzing evaluation results.
Running muxtree optimizer on module \neuron_intra_Nbits..
  Creating internal representation of mux trees.
  Evaluating internal representation of mux trees.
  Analyzing evaluation results.
Removed 0 multiplexer ports.
<suppressed ~42 debug messages>

10.6.10. Executing OPT_REDUCE pass (consolidate $*mux and $reduce_* inputs).
  Optimizing cells in module $paramod$a07b09e41c3d89959fdd140bdec9a7cc3f3fd22e\DRUM_Barrel_Shifter_k.
  Optimizing cells in module $paramod$a07b09e41c3d89959fdd140bdec9a7cc3f3fd22e\DRUM_Mux_16_3_k.
  Optimizing cells in module $paramod$a07b09e41c3d89959fdd140bdec9a7cc3f3fd22e\DRUMs.
  Optimizing cells in module $paramod$a07b09e41c3d89959fdd140bdec9a7cc3f3fd22e\DRUMu.
  Optimizing cells in module $paramod$fa799df0e717c308775c4f8dfa29494b0bf7198b\DRUM_Barrel_Shifter_k.
  Optimizing cells in module $paramod$fa799df0e717c308775c4f8dfa29494b0bf7198b\DRUM_Mux_16_3_k.
  Optimizing cells in module $paramod$fa799df0e717c308775c4f8dfa29494b0bf7198b\DRUMs.
  Optimizing cells in module $paramod$fa799df0e717c308775c4f8dfa29494b0bf7198b\DRUMu.
  Optimizing cells in module $paramod\DRUM_LOD_k\N=s32'00000000000000000000000000001000.
  Optimizing cells in module $paramod\DRUM_LOD_k\N=s32'00000000000000000000000000010000.
  Optimizing cells in module $paramod\DRUM_P_Encoder_k\N=s32'00000000000000000000000000001000.
  Optimizing cells in module $paramod\DRUM_P_Encoder_k\N=s32'00000000000000000000000000010000.
  Optimizing cells in module \neuron_intra_Nbits.
Performed a total of 0 changes.

10.6.11. Executing OPT_MERGE pass (detect identical cells).
Finding identical cells in module `$paramod$a07b09e41c3d89959fdd140bdec9a7cc3f3fd22e\DRUM_Barrel_Shifter_k'.
Finding identical cells in module `$paramod$a07b09e41c3d89959fdd140bdec9a7cc3f3fd22e\DRUM_Mux_16_3_k'.
Finding identical cells in module `$paramod$a07b09e41c3d89959fdd140bdec9a7cc3f3fd22e\DRUMs'.
Finding identical cells in module `$paramod$a07b09e41c3d89959fdd140bdec9a7cc3f3fd22e\DRUMu'.
Finding identical cells in module `$paramod$fa799df0e717c308775c4f8dfa29494b0bf7198b\DRUM_Barrel_Shifter_k'.
Finding identical cells in module `$paramod$fa799df0e717c308775c4f8dfa29494b0bf7198b\DRUM_Mux_16_3_k'.
Finding identical cells in module `$paramod$fa799df0e717c308775c4f8dfa29494b0bf7198b\DRUMs'.
Finding identical cells in module `$paramod$fa799df0e717c308775c4f8dfa29494b0bf7198b\DRUMu'.
Finding identical cells in module `$paramod\DRUM_LOD_k\N=s32'00000000000000000000000000001000'.
Finding identical cells in module `$paramod\DRUM_LOD_k\N=s32'00000000000000000000000000010000'.
Finding identical cells in module `$paramod\DRUM_P_Encoder_k\N=s32'00000000000000000000000000001000'.
Finding identical cells in module `$paramod\DRUM_P_Encoder_k\N=s32'00000000000000000000000000010000'.
Finding identical cells in module `\neuron_intra_Nbits'.
Removed a total of 0 cells.

10.6.12. Executing OPT_CLEAN pass (remove unused cells and wires).
Finding unused cells or wires in module $paramod$a07b09e41c3d89959fdd140bdec9a7cc3f3fd22e\DRUM_Barrel_Shifter_k..
Finding unused cells or wires in module $paramod$a07b09e41c3d89959fdd140bdec9a7cc3f3fd22e\DRUM_Mux_16_3_k..
Finding unused cells or wires in module $paramod$a07b09e41c3d89959fdd140bdec9a7cc3f3fd22e\DRUMs..
Finding unused cells or wires in module $paramod$a07b09e41c3d89959fdd140bdec9a7cc3f3fd22e\DRUMu..
Finding unused cells or wires in module $paramod$fa799df0e717c308775c4f8dfa29494b0bf7198b\DRUM_Barrel_Shifter_k..
Finding unused cells or wires in module $paramod$fa799df0e717c308775c4f8dfa29494b0bf7198b\DRUM_Mux_16_3_k..
Finding unused cells or wires in module $paramod$fa799df0e717c308775c4f8dfa29494b0bf7198b\DRUMs..
Finding unused cells or wires in module $paramod$fa799df0e717c308775c4f8dfa29494b0bf7198b\DRUMu..
Finding unused cells or wires in module $paramod\DRUM_LOD_k\N=s32'00000000000000000000000000001000..
Finding unused cells or wires in module $paramod\DRUM_LOD_k\N=s32'00000000000000000000000000010000..
Finding unused cells or wires in module $paramod\DRUM_P_Encoder_k\N=s32'00000000000000000000000000001000..
Finding unused cells or wires in module $paramod\DRUM_P_Encoder_k\N=s32'00000000000000000000000000010000..
Finding unused cells or wires in module \neuron_intra_Nbits..

10.6.13. Executing OPT_EXPR pass (perform const folding).
Optimizing module $paramod$a07b09e41c3d89959fdd140bdec9a7cc3f3fd22e\DRUM_Barrel_Shifter_k.
Optimizing module $paramod$a07b09e41c3d89959fdd140bdec9a7cc3f3fd22e\DRUM_Mux_16_3_k.
Optimizing module $paramod$a07b09e41c3d89959fdd140bdec9a7cc3f3fd22e\DRUMs.
Optimizing module $paramod$a07b09e41c3d89959fdd140bdec9a7cc3f3fd22e\DRUMu.
Optimizing module $paramod$fa799df0e717c308775c4f8dfa29494b0bf7198b\DRUM_Barrel_Shifter_k.
Optimizing module $paramod$fa799df0e717c308775c4f8dfa29494b0bf7198b\DRUM_Mux_16_3_k.
Optimizing module $paramod$fa799df0e717c308775c4f8dfa29494b0bf7198b\DRUMs.
Optimizing module $paramod$fa799df0e717c308775c4f8dfa29494b0bf7198b\DRUMu.
Optimizing module $paramod\DRUM_LOD_k\N=s32'00000000000000000000000000001000.
Optimizing module $paramod\DRUM_LOD_k\N=s32'00000000000000000000000000010000.
Optimizing module $paramod\DRUM_P_Encoder_k\N=s32'00000000000000000000000000001000.
Optimizing module $paramod\DRUM_P_Encoder_k\N=s32'00000000000000000000000000010000.
Optimizing module neuron_intra_Nbits.

10.6.14. Finished OPT passes. (There is nothing left to do.)

10.7. Executing WREDUCE pass (reducing word size of cells).
Removed top 24 bits (of 32) from port A of cell $paramod$a07b09e41c3d89959fdd140bdec9a7cc3f3fd22e\DRUM_Barrel_Shifter_k.$shl$/home/juliana/venv_pytorch/lib/python3.12/site-packages/MAxPy/vlib/AxArith/multipliers/DRUM.v:147$698 ($shl).
Removed top 1 bits (of 4) from port B of cell $paramod$a07b09e41c3d89959fdd140bdec9a7cc3f3fd22e\DRUM_Mux_16_3_k.$eq$/home/juliana/venv_pytorch/lib/python3.12/site-packages/MAxPy/vlib/AxArith/multipliers/DRUM.v:164$701 ($eq).
Removed top 1 bits (of 4) from port B of cell $paramod$a07b09e41c3d89959fdd140bdec9a7cc3f3fd22e\DRUM_Mux_16_3_k.$eq$/home/juliana/venv_pytorch/lib/python3.12/site-packages/MAxPy/vlib/AxArith/multipliers/DRUM.v:164$700 ($eq).
Removed top 1 bits (of 4) from port B of cell $paramod$a07b09e41c3d89959fdd140bdec9a7cc3f3fd22e\DRUM_Mux_16_3_k.$eq$/home/juliana/venv_pytorch/lib/python3.12/site-packages/MAxPy/vlib/AxArith/multipliers/DRUM.v:164$703 ($eq).
Removed top 1 bits (of 4) from port B of cell $paramod$a07b09e41c3d89959fdd140bdec9a7cc3f3fd22e\DRUM_Mux_16_3_k.$eq$/home/juliana/venv_pytorch/lib/python3.12/site-packages/MAxPy/vlib/AxArith/multipliers/DRUM.v:164$702 ($eq).
Removed top 16 bits (of 32) from port A of cell $paramod$a07b09e41c3d89959fdd140bdec9a7cc3f3fd22e\DRUMs.$not$/home/juliana/venv_pytorch/lib/python3.12/site-packages/MAxPy/vlib/AxArith/multipliers/DRUM.v:49$650 ($not).
Removed top 31 bits (of 32) from port B of cell $paramod$a07b09e41c3d89959fdd140bdec9a7cc3f3fd22e\DRUMs.$add$/home/juliana/venv_pytorch/lib/python3.12/site-packages/MAxPy/vlib/AxArith/multipliers/DRUM.v:49$651 ($add).
Removed top 16 bits (of 32) from mux cell $paramod$a07b09e41c3d89959fdd140bdec9a7cc3f3fd22e\DRUMs.$ternary$/home/juliana/venv_pytorch/lib/python3.12/site-packages/MAxPy/vlib/AxArith/multipliers/DRUM.v:49$653 ($mux).
Removed top 16 bits (of 32) from port A of cell $paramod$a07b09e41c3d89959fdd140bdec9a7cc3f3fd22e\DRUMs.$not$/home/juliana/venv_pytorch/lib/python3.12/site-packages/MAxPy/vlib/AxArith/multipliers/DRUM.v:50$655 ($not).
Removed top 31 bits (of 32) from port B of cell $paramod$a07b09e41c3d89959fdd140bdec9a7cc3f3fd22e\DRUMs.$add$/home/juliana/venv_pytorch/lib/python3.12/site-packages/MAxPy/vlib/AxArith/multipliers/DRUM.v:50$656 ($add).
Removed top 16 bits (of 32) from mux cell $paramod$a07b09e41c3d89959fdd140bdec9a7cc3f3fd22e\DRUMs.$ternary$/home/juliana/venv_pytorch/lib/python3.12/site-packages/MAxPy/vlib/AxArith/multipliers/DRUM.v:50$658 ($mux).
Removed top 31 bits (of 32) from port B of cell $paramod$a07b09e41c3d89959fdd140bdec9a7cc3f3fd22e\DRUMs.$add$/home/juliana/venv_pytorch/lib/python3.12/site-packages/MAxPy/vlib/AxArith/multipliers/DRUM.v:52$661 ($add).
Removed top 16 bits (of 32) from port Y of cell $paramod$a07b09e41c3d89959fdd140bdec9a7cc3f3fd22e\DRUMs.$add$/home/juliana/venv_pytorch/lib/python3.12/site-packages/MAxPy/vlib/AxArith/multipliers/DRUM.v:49$651 ($add).
Removed top 16 bits (of 32) from port A of cell $paramod$a07b09e41c3d89959fdd140bdec9a7cc3f3fd22e\DRUMs.$add$/home/juliana/venv_pytorch/lib/python3.12/site-packages/MAxPy/vlib/AxArith/multipliers/DRUM.v:49$651 ($add).
Removed top 16 bits (of 32) from port Y of cell $paramod$a07b09e41c3d89959fdd140bdec9a7cc3f3fd22e\DRUMs.$add$/home/juliana/venv_pytorch/lib/python3.12/site-packages/MAxPy/vlib/AxArith/multipliers/DRUM.v:50$656 ($add).
Removed top 16 bits (of 32) from port A of cell $paramod$a07b09e41c3d89959fdd140bdec9a7cc3f3fd22e\DRUMs.$add$/home/juliana/venv_pytorch/lib/python3.12/site-packages/MAxPy/vlib/AxArith/multipliers/DRUM.v:50$656 ($add).
Removed top 16 bits (of 32) from port Y of cell $paramod$a07b09e41c3d89959fdd140bdec9a7cc3f3fd22e\DRUMs.$not$/home/juliana/venv_pytorch/lib/python3.12/site-packages/MAxPy/vlib/AxArith/multipliers/DRUM.v:49$650 ($not).
Removed top 16 bits (of 32) from port Y of cell $paramod$a07b09e41c3d89959fdd140bdec9a7cc3f3fd22e\DRUMs.$not$/home/juliana/venv_pytorch/lib/python3.12/site-packages/MAxPy/vlib/AxArith/multipliers/DRUM.v:50$655 ($not).
Removed top 16 bits (of 32) from wire $paramod$a07b09e41c3d89959fdd140bdec9a7cc3f3fd22e\DRUMs.$add$/home/juliana/venv_pytorch/lib/python3.12/site-packages/MAxPy/vlib/AxArith/multipliers/DRUM.v:49$651_Y.
Removed top 16 bits (of 32) from wire $paramod$a07b09e41c3d89959fdd140bdec9a7cc3f3fd22e\DRUMs.$not$/home/juliana/venv_pytorch/lib/python3.12/site-packages/MAxPy/vlib/AxArith/multipliers/DRUM.v:49$650_Y.
Removed top 30 bits (of 32) from port B of cell $paramod$a07b09e41c3d89959fdd140bdec9a7cc3f3fd22e\DRUMu.$gt$/home/juliana/venv_pytorch/lib/python3.12/site-packages/MAxPy/vlib/AxArith/multipliers/DRUM.v:88$577 ($gt).
Removed top 30 bits (of 32) from port B of cell $paramod$a07b09e41c3d89959fdd140bdec9a7cc3f3fd22e\DRUMu.$sub$/home/juliana/venv_pytorch/lib/python3.12/site-packages/MAxPy/vlib/AxArith/multipliers/DRUM.v:88$578 ($sub).
Removed top 27 bits (of 32) from port Y of cell $paramod$a07b09e41c3d89959fdd140bdec9a7cc3f3fd22e\DRUMu.$sub$/home/juliana/venv_pytorch/lib/python3.12/site-packages/MAxPy/vlib/AxArith/multipliers/DRUM.v:88$578 ($sub).
Removed top 28 bits (of 32) from mux cell $paramod$a07b09e41c3d89959fdd140bdec9a7cc3f3fd22e\DRUMu.$ternary$/home/juliana/venv_pytorch/lib/python3.12/site-packages/MAxPy/vlib/AxArith/multipliers/DRUM.v:88$579 ($mux).
Removed top 30 bits (of 32) from port B of cell $paramod$a07b09e41c3d89959fdd140bdec9a7cc3f3fd22e\DRUMu.$gt$/home/juliana/venv_pytorch/lib/python3.12/site-packages/MAxPy/vlib/AxArith/multipliers/DRUM.v:89$580 ($gt).
Removed top 30 bits (of 32) from port B of cell $paramod$a07b09e41c3d89959fdd140bdec9a7cc3f3fd22e\DRUMu.$sub$/home/juliana/venv_pytorch/lib/python3.12/site-packages/MAxPy/vlib/AxArith/multipliers/DRUM.v:89$581 ($sub).
Removed top 27 bits (of 32) from port Y of cell $paramod$a07b09e41c3d89959fdd140bdec9a7cc3f3fd22e\DRUMu.$sub$/home/juliana/venv_pytorch/lib/python3.12/site-packages/MAxPy/vlib/AxArith/multipliers/DRUM.v:89$581 ($sub).
Removed top 28 bits (of 32) from mux cell $paramod$a07b09e41c3d89959fdd140bdec9a7cc3f3fd22e\DRUMu.$ternary$/home/juliana/venv_pytorch/lib/python3.12/site-packages/MAxPy/vlib/AxArith/multipliers/DRUM.v:89$582 ($mux).
Removed top 1 bits (of 5) from port Y of cell $paramod$a07b09e41c3d89959fdd140bdec9a7cc3f3fd22e\DRUMu.$sub$/home/juliana/venv_pytorch/lib/python3.12/site-packages/MAxPy/vlib/AxArith/multipliers/DRUM.v:88$578 ($sub).
Removed top 1 bits (of 5) from port Y of cell $paramod$a07b09e41c3d89959fdd140bdec9a7cc3f3fd22e\DRUMu.$sub$/home/juliana/venv_pytorch/lib/python3.12/site-packages/MAxPy/vlib/AxArith/multipliers/DRUM.v:89$581 ($sub).
Removed top 28 bits (of 32) from wire $paramod$a07b09e41c3d89959fdd140bdec9a7cc3f3fd22e\DRUMu.$sub$/home/juliana/venv_pytorch/lib/python3.12/site-packages/MAxPy/vlib/AxArith/multipliers/DRUM.v:88$578_Y.
Removed top 28 bits (of 32) from wire $paramod$a07b09e41c3d89959fdd140bdec9a7cc3f3fd22e\DRUMu.$sub$/home/juliana/venv_pytorch/lib/python3.12/site-packages/MAxPy/vlib/AxArith/multipliers/DRUM.v:89$581_Y.
Removed top 8 bits (of 16) from port A of cell $paramod$fa799df0e717c308775c4f8dfa29494b0bf7198b\DRUM_Barrel_Shifter_k.$shl$/home/juliana/venv_pytorch/lib/python3.12/site-packages/MAxPy/vlib/AxArith/multipliers/DRUM.v:147$724 ($shl).
Removed top 24 bits (of 32) from port A of cell $paramod$fa799df0e717c308775c4f8dfa29494b0bf7198b\DRUMs.$not$/home/juliana/venv_pytorch/lib/python3.12/site-packages/MAxPy/vlib/AxArith/multipliers/DRUM.v:49$664 ($not).
Removed top 31 bits (of 32) from port B of cell $paramod$fa799df0e717c308775c4f8dfa29494b0bf7198b\DRUMs.$add$/home/juliana/venv_pytorch/lib/python3.12/site-packages/MAxPy/vlib/AxArith/multipliers/DRUM.v:49$665 ($add).
Removed top 24 bits (of 32) from mux cell $paramod$fa799df0e717c308775c4f8dfa29494b0bf7198b\DRUMs.$ternary$/home/juliana/venv_pytorch/lib/python3.12/site-packages/MAxPy/vlib/AxArith/multipliers/DRUM.v:49$667 ($mux).
Removed top 24 bits (of 32) from port A of cell $paramod$fa799df0e717c308775c4f8dfa29494b0bf7198b\DRUMs.$not$/home/juliana/venv_pytorch/lib/python3.12/site-packages/MAxPy/vlib/AxArith/multipliers/DRUM.v:50$669 ($not).
Removed top 31 bits (of 32) from port B of cell $paramod$fa799df0e717c308775c4f8dfa29494b0bf7198b\DRUMs.$add$/home/juliana/venv_pytorch/lib/python3.12/site-packages/MAxPy/vlib/AxArith/multipliers/DRUM.v:50$670 ($add).
Removed top 24 bits (of 32) from mux cell $paramod$fa799df0e717c308775c4f8dfa29494b0bf7198b\DRUMs.$ternary$/home/juliana/venv_pytorch/lib/python3.12/site-packages/MAxPy/vlib/AxArith/multipliers/DRUM.v:50$672 ($mux).
Removed top 16 bits (of 32) from port A of cell $paramod$fa799df0e717c308775c4f8dfa29494b0bf7198b\DRUMs.$not$/home/juliana/venv_pytorch/lib/python3.12/site-packages/MAxPy/vlib/AxArith/multipliers/DRUM.v:52$675 ($not).
Removed top 31 bits (of 32) from port B of cell $paramod$fa799df0e717c308775c4f8dfa29494b0bf7198b\DRUMs.$add$/home/juliana/venv_pytorch/lib/python3.12/site-packages/MAxPy/vlib/AxArith/multipliers/DRUM.v:52$676 ($add).
Removed top 16 bits (of 32) from mux cell $paramod$fa799df0e717c308775c4f8dfa29494b0bf7198b\DRUMs.$ternary$/home/juliana/venv_pytorch/lib/python3.12/site-packages/MAxPy/vlib/AxArith/multipliers/DRUM.v:52$678 ($mux).
Removed top 24 bits (of 32) from port Y of cell $paramod$fa799df0e717c308775c4f8dfa29494b0bf7198b\DRUMs.$add$/home/juliana/venv_pytorch/lib/python3.12/site-packages/MAxPy/vlib/AxArith/multipliers/DRUM.v:49$665 ($add).
Removed top 24 bits (of 32) from port A of cell $paramod$fa799df0e717c308775c4f8dfa29494b0bf7198b\DRUMs.$add$/home/juliana/venv_pytorch/lib/python3.12/site-packages/MAxPy/vlib/AxArith/multipliers/DRUM.v:49$665 ($add).
Removed top 24 bits (of 32) from port Y of cell $paramod$fa799df0e717c308775c4f8dfa29494b0bf7198b\DRUMs.$add$/home/juliana/venv_pytorch/lib/python3.12/site-packages/MAxPy/vlib/AxArith/multipliers/DRUM.v:50$670 ($add).
Removed top 24 bits (of 32) from port A of cell $paramod$fa799df0e717c308775c4f8dfa29494b0bf7198b\DRUMs.$add$/home/juliana/venv_pytorch/lib/python3.12/site-packages/MAxPy/vlib/AxArith/multipliers/DRUM.v:50$670 ($add).
Removed top 16 bits (of 32) from port Y of cell $paramod$fa799df0e717c308775c4f8dfa29494b0bf7198b\DRUMs.$add$/home/juliana/venv_pytorch/lib/python3.12/site-packages/MAxPy/vlib/AxArith/multipliers/DRUM.v:52$676 ($add).
Removed top 16 bits (of 32) from port A of cell $paramod$fa799df0e717c308775c4f8dfa29494b0bf7198b\DRUMs.$add$/home/juliana/venv_pytorch/lib/python3.12/site-packages/MAxPy/vlib/AxArith/multipliers/DRUM.v:52$676 ($add).
Removed top 24 bits (of 32) from port Y of cell $paramod$fa799df0e717c308775c4f8dfa29494b0bf7198b\DRUMs.$not$/home/juliana/venv_pytorch/lib/python3.12/site-packages/MAxPy/vlib/AxArith/multipliers/DRUM.v:49$664 ($not).
Removed top 24 bits (of 32) from port Y of cell $paramod$fa799df0e717c308775c4f8dfa29494b0bf7198b\DRUMs.$not$/home/juliana/venv_pytorch/lib/python3.12/site-packages/MAxPy/vlib/AxArith/multipliers/DRUM.v:50$669 ($not).
Removed top 16 bits (of 32) from port Y of cell $paramod$fa799df0e717c308775c4f8dfa29494b0bf7198b\DRUMs.$not$/home/juliana/venv_pytorch/lib/python3.12/site-packages/MAxPy/vlib/AxArith/multipliers/DRUM.v:52$675 ($not).
Removed top 24 bits (of 32) from wire $paramod$fa799df0e717c308775c4f8dfa29494b0bf7198b\DRUMs.$add$/home/juliana/venv_pytorch/lib/python3.12/site-packages/MAxPy/vlib/AxArith/multipliers/DRUM.v:49$665_Y.
Removed top 24 bits (of 32) from wire $paramod$fa799df0e717c308775c4f8dfa29494b0bf7198b\DRUMs.$add$/home/juliana/venv_pytorch/lib/python3.12/site-packages/MAxPy/vlib/AxArith/multipliers/DRUM.v:50$670_Y.
Removed top 16 bits (of 32) from wire $paramod$fa799df0e717c308775c4f8dfa29494b0bf7198b\DRUMs.$add$/home/juliana/venv_pytorch/lib/python3.12/site-packages/MAxPy/vlib/AxArith/multipliers/DRUM.v:52$676_Y.
Removed top 24 bits (of 32) from wire $paramod$fa799df0e717c308775c4f8dfa29494b0bf7198b\DRUMs.$not$/home/juliana/venv_pytorch/lib/python3.12/site-packages/MAxPy/vlib/AxArith/multipliers/DRUM.v:49$664_Y.
Removed top 30 bits (of 32) from port B of cell $paramod$fa799df0e717c308775c4f8dfa29494b0bf7198b\DRUMu.$gt$/home/juliana/venv_pytorch/lib/python3.12/site-packages/MAxPy/vlib/AxArith/multipliers/DRUM.v:88$712 ($gt).
Removed top 30 bits (of 32) from port B of cell $paramod$fa799df0e717c308775c4f8dfa29494b0bf7198b\DRUMu.$sub$/home/juliana/venv_pytorch/lib/python3.12/site-packages/MAxPy/vlib/AxArith/multipliers/DRUM.v:88$713 ($sub).
Removed top 28 bits (of 32) from port Y of cell $paramod$fa799df0e717c308775c4f8dfa29494b0bf7198b\DRUMu.$sub$/home/juliana/venv_pytorch/lib/python3.12/site-packages/MAxPy/vlib/AxArith/multipliers/DRUM.v:88$713 ($sub).
Removed top 29 bits (of 32) from mux cell $paramod$fa799df0e717c308775c4f8dfa29494b0bf7198b\DRUMu.$ternary$/home/juliana/venv_pytorch/lib/python3.12/site-packages/MAxPy/vlib/AxArith/multipliers/DRUM.v:88$714 ($mux).
Removed top 30 bits (of 32) from port B of cell $paramod$fa799df0e717c308775c4f8dfa29494b0bf7198b\DRUMu.$gt$/home/juliana/venv_pytorch/lib/python3.12/site-packages/MAxPy/vlib/AxArith/multipliers/DRUM.v:89$715 ($gt).
Removed top 30 bits (of 32) from port B of cell $paramod$fa799df0e717c308775c4f8dfa29494b0bf7198b\DRUMu.$sub$/home/juliana/venv_pytorch/lib/python3.12/site-packages/MAxPy/vlib/AxArith/multipliers/DRUM.v:89$716 ($sub).
Removed top 28 bits (of 32) from port Y of cell $paramod$fa799df0e717c308775c4f8dfa29494b0bf7198b\DRUMu.$sub$/home/juliana/venv_pytorch/lib/python3.12/site-packages/MAxPy/vlib/AxArith/multipliers/DRUM.v:89$716 ($sub).
Removed top 29 bits (of 32) from mux cell $paramod$fa799df0e717c308775c4f8dfa29494b0bf7198b\DRUMu.$ternary$/home/juliana/venv_pytorch/lib/python3.12/site-packages/MAxPy/vlib/AxArith/multipliers/DRUM.v:89$717 ($mux).
Removed top 1 bits (of 4) from port Y of cell $paramod$fa799df0e717c308775c4f8dfa29494b0bf7198b\DRUMu.$sub$/home/juliana/venv_pytorch/lib/python3.12/site-packages/MAxPy/vlib/AxArith/multipliers/DRUM.v:88$713 ($sub).
Removed top 1 bits (of 4) from port Y of cell $paramod$fa799df0e717c308775c4f8dfa29494b0bf7198b\DRUMu.$sub$/home/juliana/venv_pytorch/lib/python3.12/site-packages/MAxPy/vlib/AxArith/multipliers/DRUM.v:89$716 ($sub).
Removed top 29 bits (of 32) from wire $paramod$fa799df0e717c308775c4f8dfa29494b0bf7198b\DRUMu.$sub$/home/juliana/venv_pytorch/lib/python3.12/site-packages/MAxPy/vlib/AxArith/multipliers/DRUM.v:88$713_Y.
Removed top 29 bits (of 32) from wire $paramod$fa799df0e717c308775c4f8dfa29494b0bf7198b\DRUMu.$sub$/home/juliana/venv_pytorch/lib/python3.12/site-packages/MAxPy/vlib/AxArith/multipliers/DRUM.v:89$716_Y.
Removed top 31 bits (of 32) from mux cell $paramod\DRUM_LOD_k\N=s32'00000000000000000000000000001000.$ternary$/home/juliana/venv_pytorch/lib/python3.12/site-packages/MAxPy/vlib/AxArith/multipliers/DRUM.v:109$732 ($mux).
Removed top 31 bits (of 32) from mux cell $paramod\DRUM_LOD_k\N=s32'00000000000000000000000000001000.$ternary$/home/juliana/venv_pytorch/lib/python3.12/site-packages/MAxPy/vlib/AxArith/multipliers/DRUM.v:112$734 ($mux).
Removed top 31 bits (of 32) from mux cell $paramod\DRUM_LOD_k\N=s32'00000000000000000000000000001000.$ternary$/home/juliana/venv_pytorch/lib/python3.12/site-packages/MAxPy/vlib/AxArith/multipliers/DRUM.v:112$737 ($mux).
Removed top 31 bits (of 32) from mux cell $paramod\DRUM_LOD_k\N=s32'00000000000000000000000000001000.$ternary$/home/juliana/venv_pytorch/lib/python3.12/site-packages/MAxPy/vlib/AxArith/multipliers/DRUM.v:112$740 ($mux).
Removed top 31 bits (of 32) from mux cell $paramod\DRUM_LOD_k\N=s32'00000000000000000000000000001000.$ternary$/home/juliana/venv_pytorch/lib/python3.12/site-packages/MAxPy/vlib/AxArith/multipliers/DRUM.v:112$743 ($mux).
Removed top 31 bits (of 32) from mux cell $paramod\DRUM_LOD_k\N=s32'00000000000000000000000000001000.$ternary$/home/juliana/venv_pytorch/lib/python3.12/site-packages/MAxPy/vlib/AxArith/multipliers/DRUM.v:112$746 ($mux).
Removed top 31 bits (of 32) from mux cell $paramod\DRUM_LOD_k\N=s32'00000000000000000000000000001000.$ternary$/home/juliana/venv_pytorch/lib/python3.12/site-packages/MAxPy/vlib/AxArith/multipliers/DRUM.v:112$749 ($mux).
Removed top 31 bits (of 32) from wire $paramod\DRUM_LOD_k\N=s32'00000000000000000000000000001000.$ternary$/home/juliana/venv_pytorch/lib/python3.12/site-packages/MAxPy/vlib/AxArith/multipliers/DRUM.v:109$732_Y.
Removed top 31 bits (of 32) from wire $paramod\DRUM_LOD_k\N=s32'00000000000000000000000000001000.$ternary$/home/juliana/venv_pytorch/lib/python3.12/site-packages/MAxPy/vlib/AxArith/multipliers/DRUM.v:112$734_Y.
Removed top 31 bits (of 32) from wire $paramod\DRUM_LOD_k\N=s32'00000000000000000000000000001000.$ternary$/home/juliana/venv_pytorch/lib/python3.12/site-packages/MAxPy/vlib/AxArith/multipliers/DRUM.v:112$737_Y.
Removed top 31 bits (of 32) from wire $paramod\DRUM_LOD_k\N=s32'00000000000000000000000000001000.$ternary$/home/juliana/venv_pytorch/lib/python3.12/site-packages/MAxPy/vlib/AxArith/multipliers/DRUM.v:112$740_Y.
Removed top 31 bits (of 32) from wire $paramod\DRUM_LOD_k\N=s32'00000000000000000000000000001000.$ternary$/home/juliana/venv_pytorch/lib/python3.12/site-packages/MAxPy/vlib/AxArith/multipliers/DRUM.v:112$743_Y.
Removed top 31 bits (of 32) from wire $paramod\DRUM_LOD_k\N=s32'00000000000000000000000000001000.$ternary$/home/juliana/venv_pytorch/lib/python3.12/site-packages/MAxPy/vlib/AxArith/multipliers/DRUM.v:112$746_Y.
Removed top 31 bits (of 32) from wire $paramod\DRUM_LOD_k\N=s32'00000000000000000000000000001000.$ternary$/home/juliana/venv_pytorch/lib/python3.12/site-packages/MAxPy/vlib/AxArith/multipliers/DRUM.v:112$749_Y.
Removed top 31 bits (of 32) from mux cell $paramod\DRUM_LOD_k\N=s32'00000000000000000000000000010000.$ternary$/home/juliana/venv_pytorch/lib/python3.12/site-packages/MAxPy/vlib/AxArith/multipliers/DRUM.v:109$603 ($mux).
Removed top 31 bits (of 32) from mux cell $paramod\DRUM_LOD_k\N=s32'00000000000000000000000000010000.$ternary$/home/juliana/venv_pytorch/lib/python3.12/site-packages/MAxPy/vlib/AxArith/multipliers/DRUM.v:112$605 ($mux).
Removed top 31 bits (of 32) from mux cell $paramod\DRUM_LOD_k\N=s32'00000000000000000000000000010000.$ternary$/home/juliana/venv_pytorch/lib/python3.12/site-packages/MAxPy/vlib/AxArith/multipliers/DRUM.v:112$608 ($mux).
Removed top 31 bits (of 32) from mux cell $paramod\DRUM_LOD_k\N=s32'00000000000000000000000000010000.$ternary$/home/juliana/venv_pytorch/lib/python3.12/site-packages/MAxPy/vlib/AxArith/multipliers/DRUM.v:112$611 ($mux).
Removed top 31 bits (of 32) from mux cell $paramod\DRUM_LOD_k\N=s32'00000000000000000000000000010000.$ternary$/home/juliana/venv_pytorch/lib/python3.12/site-packages/MAxPy/vlib/AxArith/multipliers/DRUM.v:112$614 ($mux).
Removed top 31 bits (of 32) from mux cell $paramod\DRUM_LOD_k\N=s32'00000000000000000000000000010000.$ternary$/home/juliana/venv_pytorch/lib/python3.12/site-packages/MAxPy/vlib/AxArith/multipliers/DRUM.v:112$617 ($mux).
Removed top 31 bits (of 32) from mux cell $paramod\DRUM_LOD_k\N=s32'00000000000000000000000000010000.$ternary$/home/juliana/venv_pytorch/lib/python3.12/site-packages/MAxPy/vlib/AxArith/multipliers/DRUM.v:112$620 ($mux).
Removed top 31 bits (of 32) from mux cell $paramod\DRUM_LOD_k\N=s32'00000000000000000000000000010000.$ternary$/home/juliana/venv_pytorch/lib/python3.12/site-packages/MAxPy/vlib/AxArith/multipliers/DRUM.v:112$623 ($mux).
Removed top 31 bits (of 32) from mux cell $paramod\DRUM_LOD_k\N=s32'00000000000000000000000000010000.$ternary$/home/juliana/venv_pytorch/lib/python3.12/site-packages/MAxPy/vlib/AxArith/multipliers/DRUM.v:112$626 ($mux).
Removed top 31 bits (of 32) from mux cell $paramod\DRUM_LOD_k\N=s32'00000000000000000000000000010000.$ternary$/home/juliana/venv_pytorch/lib/python3.12/site-packages/MAxPy/vlib/AxArith/multipliers/DRUM.v:112$629 ($mux).
Removed top 31 bits (of 32) from mux cell $paramod\DRUM_LOD_k\N=s32'00000000000000000000000000010000.$ternary$/home/juliana/venv_pytorch/lib/python3.12/site-packages/MAxPy/vlib/AxArith/multipliers/DRUM.v:112$632 ($mux).
Removed top 31 bits (of 32) from mux cell $paramod\DRUM_LOD_k\N=s32'00000000000000000000000000010000.$ternary$/home/juliana/venv_pytorch/lib/python3.12/site-packages/MAxPy/vlib/AxArith/multipliers/DRUM.v:112$635 ($mux).
Removed top 31 bits (of 32) from mux cell $paramod\DRUM_LOD_k\N=s32'00000000000000000000000000010000.$ternary$/home/juliana/venv_pytorch/lib/python3.12/site-packages/MAxPy/vlib/AxArith/multipliers/DRUM.v:112$638 ($mux).
Removed top 31 bits (of 32) from mux cell $paramod\DRUM_LOD_k\N=s32'00000000000000000000000000010000.$ternary$/home/juliana/venv_pytorch/lib/python3.12/site-packages/MAxPy/vlib/AxArith/multipliers/DRUM.v:112$641 ($mux).
Removed top 31 bits (of 32) from mux cell $paramod\DRUM_LOD_k\N=s32'00000000000000000000000000010000.$ternary$/home/juliana/venv_pytorch/lib/python3.12/site-packages/MAxPy/vlib/AxArith/multipliers/DRUM.v:112$644 ($mux).
Removed top 31 bits (of 32) from wire $paramod\DRUM_LOD_k\N=s32'00000000000000000000000000010000.$ternary$/home/juliana/venv_pytorch/lib/python3.12/site-packages/MAxPy/vlib/AxArith/multipliers/DRUM.v:109$603_Y.
Removed top 31 bits (of 32) from wire $paramod\DRUM_LOD_k\N=s32'00000000000000000000000000010000.$ternary$/home/juliana/venv_pytorch/lib/python3.12/site-packages/MAxPy/vlib/AxArith/multipliers/DRUM.v:112$605_Y.
Removed top 31 bits (of 32) from wire $paramod\DRUM_LOD_k\N=s32'00000000000000000000000000010000.$ternary$/home/juliana/venv_pytorch/lib/python3.12/site-packages/MAxPy/vlib/AxArith/multipliers/DRUM.v:112$608_Y.
Removed top 31 bits (of 32) from wire $paramod\DRUM_LOD_k\N=s32'00000000000000000000000000010000.$ternary$/home/juliana/venv_pytorch/lib/python3.12/site-packages/MAxPy/vlib/AxArith/multipliers/DRUM.v:112$611_Y.
Removed top 31 bits (of 32) from wire $paramod\DRUM_LOD_k\N=s32'00000000000000000000000000010000.$ternary$/home/juliana/venv_pytorch/lib/python3.12/site-packages/MAxPy/vlib/AxArith/multipliers/DRUM.v:112$614_Y.
Removed top 31 bits (of 32) from wire $paramod\DRUM_LOD_k\N=s32'00000000000000000000000000010000.$ternary$/home/juliana/venv_pytorch/lib/python3.12/site-packages/MAxPy/vlib/AxArith/multipliers/DRUM.v:112$617_Y.
Removed top 31 bits (of 32) from wire $paramod\DRUM_LOD_k\N=s32'00000000000000000000000000010000.$ternary$/home/juliana/venv_pytorch/lib/python3.12/site-packages/MAxPy/vlib/AxArith/multipliers/DRUM.v:112$620_Y.
Removed top 31 bits (of 32) from wire $paramod\DRUM_LOD_k\N=s32'00000000000000000000000000010000.$ternary$/home/juliana/venv_pytorch/lib/python3.12/site-packages/MAxPy/vlib/AxArith/multipliers/DRUM.v:112$623_Y.
Removed top 31 bits (of 32) from wire $paramod\DRUM_LOD_k\N=s32'00000000000000000000000000010000.$ternary$/home/juliana/venv_pytorch/lib/python3.12/site-packages/MAxPy/vlib/AxArith/multipliers/DRUM.v:112$626_Y.
Removed top 31 bits (of 32) from wire $paramod\DRUM_LOD_k\N=s32'00000000000000000000000000010000.$ternary$/home/juliana/venv_pytorch/lib/python3.12/site-packages/MAxPy/vlib/AxArith/multipliers/DRUM.v:112$629_Y.
Removed top 31 bits (of 32) from wire $paramod\DRUM_LOD_k\N=s32'00000000000000000000000000010000.$ternary$/home/juliana/venv_pytorch/lib/python3.12/site-packages/MAxPy/vlib/AxArith/multipliers/DRUM.v:112$632_Y.
Removed top 31 bits (of 32) from wire $paramod\DRUM_LOD_k\N=s32'00000000000000000000000000010000.$ternary$/home/juliana/venv_pytorch/lib/python3.12/site-packages/MAxPy/vlib/AxArith/multipliers/DRUM.v:112$635_Y.
Removed top 31 bits (of 32) from wire $paramod\DRUM_LOD_k\N=s32'00000000000000000000000000010000.$ternary$/home/juliana/venv_pytorch/lib/python3.12/site-packages/MAxPy/vlib/AxArith/multipliers/DRUM.v:112$638_Y.
Removed top 31 bits (of 32) from wire $paramod\DRUM_LOD_k\N=s32'00000000000000000000000000010000.$ternary$/home/juliana/venv_pytorch/lib/python3.12/site-packages/MAxPy/vlib/AxArith/multipliers/DRUM.v:112$641_Y.
Removed top 31 bits (of 32) from wire $paramod\DRUM_LOD_k\N=s32'00000000000000000000000000010000.$ternary$/home/juliana/venv_pytorch/lib/python3.12/site-packages/MAxPy/vlib/AxArith/multipliers/DRUM.v:112$644_Y.
Removed top 4 bits (of 8) from mux cell neuron_intra_Nbits.$ternary$neuron_drums_4/neuron_intra_Nbits_DRUMs_4/rtl/neuron_intra_Nbits.v:73$690 ($mux).

10.8. Executing OPT_CLEAN pass (remove unused cells and wires).
Finding unused cells or wires in module $paramod$a07b09e41c3d89959fdd140bdec9a7cc3f3fd22e\DRUM_Barrel_Shifter_k..
Finding unused cells or wires in module $paramod$a07b09e41c3d89959fdd140bdec9a7cc3f3fd22e\DRUM_Mux_16_3_k..
Finding unused cells or wires in module $paramod$a07b09e41c3d89959fdd140bdec9a7cc3f3fd22e\DRUMs..
Finding unused cells or wires in module $paramod$a07b09e41c3d89959fdd140bdec9a7cc3f3fd22e\DRUMu..
Finding unused cells or wires in module $paramod$fa799df0e717c308775c4f8dfa29494b0bf7198b\DRUM_Barrel_Shifter_k..
Finding unused cells or wires in module $paramod$fa799df0e717c308775c4f8dfa29494b0bf7198b\DRUM_Mux_16_3_k..
Finding unused cells or wires in module $paramod$fa799df0e717c308775c4f8dfa29494b0bf7198b\DRUMs..
Finding unused cells or wires in module $paramod$fa799df0e717c308775c4f8dfa29494b0bf7198b\DRUMu..
Finding unused cells or wires in module $paramod\DRUM_LOD_k\N=s32'00000000000000000000000000001000..
Finding unused cells or wires in module $paramod\DRUM_LOD_k\N=s32'00000000000000000000000000010000..
Finding unused cells or wires in module $paramod\DRUM_P_Encoder_k\N=s32'00000000000000000000000000001000..
Finding unused cells or wires in module $paramod\DRUM_P_Encoder_k\N=s32'00000000000000000000000000010000..
Finding unused cells or wires in module \neuron_intra_Nbits..
Removed 0 unused cells and 64 unused wires.
<suppressed ~7 debug messages>

10.9. Executing MEMORY_COLLECT pass (generating $mem cells).

10.10. Executing OPT pass (performing simple optimizations).

10.10.1. Executing OPT_EXPR pass (perform const folding).
Optimizing module $paramod$a07b09e41c3d89959fdd140bdec9a7cc3f3fd22e\DRUM_Barrel_Shifter_k.
Optimizing module $paramod$a07b09e41c3d89959fdd140bdec9a7cc3f3fd22e\DRUM_Mux_16_3_k.
Optimizing module $paramod$a07b09e41c3d89959fdd140bdec9a7cc3f3fd22e\DRUMs.
Optimizing module $paramod$a07b09e41c3d89959fdd140bdec9a7cc3f3fd22e\DRUMu.
Optimizing module $paramod$fa799df0e717c308775c4f8dfa29494b0bf7198b\DRUM_Barrel_Shifter_k.
Optimizing module $paramod$fa799df0e717c308775c4f8dfa29494b0bf7198b\DRUM_Mux_16_3_k.
Optimizing module $paramod$fa799df0e717c308775c4f8dfa29494b0bf7198b\DRUMs.
Optimizing module $paramod$fa799df0e717c308775c4f8dfa29494b0bf7198b\DRUMu.
Optimizing module $paramod\DRUM_LOD_k\N=s32'00000000000000000000000000001000.
Optimizing module $paramod\DRUM_LOD_k\N=s32'00000000000000000000000000010000.
Optimizing module $paramod\DRUM_P_Encoder_k\N=s32'00000000000000000000000000001000.
Optimizing module $paramod\DRUM_P_Encoder_k\N=s32'00000000000000000000000000010000.
Optimizing module neuron_intra_Nbits.

10.10.2. Executing OPT_MERGE pass (detect identical cells).
Finding identical cells in module `$paramod$a07b09e41c3d89959fdd140bdec9a7cc3f3fd22e\DRUM_Barrel_Shifter_k'.
Finding identical cells in module `$paramod$a07b09e41c3d89959fdd140bdec9a7cc3f3fd22e\DRUM_Mux_16_3_k'.
Finding identical cells in module `$paramod$a07b09e41c3d89959fdd140bdec9a7cc3f3fd22e\DRUMs'.
Finding identical cells in module `$paramod$a07b09e41c3d89959fdd140bdec9a7cc3f3fd22e\DRUMu'.
Finding identical cells in module `$paramod$fa799df0e717c308775c4f8dfa29494b0bf7198b\DRUM_Barrel_Shifter_k'.
Finding identical cells in module `$paramod$fa799df0e717c308775c4f8dfa29494b0bf7198b\DRUM_Mux_16_3_k'.
Finding identical cells in module `$paramod$fa799df0e717c308775c4f8dfa29494b0bf7198b\DRUMs'.
Finding identical cells in module `$paramod$fa799df0e717c308775c4f8dfa29494b0bf7198b\DRUMu'.
Finding identical cells in module `$paramod\DRUM_LOD_k\N=s32'00000000000000000000000000001000'.
Finding identical cells in module `$paramod\DRUM_LOD_k\N=s32'00000000000000000000000000010000'.
Finding identical cells in module `$paramod\DRUM_P_Encoder_k\N=s32'00000000000000000000000000001000'.
Finding identical cells in module `$paramod\DRUM_P_Encoder_k\N=s32'00000000000000000000000000010000'.
Finding identical cells in module `\neuron_intra_Nbits'.
Removed a total of 0 cells.

10.10.3. Executing OPT_CLEAN pass (remove unused cells and wires).
Finding unused cells or wires in module $paramod$a07b09e41c3d89959fdd140bdec9a7cc3f3fd22e\DRUM_Barrel_Shifter_k..
Finding unused cells or wires in module $paramod$a07b09e41c3d89959fdd140bdec9a7cc3f3fd22e\DRUM_Mux_16_3_k..
Finding unused cells or wires in module $paramod$a07b09e41c3d89959fdd140bdec9a7cc3f3fd22e\DRUMs..
Finding unused cells or wires in module $paramod$a07b09e41c3d89959fdd140bdec9a7cc3f3fd22e\DRUMu..
Finding unused cells or wires in module $paramod$fa799df0e717c308775c4f8dfa29494b0bf7198b\DRUM_Barrel_Shifter_k..
Finding unused cells or wires in module $paramod$fa799df0e717c308775c4f8dfa29494b0bf7198b\DRUM_Mux_16_3_k..
Finding unused cells or wires in module $paramod$fa799df0e717c308775c4f8dfa29494b0bf7198b\DRUMs..
Finding unused cells or wires in module $paramod$fa799df0e717c308775c4f8dfa29494b0bf7198b\DRUMu..
Finding unused cells or wires in module $paramod\DRUM_LOD_k\N=s32'00000000000000000000000000001000..
Finding unused cells or wires in module $paramod\DRUM_LOD_k\N=s32'00000000000000000000000000010000..
Finding unused cells or wires in module $paramod\DRUM_P_Encoder_k\N=s32'00000000000000000000000000001000..
Finding unused cells or wires in module $paramod\DRUM_P_Encoder_k\N=s32'00000000000000000000000000010000..
Finding unused cells or wires in module \neuron_intra_Nbits..

10.10.4. Finished fast OPT passes.

10.11. Printing statistics.

=== $paramod$a07b09e41c3d89959fdd140bdec9a7cc3f3fd22e\DRUM_Barrel_Shifter_k ===

   Number of wires:                  4
   Number of wire bits:             77
   Number of public wires:           4
   Number of public wire bits:      77
   Number of memories:               0
   Number of memory bits:            0
   Number of processes:              0
   Number of cells:                  1
     $shl                            1

=== $paramod$a07b09e41c3d89959fdd140bdec9a7cc3f3fd22e\DRUM_Mux_16_3_k ===

   Number of wires:                 27
   Number of wire bits:             88
   Number of public wires:           4
   Number of public wire bits:      54
   Number of memories:               0
   Number of memory bits:            0
   Number of processes:              0
   Number of cells:                 24
     $eq                            12
     $mux                           12

=== $paramod$a07b09e41c3d89959fdd140bdec9a7cc3f3fd22e\DRUMs ===

   Number of wires:                 13
   Number of wire bits:            305
   Number of public wires:           7
   Number of public wire bits:     129
   Number of memories:               0
   Number of memory bits:            0
   Number of processes:              0
   Number of cells:                 11
     $add                            3
     $mux                            3
     $not                            3
     $paramod$a07b09e41c3d89959fdd140bdec9a7cc3f3fd22e\DRUMu      1
     $xor                            1

=== $paramod$a07b09e41c3d89959fdd140bdec9a7cc3f3fd22e\DRUMu ===

   Number of wires:                 19
   Number of wire bits:            203
   Number of public wires:          15
   Number of public wire bits:     137
   Number of memories:               0
   Number of memory bits:            0
   Number of processes:              0
   Number of cells:                 17
     $add                            1
     $gt                             2
     $mul                            1
     $mux                            4
     $paramod$a07b09e41c3d89959fdd140bdec9a7cc3f3fd22e\DRUM_Barrel_Shifter_k      1
     $paramod$a07b09e41c3d89959fdd140bdec9a7cc3f3fd22e\DRUM_Mux_16_3_k      2
     $paramod\DRUM_LOD_k\N=s32'00000000000000000000000000010000      2
     $paramod\DRUM_P_Encoder_k\N=s32'00000000000000000000000000010000      2
     $sub                            2

=== $paramod$fa799df0e717c308775c4f8dfa29494b0bf7198b\DRUM_Barrel_Shifter_k ===

   Number of wires:                  4
   Number of wire bits:             44
   Number of public wires:           4
   Number of public wire bits:      44
   Number of memories:               0
   Number of memory bits:            0
   Number of processes:              0
   Number of cells:                  1
     $shl                            1

=== $paramod$fa799df0e717c308775c4f8dfa29494b0bf7198b\DRUM_Mux_16_3_k ===

   Number of wires:                 11
   Number of wire bits:             55
   Number of public wires:           4
   Number of public wire bits:      45
   Number of memories:               0
   Number of memory bits:            0
   Number of processes:              0
   Number of cells:                  8
     $eq                             4
     $mux                            4

=== $paramod$fa799df0e717c308775c4f8dfa29494b0bf7198b\DRUMs ===

   Number of wires:                 13
   Number of wire bits:            193
   Number of public wires:           7
   Number of public wire bits:      65
   Number of memories:               0
   Number of memory bits:            0
   Number of processes:              0
   Number of cells:                 11
     $add                            3
     $mux                            3
     $not                            3
     $paramod$fa799df0e717c308775c4f8dfa29494b0bf7198b\DRUMu      1
     $xor                            1

=== $paramod$fa799df0e717c308775c4f8dfa29494b0bf7198b\DRUMu ===

   Number of wires:                 19
   Number of wire bits:            150
   Number of public wires:          15
   Number of public wire bits:      84
   Number of memories:               0
   Number of memory bits:            0
   Number of processes:              0
   Number of cells:                 17
     $add                            1
     $gt                             2
     $mul                            1
     $mux                            4
     $paramod$fa799df0e717c308775c4f8dfa29494b0bf7198b\DRUM_Barrel_Shifter_k      1
     $paramod$fa799df0e717c308775c4f8dfa29494b0bf7198b\DRUM_Mux_16_3_k      2
     $paramod\DRUM_LOD_k\N=s32'00000000000000000000000000001000      2
     $paramod\DRUM_P_Encoder_k\N=s32'00000000000000000000000000001000      2
     $sub                            2

=== $paramod\DRUM_LOD_k\N=s32'00000000000000000000000000001000 ===

   Number of wires:                  4
   Number of wire bits:             56
   Number of public wires:           4
   Number of public wire bits:      56
   Number of memories:               0
   Number of memory bits:            0
   Number of processes:              0
   Number of cells:                 14
     $and                            7
     $mux                            7

=== $paramod\DRUM_LOD_k\N=s32'00000000000000000000000000010000 ===

   Number of wires:                  4
   Number of wire bits:             80
   Number of public wires:           4
   Number of public wire bits:      80
   Number of memories:               0
   Number of memory bits:            0
   Number of processes:              0
   Number of cells:                 30
     $and                           15
     $mux                           15

=== $paramod\DRUM_P_Encoder_k\N=s32'00000000000000000000000000001000 ===

   Number of wires:                 10
   Number of wire bits:             64
   Number of public wires:           3
   Number of public wire bits:      43
   Number of memories:               0
   Number of memory bits:            0
   Number of processes:              0
   Number of cells:                  8
     $mux                            8

=== $paramod\DRUM_P_Encoder_k\N=s32'00000000000000000000000000010000 ===

   Number of wires:                 18
   Number of wire bits:            112
   Number of public wires:           3
   Number of public wire bits:      52
   Number of memories:               0
   Number of memory bits:            0
   Number of processes:              0
   Number of cells:                 16
     $mux                           16

=== neuron_intra_Nbits ===

   Number of wires:                 40
   Number of wire bits:            416
   Number of public wires:          29
   Number of public wire bits:     275
   Number of memories:               0
   Number of memory bits:            0
   Number of processes:              0
   Number of cells:                 21
     $add                            7
     $adff                           2
     $gt                             1
     $mux                            3
     $paramod$fa799df0e717c308775c4f8dfa29494b0bf7198b\DRUMs      8

=== design hierarchy ===

   neuron_intra_Nbits                1
     $paramod$fa799df0e717c308775c4f8dfa29494b0bf7198b\DRUMs      8
       $paramod$fa799df0e717c308775c4f8dfa29494b0bf7198b\DRUMu      1
         $paramod$fa799df0e717c308775c4f8dfa29494b0bf7198b\DRUM_Barrel_Shifter_k      1
         $paramod$fa799df0e717c308775c4f8dfa29494b0bf7198b\DRUM_Mux_16_3_k      2
         $paramod\DRUM_LOD_k\N=s32'00000000000000000000000000001000      2
         $paramod\DRUM_P_Encoder_k\N=s32'00000000000000000000000000001000      2

   Number of wires:                728
   Number of wire bits:           6312
   Number of public wires:         413
   Number of public wire bits:    4123
   Number of memories:               0
   Number of memory bits:            0
   Number of processes:              0
   Number of cells:                661
     $add                           39
     $adff                           2
     $and                          112
     $eq                            64
     $gt                            17
     $mul                            8
     $mux                          363
     $not                           24
     $shl                            8
     $sub                           16
     $xor                            8

10.12. Executing CHECK pass (checking for obvious problems).
Checking module $paramod$a07b09e41c3d89959fdd140bdec9a7cc3f3fd22e\DRUM_Barrel_Shifter_k...
Checking module $paramod$a07b09e41c3d89959fdd140bdec9a7cc3f3fd22e\DRUM_Mux_16_3_k...
Checking module $paramod$a07b09e41c3d89959fdd140bdec9a7cc3f3fd22e\DRUMs...
Checking module $paramod$a07b09e41c3d89959fdd140bdec9a7cc3f3fd22e\DRUMu...
Checking module $paramod$fa799df0e717c308775c4f8dfa29494b0bf7198b\DRUM_Barrel_Shifter_k...
Checking module $paramod$fa799df0e717c308775c4f8dfa29494b0bf7198b\DRUM_Mux_16_3_k...
Checking module $paramod$fa799df0e717c308775c4f8dfa29494b0bf7198b\DRUMs...
Checking module $paramod$fa799df0e717c308775c4f8dfa29494b0bf7198b\DRUMu...
Checking module $paramod\DRUM_LOD_k\N=s32'00000000000000000000000000001000...
Checking module $paramod\DRUM_LOD_k\N=s32'00000000000000000000000000010000...
Checking module $paramod\DRUM_P_Encoder_k\N=s32'00000000000000000000000000001000...
Checking module $paramod\DRUM_P_Encoder_k\N=s32'00000000000000000000000000010000...
Checking module neuron_intra_Nbits...
Found and reported 0 problems.

11. Executing FLATTEN pass (flatten design).
Deleting now unused module $paramod$a07b09e41c3d89959fdd140bdec9a7cc3f3fd22e\DRUM_Barrel_Shifter_k.
Deleting now unused module $paramod$a07b09e41c3d89959fdd140bdec9a7cc3f3fd22e\DRUM_Mux_16_3_k.
Deleting now unused module $paramod$a07b09e41c3d89959fdd140bdec9a7cc3f3fd22e\DRUMs.
Deleting now unused module $paramod$a07b09e41c3d89959fdd140bdec9a7cc3f3fd22e\DRUMu.
Deleting now unused module $paramod$fa799df0e717c308775c4f8dfa29494b0bf7198b\DRUM_Barrel_Shifter_k.
Deleting now unused module $paramod$fa799df0e717c308775c4f8dfa29494b0bf7198b\DRUM_Mux_16_3_k.
Deleting now unused module $paramod$fa799df0e717c308775c4f8dfa29494b0bf7198b\DRUMs.
Deleting now unused module $paramod$fa799df0e717c308775c4f8dfa29494b0bf7198b\DRUMu.
Deleting now unused module $paramod\DRUM_LOD_k\N=s32'00000000000000000000000000001000.
Deleting now unused module $paramod\DRUM_LOD_k\N=s32'00000000000000000000000000010000.
Deleting now unused module $paramod\DRUM_P_Encoder_k\N=s32'00000000000000000000000000001000.
Deleting now unused module $paramod\DRUM_P_Encoder_k\N=s32'00000000000000000000000000010000.
<suppressed ~16 debug messages>

12. Executing SYNTH pass.

12.1. Executing HIERARCHY pass (managing design hierarchy).

12.1.1. Analyzing design hierarchy..
Top module:  \neuron_intra_Nbits

12.1.2. Analyzing design hierarchy..
Top module:  \neuron_intra_Nbits
Removed 0 unused modules.

12.2. Executing PROC pass (convert processes to netlists).

12.2.1. Executing PROC_CLEAN pass (remove empty switches from decision trees).
Cleaned up 0 empty switches.

12.2.2. Executing PROC_RMDEAD pass (remove dead branches from decision trees).
Removed a total of 0 dead cases.

12.2.3. Executing PROC_PRUNE pass (remove redundant assignments in processes).
Removed 0 redundant assignments.
Promoted 0 assignments to connections.

12.2.4. Executing PROC_INIT pass (extract init attributes).

12.2.5. Executing PROC_ARST pass (detect async resets in processes).

12.2.6. Executing PROC_ROM pass (convert switches to ROMs).
Converted 0 switches.

12.2.7. Executing PROC_MUX pass (convert decision trees to multiplexers).

12.2.8. Executing PROC_DLATCH pass (convert process syncs to latches).

12.2.9. Executing PROC_DFF pass (convert process syncs to FFs).

12.2.10. Executing PROC_MEMWR pass (convert process memory writes to cells).

12.2.11. Executing PROC_CLEAN pass (remove empty switches from decision trees).
Cleaned up 0 empty switches.

12.2.12. Executing OPT_EXPR pass (perform const folding).
Optimizing module neuron_intra_Nbits.

12.3. Executing OPT_EXPR pass (perform const folding).
Optimizing module neuron_intra_Nbits.

12.4. Executing OPT_CLEAN pass (remove unused cells and wires).
Finding unused cells or wires in module \neuron_intra_Nbits..
Removed 0 unused cells and 8 unused wires.
<suppressed ~1 debug messages>

12.5. Executing CHECK pass (checking for obvious problems).
Checking module neuron_intra_Nbits...
Found and reported 0 problems.

12.6. Executing OPT pass (performing simple optimizations).

12.6.1. Executing OPT_EXPR pass (perform const folding).
Optimizing module neuron_intra_Nbits.

12.6.2. Executing OPT_MERGE pass (detect identical cells).
Finding identical cells in module `\neuron_intra_Nbits'.
Removed a total of 0 cells.

12.6.3. Executing OPT_MUXTREE pass (detect dead branches in mux trees).
Running muxtree optimizer on module \neuron_intra_Nbits..
  Creating internal representation of mux trees.
  Evaluating internal representation of mux trees.
      Replacing known input bits on port A of cell $flatten\mults[0].mult_i.$ternary$/home/juliana/venv_pytorch/lib/python3.12/site-packages/MAxPy/vlib/AxArith/multipliers/DRUM.v:49$667: { 1'0 \W [3] \W [3] \W [3] \W [3:0] } -> { 5'00000 \W [2:0] }
      Replacing known input bits on port A of cell $flatten\mults[0].mult_i.$ternary$/home/juliana/venv_pytorch/lib/python3.12/site-packages/MAxPy/vlib/AxArith/multipliers/DRUM.v:50$672: { 1'0 \X_N [3] \X_N [3] \X_N [3] \X_N [3:0] } -> { 5'00000 \X_N [2:0] }
      Replacing known input bits on port A of cell $flatten\mults[1].mult_i.$ternary$/home/juliana/venv_pytorch/lib/python3.12/site-packages/MAxPy/vlib/AxArith/multipliers/DRUM.v:49$667: { 1'0 \W [7] \W [7] \W [7] \W [7:4] } -> { 5'00000 \W [6:4] }
      Replacing known input bits on port A of cell $flatten\mults[1].mult_i.$ternary$/home/juliana/venv_pytorch/lib/python3.12/site-packages/MAxPy/vlib/AxArith/multipliers/DRUM.v:50$672: { 1'0 \X_N [7] \X_N [7] \X_N [7] \X_N [7:4] } -> { 5'00000 \X_N [6:4] }
      Replacing known input bits on port A of cell $flatten\mults[2].mult_i.$ternary$/home/juliana/venv_pytorch/lib/python3.12/site-packages/MAxPy/vlib/AxArith/multipliers/DRUM.v:49$667: { 1'0 \W [11] \W [11] \W [11] \W [11:8] } -> { 5'00000 \W [10:8] }
      Replacing known input bits on port A of cell $flatten\mults[2].mult_i.$ternary$/home/juliana/venv_pytorch/lib/python3.12/site-packages/MAxPy/vlib/AxArith/multipliers/DRUM.v:50$672: { 1'0 \X_N [11] \X_N [11] \X_N [11] \X_N [11:8] } -> { 5'00000 \X_N [10:8] }
      Replacing known input bits on port A of cell $flatten\mults[3].mult_i.$ternary$/home/juliana/venv_pytorch/lib/python3.12/site-packages/MAxPy/vlib/AxArith/multipliers/DRUM.v:49$667: { 1'0 \W [15] \W [15] \W [15] \W [15:12] } -> { 5'00000 \W [14:12] }
      Replacing known input bits on port A of cell $flatten\mults[3].mult_i.$ternary$/home/juliana/venv_pytorch/lib/python3.12/site-packages/MAxPy/vlib/AxArith/multipliers/DRUM.v:50$672: { 1'0 \X_N [15] \X_N [15] \X_N [15] \X_N [15:12] } -> { 5'00000 \X_N [14:12] }
      Replacing known input bits on port A of cell $flatten\mults[4].mult_i.$ternary$/home/juliana/venv_pytorch/lib/python3.12/site-packages/MAxPy/vlib/AxArith/multipliers/DRUM.v:49$667: { 1'0 \W [19] \W [19] \W [19] \W [19:16] } -> { 5'00000 \W [18:16] }
      Replacing known input bits on port A of cell $flatten\mults[4].mult_i.$ternary$/home/juliana/venv_pytorch/lib/python3.12/site-packages/MAxPy/vlib/AxArith/multipliers/DRUM.v:50$672: { 1'0 \X_N [19] \X_N [19] \X_N [19] \X_N [19:16] } -> { 5'00000 \X_N [18:16] }
      Replacing known input bits on port A of cell $flatten\mults[5].mult_i.$ternary$/home/juliana/venv_pytorch/lib/python3.12/site-packages/MAxPy/vlib/AxArith/multipliers/DRUM.v:49$667: { 1'0 \W [23] \W [23] \W [23] \W [23:20] } -> { 5'00000 \W [22:20] }
      Replacing known input bits on port A of cell $flatten\mults[5].mult_i.$ternary$/home/juliana/venv_pytorch/lib/python3.12/site-packages/MAxPy/vlib/AxArith/multipliers/DRUM.v:50$672: { 1'0 \X_N [23] \X_N [23] \X_N [23] \X_N [23:20] } -> { 5'00000 \X_N [22:20] }
      Replacing known input bits on port A of cell $flatten\mults[6].mult_i.$ternary$/home/juliana/venv_pytorch/lib/python3.12/site-packages/MAxPy/vlib/AxArith/multipliers/DRUM.v:49$667: { 1'0 \W [27] \W [27] \W [27] \W [27:24] } -> { 5'00000 \W [26:24] }
      Replacing known input bits on port A of cell $flatten\mults[6].mult_i.$ternary$/home/juliana/venv_pytorch/lib/python3.12/site-packages/MAxPy/vlib/AxArith/multipliers/DRUM.v:50$672: { 1'0 \X_N [27] \X_N [27] \X_N [27] \X_N [27:24] } -> { 5'00000 \X_N [26:24] }
      Replacing known input bits on port A of cell $flatten\mults[7].mult_i.$ternary$/home/juliana/venv_pytorch/lib/python3.12/site-packages/MAxPy/vlib/AxArith/multipliers/DRUM.v:49$667: { 1'0 \W [31] \W [31] \W [31] \W [31:28] } -> { 5'00000 \W [30:28] }
      Replacing known input bits on port A of cell $flatten\mults[7].mult_i.$ternary$/home/juliana/venv_pytorch/lib/python3.12/site-packages/MAxPy/vlib/AxArith/multipliers/DRUM.v:50$672: { 1'0 \X_N [31] \X_N [31] \X_N [31] \X_N [31:28] } -> { 5'00000 \X_N [30:28] }
  Analyzing evaluation results.
Removed 0 multiplexer ports.
<suppressed ~186 debug messages>

12.6.4. Executing OPT_REDUCE pass (consolidate $*mux and $reduce_* inputs).
  Optimizing cells in module \neuron_intra_Nbits.
Performed a total of 0 changes.

12.6.5. Executing OPT_MERGE pass (detect identical cells).
Finding identical cells in module `\neuron_intra_Nbits'.
Removed a total of 0 cells.

12.6.6. Executing OPT_DFF pass (perform DFF optimizations).

12.6.7. Executing OPT_CLEAN pass (remove unused cells and wires).
Finding unused cells or wires in module \neuron_intra_Nbits..

12.6.8. Executing OPT_EXPR pass (perform const folding).
Optimizing module neuron_intra_Nbits.

12.6.9. Finished OPT passes. (There is nothing left to do.)

12.7. Executing FSM pass (extract and optimize FSM).

12.7.1. Executing FSM_DETECT pass (finding FSMs in design).

12.7.2. Executing FSM_EXTRACT pass (extracting FSM from design).

12.7.3. Executing FSM_OPT pass (simple optimizations of FSMs).

12.7.4. Executing OPT_CLEAN pass (remove unused cells and wires).
Finding unused cells or wires in module \neuron_intra_Nbits..

12.7.5. Executing FSM_OPT pass (simple optimizations of FSMs).

12.7.6. Executing FSM_RECODE pass (re-assigning FSM state encoding).

12.7.7. Executing FSM_INFO pass (dumping all available information on FSM cells).

12.7.8. Executing FSM_MAP pass (mapping FSMs to basic logic).

12.8. Executing OPT pass (performing simple optimizations).

12.8.1. Executing OPT_EXPR pass (perform const folding).
Optimizing module neuron_intra_Nbits.

12.8.2. Executing OPT_MERGE pass (detect identical cells).
Finding identical cells in module `\neuron_intra_Nbits'.
Removed a total of 0 cells.

12.8.3. Executing OPT_MUXTREE pass (detect dead branches in mux trees).
Running muxtree optimizer on module \neuron_intra_Nbits..
  Creating internal representation of mux trees.
  Evaluating internal representation of mux trees.
  Analyzing evaluation results.
Removed 0 multiplexer ports.
<suppressed ~186 debug messages>

12.8.4. Executing OPT_REDUCE pass (consolidate $*mux and $reduce_* inputs).
  Optimizing cells in module \neuron_intra_Nbits.
Performed a total of 0 changes.

12.8.5. Executing OPT_MERGE pass (detect identical cells).
Finding identical cells in module `\neuron_intra_Nbits'.
Removed a total of 0 cells.

12.8.6. Executing OPT_DFF pass (perform DFF optimizations).
Adding EN signal on $procdff$887 ($adff) from module neuron_intra_Nbits (D = \ADDER_TREE[2].sum_stage, Q = \acc).
Adding EN signal on $procdff$886 ($adff) from module neuron_intra_Nbits (D = \act_out, Q = \Out).

12.8.7. Executing OPT_CLEAN pass (remove unused cells and wires).
Finding unused cells or wires in module \neuron_intra_Nbits..
Removed 2 unused cells and 2 unused wires.
<suppressed ~3 debug messages>

12.8.8. Executing OPT_EXPR pass (perform const folding).
Optimizing module neuron_intra_Nbits.

12.8.9. Rerunning OPT passes. (Maybe there is more to do..)

12.8.10. Executing OPT_MUXTREE pass (detect dead branches in mux trees).
Running muxtree optimizer on module \neuron_intra_Nbits..
  Creating internal representation of mux trees.
  Evaluating internal representation of mux trees.
  Analyzing evaluation results.
Removed 0 multiplexer ports.
<suppressed ~185 debug messages>

12.8.11. Executing OPT_REDUCE pass (consolidate $*mux and $reduce_* inputs).
  Optimizing cells in module \neuron_intra_Nbits.
Performed a total of 0 changes.

12.8.12. Executing OPT_MERGE pass (detect identical cells).
Finding identical cells in module `\neuron_intra_Nbits'.
Removed a total of 0 cells.

12.8.13. Executing OPT_DFF pass (perform DFF optimizations).

12.8.14. Executing OPT_CLEAN pass (remove unused cells and wires).
Finding unused cells or wires in module \neuron_intra_Nbits..

12.8.15. Executing OPT_EXPR pass (perform const folding).
Optimizing module neuron_intra_Nbits.

12.8.16. Finished OPT passes. (There is nothing left to do.)

12.9. Executing WREDUCE pass (reducing word size of cells).
Removed top 8 bits (of 16) from mux cell neuron_intra_Nbits.$flatten\mults[7].mult_i.$ternary$/home/juliana/venv_pytorch/lib/python3.12/site-packages/MAxPy/vlib/AxArith/multipliers/DRUM.v:52$678 ($mux).
Removed top 8 bits (of 16) from mux cell neuron_intra_Nbits.$flatten\mults[6].mult_i.$ternary$/home/juliana/venv_pytorch/lib/python3.12/site-packages/MAxPy/vlib/AxArith/multipliers/DRUM.v:52$678 ($mux).
Removed top 8 bits (of 16) from mux cell neuron_intra_Nbits.$flatten\mults[5].mult_i.$ternary$/home/juliana/venv_pytorch/lib/python3.12/site-packages/MAxPy/vlib/AxArith/multipliers/DRUM.v:52$678 ($mux).
Removed top 8 bits (of 16) from port Y of cell neuron_intra_Nbits.$flatten\mults[5].mult_i.$add$/home/juliana/venv_pytorch/lib/python3.12/site-packages/MAxPy/vlib/AxArith/multipliers/DRUM.v:52$676 ($add).
Removed top 8 bits (of 16) from port A of cell neuron_intra_Nbits.$flatten\mults[5].mult_i.$add$/home/juliana/venv_pytorch/lib/python3.12/site-packages/MAxPy/vlib/AxArith/multipliers/DRUM.v:52$676 ($add).
Removed top 8 bits (of 16) from mux cell neuron_intra_Nbits.$flatten\mults[4].mult_i.$ternary$/home/juliana/venv_pytorch/lib/python3.12/site-packages/MAxPy/vlib/AxArith/multipliers/DRUM.v:52$678 ($mux).
Removed top 8 bits (of 16) from port Y of cell neuron_intra_Nbits.$flatten\mults[4].mult_i.$add$/home/juliana/venv_pytorch/lib/python3.12/site-packages/MAxPy/vlib/AxArith/multipliers/DRUM.v:52$676 ($add).
Removed top 8 bits (of 16) from port A of cell neuron_intra_Nbits.$flatten\mults[4].mult_i.$add$/home/juliana/venv_pytorch/lib/python3.12/site-packages/MAxPy/vlib/AxArith/multipliers/DRUM.v:52$676 ($add).
Removed top 8 bits (of 16) from mux cell neuron_intra_Nbits.$flatten\mults[3].mult_i.$ternary$/home/juliana/venv_pytorch/lib/python3.12/site-packages/MAxPy/vlib/AxArith/multipliers/DRUM.v:52$678 ($mux).
Removed top 8 bits (of 16) from port Y of cell neuron_intra_Nbits.$flatten\mults[3].mult_i.$add$/home/juliana/venv_pytorch/lib/python3.12/site-packages/MAxPy/vlib/AxArith/multipliers/DRUM.v:52$676 ($add).
Removed top 8 bits (of 16) from port A of cell neuron_intra_Nbits.$flatten\mults[3].mult_i.$add$/home/juliana/venv_pytorch/lib/python3.12/site-packages/MAxPy/vlib/AxArith/multipliers/DRUM.v:52$676 ($add).
Removed top 8 bits (of 16) from mux cell neuron_intra_Nbits.$flatten\mults[2].mult_i.$ternary$/home/juliana/venv_pytorch/lib/python3.12/site-packages/MAxPy/vlib/AxArith/multipliers/DRUM.v:52$678 ($mux).
Removed top 8 bits (of 16) from port Y of cell neuron_intra_Nbits.$flatten\mults[2].mult_i.$add$/home/juliana/venv_pytorch/lib/python3.12/site-packages/MAxPy/vlib/AxArith/multipliers/DRUM.v:52$676 ($add).
Removed top 8 bits (of 16) from port A of cell neuron_intra_Nbits.$flatten\mults[2].mult_i.$add$/home/juliana/venv_pytorch/lib/python3.12/site-packages/MAxPy/vlib/AxArith/multipliers/DRUM.v:52$676 ($add).
Removed top 8 bits (of 16) from mux cell neuron_intra_Nbits.$flatten\mults[1].mult_i.$ternary$/home/juliana/venv_pytorch/lib/python3.12/site-packages/MAxPy/vlib/AxArith/multipliers/DRUM.v:52$678 ($mux).
Removed top 8 bits (of 16) from port Y of cell neuron_intra_Nbits.$flatten\mults[1].mult_i.$add$/home/juliana/venv_pytorch/lib/python3.12/site-packages/MAxPy/vlib/AxArith/multipliers/DRUM.v:52$676 ($add).
Removed top 8 bits (of 16) from port A of cell neuron_intra_Nbits.$flatten\mults[1].mult_i.$add$/home/juliana/venv_pytorch/lib/python3.12/site-packages/MAxPy/vlib/AxArith/multipliers/DRUM.v:52$676 ($add).
Removed top 8 bits (of 16) from mux cell neuron_intra_Nbits.$flatten\mults[0].mult_i.$ternary$/home/juliana/venv_pytorch/lib/python3.12/site-packages/MAxPy/vlib/AxArith/multipliers/DRUM.v:52$678 ($mux).
Removed top 8 bits (of 16) from port Y of cell neuron_intra_Nbits.$flatten\mults[7].mult_i.$add$/home/juliana/venv_pytorch/lib/python3.12/site-packages/MAxPy/vlib/AxArith/multipliers/DRUM.v:52$676 ($add).
Removed top 8 bits (of 16) from port A of cell neuron_intra_Nbits.$flatten\mults[7].mult_i.$add$/home/juliana/venv_pytorch/lib/python3.12/site-packages/MAxPy/vlib/AxArith/multipliers/DRUM.v:52$676 ($add).
Removed top 8 bits (of 16) from port Y of cell neuron_intra_Nbits.$flatten\mults[7].mult_i.$not$/home/juliana/venv_pytorch/lib/python3.12/site-packages/MAxPy/vlib/AxArith/multipliers/DRUM.v:52$675 ($not).
Removed top 8 bits (of 16) from port A of cell neuron_intra_Nbits.$flatten\mults[7].mult_i.$not$/home/juliana/venv_pytorch/lib/python3.12/site-packages/MAxPy/vlib/AxArith/multipliers/DRUM.v:52$675 ($not).
Removed top 8 bits (of 16) from port Y of cell neuron_intra_Nbits.$flatten\mults[7].mult_i.\U1.\u7.$shl$/home/juliana/venv_pytorch/lib/python3.12/site-packages/MAxPy/vlib/AxArith/multipliers/DRUM.v:147$724 ($shl).
Removed top 8 bits (of 16) from port Y of cell neuron_intra_Nbits.$flatten\mults[6].mult_i.$add$/home/juliana/venv_pytorch/lib/python3.12/site-packages/MAxPy/vlib/AxArith/multipliers/DRUM.v:52$676 ($add).
Removed top 8 bits (of 16) from port A of cell neuron_intra_Nbits.$flatten\mults[6].mult_i.$add$/home/juliana/venv_pytorch/lib/python3.12/site-packages/MAxPy/vlib/AxArith/multipliers/DRUM.v:52$676 ($add).
Removed top 8 bits (of 16) from port Y of cell neuron_intra_Nbits.$flatten\mults[6].mult_i.$not$/home/juliana/venv_pytorch/lib/python3.12/site-packages/MAxPy/vlib/AxArith/multipliers/DRUM.v:52$675 ($not).
Removed top 8 bits (of 16) from port A of cell neuron_intra_Nbits.$flatten\mults[6].mult_i.$not$/home/juliana/venv_pytorch/lib/python3.12/site-packages/MAxPy/vlib/AxArith/multipliers/DRUM.v:52$675 ($not).
Removed top 8 bits (of 16) from port Y of cell neuron_intra_Nbits.$flatten\mults[5].mult_i.$not$/home/juliana/venv_pytorch/lib/python3.12/site-packages/MAxPy/vlib/AxArith/multipliers/DRUM.v:52$675 ($not).
Removed top 8 bits (of 16) from port A of cell neuron_intra_Nbits.$flatten\mults[5].mult_i.$not$/home/juliana/venv_pytorch/lib/python3.12/site-packages/MAxPy/vlib/AxArith/multipliers/DRUM.v:52$675 ($not).
Removed top 8 bits (of 16) from port Y of cell neuron_intra_Nbits.$flatten\mults[4].mult_i.$not$/home/juliana/venv_pytorch/lib/python3.12/site-packages/MAxPy/vlib/AxArith/multipliers/DRUM.v:52$675 ($not).
Removed top 8 bits (of 16) from port A of cell neuron_intra_Nbits.$flatten\mults[4].mult_i.$not$/home/juliana/venv_pytorch/lib/python3.12/site-packages/MAxPy/vlib/AxArith/multipliers/DRUM.v:52$675 ($not).
Removed top 8 bits (of 16) from port Y of cell neuron_intra_Nbits.$flatten\mults[4].mult_i.\U1.\u7.$shl$/home/juliana/venv_pytorch/lib/python3.12/site-packages/MAxPy/vlib/AxArith/multipliers/DRUM.v:147$724 ($shl).
Removed top 8 bits (of 16) from port Y of cell neuron_intra_Nbits.$flatten\mults[3].mult_i.$not$/home/juliana/venv_pytorch/lib/python3.12/site-packages/MAxPy/vlib/AxArith/multipliers/DRUM.v:52$675 ($not).
Removed top 8 bits (of 16) from port A of cell neuron_intra_Nbits.$flatten\mults[3].mult_i.$not$/home/juliana/venv_pytorch/lib/python3.12/site-packages/MAxPy/vlib/AxArith/multipliers/DRUM.v:52$675 ($not).
Removed top 8 bits (of 16) from port Y of cell neuron_intra_Nbits.$flatten\mults[3].mult_i.\U1.\u7.$shl$/home/juliana/venv_pytorch/lib/python3.12/site-packages/MAxPy/vlib/AxArith/multipliers/DRUM.v:147$724 ($shl).
Removed top 8 bits (of 16) from port Y of cell neuron_intra_Nbits.$flatten\mults[2].mult_i.$not$/home/juliana/venv_pytorch/lib/python3.12/site-packages/MAxPy/vlib/AxArith/multipliers/DRUM.v:52$675 ($not).
Removed top 8 bits (of 16) from port A of cell neuron_intra_Nbits.$flatten\mults[2].mult_i.$not$/home/juliana/venv_pytorch/lib/python3.12/site-packages/MAxPy/vlib/AxArith/multipliers/DRUM.v:52$675 ($not).
Removed top 8 bits (of 16) from port Y of cell neuron_intra_Nbits.$flatten\mults[1].mult_i.$not$/home/juliana/venv_pytorch/lib/python3.12/site-packages/MAxPy/vlib/AxArith/multipliers/DRUM.v:52$675 ($not).
Removed top 8 bits (of 16) from port A of cell neuron_intra_Nbits.$flatten\mults[1].mult_i.$not$/home/juliana/venv_pytorch/lib/python3.12/site-packages/MAxPy/vlib/AxArith/multipliers/DRUM.v:52$675 ($not).
Removed top 8 bits (of 16) from port Y of cell neuron_intra_Nbits.$flatten\mults[0].mult_i.$add$/home/juliana/venv_pytorch/lib/python3.12/site-packages/MAxPy/vlib/AxArith/multipliers/DRUM.v:52$676 ($add).
Removed top 8 bits (of 16) from port A of cell neuron_intra_Nbits.$flatten\mults[0].mult_i.$add$/home/juliana/venv_pytorch/lib/python3.12/site-packages/MAxPy/vlib/AxArith/multipliers/DRUM.v:52$676 ($add).
Removed top 8 bits (of 16) from port Y of cell neuron_intra_Nbits.$flatten\mults[0].mult_i.$not$/home/juliana/venv_pytorch/lib/python3.12/site-packages/MAxPy/vlib/AxArith/multipliers/DRUM.v:52$675 ($not).
Removed top 8 bits (of 16) from port A of cell neuron_intra_Nbits.$flatten\mults[0].mult_i.$not$/home/juliana/venv_pytorch/lib/python3.12/site-packages/MAxPy/vlib/AxArith/multipliers/DRUM.v:52$675 ($not).
Removed top 8 bits (of 16) from port Y of cell neuron_intra_Nbits.$flatten\mults[0].mult_i.\U1.\u7.$shl$/home/juliana/venv_pytorch/lib/python3.12/site-packages/MAxPy/vlib/AxArith/multipliers/DRUM.v:147$724 ($shl).
Removed top 8 bits (of 16) from port Y of cell neuron_intra_Nbits.$flatten\mults[6].mult_i.\U1.\u7.$shl$/home/juliana/venv_pytorch/lib/python3.12/site-packages/MAxPy/vlib/AxArith/multipliers/DRUM.v:147$724 ($shl).
Removed top 8 bits (of 16) from port Y of cell neuron_intra_Nbits.$flatten\mults[5].mult_i.\U1.\u7.$shl$/home/juliana/venv_pytorch/lib/python3.12/site-packages/MAxPy/vlib/AxArith/multipliers/DRUM.v:147$724 ($shl).
Removed top 8 bits (of 16) from port Y of cell neuron_intra_Nbits.$flatten\mults[2].mult_i.\U1.\u7.$shl$/home/juliana/venv_pytorch/lib/python3.12/site-packages/MAxPy/vlib/AxArith/multipliers/DRUM.v:147$724 ($shl).
Removed top 8 bits (of 16) from port Y of cell neuron_intra_Nbits.$flatten\mults[1].mult_i.\U1.\u7.$shl$/home/juliana/venv_pytorch/lib/python3.12/site-packages/MAxPy/vlib/AxArith/multipliers/DRUM.v:147$724 ($shl).
Removed top 8 bits (of 16) from wire neuron_intra_Nbits.$flatten\mults[0].mult_i.$add$/home/juliana/venv_pytorch/lib/python3.12/site-packages/MAxPy/vlib/AxArith/multipliers/DRUM.v:52$676_Y.
Removed top 24 bits (of 32) from wire neuron_intra_Nbits.$flatten\mults[0].mult_i.$auto$wreduce.cc:461:run$895.
Removed top 24 bits (of 32) from wire neuron_intra_Nbits.$flatten\mults[0].mult_i.$not$/home/juliana/venv_pytorch/lib/python3.12/site-packages/MAxPy/vlib/AxArith/multipliers/DRUM.v:50$669_Y.
Removed top 24 bits (of 32) from wire neuron_intra_Nbits.$flatten\mults[0].mult_i.$not$/home/juliana/venv_pytorch/lib/python3.12/site-packages/MAxPy/vlib/AxArith/multipliers/DRUM.v:52$675_Y.
Removed top 29 bits (of 32) from wire neuron_intra_Nbits.$flatten\mults[0].mult_i.\U1.$auto$wreduce.cc:461:run$896.
Removed top 29 bits (of 32) from wire neuron_intra_Nbits.$flatten\mults[0].mult_i.\U1.$auto$wreduce.cc:461:run$897.
Removed top 8 bits (of 16) from wire neuron_intra_Nbits.$flatten\mults[1].mult_i.$add$/home/juliana/venv_pytorch/lib/python3.12/site-packages/MAxPy/vlib/AxArith/multipliers/DRUM.v:52$676_Y.
Removed top 24 bits (of 32) from wire neuron_intra_Nbits.$flatten\mults[1].mult_i.$auto$wreduce.cc:461:run$895.
Removed top 24 bits (of 32) from wire neuron_intra_Nbits.$flatten\mults[1].mult_i.$not$/home/juliana/venv_pytorch/lib/python3.12/site-packages/MAxPy/vlib/AxArith/multipliers/DRUM.v:50$669_Y.
Removed top 24 bits (of 32) from wire neuron_intra_Nbits.$flatten\mults[1].mult_i.$not$/home/juliana/venv_pytorch/lib/python3.12/site-packages/MAxPy/vlib/AxArith/multipliers/DRUM.v:52$675_Y.
Removed top 29 bits (of 32) from wire neuron_intra_Nbits.$flatten\mults[1].mult_i.\U1.$auto$wreduce.cc:461:run$896.
Removed top 29 bits (of 32) from wire neuron_intra_Nbits.$flatten\mults[1].mult_i.\U1.$auto$wreduce.cc:461:run$897.
Removed top 8 bits (of 16) from wire neuron_intra_Nbits.$flatten\mults[2].mult_i.$add$/home/juliana/venv_pytorch/lib/python3.12/site-packages/MAxPy/vlib/AxArith/multipliers/DRUM.v:52$676_Y.
Removed top 24 bits (of 32) from wire neuron_intra_Nbits.$flatten\mults[2].mult_i.$auto$wreduce.cc:461:run$895.
Removed top 24 bits (of 32) from wire neuron_intra_Nbits.$flatten\mults[2].mult_i.$not$/home/juliana/venv_pytorch/lib/python3.12/site-packages/MAxPy/vlib/AxArith/multipliers/DRUM.v:50$669_Y.
Removed top 24 bits (of 32) from wire neuron_intra_Nbits.$flatten\mults[2].mult_i.$not$/home/juliana/venv_pytorch/lib/python3.12/site-packages/MAxPy/vlib/AxArith/multipliers/DRUM.v:52$675_Y.
Removed top 29 bits (of 32) from wire neuron_intra_Nbits.$flatten\mults[2].mult_i.\U1.$auto$wreduce.cc:461:run$896.
Removed top 29 bits (of 32) from wire neuron_intra_Nbits.$flatten\mults[2].mult_i.\U1.$auto$wreduce.cc:461:run$897.
Removed top 1 bits (of 3) from wire neuron_intra_Nbits.$flatten\mults[2].mult_i.\U1.\u4.$4\out_a[2:0].
Removed top 8 bits (of 16) from wire neuron_intra_Nbits.$flatten\mults[3].mult_i.$add$/home/juliana/venv_pytorch/lib/python3.12/site-packages/MAxPy/vlib/AxArith/multipliers/DRUM.v:52$676_Y.
Removed top 28 bits (of 32) from wire neuron_intra_Nbits.$flatten\mults[3].mult_i.$not$/home/juliana/venv_pytorch/lib/python3.12/site-packages/MAxPy/vlib/AxArith/multipliers/DRUM.v:50$669_Y.
Removed top 24 bits (of 32) from wire neuron_intra_Nbits.$flatten\mults[3].mult_i.$not$/home/juliana/venv_pytorch/lib/python3.12/site-packages/MAxPy/vlib/AxArith/multipliers/DRUM.v:52$675_Y.
Removed top 29 bits (of 32) from wire neuron_intra_Nbits.$flatten\mults[3].mult_i.\U1.$auto$wreduce.cc:461:run$896.
Removed top 29 bits (of 32) from wire neuron_intra_Nbits.$flatten\mults[3].mult_i.\U1.$auto$wreduce.cc:461:run$897.
Removed top 8 bits (of 16) from wire neuron_intra_Nbits.$flatten\mults[4].mult_i.$add$/home/juliana/venv_pytorch/lib/python3.12/site-packages/MAxPy/vlib/AxArith/multipliers/DRUM.v:52$676_Y.
Removed top 24 bits (of 32) from wire neuron_intra_Nbits.$flatten\mults[4].mult_i.$auto$wreduce.cc:461:run$895.
Removed top 24 bits (of 32) from wire neuron_intra_Nbits.$flatten\mults[4].mult_i.$not$/home/juliana/venv_pytorch/lib/python3.12/site-packages/MAxPy/vlib/AxArith/multipliers/DRUM.v:50$669_Y.
Removed top 24 bits (of 32) from wire neuron_intra_Nbits.$flatten\mults[4].mult_i.$not$/home/juliana/venv_pytorch/lib/python3.12/site-packages/MAxPy/vlib/AxArith/multipliers/DRUM.v:52$675_Y.
Removed top 29 bits (of 32) from wire neuron_intra_Nbits.$flatten\mults[4].mult_i.\U1.$auto$wreduce.cc:461:run$896.
Removed top 29 bits (of 32) from wire neuron_intra_Nbits.$flatten\mults[4].mult_i.\U1.$auto$wreduce.cc:461:run$897.
Removed top 8 bits (of 16) from wire neuron_intra_Nbits.$flatten\mults[5].mult_i.$add$/home/juliana/venv_pytorch/lib/python3.12/site-packages/MAxPy/vlib/AxArith/multipliers/DRUM.v:52$676_Y.
Removed top 24 bits (of 32) from wire neuron_intra_Nbits.$flatten\mults[5].mult_i.$auto$wreduce.cc:461:run$895.
Removed top 31 bits (of 32) from wire neuron_intra_Nbits.$flatten\mults[5].mult_i.$not$/home/juliana/venv_pytorch/lib/python3.12/site-packages/MAxPy/vlib/AxArith/multipliers/DRUM.v:50$669_Y.
Removed top 24 bits (of 32) from wire neuron_intra_Nbits.$flatten\mults[5].mult_i.$not$/home/juliana/venv_pytorch/lib/python3.12/site-packages/MAxPy/vlib/AxArith/multipliers/DRUM.v:52$675_Y.
Removed top 29 bits (of 32) from wire neuron_intra_Nbits.$flatten\mults[5].mult_i.\U1.$auto$wreduce.cc:461:run$896.
Removed top 29 bits (of 32) from wire neuron_intra_Nbits.$flatten\mults[5].mult_i.\U1.$auto$wreduce.cc:461:run$897.
Removed top 1 bits (of 2) from wire neuron_intra_Nbits.$flatten\mults[5].mult_i.\U1.\u6.$2\out[1:0].
Removed top 8 bits (of 16) from wire neuron_intra_Nbits.$flatten\mults[6].mult_i.$add$/home/juliana/venv_pytorch/lib/python3.12/site-packages/MAxPy/vlib/AxArith/multipliers/DRUM.v:52$676_Y.
Removed top 24 bits (of 32) from wire neuron_intra_Nbits.$flatten\mults[6].mult_i.$auto$wreduce.cc:461:run$895.
Removed top 24 bits (of 32) from wire neuron_intra_Nbits.$flatten\mults[6].mult_i.$not$/home/juliana/venv_pytorch/lib/python3.12/site-packages/MAxPy/vlib/AxArith/multipliers/DRUM.v:50$669_Y.
Removed top 24 bits (of 32) from wire neuron_intra_Nbits.$flatten\mults[6].mult_i.$not$/home/juliana/venv_pytorch/lib/python3.12/site-packages/MAxPy/vlib/AxArith/multipliers/DRUM.v:52$675_Y.
Removed top 29 bits (of 32) from wire neuron_intra_Nbits.$flatten\mults[6].mult_i.\U1.$auto$wreduce.cc:461:run$896.
Removed top 29 bits (of 32) from wire neuron_intra_Nbits.$flatten\mults[6].mult_i.\U1.$auto$wreduce.cc:461:run$897.
Removed top 1 bits (of 2) from wire neuron_intra_Nbits.$flatten\mults[6].mult_i.\U1.\u6.$2\out[1:0].
Removed top 1 bits (of 2) from wire neuron_intra_Nbits.$flatten\mults[6].mult_i.\U1.\u6.$3\out[1:0].
Removed top 8 bits (of 16) from wire neuron_intra_Nbits.$flatten\mults[7].mult_i.$add$/home/juliana/venv_pytorch/lib/python3.12/site-packages/MAxPy/vlib/AxArith/multipliers/DRUM.v:52$676_Y.
Removed top 28 bits (of 32) from wire neuron_intra_Nbits.$flatten\mults[7].mult_i.$not$/home/juliana/venv_pytorch/lib/python3.12/site-packages/MAxPy/vlib/AxArith/multipliers/DRUM.v:50$669_Y.
Removed top 24 bits (of 32) from wire neuron_intra_Nbits.$flatten\mults[7].mult_i.$not$/home/juliana/venv_pytorch/lib/python3.12/site-packages/MAxPy/vlib/AxArith/multipliers/DRUM.v:52$675_Y.
Removed top 29 bits (of 32) from wire neuron_intra_Nbits.$flatten\mults[7].mult_i.\U1.$auto$wreduce.cc:461:run$896.
Removed top 29 bits (of 32) from wire neuron_intra_Nbits.$flatten\mults[7].mult_i.\U1.$auto$wreduce.cc:461:run$897.

12.10. Executing PEEPOPT pass (run peephole optimizers).

12.11. Executing OPT_CLEAN pass (remove unused cells and wires).
Finding unused cells or wires in module \neuron_intra_Nbits..
Removed 0 unused cells and 50 unused wires.
<suppressed ~1 debug messages>

12.12. Executing ALUMACC pass (create $alu and $macc cells).
Extracting $alu and $macc cells in module neuron_intra_Nbits:
  creating $macc model for $add$neuron_drums_4/neuron_intra_Nbits_DRUMs_4/rtl/neuron_intra_Nbits.v:47$691 ($add).
  creating $macc model for $add$neuron_drums_4/neuron_intra_Nbits_DRUMs_4/rtl/neuron_intra_Nbits.v:47$692 ($add).
  creating $macc model for $add$neuron_drums_4/neuron_intra_Nbits_DRUMs_4/rtl/neuron_intra_Nbits.v:47$693 ($add).
  creating $macc model for $add$neuron_drums_4/neuron_intra_Nbits_DRUMs_4/rtl/neuron_intra_Nbits.v:47$694 ($add).
  creating $macc model for $add$neuron_drums_4/neuron_intra_Nbits_DRUMs_4/rtl/neuron_intra_Nbits.v:51$695 ($add).
  creating $macc model for $add$neuron_drums_4/neuron_intra_Nbits_DRUMs_4/rtl/neuron_intra_Nbits.v:51$696 ($add).
  creating $macc model for $add$neuron_drums_4/neuron_intra_Nbits_DRUMs_4/rtl/neuron_intra_Nbits.v:51$697 ($add).
  creating $macc model for $flatten\mults[0].mult_i.$add$/home/juliana/venv_pytorch/lib/python3.12/site-packages/MAxPy/vlib/AxArith/multipliers/DRUM.v:49$665 ($add).
  creating $macc model for $flatten\mults[0].mult_i.$add$/home/juliana/venv_pytorch/lib/python3.12/site-packages/MAxPy/vlib/AxArith/multipliers/DRUM.v:50$670 ($add).
  creating $macc model for $flatten\mults[0].mult_i.$add$/home/juliana/venv_pytorch/lib/python3.12/site-packages/MAxPy/vlib/AxArith/multipliers/DRUM.v:52$676 ($add).
  creating $macc model for $flatten\mults[0].mult_i.\U1.$add$/home/juliana/venv_pytorch/lib/python3.12/site-packages/MAxPy/vlib/AxArith/multipliers/DRUM.v:93$723 ($add).
  creating $macc model for $flatten\mults[0].mult_i.\U1.$mul$/home/juliana/venv_pytorch/lib/python3.12/site-packages/MAxPy/vlib/AxArith/multipliers/DRUM.v:92$722 ($mul).
  creating $macc model for $flatten\mults[0].mult_i.\U1.$sub$/home/juliana/venv_pytorch/lib/python3.12/site-packages/MAxPy/vlib/AxArith/multipliers/DRUM.v:88$713 ($sub).
  creating $macc model for $flatten\mults[0].mult_i.\U1.$sub$/home/juliana/venv_pytorch/lib/python3.12/site-packages/MAxPy/vlib/AxArith/multipliers/DRUM.v:89$716 ($sub).
  creating $macc model for $flatten\mults[1].mult_i.$add$/home/juliana/venv_pytorch/lib/python3.12/site-packages/MAxPy/vlib/AxArith/multipliers/DRUM.v:49$665 ($add).
  creating $macc model for $flatten\mults[1].mult_i.$add$/home/juliana/venv_pytorch/lib/python3.12/site-packages/MAxPy/vlib/AxArith/multipliers/DRUM.v:50$670 ($add).
  creating $macc model for $flatten\mults[1].mult_i.$add$/home/juliana/venv_pytorch/lib/python3.12/site-packages/MAxPy/vlib/AxArith/multipliers/DRUM.v:52$676 ($add).
  creating $macc model for $flatten\mults[1].mult_i.\U1.$add$/home/juliana/venv_pytorch/lib/python3.12/site-packages/MAxPy/vlib/AxArith/multipliers/DRUM.v:93$723 ($add).
  creating $macc model for $flatten\mults[1].mult_i.\U1.$mul$/home/juliana/venv_pytorch/lib/python3.12/site-packages/MAxPy/vlib/AxArith/multipliers/DRUM.v:92$722 ($mul).
  creating $macc model for $flatten\mults[1].mult_i.\U1.$sub$/home/juliana/venv_pytorch/lib/python3.12/site-packages/MAxPy/vlib/AxArith/multipliers/DRUM.v:88$713 ($sub).
  creating $macc model for $flatten\mults[1].mult_i.\U1.$sub$/home/juliana/venv_pytorch/lib/python3.12/site-packages/MAxPy/vlib/AxArith/multipliers/DRUM.v:89$716 ($sub).
  creating $macc model for $flatten\mults[2].mult_i.$add$/home/juliana/venv_pytorch/lib/python3.12/site-packages/MAxPy/vlib/AxArith/multipliers/DRUM.v:49$665 ($add).
  creating $macc model for $flatten\mults[2].mult_i.$add$/home/juliana/venv_pytorch/lib/python3.12/site-packages/MAxPy/vlib/AxArith/multipliers/DRUM.v:50$670 ($add).
  creating $macc model for $flatten\mults[2].mult_i.$add$/home/juliana/venv_pytorch/lib/python3.12/site-packages/MAxPy/vlib/AxArith/multipliers/DRUM.v:52$676 ($add).
  creating $macc model for $flatten\mults[2].mult_i.\U1.$add$/home/juliana/venv_pytorch/lib/python3.12/site-packages/MAxPy/vlib/AxArith/multipliers/DRUM.v:93$723 ($add).
  creating $macc model for $flatten\mults[2].mult_i.\U1.$mul$/home/juliana/venv_pytorch/lib/python3.12/site-packages/MAxPy/vlib/AxArith/multipliers/DRUM.v:92$722 ($mul).
  creating $macc model for $flatten\mults[2].mult_i.\U1.$sub$/home/juliana/venv_pytorch/lib/python3.12/site-packages/MAxPy/vlib/AxArith/multipliers/DRUM.v:88$713 ($sub).
  creating $macc model for $flatten\mults[2].mult_i.\U1.$sub$/home/juliana/venv_pytorch/lib/python3.12/site-packages/MAxPy/vlib/AxArith/multipliers/DRUM.v:89$716 ($sub).
  creating $macc model for $flatten\mults[3].mult_i.$add$/home/juliana/venv_pytorch/lib/python3.12/site-packages/MAxPy/vlib/AxArith/multipliers/DRUM.v:49$665 ($add).
  creating $macc model for $flatten\mults[3].mult_i.$add$/home/juliana/venv_pytorch/lib/python3.12/site-packages/MAxPy/vlib/AxArith/multipliers/DRUM.v:50$670 ($add).
  creating $macc model for $flatten\mults[3].mult_i.$add$/home/juliana/venv_pytorch/lib/python3.12/site-packages/MAxPy/vlib/AxArith/multipliers/DRUM.v:52$676 ($add).
  creating $macc model for $flatten\mults[3].mult_i.\U1.$add$/home/juliana/venv_pytorch/lib/python3.12/site-packages/MAxPy/vlib/AxArith/multipliers/DRUM.v:93$723 ($add).
  creating $macc model for $flatten\mults[3].mult_i.\U1.$mul$/home/juliana/venv_pytorch/lib/python3.12/site-packages/MAxPy/vlib/AxArith/multipliers/DRUM.v:92$722 ($mul).
  creating $macc model for $flatten\mults[3].mult_i.\U1.$sub$/home/juliana/venv_pytorch/lib/python3.12/site-packages/MAxPy/vlib/AxArith/multipliers/DRUM.v:88$713 ($sub).
  creating $macc model for $flatten\mults[3].mult_i.\U1.$sub$/home/juliana/venv_pytorch/lib/python3.12/site-packages/MAxPy/vlib/AxArith/multipliers/DRUM.v:89$716 ($sub).
  creating $macc model for $flatten\mults[4].mult_i.$add$/home/juliana/venv_pytorch/lib/python3.12/site-packages/MAxPy/vlib/AxArith/multipliers/DRUM.v:49$665 ($add).
  creating $macc model for $flatten\mults[4].mult_i.$add$/home/juliana/venv_pytorch/lib/python3.12/site-packages/MAxPy/vlib/AxArith/multipliers/DRUM.v:50$670 ($add).
  creating $macc model for $flatten\mults[4].mult_i.$add$/home/juliana/venv_pytorch/lib/python3.12/site-packages/MAxPy/vlib/AxArith/multipliers/DRUM.v:52$676 ($add).
  creating $macc model for $flatten\mults[4].mult_i.\U1.$add$/home/juliana/venv_pytorch/lib/python3.12/site-packages/MAxPy/vlib/AxArith/multipliers/DRUM.v:93$723 ($add).
  creating $macc model for $flatten\mults[4].mult_i.\U1.$mul$/home/juliana/venv_pytorch/lib/python3.12/site-packages/MAxPy/vlib/AxArith/multipliers/DRUM.v:92$722 ($mul).
  creating $macc model for $flatten\mults[4].mult_i.\U1.$sub$/home/juliana/venv_pytorch/lib/python3.12/site-packages/MAxPy/vlib/AxArith/multipliers/DRUM.v:88$713 ($sub).
  creating $macc model for $flatten\mults[4].mult_i.\U1.$sub$/home/juliana/venv_pytorch/lib/python3.12/site-packages/MAxPy/vlib/AxArith/multipliers/DRUM.v:89$716 ($sub).
  creating $macc model for $flatten\mults[5].mult_i.$add$/home/juliana/venv_pytorch/lib/python3.12/site-packages/MAxPy/vlib/AxArith/multipliers/DRUM.v:49$665 ($add).
  creating $macc model for $flatten\mults[5].mult_i.$add$/home/juliana/venv_pytorch/lib/python3.12/site-packages/MAxPy/vlib/AxArith/multipliers/DRUM.v:50$670 ($add).
  creating $macc model for $flatten\mults[5].mult_i.$add$/home/juliana/venv_pytorch/lib/python3.12/site-packages/MAxPy/vlib/AxArith/multipliers/DRUM.v:52$676 ($add).
  creating $macc model for $flatten\mults[5].mult_i.\U1.$add$/home/juliana/venv_pytorch/lib/python3.12/site-packages/MAxPy/vlib/AxArith/multipliers/DRUM.v:93$723 ($add).
  creating $macc model for $flatten\mults[5].mult_i.\U1.$mul$/home/juliana/venv_pytorch/lib/python3.12/site-packages/MAxPy/vlib/AxArith/multipliers/DRUM.v:92$722 ($mul).
  creating $macc model for $flatten\mults[5].mult_i.\U1.$sub$/home/juliana/venv_pytorch/lib/python3.12/site-packages/MAxPy/vlib/AxArith/multipliers/DRUM.v:88$713 ($sub).
  creating $macc model for $flatten\mults[5].mult_i.\U1.$sub$/home/juliana/venv_pytorch/lib/python3.12/site-packages/MAxPy/vlib/AxArith/multipliers/DRUM.v:89$716 ($sub).
  creating $macc model for $flatten\mults[6].mult_i.$add$/home/juliana/venv_pytorch/lib/python3.12/site-packages/MAxPy/vlib/AxArith/multipliers/DRUM.v:49$665 ($add).
  creating $macc model for $flatten\mults[6].mult_i.$add$/home/juliana/venv_pytorch/lib/python3.12/site-packages/MAxPy/vlib/AxArith/multipliers/DRUM.v:50$670 ($add).
  creating $macc model for $flatten\mults[6].mult_i.$add$/home/juliana/venv_pytorch/lib/python3.12/site-packages/MAxPy/vlib/AxArith/multipliers/DRUM.v:52$676 ($add).
  creating $macc model for $flatten\mults[6].mult_i.\U1.$add$/home/juliana/venv_pytorch/lib/python3.12/site-packages/MAxPy/vlib/AxArith/multipliers/DRUM.v:93$723 ($add).
  creating $macc model for $flatten\mults[6].mult_i.\U1.$mul$/home/juliana/venv_pytorch/lib/python3.12/site-packages/MAxPy/vlib/AxArith/multipliers/DRUM.v:92$722 ($mul).
  creating $macc model for $flatten\mults[6].mult_i.\U1.$sub$/home/juliana/venv_pytorch/lib/python3.12/site-packages/MAxPy/vlib/AxArith/multipliers/DRUM.v:88$713 ($sub).
  creating $macc model for $flatten\mults[6].mult_i.\U1.$sub$/home/juliana/venv_pytorch/lib/python3.12/site-packages/MAxPy/vlib/AxArith/multipliers/DRUM.v:89$716 ($sub).
  creating $macc model for $flatten\mults[7].mult_i.$add$/home/juliana/venv_pytorch/lib/python3.12/site-packages/MAxPy/vlib/AxArith/multipliers/DRUM.v:49$665 ($add).
  creating $macc model for $flatten\mults[7].mult_i.$add$/home/juliana/venv_pytorch/lib/python3.12/site-packages/MAxPy/vlib/AxArith/multipliers/DRUM.v:50$670 ($add).
  creating $macc model for $flatten\mults[7].mult_i.$add$/home/juliana/venv_pytorch/lib/python3.12/site-packages/MAxPy/vlib/AxArith/multipliers/DRUM.v:52$676 ($add).
  creating $macc model for $flatten\mults[7].mult_i.\U1.$add$/home/juliana/venv_pytorch/lib/python3.12/site-packages/MAxPy/vlib/AxArith/multipliers/DRUM.v:93$723 ($add).
  creating $macc model for $flatten\mults[7].mult_i.\U1.$mul$/home/juliana/venv_pytorch/lib/python3.12/site-packages/MAxPy/vlib/AxArith/multipliers/DRUM.v:92$722 ($mul).
  creating $macc model for $flatten\mults[7].mult_i.\U1.$sub$/home/juliana/venv_pytorch/lib/python3.12/site-packages/MAxPy/vlib/AxArith/multipliers/DRUM.v:88$713 ($sub).
  creating $macc model for $flatten\mults[7].mult_i.\U1.$sub$/home/juliana/venv_pytorch/lib/python3.12/site-packages/MAxPy/vlib/AxArith/multipliers/DRUM.v:89$716 ($sub).
  merging $macc model for $add$neuron_drums_4/neuron_intra_Nbits_DRUMs_4/rtl/neuron_intra_Nbits.v:51$695 into $add$neuron_drums_4/neuron_intra_Nbits_DRUMs_4/rtl/neuron_intra_Nbits.v:51$697.
  merging $macc model for $add$neuron_drums_4/neuron_intra_Nbits_DRUMs_4/rtl/neuron_intra_Nbits.v:47$691 into $add$neuron_drums_4/neuron_intra_Nbits_DRUMs_4/rtl/neuron_intra_Nbits.v:51$697.
  merging $macc model for $add$neuron_drums_4/neuron_intra_Nbits_DRUMs_4/rtl/neuron_intra_Nbits.v:51$696 into $add$neuron_drums_4/neuron_intra_Nbits_DRUMs_4/rtl/neuron_intra_Nbits.v:51$697.
  merging $macc model for $add$neuron_drums_4/neuron_intra_Nbits_DRUMs_4/rtl/neuron_intra_Nbits.v:47$693 into $add$neuron_drums_4/neuron_intra_Nbits_DRUMs_4/rtl/neuron_intra_Nbits.v:51$697.
  merging $macc model for $add$neuron_drums_4/neuron_intra_Nbits_DRUMs_4/rtl/neuron_intra_Nbits.v:47$692 into $add$neuron_drums_4/neuron_intra_Nbits_DRUMs_4/rtl/neuron_intra_Nbits.v:51$697.
  merging $macc model for $add$neuron_drums_4/neuron_intra_Nbits_DRUMs_4/rtl/neuron_intra_Nbits.v:47$694 into $add$neuron_drums_4/neuron_intra_Nbits_DRUMs_4/rtl/neuron_intra_Nbits.v:51$697.
  creating $alu model for $macc $flatten\mults[7].mult_i.$add$/home/juliana/venv_pytorch/lib/python3.12/site-packages/MAxPy/vlib/AxArith/multipliers/DRUM.v:49$665.
  creating $alu model for $macc $flatten\mults[6].mult_i.\U1.$sub$/home/juliana/venv_pytorch/lib/python3.12/site-packages/MAxPy/vlib/AxArith/multipliers/DRUM.v:89$716.
  creating $alu model for $macc $flatten\mults[6].mult_i.\U1.$sub$/home/juliana/venv_pytorch/lib/python3.12/site-packages/MAxPy/vlib/AxArith/multipliers/DRUM.v:88$713.
  creating $alu model for $macc $flatten\mults[6].mult_i.\U1.$add$/home/juliana/venv_pytorch/lib/python3.12/site-packages/MAxPy/vlib/AxArith/multipliers/DRUM.v:93$723.
  creating $alu model for $macc $flatten\mults[6].mult_i.$add$/home/juliana/venv_pytorch/lib/python3.12/site-packages/MAxPy/vlib/AxArith/multipliers/DRUM.v:52$676.
  creating $alu model for $macc $flatten\mults[6].mult_i.$add$/home/juliana/venv_pytorch/lib/python3.12/site-packages/MAxPy/vlib/AxArith/multipliers/DRUM.v:50$670.
  creating $alu model for $macc $flatten\mults[6].mult_i.$add$/home/juliana/venv_pytorch/lib/python3.12/site-packages/MAxPy/vlib/AxArith/multipliers/DRUM.v:49$665.
  creating $alu model for $macc $flatten\mults[5].mult_i.\U1.$sub$/home/juliana/venv_pytorch/lib/python3.12/site-packages/MAxPy/vlib/AxArith/multipliers/DRUM.v:89$716.
  creating $alu model for $macc $flatten\mults[5].mult_i.\U1.$sub$/home/juliana/venv_pytorch/lib/python3.12/site-packages/MAxPy/vlib/AxArith/multipliers/DRUM.v:88$713.
  creating $alu model for $macc $flatten\mults[5].mult_i.\U1.$add$/home/juliana/venv_pytorch/lib/python3.12/site-packages/MAxPy/vlib/AxArith/multipliers/DRUM.v:93$723.
  creating $alu model for $macc $flatten\mults[5].mult_i.$add$/home/juliana/venv_pytorch/lib/python3.12/site-packages/MAxPy/vlib/AxArith/multipliers/DRUM.v:52$676.
  creating $alu model for $macc $flatten\mults[5].mult_i.$add$/home/juliana/venv_pytorch/lib/python3.12/site-packages/MAxPy/vlib/AxArith/multipliers/DRUM.v:50$670.
  creating $alu model for $macc $flatten\mults[5].mult_i.$add$/home/juliana/venv_pytorch/lib/python3.12/site-packages/MAxPy/vlib/AxArith/multipliers/DRUM.v:49$665.
  creating $alu model for $macc $flatten\mults[4].mult_i.\U1.$sub$/home/juliana/venv_pytorch/lib/python3.12/site-packages/MAxPy/vlib/AxArith/multipliers/DRUM.v:89$716.
  creating $alu model for $macc $flatten\mults[4].mult_i.\U1.$sub$/home/juliana/venv_pytorch/lib/python3.12/site-packages/MAxPy/vlib/AxArith/multipliers/DRUM.v:88$713.
  creating $alu model for $macc $flatten\mults[4].mult_i.\U1.$add$/home/juliana/venv_pytorch/lib/python3.12/site-packages/MAxPy/vlib/AxArith/multipliers/DRUM.v:93$723.
  creating $alu model for $macc $flatten\mults[4].mult_i.$add$/home/juliana/venv_pytorch/lib/python3.12/site-packages/MAxPy/vlib/AxArith/multipliers/DRUM.v:52$676.
  creating $alu model for $macc $flatten\mults[4].mult_i.$add$/home/juliana/venv_pytorch/lib/python3.12/site-packages/MAxPy/vlib/AxArith/multipliers/DRUM.v:50$670.
  creating $alu model for $macc $flatten\mults[4].mult_i.$add$/home/juliana/venv_pytorch/lib/python3.12/site-packages/MAxPy/vlib/AxArith/multipliers/DRUM.v:49$665.
  creating $alu model for $macc $flatten\mults[3].mult_i.\U1.$sub$/home/juliana/venv_pytorch/lib/python3.12/site-packages/MAxPy/vlib/AxArith/multipliers/DRUM.v:89$716.
  creating $alu model for $macc $flatten\mults[3].mult_i.\U1.$sub$/home/juliana/venv_pytorch/lib/python3.12/site-packages/MAxPy/vlib/AxArith/multipliers/DRUM.v:88$713.
  creating $alu model for $macc $flatten\mults[3].mult_i.\U1.$add$/home/juliana/venv_pytorch/lib/python3.12/site-packages/MAxPy/vlib/AxArith/multipliers/DRUM.v:93$723.
  creating $alu model for $macc $flatten\mults[3].mult_i.$add$/home/juliana/venv_pytorch/lib/python3.12/site-packages/MAxPy/vlib/AxArith/multipliers/DRUM.v:52$676.
  creating $alu model for $macc $flatten\mults[3].mult_i.$add$/home/juliana/venv_pytorch/lib/python3.12/site-packages/MAxPy/vlib/AxArith/multipliers/DRUM.v:50$670.
  creating $alu model for $macc $flatten\mults[3].mult_i.$add$/home/juliana/venv_pytorch/lib/python3.12/site-packages/MAxPy/vlib/AxArith/multipliers/DRUM.v:49$665.
  creating $alu model for $macc $flatten\mults[2].mult_i.\U1.$sub$/home/juliana/venv_pytorch/lib/python3.12/site-packages/MAxPy/vlib/AxArith/multipliers/DRUM.v:89$716.
  creating $alu model for $macc $flatten\mults[2].mult_i.\U1.$sub$/home/juliana/venv_pytorch/lib/python3.12/site-packages/MAxPy/vlib/AxArith/multipliers/DRUM.v:88$713.
  creating $alu model for $macc $flatten\mults[2].mult_i.\U1.$add$/home/juliana/venv_pytorch/lib/python3.12/site-packages/MAxPy/vlib/AxArith/multipliers/DRUM.v:93$723.
  creating $alu model for $macc $flatten\mults[2].mult_i.$add$/home/juliana/venv_pytorch/lib/python3.12/site-packages/MAxPy/vlib/AxArith/multipliers/DRUM.v:52$676.
  creating $alu model for $macc $flatten\mults[2].mult_i.$add$/home/juliana/venv_pytorch/lib/python3.12/site-packages/MAxPy/vlib/AxArith/multipliers/DRUM.v:50$670.
  creating $alu model for $macc $flatten\mults[2].mult_i.$add$/home/juliana/venv_pytorch/lib/python3.12/site-packages/MAxPy/vlib/AxArith/multipliers/DRUM.v:49$665.
  creating $alu model for $macc $flatten\mults[1].mult_i.\U1.$sub$/home/juliana/venv_pytorch/lib/python3.12/site-packages/MAxPy/vlib/AxArith/multipliers/DRUM.v:89$716.
  creating $alu model for $macc $flatten\mults[1].mult_i.\U1.$sub$/home/juliana/venv_pytorch/lib/python3.12/site-packages/MAxPy/vlib/AxArith/multipliers/DRUM.v:88$713.
  creating $alu model for $macc $flatten\mults[1].mult_i.\U1.$add$/home/juliana/venv_pytorch/lib/python3.12/site-packages/MAxPy/vlib/AxArith/multipliers/DRUM.v:93$723.
  creating $alu model for $macc $flatten\mults[1].mult_i.$add$/home/juliana/venv_pytorch/lib/python3.12/site-packages/MAxPy/vlib/AxArith/multipliers/DRUM.v:52$676.
  creating $alu model for $macc $flatten\mults[1].mult_i.$add$/home/juliana/venv_pytorch/lib/python3.12/site-packages/MAxPy/vlib/AxArith/multipliers/DRUM.v:50$670.
  creating $alu model for $macc $flatten\mults[1].mult_i.$add$/home/juliana/venv_pytorch/lib/python3.12/site-packages/MAxPy/vlib/AxArith/multipliers/DRUM.v:49$665.
  creating $alu model for $macc $flatten\mults[0].mult_i.\U1.$sub$/home/juliana/venv_pytorch/lib/python3.12/site-packages/MAxPy/vlib/AxArith/multipliers/DRUM.v:89$716.
  creating $alu model for $macc $flatten\mults[0].mult_i.\U1.$sub$/home/juliana/venv_pytorch/lib/python3.12/site-packages/MAxPy/vlib/AxArith/multipliers/DRUM.v:88$713.
  creating $alu model for $macc $flatten\mults[0].mult_i.\U1.$add$/home/juliana/venv_pytorch/lib/python3.12/site-packages/MAxPy/vlib/AxArith/multipliers/DRUM.v:93$723.
  creating $alu model for $macc $flatten\mults[0].mult_i.$add$/home/juliana/venv_pytorch/lib/python3.12/site-packages/MAxPy/vlib/AxArith/multipliers/DRUM.v:52$676.
  creating $alu model for $macc $flatten\mults[0].mult_i.$add$/home/juliana/venv_pytorch/lib/python3.12/site-packages/MAxPy/vlib/AxArith/multipliers/DRUM.v:50$670.
  creating $alu model for $macc $flatten\mults[0].mult_i.$add$/home/juliana/venv_pytorch/lib/python3.12/site-packages/MAxPy/vlib/AxArith/multipliers/DRUM.v:49$665.
  creating $alu model for $macc $flatten\mults[7].mult_i.\U1.$add$/home/juliana/venv_pytorch/lib/python3.12/site-packages/MAxPy/vlib/AxArith/multipliers/DRUM.v:93$723.
  creating $alu model for $macc $flatten\mults[7].mult_i.$add$/home/juliana/venv_pytorch/lib/python3.12/site-packages/MAxPy/vlib/AxArith/multipliers/DRUM.v:50$670.
  creating $alu model for $macc $flatten\mults[7].mult_i.\U1.$sub$/home/juliana/venv_pytorch/lib/python3.12/site-packages/MAxPy/vlib/AxArith/multipliers/DRUM.v:89$716.
  creating $alu model for $macc $flatten\mults[7].mult_i.\U1.$sub$/home/juliana/venv_pytorch/lib/python3.12/site-packages/MAxPy/vlib/AxArith/multipliers/DRUM.v:88$713.
  creating $alu model for $macc $flatten\mults[7].mult_i.$add$/home/juliana/venv_pytorch/lib/python3.12/site-packages/MAxPy/vlib/AxArith/multipliers/DRUM.v:52$676.
  creating $macc cell for $flatten\mults[1].mult_i.\U1.$mul$/home/juliana/venv_pytorch/lib/python3.12/site-packages/MAxPy/vlib/AxArith/multipliers/DRUM.v:92$722: $auto$alumacc.cc:365:replace_macc$972
  creating $macc cell for $flatten\mults[5].mult_i.\U1.$mul$/home/juliana/venv_pytorch/lib/python3.12/site-packages/MAxPy/vlib/AxArith/multipliers/DRUM.v:92$722: $auto$alumacc.cc:365:replace_macc$973
  creating $macc cell for $add$neuron_drums_4/neuron_intra_Nbits_DRUMs_4/rtl/neuron_intra_Nbits.v:51$697: $auto$alumacc.cc:365:replace_macc$974
  creating $macc cell for $flatten\mults[4].mult_i.\U1.$mul$/home/juliana/venv_pytorch/lib/python3.12/site-packages/MAxPy/vlib/AxArith/multipliers/DRUM.v:92$722: $auto$alumacc.cc:365:replace_macc$975
  creating $macc cell for $flatten\mults[6].mult_i.\U1.$mul$/home/juliana/venv_pytorch/lib/python3.12/site-packages/MAxPy/vlib/AxArith/multipliers/DRUM.v:92$722: $auto$alumacc.cc:365:replace_macc$976
  creating $macc cell for $flatten\mults[0].mult_i.\U1.$mul$/home/juliana/venv_pytorch/lib/python3.12/site-packages/MAxPy/vlib/AxArith/multipliers/DRUM.v:92$722: $auto$alumacc.cc:365:replace_macc$977
  creating $macc cell for $flatten\mults[7].mult_i.\U1.$mul$/home/juliana/venv_pytorch/lib/python3.12/site-packages/MAxPy/vlib/AxArith/multipliers/DRUM.v:92$722: $auto$alumacc.cc:365:replace_macc$978
  creating $macc cell for $flatten\mults[2].mult_i.\U1.$mul$/home/juliana/venv_pytorch/lib/python3.12/site-packages/MAxPy/vlib/AxArith/multipliers/DRUM.v:92$722: $auto$alumacc.cc:365:replace_macc$979
  creating $macc cell for $flatten\mults[3].mult_i.\U1.$mul$/home/juliana/venv_pytorch/lib/python3.12/site-packages/MAxPy/vlib/AxArith/multipliers/DRUM.v:92$722: $auto$alumacc.cc:365:replace_macc$980
  creating $alu model for $flatten\mults[0].mult_i.\U1.$gt$/home/juliana/venv_pytorch/lib/python3.12/site-packages/MAxPy/vlib/AxArith/multipliers/DRUM.v:88$712 ($gt): new $alu
  creating $alu model for $flatten\mults[0].mult_i.\U1.$gt$/home/juliana/venv_pytorch/lib/python3.12/site-packages/MAxPy/vlib/AxArith/multipliers/DRUM.v:89$715 ($gt): new $alu
  creating $alu model for $flatten\mults[1].mult_i.\U1.$gt$/home/juliana/venv_pytorch/lib/python3.12/site-packages/MAxPy/vlib/AxArith/multipliers/DRUM.v:88$712 ($gt): new $alu
  creating $alu model for $flatten\mults[1].mult_i.\U1.$gt$/home/juliana/venv_pytorch/lib/python3.12/site-packages/MAxPy/vlib/AxArith/multipliers/DRUM.v:89$715 ($gt): new $alu
  creating $alu model for $flatten\mults[2].mult_i.\U1.$gt$/home/juliana/venv_pytorch/lib/python3.12/site-packages/MAxPy/vlib/AxArith/multipliers/DRUM.v:88$712 ($gt): new $alu
  creating $alu model for $flatten\mults[2].mult_i.\U1.$gt$/home/juliana/venv_pytorch/lib/python3.12/site-packages/MAxPy/vlib/AxArith/multipliers/DRUM.v:89$715 ($gt): new $alu
  creating $alu model for $flatten\mults[3].mult_i.\U1.$gt$/home/juliana/venv_pytorch/lib/python3.12/site-packages/MAxPy/vlib/AxArith/multipliers/DRUM.v:88$712 ($gt): new $alu
  creating $alu model for $flatten\mults[3].mult_i.\U1.$gt$/home/juliana/venv_pytorch/lib/python3.12/site-packages/MAxPy/vlib/AxArith/multipliers/DRUM.v:89$715 ($gt): new $alu
  creating $alu model for $flatten\mults[4].mult_i.\U1.$gt$/home/juliana/venv_pytorch/lib/python3.12/site-packages/MAxPy/vlib/AxArith/multipliers/DRUM.v:88$712 ($gt): new $alu
  creating $alu model for $flatten\mults[4].mult_i.\U1.$gt$/home/juliana/venv_pytorch/lib/python3.12/site-packages/MAxPy/vlib/AxArith/multipliers/DRUM.v:89$715 ($gt): new $alu
  creating $alu model for $flatten\mults[5].mult_i.\U1.$gt$/home/juliana/venv_pytorch/lib/python3.12/site-packages/MAxPy/vlib/AxArith/multipliers/DRUM.v:88$712 ($gt): new $alu
  creating $alu model for $flatten\mults[5].mult_i.\U1.$gt$/home/juliana/venv_pytorch/lib/python3.12/site-packages/MAxPy/vlib/AxArith/multipliers/DRUM.v:89$715 ($gt): new $alu
  creating $alu model for $flatten\mults[6].mult_i.\U1.$gt$/home/juliana/venv_pytorch/lib/python3.12/site-packages/MAxPy/vlib/AxArith/multipliers/DRUM.v:88$712 ($gt): new $alu
  creating $alu model for $flatten\mults[6].mult_i.\U1.$gt$/home/juliana/venv_pytorch/lib/python3.12/site-packages/MAxPy/vlib/AxArith/multipliers/DRUM.v:89$715 ($gt): new $alu
  creating $alu model for $flatten\mults[7].mult_i.\U1.$gt$/home/juliana/venv_pytorch/lib/python3.12/site-packages/MAxPy/vlib/AxArith/multipliers/DRUM.v:88$712 ($gt): new $alu
  creating $alu model for $flatten\mults[7].mult_i.\U1.$gt$/home/juliana/venv_pytorch/lib/python3.12/site-packages/MAxPy/vlib/AxArith/multipliers/DRUM.v:89$715 ($gt): new $alu
  creating $alu model for $gt$neuron_drums_4/neuron_intra_Nbits_DRUMs_4/rtl/neuron_intra_Nbits.v:73$688 ($gt): new $alu
  creating $alu cell for $gt$neuron_drums_4/neuron_intra_Nbits_DRUMs_4/rtl/neuron_intra_Nbits.v:73$688: $auto$alumacc.cc:485:replace_alu$998
  creating $alu cell for $flatten\mults[7].mult_i.\U1.$gt$/home/juliana/venv_pytorch/lib/python3.12/site-packages/MAxPy/vlib/AxArith/multipliers/DRUM.v:89$715: $auto$alumacc.cc:485:replace_alu$1005
  creating $alu cell for $flatten\mults[7].mult_i.\U1.$gt$/home/juliana/venv_pytorch/lib/python3.12/site-packages/MAxPy/vlib/AxArith/multipliers/DRUM.v:88$712: $auto$alumacc.cc:485:replace_alu$1010
  creating $alu cell for $flatten\mults[6].mult_i.\U1.$gt$/home/juliana/venv_pytorch/lib/python3.12/site-packages/MAxPy/vlib/AxArith/multipliers/DRUM.v:89$715: $auto$alumacc.cc:485:replace_alu$1015
  creating $alu cell for $flatten\mults[6].mult_i.\U1.$gt$/home/juliana/venv_pytorch/lib/python3.12/site-packages/MAxPy/vlib/AxArith/multipliers/DRUM.v:88$712: $auto$alumacc.cc:485:replace_alu$1020
  creating $alu cell for $flatten\mults[5].mult_i.\U1.$gt$/home/juliana/venv_pytorch/lib/python3.12/site-packages/MAxPy/vlib/AxArith/multipliers/DRUM.v:89$715: $auto$alumacc.cc:485:replace_alu$1025
  creating $alu cell for $flatten\mults[5].mult_i.\U1.$gt$/home/juliana/venv_pytorch/lib/python3.12/site-packages/MAxPy/vlib/AxArith/multipliers/DRUM.v:88$712: $auto$alumacc.cc:485:replace_alu$1030
  creating $alu cell for $flatten\mults[4].mult_i.\U1.$gt$/home/juliana/venv_pytorch/lib/python3.12/site-packages/MAxPy/vlib/AxArith/multipliers/DRUM.v:89$715: $auto$alumacc.cc:485:replace_alu$1035
  creating $alu cell for $flatten\mults[4].mult_i.\U1.$gt$/home/juliana/venv_pytorch/lib/python3.12/site-packages/MAxPy/vlib/AxArith/multipliers/DRUM.v:88$712: $auto$alumacc.cc:485:replace_alu$1040
  creating $alu cell for $flatten\mults[3].mult_i.\U1.$gt$/home/juliana/venv_pytorch/lib/python3.12/site-packages/MAxPy/vlib/AxArith/multipliers/DRUM.v:89$715: $auto$alumacc.cc:485:replace_alu$1045
  creating $alu cell for $flatten\mults[3].mult_i.\U1.$gt$/home/juliana/venv_pytorch/lib/python3.12/site-packages/MAxPy/vlib/AxArith/multipliers/DRUM.v:88$712: $auto$alumacc.cc:485:replace_alu$1050
  creating $alu cell for $flatten\mults[2].mult_i.\U1.$gt$/home/juliana/venv_pytorch/lib/python3.12/site-packages/MAxPy/vlib/AxArith/multipliers/DRUM.v:89$715: $auto$alumacc.cc:485:replace_alu$1055
  creating $alu cell for $flatten\mults[2].mult_i.\U1.$gt$/home/juliana/venv_pytorch/lib/python3.12/site-packages/MAxPy/vlib/AxArith/multipliers/DRUM.v:88$712: $auto$alumacc.cc:485:replace_alu$1060
  creating $alu cell for $flatten\mults[1].mult_i.\U1.$gt$/home/juliana/venv_pytorch/lib/python3.12/site-packages/MAxPy/vlib/AxArith/multipliers/DRUM.v:89$715: $auto$alumacc.cc:485:replace_alu$1065
  creating $alu cell for $flatten\mults[1].mult_i.\U1.$gt$/home/juliana/venv_pytorch/lib/python3.12/site-packages/MAxPy/vlib/AxArith/multipliers/DRUM.v:88$712: $auto$alumacc.cc:485:replace_alu$1070
  creating $alu cell for $flatten\mults[0].mult_i.\U1.$gt$/home/juliana/venv_pytorch/lib/python3.12/site-packages/MAxPy/vlib/AxArith/multipliers/DRUM.v:89$715: $auto$alumacc.cc:485:replace_alu$1075
  creating $alu cell for $flatten\mults[0].mult_i.\U1.$gt$/home/juliana/venv_pytorch/lib/python3.12/site-packages/MAxPy/vlib/AxArith/multipliers/DRUM.v:88$712: $auto$alumacc.cc:485:replace_alu$1080
  creating $alu cell for $flatten\mults[7].mult_i.$add$/home/juliana/venv_pytorch/lib/python3.12/site-packages/MAxPy/vlib/AxArith/multipliers/DRUM.v:52$676: $auto$alumacc.cc:485:replace_alu$1085
  creating $alu cell for $flatten\mults[7].mult_i.\U1.$sub$/home/juliana/venv_pytorch/lib/python3.12/site-packages/MAxPy/vlib/AxArith/multipliers/DRUM.v:88$713: $auto$alumacc.cc:485:replace_alu$1088
  creating $alu cell for $flatten\mults[7].mult_i.\U1.$sub$/home/juliana/venv_pytorch/lib/python3.12/site-packages/MAxPy/vlib/AxArith/multipliers/DRUM.v:89$716: $auto$alumacc.cc:485:replace_alu$1091
  creating $alu cell for $flatten\mults[7].mult_i.$add$/home/juliana/venv_pytorch/lib/python3.12/site-packages/MAxPy/vlib/AxArith/multipliers/DRUM.v:50$670: $auto$alumacc.cc:485:replace_alu$1094
  creating $alu cell for $flatten\mults[7].mult_i.\U1.$add$/home/juliana/venv_pytorch/lib/python3.12/site-packages/MAxPy/vlib/AxArith/multipliers/DRUM.v:93$723: $auto$alumacc.cc:485:replace_alu$1097
  creating $alu cell for $flatten\mults[0].mult_i.$add$/home/juliana/venv_pytorch/lib/python3.12/site-packages/MAxPy/vlib/AxArith/multipliers/DRUM.v:49$665: $auto$alumacc.cc:485:replace_alu$1100
  creating $alu cell for $flatten\mults[0].mult_i.$add$/home/juliana/venv_pytorch/lib/python3.12/site-packages/MAxPy/vlib/AxArith/multipliers/DRUM.v:50$670: $auto$alumacc.cc:485:replace_alu$1103
  creating $alu cell for $flatten\mults[0].mult_i.$add$/home/juliana/venv_pytorch/lib/python3.12/site-packages/MAxPy/vlib/AxArith/multipliers/DRUM.v:52$676: $auto$alumacc.cc:485:replace_alu$1106
  creating $alu cell for $flatten\mults[0].mult_i.\U1.$add$/home/juliana/venv_pytorch/lib/python3.12/site-packages/MAxPy/vlib/AxArith/multipliers/DRUM.v:93$723: $auto$alumacc.cc:485:replace_alu$1109
  creating $alu cell for $flatten\mults[0].mult_i.\U1.$sub$/home/juliana/venv_pytorch/lib/python3.12/site-packages/MAxPy/vlib/AxArith/multipliers/DRUM.v:88$713: $auto$alumacc.cc:485:replace_alu$1112
  creating $alu cell for $flatten\mults[0].mult_i.\U1.$sub$/home/juliana/venv_pytorch/lib/python3.12/site-packages/MAxPy/vlib/AxArith/multipliers/DRUM.v:89$716: $auto$alumacc.cc:485:replace_alu$1115
  creating $alu cell for $flatten\mults[1].mult_i.$add$/home/juliana/venv_pytorch/lib/python3.12/site-packages/MAxPy/vlib/AxArith/multipliers/DRUM.v:49$665: $auto$alumacc.cc:485:replace_alu$1118
  creating $alu cell for $flatten\mults[1].mult_i.$add$/home/juliana/venv_pytorch/lib/python3.12/site-packages/MAxPy/vlib/AxArith/multipliers/DRUM.v:50$670: $auto$alumacc.cc:485:replace_alu$1121
  creating $alu cell for $flatten\mults[1].mult_i.$add$/home/juliana/venv_pytorch/lib/python3.12/site-packages/MAxPy/vlib/AxArith/multipliers/DRUM.v:52$676: $auto$alumacc.cc:485:replace_alu$1124
  creating $alu cell for $flatten\mults[1].mult_i.\U1.$add$/home/juliana/venv_pytorch/lib/python3.12/site-packages/MAxPy/vlib/AxArith/multipliers/DRUM.v:93$723: $auto$alumacc.cc:485:replace_alu$1127
  creating $alu cell for $flatten\mults[1].mult_i.\U1.$sub$/home/juliana/venv_pytorch/lib/python3.12/site-packages/MAxPy/vlib/AxArith/multipliers/DRUM.v:88$713: $auto$alumacc.cc:485:replace_alu$1130
  creating $alu cell for $flatten\mults[1].mult_i.\U1.$sub$/home/juliana/venv_pytorch/lib/python3.12/site-packages/MAxPy/vlib/AxArith/multipliers/DRUM.v:89$716: $auto$alumacc.cc:485:replace_alu$1133
  creating $alu cell for $flatten\mults[2].mult_i.$add$/home/juliana/venv_pytorch/lib/python3.12/site-packages/MAxPy/vlib/AxArith/multipliers/DRUM.v:49$665: $auto$alumacc.cc:485:replace_alu$1136
  creating $alu cell for $flatten\mults[2].mult_i.$add$/home/juliana/venv_pytorch/lib/python3.12/site-packages/MAxPy/vlib/AxArith/multipliers/DRUM.v:50$670: $auto$alumacc.cc:485:replace_alu$1139
  creating $alu cell for $flatten\mults[2].mult_i.$add$/home/juliana/venv_pytorch/lib/python3.12/site-packages/MAxPy/vlib/AxArith/multipliers/DRUM.v:52$676: $auto$alumacc.cc:485:replace_alu$1142
  creating $alu cell for $flatten\mults[2].mult_i.\U1.$add$/home/juliana/venv_pytorch/lib/python3.12/site-packages/MAxPy/vlib/AxArith/multipliers/DRUM.v:93$723: $auto$alumacc.cc:485:replace_alu$1145
  creating $alu cell for $flatten\mults[2].mult_i.\U1.$sub$/home/juliana/venv_pytorch/lib/python3.12/site-packages/MAxPy/vlib/AxArith/multipliers/DRUM.v:88$713: $auto$alumacc.cc:485:replace_alu$1148
  creating $alu cell for $flatten\mults[2].mult_i.\U1.$sub$/home/juliana/venv_pytorch/lib/python3.12/site-packages/MAxPy/vlib/AxArith/multipliers/DRUM.v:89$716: $auto$alumacc.cc:485:replace_alu$1151
  creating $alu cell for $flatten\mults[3].mult_i.$add$/home/juliana/venv_pytorch/lib/python3.12/site-packages/MAxPy/vlib/AxArith/multipliers/DRUM.v:49$665: $auto$alumacc.cc:485:replace_alu$1154
  creating $alu cell for $flatten\mults[3].mult_i.$add$/home/juliana/venv_pytorch/lib/python3.12/site-packages/MAxPy/vlib/AxArith/multipliers/DRUM.v:50$670: $auto$alumacc.cc:485:replace_alu$1157
  creating $alu cell for $flatten\mults[3].mult_i.$add$/home/juliana/venv_pytorch/lib/python3.12/site-packages/MAxPy/vlib/AxArith/multipliers/DRUM.v:52$676: $auto$alumacc.cc:485:replace_alu$1160
  creating $alu cell for $flatten\mults[3].mult_i.\U1.$add$/home/juliana/venv_pytorch/lib/python3.12/site-packages/MAxPy/vlib/AxArith/multipliers/DRUM.v:93$723: $auto$alumacc.cc:485:replace_alu$1163
  creating $alu cell for $flatten\mults[3].mult_i.\U1.$sub$/home/juliana/venv_pytorch/lib/python3.12/site-packages/MAxPy/vlib/AxArith/multipliers/DRUM.v:88$713: $auto$alumacc.cc:485:replace_alu$1166
  creating $alu cell for $flatten\mults[3].mult_i.\U1.$sub$/home/juliana/venv_pytorch/lib/python3.12/site-packages/MAxPy/vlib/AxArith/multipliers/DRUM.v:89$716: $auto$alumacc.cc:485:replace_alu$1169
  creating $alu cell for $flatten\mults[4].mult_i.$add$/home/juliana/venv_pytorch/lib/python3.12/site-packages/MAxPy/vlib/AxArith/multipliers/DRUM.v:49$665: $auto$alumacc.cc:485:replace_alu$1172
  creating $alu cell for $flatten\mults[4].mult_i.$add$/home/juliana/venv_pytorch/lib/python3.12/site-packages/MAxPy/vlib/AxArith/multipliers/DRUM.v:50$670: $auto$alumacc.cc:485:replace_alu$1175
  creating $alu cell for $flatten\mults[4].mult_i.$add$/home/juliana/venv_pytorch/lib/python3.12/site-packages/MAxPy/vlib/AxArith/multipliers/DRUM.v:52$676: $auto$alumacc.cc:485:replace_alu$1178
  creating $alu cell for $flatten\mults[4].mult_i.\U1.$add$/home/juliana/venv_pytorch/lib/python3.12/site-packages/MAxPy/vlib/AxArith/multipliers/DRUM.v:93$723: $auto$alumacc.cc:485:replace_alu$1181
  creating $alu cell for $flatten\mults[4].mult_i.\U1.$sub$/home/juliana/venv_pytorch/lib/python3.12/site-packages/MAxPy/vlib/AxArith/multipliers/DRUM.v:88$713: $auto$alumacc.cc:485:replace_alu$1184
  creating $alu cell for $flatten\mults[4].mult_i.\U1.$sub$/home/juliana/venv_pytorch/lib/python3.12/site-packages/MAxPy/vlib/AxArith/multipliers/DRUM.v:89$716: $auto$alumacc.cc:485:replace_alu$1187
  creating $alu cell for $flatten\mults[5].mult_i.$add$/home/juliana/venv_pytorch/lib/python3.12/site-packages/MAxPy/vlib/AxArith/multipliers/DRUM.v:49$665: $auto$alumacc.cc:485:replace_alu$1190
  creating $alu cell for $flatten\mults[5].mult_i.$add$/home/juliana/venv_pytorch/lib/python3.12/site-packages/MAxPy/vlib/AxArith/multipliers/DRUM.v:50$670: $auto$alumacc.cc:485:replace_alu$1193
  creating $alu cell for $flatten\mults[5].mult_i.$add$/home/juliana/venv_pytorch/lib/python3.12/site-packages/MAxPy/vlib/AxArith/multipliers/DRUM.v:52$676: $auto$alumacc.cc:485:replace_alu$1196
  creating $alu cell for $flatten\mults[5].mult_i.\U1.$add$/home/juliana/venv_pytorch/lib/python3.12/site-packages/MAxPy/vlib/AxArith/multipliers/DRUM.v:93$723: $auto$alumacc.cc:485:replace_alu$1199
  creating $alu cell for $flatten\mults[5].mult_i.\U1.$sub$/home/juliana/venv_pytorch/lib/python3.12/site-packages/MAxPy/vlib/AxArith/multipliers/DRUM.v:88$713: $auto$alumacc.cc:485:replace_alu$1202
  creating $alu cell for $flatten\mults[5].mult_i.\U1.$sub$/home/juliana/venv_pytorch/lib/python3.12/site-packages/MAxPy/vlib/AxArith/multipliers/DRUM.v:89$716: $auto$alumacc.cc:485:replace_alu$1205
  creating $alu cell for $flatten\mults[6].mult_i.$add$/home/juliana/venv_pytorch/lib/python3.12/site-packages/MAxPy/vlib/AxArith/multipliers/DRUM.v:49$665: $auto$alumacc.cc:485:replace_alu$1208
  creating $alu cell for $flatten\mults[6].mult_i.$add$/home/juliana/venv_pytorch/lib/python3.12/site-packages/MAxPy/vlib/AxArith/multipliers/DRUM.v:50$670: $auto$alumacc.cc:485:replace_alu$1211
  creating $alu cell for $flatten\mults[6].mult_i.$add$/home/juliana/venv_pytorch/lib/python3.12/site-packages/MAxPy/vlib/AxArith/multipliers/DRUM.v:52$676: $auto$alumacc.cc:485:replace_alu$1214
  creating $alu cell for $flatten\mults[6].mult_i.\U1.$add$/home/juliana/venv_pytorch/lib/python3.12/site-packages/MAxPy/vlib/AxArith/multipliers/DRUM.v:93$723: $auto$alumacc.cc:485:replace_alu$1217
  creating $alu cell for $flatten\mults[6].mult_i.\U1.$sub$/home/juliana/venv_pytorch/lib/python3.12/site-packages/MAxPy/vlib/AxArith/multipliers/DRUM.v:88$713: $auto$alumacc.cc:485:replace_alu$1220
  creating $alu cell for $flatten\mults[6].mult_i.\U1.$sub$/home/juliana/venv_pytorch/lib/python3.12/site-packages/MAxPy/vlib/AxArith/multipliers/DRUM.v:89$716: $auto$alumacc.cc:485:replace_alu$1223
  creating $alu cell for $flatten\mults[7].mult_i.$add$/home/juliana/venv_pytorch/lib/python3.12/site-packages/MAxPy/vlib/AxArith/multipliers/DRUM.v:49$665: $auto$alumacc.cc:485:replace_alu$1226
  created 65 $alu and 9 $macc cells.

12.13. Executing SHARE pass (SAT-based resource sharing).
Found 8 cells in module neuron_intra_Nbits that may be considered for resource sharing.
  Analyzing resource sharing options for $flatten\mults[7].mult_i.\U1.\u7.$shl$/home/juliana/venv_pytorch/lib/python3.12/site-packages/MAxPy/vlib/AxArith/multipliers/DRUM.v:147$724 ($shl):
    Cell is always active. Therefore no sharing is possible.
  Analyzing resource sharing options for $flatten\mults[6].mult_i.\U1.\u7.$shl$/home/juliana/venv_pytorch/lib/python3.12/site-packages/MAxPy/vlib/AxArith/multipliers/DRUM.v:147$724 ($shl):
    Cell is always active. Therefore no sharing is possible.
  Analyzing resource sharing options for $flatten\mults[5].mult_i.\U1.\u7.$shl$/home/juliana/venv_pytorch/lib/python3.12/site-packages/MAxPy/vlib/AxArith/multipliers/DRUM.v:147$724 ($shl):
    Cell is always active. Therefore no sharing is possible.
  Analyzing resource sharing options for $flatten\mults[4].mult_i.\U1.\u7.$shl$/home/juliana/venv_pytorch/lib/python3.12/site-packages/MAxPy/vlib/AxArith/multipliers/DRUM.v:147$724 ($shl):
    Cell is always active. Therefore no sharing is possible.
  Analyzing resource sharing options for $flatten\mults[3].mult_i.\U1.\u7.$shl$/home/juliana/venv_pytorch/lib/python3.12/site-packages/MAxPy/vlib/AxArith/multipliers/DRUM.v:147$724 ($shl):
    Cell is always active. Therefore no sharing is possible.
  Analyzing resource sharing options for $flatten\mults[2].mult_i.\U1.\u7.$shl$/home/juliana/venv_pytorch/lib/python3.12/site-packages/MAxPy/vlib/AxArith/multipliers/DRUM.v:147$724 ($shl):
    Cell is always active. Therefore no sharing is possible.
  Analyzing resource sharing options for $flatten\mults[1].mult_i.\U1.\u7.$shl$/home/juliana/venv_pytorch/lib/python3.12/site-packages/MAxPy/vlib/AxArith/multipliers/DRUM.v:147$724 ($shl):
    Cell is always active. Therefore no sharing is possible.
  Analyzing resource sharing options for $flatten\mults[0].mult_i.\U1.\u7.$shl$/home/juliana/venv_pytorch/lib/python3.12/site-packages/MAxPy/vlib/AxArith/multipliers/DRUM.v:147$724 ($shl):
    Cell is always active. Therefore no sharing is possible.

12.14. Executing OPT pass (performing simple optimizations).

12.14.1. Executing OPT_EXPR pass (perform const folding).
Optimizing module neuron_intra_Nbits.
<suppressed ~32 debug messages>

12.14.2. Executing OPT_MERGE pass (detect identical cells).
Finding identical cells in module `\neuron_intra_Nbits'.
Removed a total of 0 cells.

12.14.3. Executing OPT_MUXTREE pass (detect dead branches in mux trees).
Running muxtree optimizer on module \neuron_intra_Nbits..
  Creating internal representation of mux trees.
  Evaluating internal representation of mux trees.
  Analyzing evaluation results.
Removed 0 multiplexer ports.
<suppressed ~185 debug messages>

12.14.4. Executing OPT_REDUCE pass (consolidate $*mux and $reduce_* inputs).
  Optimizing cells in module \neuron_intra_Nbits.
Performed a total of 0 changes.

12.14.5. Executing OPT_MERGE pass (detect identical cells).
Finding identical cells in module `\neuron_intra_Nbits'.
Removed a total of 0 cells.

12.14.6. Executing OPT_DFF pass (perform DFF optimizations).

12.14.7. Executing OPT_CLEAN pass (remove unused cells and wires).
Finding unused cells or wires in module \neuron_intra_Nbits..
Removed 22 unused cells and 35 unused wires.
<suppressed ~25 debug messages>

12.14.8. Executing OPT_EXPR pass (perform const folding).
Optimizing module neuron_intra_Nbits.

12.14.9. Rerunning OPT passes. (Maybe there is more to do..)

12.14.10. Executing OPT_MUXTREE pass (detect dead branches in mux trees).
Running muxtree optimizer on module \neuron_intra_Nbits..
  Creating internal representation of mux trees.
  Evaluating internal representation of mux trees.
  Analyzing evaluation results.
Removed 0 multiplexer ports.
<suppressed ~185 debug messages>

12.14.11. Executing OPT_REDUCE pass (consolidate $*mux and $reduce_* inputs).
  Optimizing cells in module \neuron_intra_Nbits.
Performed a total of 0 changes.

12.14.12. Executing OPT_MERGE pass (detect identical cells).
Finding identical cells in module `\neuron_intra_Nbits'.
Removed a total of 0 cells.

12.14.13. Executing OPT_DFF pass (perform DFF optimizations).

12.14.14. Executing OPT_CLEAN pass (remove unused cells and wires).
Finding unused cells or wires in module \neuron_intra_Nbits..

12.14.15. Executing OPT_EXPR pass (perform const folding).
Optimizing module neuron_intra_Nbits.

12.14.16. Finished OPT passes. (There is nothing left to do.)

12.15. Executing MEMORY pass.

12.15.1. Executing OPT_MEM pass (optimize memories).
Performed a total of 0 transformations.

12.15.2. Executing OPT_MEM_PRIORITY pass (removing unnecessary memory write priority relations).
Performed a total of 0 transformations.

12.15.3. Executing OPT_MEM_FEEDBACK pass (finding memory read-to-write feedback paths).

12.15.4. Executing MEMORY_BMUX2ROM pass (converting muxes to ROMs).

12.15.5. Executing MEMORY_DFF pass (merging $dff cells to $memrd).

12.15.6. Executing OPT_CLEAN pass (remove unused cells and wires).
Finding unused cells or wires in module \neuron_intra_Nbits..

12.15.7. Executing MEMORY_SHARE pass (consolidating $memrd/$memwr cells).

12.15.8. Executing OPT_MEM_WIDEN pass (optimize memories where all ports are wide).
Performed a total of 0 transformations.

12.15.9. Executing OPT_CLEAN pass (remove unused cells and wires).
Finding unused cells or wires in module \neuron_intra_Nbits..

12.15.10. Executing MEMORY_COLLECT pass (generating $mem cells).

12.16. Executing OPT_CLEAN pass (remove unused cells and wires).
Finding unused cells or wires in module \neuron_intra_Nbits..

12.17. Executing OPT pass (performing simple optimizations).

12.17.1. Executing OPT_EXPR pass (perform const folding).
Optimizing module neuron_intra_Nbits.
<suppressed ~148 debug messages>

12.17.2. Executing OPT_MERGE pass (detect identical cells).
Finding identical cells in module `\neuron_intra_Nbits'.
Removed a total of 0 cells.

12.17.3. Executing OPT_DFF pass (perform DFF optimizations).

12.17.4. Executing OPT_CLEAN pass (remove unused cells and wires).
Finding unused cells or wires in module \neuron_intra_Nbits..
Removed 35 unused cells and 51 unused wires.
<suppressed ~36 debug messages>

12.17.5. Finished fast OPT passes.

12.18. Executing MEMORY_MAP pass (converting memories to logic and flip-flops).

12.19. Executing OPT pass (performing simple optimizations).

12.19.1. Executing OPT_EXPR pass (perform const folding).
Optimizing module neuron_intra_Nbits.

12.19.2. Executing OPT_MERGE pass (detect identical cells).
Finding identical cells in module `\neuron_intra_Nbits'.
Removed a total of 0 cells.

12.19.3. Executing OPT_MUXTREE pass (detect dead branches in mux trees).
Running muxtree optimizer on module \neuron_intra_Nbits..
  Creating internal representation of mux trees.
  Evaluating internal representation of mux trees.
  Analyzing evaluation results.
Removed 0 multiplexer ports.
<suppressed ~169 debug messages>

12.19.4. Executing OPT_REDUCE pass (consolidate $*mux and $reduce_* inputs).
  Optimizing cells in module \neuron_intra_Nbits.
    Consolidated identical input bits for $mux cell $flatten\mults[0].mult_i.\U1.\u3.$procmux$872:
      Old ports: A=3'000, B=3'111, Y=$flatten\mults[0].mult_i.\U1.\u3.$1\out_a[2:0]
      New ports: A=1'0, B=1'1, Y=$flatten\mults[0].mult_i.\U1.\u3.$1\out_a[2:0] [0]
      New connections: $flatten\mults[0].mult_i.\U1.\u3.$1\out_a[2:0] [2:1] = { $flatten\mults[0].mult_i.\U1.\u3.$1\out_a[2:0] [0] $flatten\mults[0].mult_i.\U1.\u3.$1\out_a[2:0] [0] }
    Consolidated identical input bits for $mux cell $flatten\mults[0].mult_i.\U1.\u4.$procmux$872:
      Old ports: A=3'000, B=3'111, Y=$flatten\mults[0].mult_i.\U1.\u4.$1\out_a[2:0]
      New ports: A=1'0, B=1'1, Y=$flatten\mults[0].mult_i.\U1.\u4.$1\out_a[2:0] [0]
      New connections: $flatten\mults[0].mult_i.\U1.\u4.$1\out_a[2:0] [2:1] = { $flatten\mults[0].mult_i.\U1.\u4.$1\out_a[2:0] [0] $flatten\mults[0].mult_i.\U1.\u4.$1\out_a[2:0] [0] }
    Consolidated identical input bits for $mux cell $flatten\mults[1].mult_i.\U1.\u3.$procmux$872:
      Old ports: A=3'000, B=3'111, Y=$flatten\mults[1].mult_i.\U1.\u3.$1\out_a[2:0]
      New ports: A=1'0, B=1'1, Y=$flatten\mults[1].mult_i.\U1.\u3.$1\out_a[2:0] [0]
      New connections: $flatten\mults[1].mult_i.\U1.\u3.$1\out_a[2:0] [2:1] = { $flatten\mults[1].mult_i.\U1.\u3.$1\out_a[2:0] [0] $flatten\mults[1].mult_i.\U1.\u3.$1\out_a[2:0] [0] }
    Consolidated identical input bits for $mux cell $flatten\mults[1].mult_i.\U1.\u4.$procmux$872:
      Old ports: A=3'000, B=3'111, Y=$flatten\mults[1].mult_i.\U1.\u4.$1\out_a[2:0]
      New ports: A=1'0, B=1'1, Y=$flatten\mults[1].mult_i.\U1.\u4.$1\out_a[2:0] [0]
      New connections: $flatten\mults[1].mult_i.\U1.\u4.$1\out_a[2:0] [2:1] = { $flatten\mults[1].mult_i.\U1.\u4.$1\out_a[2:0] [0] $flatten\mults[1].mult_i.\U1.\u4.$1\out_a[2:0] [0] }
    Consolidated identical input bits for $mux cell $flatten\mults[2].mult_i.\U1.\u3.$procmux$872:
      Old ports: A=3'000, B=3'111, Y=$flatten\mults[2].mult_i.\U1.\u3.$1\out_a[2:0]
      New ports: A=1'0, B=1'1, Y=$flatten\mults[2].mult_i.\U1.\u3.$1\out_a[2:0] [0]
      New connections: $flatten\mults[2].mult_i.\U1.\u3.$1\out_a[2:0] [2:1] = { $flatten\mults[2].mult_i.\U1.\u3.$1\out_a[2:0] [0] $flatten\mults[2].mult_i.\U1.\u3.$1\out_a[2:0] [0] }
    Consolidated identical input bits for $mux cell $flatten\mults[2].mult_i.\U1.\u4.$procmux$872:
      Old ports: A=3'000, B=3'111, Y=$flatten\mults[2].mult_i.\U1.\u4.$1\out_a[2:0]
      New ports: A=1'0, B=1'1, Y=$flatten\mults[2].mult_i.\U1.\u4.$1\out_a[2:0] [0]
      New connections: $flatten\mults[2].mult_i.\U1.\u4.$1\out_a[2:0] [2:1] = { $flatten\mults[2].mult_i.\U1.\u4.$1\out_a[2:0] [0] $flatten\mults[2].mult_i.\U1.\u4.$1\out_a[2:0] [0] }
    Consolidated identical input bits for $mux cell $flatten\mults[3].mult_i.\U1.\u3.$procmux$872:
      Old ports: A=3'000, B=3'111, Y=$flatten\mults[3].mult_i.\U1.\u3.$1\out_a[2:0]
      New ports: A=1'0, B=1'1, Y=$flatten\mults[3].mult_i.\U1.\u3.$1\out_a[2:0] [0]
      New connections: $flatten\mults[3].mult_i.\U1.\u3.$1\out_a[2:0] [2:1] = { $flatten\mults[3].mult_i.\U1.\u3.$1\out_a[2:0] [0] $flatten\mults[3].mult_i.\U1.\u3.$1\out_a[2:0] [0] }
    Consolidated identical input bits for $mux cell $flatten\mults[3].mult_i.\U1.\u4.$procmux$872:
      Old ports: A=3'000, B=3'111, Y=$flatten\mults[3].mult_i.\U1.\u4.$1\out_a[2:0]
      New ports: A=1'0, B=1'1, Y=$flatten\mults[3].mult_i.\U1.\u4.$1\out_a[2:0] [0]
      New connections: $flatten\mults[3].mult_i.\U1.\u4.$1\out_a[2:0] [2:1] = { $flatten\mults[3].mult_i.\U1.\u4.$1\out_a[2:0] [0] $flatten\mults[3].mult_i.\U1.\u4.$1\out_a[2:0] [0] }
    Consolidated identical input bits for $mux cell $flatten\mults[4].mult_i.\U1.\u3.$procmux$872:
      Old ports: A=3'000, B=3'111, Y=$flatten\mults[4].mult_i.\U1.\u3.$1\out_a[2:0]
      New ports: A=1'0, B=1'1, Y=$flatten\mults[4].mult_i.\U1.\u3.$1\out_a[2:0] [0]
      New connections: $flatten\mults[4].mult_i.\U1.\u3.$1\out_a[2:0] [2:1] = { $flatten\mults[4].mult_i.\U1.\u3.$1\out_a[2:0] [0] $flatten\mults[4].mult_i.\U1.\u3.$1\out_a[2:0] [0] }
    Consolidated identical input bits for $mux cell $flatten\mults[4].mult_i.\U1.\u4.$procmux$872:
      Old ports: A=3'000, B=3'111, Y=$flatten\mults[4].mult_i.\U1.\u4.$1\out_a[2:0]
      New ports: A=1'0, B=1'1, Y=$flatten\mults[4].mult_i.\U1.\u4.$1\out_a[2:0] [0]
      New connections: $flatten\mults[4].mult_i.\U1.\u4.$1\out_a[2:0] [2:1] = { $flatten\mults[4].mult_i.\U1.\u4.$1\out_a[2:0] [0] $flatten\mults[4].mult_i.\U1.\u4.$1\out_a[2:0] [0] }
    Consolidated identical input bits for $mux cell $flatten\mults[5].mult_i.\U1.\u3.$procmux$872:
      Old ports: A=3'000, B=3'111, Y=$flatten\mults[5].mult_i.\U1.\u3.$1\out_a[2:0]
      New ports: A=1'0, B=1'1, Y=$flatten\mults[5].mult_i.\U1.\u3.$1\out_a[2:0] [0]
      New connections: $flatten\mults[5].mult_i.\U1.\u3.$1\out_a[2:0] [2:1] = { $flatten\mults[5].mult_i.\U1.\u3.$1\out_a[2:0] [0] $flatten\mults[5].mult_i.\U1.\u3.$1\out_a[2:0] [0] }
    Consolidated identical input bits for $mux cell $flatten\mults[5].mult_i.\U1.\u4.$procmux$872:
      Old ports: A=3'000, B=3'111, Y=$flatten\mults[5].mult_i.\U1.\u4.$1\out_a[2:0]
      New ports: A=1'0, B=1'1, Y=$flatten\mults[5].mult_i.\U1.\u4.$1\out_a[2:0] [0]
      New connections: $flatten\mults[5].mult_i.\U1.\u4.$1\out_a[2:0] [2:1] = { $flatten\mults[5].mult_i.\U1.\u4.$1\out_a[2:0] [0] $flatten\mults[5].mult_i.\U1.\u4.$1\out_a[2:0] [0] }
    Consolidated identical input bits for $mux cell $flatten\mults[6].mult_i.\U1.\u3.$procmux$872:
      Old ports: A=3'000, B=3'111, Y=$flatten\mults[6].mult_i.\U1.\u3.$1\out_a[2:0]
      New ports: A=1'0, B=1'1, Y=$flatten\mults[6].mult_i.\U1.\u3.$1\out_a[2:0] [0]
      New connections: $flatten\mults[6].mult_i.\U1.\u3.$1\out_a[2:0] [2:1] = { $flatten\mults[6].mult_i.\U1.\u3.$1\out_a[2:0] [0] $flatten\mults[6].mult_i.\U1.\u3.$1\out_a[2:0] [0] }
    Consolidated identical input bits for $mux cell $flatten\mults[6].mult_i.\U1.\u4.$procmux$872:
      Old ports: A=3'000, B=3'111, Y=$flatten\mults[6].mult_i.\U1.\u4.$1\out_a[2:0]
      New ports: A=1'0, B=1'1, Y=$flatten\mults[6].mult_i.\U1.\u4.$1\out_a[2:0] [0]
      New connections: $flatten\mults[6].mult_i.\U1.\u4.$1\out_a[2:0] [2:1] = { $flatten\mults[6].mult_i.\U1.\u4.$1\out_a[2:0] [0] $flatten\mults[6].mult_i.\U1.\u4.$1\out_a[2:0] [0] }
    Consolidated identical input bits for $mux cell $flatten\mults[7].mult_i.\U1.\u3.$procmux$872:
      Old ports: A=3'000, B=3'111, Y=$flatten\mults[7].mult_i.\U1.\u3.$1\out_a[2:0]
      New ports: A=1'0, B=1'1, Y=$flatten\mults[7].mult_i.\U1.\u3.$1\out_a[2:0] [0]
      New connections: $flatten\mults[7].mult_i.\U1.\u3.$1\out_a[2:0] [2:1] = { $flatten\mults[7].mult_i.\U1.\u3.$1\out_a[2:0] [0] $flatten\mults[7].mult_i.\U1.\u3.$1\out_a[2:0] [0] }
    Consolidated identical input bits for $mux cell $flatten\mults[7].mult_i.\U1.\u4.$procmux$872:
      Old ports: A=3'000, B=3'111, Y=$flatten\mults[7].mult_i.\U1.\u4.$1\out_a[2:0]
      New ports: A=1'0, B=1'1, Y=$flatten\mults[7].mult_i.\U1.\u4.$1\out_a[2:0] [0]
      New connections: $flatten\mults[7].mult_i.\U1.\u4.$1\out_a[2:0] [2:1] = { $flatten\mults[7].mult_i.\U1.\u4.$1\out_a[2:0] [0] $flatten\mults[7].mult_i.\U1.\u4.$1\out_a[2:0] [0] }
  Optimizing cells in module \neuron_intra_Nbits.
    Consolidated identical input bits for $mux cell $flatten\mults[0].mult_i.\U1.\u3.$procmux$869:
      Old ports: A=$flatten\mults[0].mult_i.\U1.\u3.$1\out_a[2:0], B=3'110, Y=$flatten\mults[0].mult_i.\U1.\u3.$2\out_a[2:0]
      New ports: A={ $flatten\mults[0].mult_i.\U1.\u3.$1\out_a[2:0] [0] $flatten\mults[0].mult_i.\U1.\u3.$1\out_a[2:0] [0] }, B=2'10, Y=$flatten\mults[0].mult_i.\U1.\u3.$2\out_a[2:0] [1:0]
      New connections: $flatten\mults[0].mult_i.\U1.\u3.$2\out_a[2:0] [2] = $flatten\mults[0].mult_i.\U1.\u3.$2\out_a[2:0] [1]
    Consolidated identical input bits for $mux cell $flatten\mults[0].mult_i.\U1.\u4.$procmux$869:
      Old ports: A=$flatten\mults[0].mult_i.\U1.\u4.$1\out_a[2:0], B=3'110, Y=$flatten\mults[0].mult_i.\U1.\u4.$2\out_a[2:0]
      New ports: A={ $flatten\mults[0].mult_i.\U1.\u4.$1\out_a[2:0] [0] $flatten\mults[0].mult_i.\U1.\u4.$1\out_a[2:0] [0] }, B=2'10, Y=$flatten\mults[0].mult_i.\U1.\u4.$2\out_a[2:0] [1:0]
      New connections: $flatten\mults[0].mult_i.\U1.\u4.$2\out_a[2:0] [2] = $flatten\mults[0].mult_i.\U1.\u4.$2\out_a[2:0] [1]
    Consolidated identical input bits for $mux cell $flatten\mults[1].mult_i.\U1.\u3.$procmux$869:
      Old ports: A=$flatten\mults[1].mult_i.\U1.\u3.$1\out_a[2:0], B=3'110, Y=$flatten\mults[1].mult_i.\U1.\u3.$2\out_a[2:0]
      New ports: A={ $flatten\mults[1].mult_i.\U1.\u3.$1\out_a[2:0] [0] $flatten\mults[1].mult_i.\U1.\u3.$1\out_a[2:0] [0] }, B=2'10, Y=$flatten\mults[1].mult_i.\U1.\u3.$2\out_a[2:0] [1:0]
      New connections: $flatten\mults[1].mult_i.\U1.\u3.$2\out_a[2:0] [2] = $flatten\mults[1].mult_i.\U1.\u3.$2\out_a[2:0] [1]
    Consolidated identical input bits for $mux cell $flatten\mults[1].mult_i.\U1.\u4.$procmux$869:
      Old ports: A=$flatten\mults[1].mult_i.\U1.\u4.$1\out_a[2:0], B=3'110, Y=$flatten\mults[1].mult_i.\U1.\u4.$2\out_a[2:0]
      New ports: A={ $flatten\mults[1].mult_i.\U1.\u4.$1\out_a[2:0] [0] $flatten\mults[1].mult_i.\U1.\u4.$1\out_a[2:0] [0] }, B=2'10, Y=$flatten\mults[1].mult_i.\U1.\u4.$2\out_a[2:0] [1:0]
      New connections: $flatten\mults[1].mult_i.\U1.\u4.$2\out_a[2:0] [2] = $flatten\mults[1].mult_i.\U1.\u4.$2\out_a[2:0] [1]
    Consolidated identical input bits for $mux cell $flatten\mults[2].mult_i.\U1.\u3.$procmux$869:
      Old ports: A=$flatten\mults[2].mult_i.\U1.\u3.$1\out_a[2:0], B=3'110, Y=$flatten\mults[2].mult_i.\U1.\u3.$2\out_a[2:0]
      New ports: A={ $flatten\mults[2].mult_i.\U1.\u3.$1\out_a[2:0] [0] $flatten\mults[2].mult_i.\U1.\u3.$1\out_a[2:0] [0] }, B=2'10, Y=$flatten\mults[2].mult_i.\U1.\u3.$2\out_a[2:0] [1:0]
      New connections: $flatten\mults[2].mult_i.\U1.\u3.$2\out_a[2:0] [2] = $flatten\mults[2].mult_i.\U1.\u3.$2\out_a[2:0] [1]
    Consolidated identical input bits for $mux cell $flatten\mults[2].mult_i.\U1.\u4.$procmux$869:
      Old ports: A=$flatten\mults[2].mult_i.\U1.\u4.$1\out_a[2:0], B=3'110, Y=$flatten\mults[2].mult_i.\U1.\u4.$2\out_a[2:0]
      New ports: A={ $flatten\mults[2].mult_i.\U1.\u4.$1\out_a[2:0] [0] $flatten\mults[2].mult_i.\U1.\u4.$1\out_a[2:0] [0] }, B=2'10, Y=$flatten\mults[2].mult_i.\U1.\u4.$2\out_a[2:0] [1:0]
      New connections: $flatten\mults[2].mult_i.\U1.\u4.$2\out_a[2:0] [2] = $flatten\mults[2].mult_i.\U1.\u4.$2\out_a[2:0] [1]
    Consolidated identical input bits for $mux cell $flatten\mults[3].mult_i.\U1.\u3.$procmux$869:
      Old ports: A=$flatten\mults[3].mult_i.\U1.\u3.$1\out_a[2:0], B=3'110, Y=$flatten\mults[3].mult_i.\U1.\u3.$2\out_a[2:0]
      New ports: A={ $flatten\mults[3].mult_i.\U1.\u3.$1\out_a[2:0] [0] $flatten\mults[3].mult_i.\U1.\u3.$1\out_a[2:0] [0] }, B=2'10, Y=$flatten\mults[3].mult_i.\U1.\u3.$2\out_a[2:0] [1:0]
      New connections: $flatten\mults[3].mult_i.\U1.\u3.$2\out_a[2:0] [2] = $flatten\mults[3].mult_i.\U1.\u3.$2\out_a[2:0] [1]
    Consolidated identical input bits for $mux cell $flatten\mults[3].mult_i.\U1.\u4.$procmux$869:
      Old ports: A=$flatten\mults[3].mult_i.\U1.\u4.$1\out_a[2:0], B=3'110, Y=$flatten\mults[3].mult_i.\U1.\u4.$2\out_a[2:0]
      New ports: A={ $flatten\mults[3].mult_i.\U1.\u4.$1\out_a[2:0] [0] $flatten\mults[3].mult_i.\U1.\u4.$1\out_a[2:0] [0] }, B=2'10, Y=$flatten\mults[3].mult_i.\U1.\u4.$2\out_a[2:0] [1:0]
      New connections: $flatten\mults[3].mult_i.\U1.\u4.$2\out_a[2:0] [2] = $flatten\mults[3].mult_i.\U1.\u4.$2\out_a[2:0] [1]
    Consolidated identical input bits for $mux cell $flatten\mults[4].mult_i.\U1.\u3.$procmux$869:
      Old ports: A=$flatten\mults[4].mult_i.\U1.\u3.$1\out_a[2:0], B=3'110, Y=$flatten\mults[4].mult_i.\U1.\u3.$2\out_a[2:0]
      New ports: A={ $flatten\mults[4].mult_i.\U1.\u3.$1\out_a[2:0] [0] $flatten\mults[4].mult_i.\U1.\u3.$1\out_a[2:0] [0] }, B=2'10, Y=$flatten\mults[4].mult_i.\U1.\u3.$2\out_a[2:0] [1:0]
      New connections: $flatten\mults[4].mult_i.\U1.\u3.$2\out_a[2:0] [2] = $flatten\mults[4].mult_i.\U1.\u3.$2\out_a[2:0] [1]
    Consolidated identical input bits for $mux cell $flatten\mults[4].mult_i.\U1.\u4.$procmux$869:
      Old ports: A=$flatten\mults[4].mult_i.\U1.\u4.$1\out_a[2:0], B=3'110, Y=$flatten\mults[4].mult_i.\U1.\u4.$2\out_a[2:0]
      New ports: A={ $flatten\mults[4].mult_i.\U1.\u4.$1\out_a[2:0] [0] $flatten\mults[4].mult_i.\U1.\u4.$1\out_a[2:0] [0] }, B=2'10, Y=$flatten\mults[4].mult_i.\U1.\u4.$2\out_a[2:0] [1:0]
      New connections: $flatten\mults[4].mult_i.\U1.\u4.$2\out_a[2:0] [2] = $flatten\mults[4].mult_i.\U1.\u4.$2\out_a[2:0] [1]
    Consolidated identical input bits for $mux cell $flatten\mults[5].mult_i.\U1.\u3.$procmux$869:
      Old ports: A=$flatten\mults[5].mult_i.\U1.\u3.$1\out_a[2:0], B=3'110, Y=$flatten\mults[5].mult_i.\U1.\u3.$2\out_a[2:0]
      New ports: A={ $flatten\mults[5].mult_i.\U1.\u3.$1\out_a[2:0] [0] $flatten\mults[5].mult_i.\U1.\u3.$1\out_a[2:0] [0] }, B=2'10, Y=$flatten\mults[5].mult_i.\U1.\u3.$2\out_a[2:0] [1:0]
      New connections: $flatten\mults[5].mult_i.\U1.\u3.$2\out_a[2:0] [2] = $flatten\mults[5].mult_i.\U1.\u3.$2\out_a[2:0] [1]
    Consolidated identical input bits for $mux cell $flatten\mults[5].mult_i.\U1.\u4.$procmux$869:
      Old ports: A=$flatten\mults[5].mult_i.\U1.\u4.$1\out_a[2:0], B=3'110, Y=$flatten\mults[5].mult_i.\U1.\u4.$2\out_a[2:0]
      New ports: A={ $flatten\mults[5].mult_i.\U1.\u4.$1\out_a[2:0] [0] $flatten\mults[5].mult_i.\U1.\u4.$1\out_a[2:0] [0] }, B=2'10, Y=$flatten\mults[5].mult_i.\U1.\u4.$2\out_a[2:0] [1:0]
      New connections: $flatten\mults[5].mult_i.\U1.\u4.$2\out_a[2:0] [2] = $flatten\mults[5].mult_i.\U1.\u4.$2\out_a[2:0] [1]
    Consolidated identical input bits for $mux cell $flatten\mults[6].mult_i.\U1.\u3.$procmux$869:
      Old ports: A=$flatten\mults[6].mult_i.\U1.\u3.$1\out_a[2:0], B=3'110, Y=$flatten\mults[6].mult_i.\U1.\u3.$2\out_a[2:0]
      New ports: A={ $flatten\mults[6].mult_i.\U1.\u3.$1\out_a[2:0] [0] $flatten\mults[6].mult_i.\U1.\u3.$1\out_a[2:0] [0] }, B=2'10, Y=$flatten\mults[6].mult_i.\U1.\u3.$2\out_a[2:0] [1:0]
      New connections: $flatten\mults[6].mult_i.\U1.\u3.$2\out_a[2:0] [2] = $flatten\mults[6].mult_i.\U1.\u3.$2\out_a[2:0] [1]
    Consolidated identical input bits for $mux cell $flatten\mults[6].mult_i.\U1.\u4.$procmux$869:
      Old ports: A=$flatten\mults[6].mult_i.\U1.\u4.$1\out_a[2:0], B=3'110, Y=$flatten\mults[6].mult_i.\U1.\u4.$2\out_a[2:0]
      New ports: A={ $flatten\mults[6].mult_i.\U1.\u4.$1\out_a[2:0] [0] $flatten\mults[6].mult_i.\U1.\u4.$1\out_a[2:0] [0] }, B=2'10, Y=$flatten\mults[6].mult_i.\U1.\u4.$2\out_a[2:0] [1:0]
      New connections: $flatten\mults[6].mult_i.\U1.\u4.$2\out_a[2:0] [2] = $flatten\mults[6].mult_i.\U1.\u4.$2\out_a[2:0] [1]
    Consolidated identical input bits for $mux cell $flatten\mults[7].mult_i.\U1.\u3.$procmux$869:
      Old ports: A=$flatten\mults[7].mult_i.\U1.\u3.$1\out_a[2:0], B=3'110, Y=$flatten\mults[7].mult_i.\U1.\u3.$2\out_a[2:0]
      New ports: A={ $flatten\mults[7].mult_i.\U1.\u3.$1\out_a[2:0] [0] $flatten\mults[7].mult_i.\U1.\u3.$1\out_a[2:0] [0] }, B=2'10, Y=$flatten\mults[7].mult_i.\U1.\u3.$2\out_a[2:0] [1:0]
      New connections: $flatten\mults[7].mult_i.\U1.\u3.$2\out_a[2:0] [2] = $flatten\mults[7].mult_i.\U1.\u3.$2\out_a[2:0] [1]
    Consolidated identical input bits for $mux cell $flatten\mults[7].mult_i.\U1.\u4.$procmux$869:
      Old ports: A=$flatten\mults[7].mult_i.\U1.\u4.$1\out_a[2:0], B=3'110, Y=$flatten\mults[7].mult_i.\U1.\u4.$2\out_a[2:0]
      New ports: A={ $flatten\mults[7].mult_i.\U1.\u4.$1\out_a[2:0] [0] $flatten\mults[7].mult_i.\U1.\u4.$1\out_a[2:0] [0] }, B=2'10, Y=$flatten\mults[7].mult_i.\U1.\u4.$2\out_a[2:0] [1:0]
      New connections: $flatten\mults[7].mult_i.\U1.\u4.$2\out_a[2:0] [2] = $flatten\mults[7].mult_i.\U1.\u4.$2\out_a[2:0] [1]
  Optimizing cells in module \neuron_intra_Nbits.
Performed a total of 32 changes.

12.19.5. Executing OPT_MERGE pass (detect identical cells).
Finding identical cells in module `\neuron_intra_Nbits'.
Removed a total of 0 cells.

12.19.6. Executing OPT_SHARE pass.

12.19.7. Executing OPT_DFF pass (perform DFF optimizations).

12.19.8. Executing OPT_CLEAN pass (remove unused cells and wires).
Finding unused cells or wires in module \neuron_intra_Nbits..

12.19.9. Executing OPT_EXPR pass (perform const folding).
Optimizing module neuron_intra_Nbits.
<suppressed ~16 debug messages>

12.19.10. Rerunning OPT passes. (Maybe there is more to do..)

12.19.11. Executing OPT_MUXTREE pass (detect dead branches in mux trees).
Running muxtree optimizer on module \neuron_intra_Nbits..
  Creating internal representation of mux trees.
  Evaluating internal representation of mux trees.
  Analyzing evaluation results.
Removed 0 multiplexer ports.
<suppressed ~169 debug messages>

12.19.12. Executing OPT_REDUCE pass (consolidate $*mux and $reduce_* inputs).
  Optimizing cells in module \neuron_intra_Nbits.
Performed a total of 0 changes.

12.19.13. Executing OPT_MERGE pass (detect identical cells).
Finding identical cells in module `\neuron_intra_Nbits'.
Removed a total of 0 cells.

12.19.14. Executing OPT_SHARE pass.

12.19.15. Executing OPT_DFF pass (perform DFF optimizations).

12.19.16. Executing OPT_CLEAN pass (remove unused cells and wires).
Finding unused cells or wires in module \neuron_intra_Nbits..
Removed 0 unused cells and 16 unused wires.
<suppressed ~1 debug messages>

12.19.17. Executing OPT_EXPR pass (perform const folding).
Optimizing module neuron_intra_Nbits.

12.19.18. Rerunning OPT passes. (Maybe there is more to do..)

12.19.19. Executing OPT_MUXTREE pass (detect dead branches in mux trees).
Running muxtree optimizer on module \neuron_intra_Nbits..
  Creating internal representation of mux trees.
  Evaluating internal representation of mux trees.
  Analyzing evaluation results.
Removed 0 multiplexer ports.
<suppressed ~169 debug messages>

12.19.20. Executing OPT_REDUCE pass (consolidate $*mux and $reduce_* inputs).
  Optimizing cells in module \neuron_intra_Nbits.
Performed a total of 0 changes.

12.19.21. Executing OPT_MERGE pass (detect identical cells).
Finding identical cells in module `\neuron_intra_Nbits'.
Removed a total of 0 cells.

12.19.22. Executing OPT_SHARE pass.

12.19.23. Executing OPT_DFF pass (perform DFF optimizations).

12.19.24. Executing OPT_CLEAN pass (remove unused cells and wires).
Finding unused cells or wires in module \neuron_intra_Nbits..

12.19.25. Executing OPT_EXPR pass (perform const folding).
Optimizing module neuron_intra_Nbits.

12.19.26. Finished OPT passes. (There is nothing left to do.)

12.20. Executing TECHMAP pass (map to technology primitives).

12.20.1. Executing Verilog-2005 frontend: /usr/bin/../share/yosys/techmap.v
Parsing Verilog input from `/usr/bin/../share/yosys/techmap.v' to AST representation.
Generating RTLIL representation for module `\_90_simplemap_bool_ops'.
Generating RTLIL representation for module `\_90_simplemap_reduce_ops'.
Generating RTLIL representation for module `\_90_simplemap_logic_ops'.
Generating RTLIL representation for module `\_90_simplemap_compare_ops'.
Generating RTLIL representation for module `\_90_simplemap_various'.
Generating RTLIL representation for module `\_90_simplemap_registers'.
Generating RTLIL representation for module `\_90_shift_ops_shr_shl_sshl_sshr'.
Generating RTLIL representation for module `\_90_shift_shiftx'.
Generating RTLIL representation for module `\_90_fa'.
Generating RTLIL representation for module `\_90_lcu'.
Generating RTLIL representation for module `\_90_alu'.
Generating RTLIL representation for module `\_90_macc'.
Generating RTLIL representation for module `\_90_alumacc'.
Generating RTLIL representation for module `\$__div_mod_u'.
Generating RTLIL representation for module `\$__div_mod_trunc'.
Generating RTLIL representation for module `\_90_div'.
Generating RTLIL representation for module `\_90_mod'.
Generating RTLIL representation for module `\$__div_mod_floor'.
Generating RTLIL representation for module `\_90_divfloor'.
Generating RTLIL representation for module `\_90_modfloor'.
Generating RTLIL representation for module `\_90_pow'.
Generating RTLIL representation for module `\_90_pmux'.
Generating RTLIL representation for module `\_90_demux'.
Generating RTLIL representation for module `\_90_lut'.
Successfully finished Verilog frontend.

12.20.2. Continuing TECHMAP pass.
Using extmapper simplemap for cells of type $not.
Using extmapper maccmap for cells of type $macc.
  add \mults[1].mult_i.U1.mm * \mults[1].mult_i.U1.nn (4x4 bits, unsigned)
Using extmapper simplemap for cells of type $adffe.
Using extmapper simplemap for cells of type $and.
Using extmapper simplemap for cells of type $eq.
Using extmapper simplemap for cells of type $mux.
Using template $paramod$c3cd1564c35d873179656addd6052d7ea8b6d991\_90_alu for cells of type $alu.
Using template $paramod$adbaf76fa5a3091a329503792521395f8ff4d1a4\_90_alu for cells of type $alu.
  add \mults[2].mult_i.U1.mm * \mults[2].mult_i.U1.nn (4x4 bits, unsigned)
Using template $paramod$2116a631f856d4d4902c2618dca73dafa3b8c9c0\_90_alu for cells of type $alu.
Using template $paramod$0563fff2c395e9892f21c131fa33d5e0ad144e72\_90_alu for cells of type $alu.
Using template $paramod$constmap:6131253bf4dffc33bd8202dc8f33f9c226c5c980$paramod$20922950378e956ec563ae959f0d9c5eecccda9f\_90_shift_ops_shr_shl_sshl_sshr for cells of type $shl.
Using extmapper simplemap for cells of type $xor.
  add \mults[0].mult_i.U1.mm * \mults[0].mult_i.U1.nn (4x4 bits, unsigned)
  add \mults[0].mult_i.r [7:0] (8 bits, unsigned)
  add \mults[4].mult_i.r [7:0] (8 bits, unsigned)
  add \mults[2].mult_i.r [7:0] (8 bits, unsigned)
  add \mults[1].mult_i.r [7:0] (8 bits, unsigned)
  add \mults[6].mult_i.r [7:0] (8 bits, unsigned)
  add \mults[5].mult_i.r [7:0] (8 bits, unsigned)
  add \mults[3].mult_i.r [7:0] (8 bits, unsigned)
  add \mults[7].mult_i.r [7:0] (8 bits, unsigned)
  add \mults[6].mult_i.U1.mm * \mults[6].mult_i.U1.nn (4x4 bits, unsigned)
Using template $paramod$2b92fd785475f42ae19f23311007c6c03080291e\_90_alu for cells of type $alu.
  add \mults[3].mult_i.U1.mm * \mults[3].mult_i.U1.nn (4x4 bits, unsigned)
  add \mults[5].mult_i.U1.mm * \mults[5].mult_i.U1.nn (4x4 bits, unsigned)
  add \mults[4].mult_i.U1.mm * \mults[4].mult_i.U1.nn (4x4 bits, unsigned)
  add \mults[7].mult_i.U1.mm * \mults[7].mult_i.U1.nn (4x4 bits, unsigned)
Using template $paramod\_90_fa\WIDTH=32'00000000000000000000000000001000 for cells of type $fa.
Using template $paramod$a1bc51c02ce12ac21eb18988e83292af48ed7d72\_90_alu for cells of type $alu.
Using extmapper simplemap for cells of type $pos.
Using template $paramod\_90_lcu\WIDTH=32'00000000000000000000000000000001 for cells of type $lcu.
Using template $paramod\_90_lcu\WIDTH=32'00000000000000000000000000001000 for cells of type $lcu.
Using template $paramod\_90_lcu\WIDTH=32'00000000000000000000000000000011 for cells of type $lcu.
Using template $paramod\_90_lcu\WIDTH=32'00000000000000000000000000000100 for cells of type $lcu.
Using template $paramod\_90_lcu\WIDTH=32'00000000000000000000000000000101 for cells of type $lcu.
Using extmapper simplemap for cells of type $or.
No more expansions possible.
<suppressed ~3458 debug messages>

12.21. Executing OPT pass (performing simple optimizations).

12.21.1. Executing OPT_EXPR pass (perform const folding).
Optimizing module neuron_intra_Nbits.
<suppressed ~3174 debug messages>

12.21.2. Executing OPT_MERGE pass (detect identical cells).
Finding identical cells in module `\neuron_intra_Nbits'.
<suppressed ~576 debug messages>
Removed a total of 192 cells.

12.21.3. Executing OPT_DFF pass (perform DFF optimizations).

12.21.4. Executing OPT_CLEAN pass (remove unused cells and wires).
Finding unused cells or wires in module \neuron_intra_Nbits..
Removed 258 unused cells and 3215 unused wires.
<suppressed ~259 debug messages>

12.21.5. Finished fast OPT passes.

12.22. Executing ABC pass (technology mapping using ABC).

12.22.1. Extracting gate netlist of module `\neuron_intra_Nbits' to `<abc-temp-dir>/input.blif'..
Extracted 2763 gates and 2837 wires to a netlist network with 72 inputs and 12 outputs.

12.22.1.1. Executing ABC.
Running ABC command: "<yosys-exe-dir>/yosys-abc" -s -f <abc-temp-dir>/abc.script 2>&1
ABC: ABC command line: "source <abc-temp-dir>/abc.script".
ABC: 
ABC: + read_blif <abc-temp-dir>/input.blif 
ABC: + read_library <abc-temp-dir>/stdcells.genlib 
ABC: Entered genlib library with 13 gates from file "<abc-temp-dir>/stdcells.genlib".
ABC: + strash 
ABC: + dretime 
ABC: + map 
ABC: + write_blif <abc-temp-dir>/output.blif 

12.22.1.2. Re-integrating ABC results.
ABC RESULTS:              NAND cells:       50
ABC RESULTS:               AND cells:       87
ABC RESULTS:             ORNOT cells:      149
ABC RESULTS:              XNOR cells:      152
ABC RESULTS:               NOR cells:      243
ABC RESULTS:               NOT cells:      134
ABC RESULTS:               MUX cells:      352
ABC RESULTS:                OR cells:      498
ABC RESULTS:            ANDNOT cells:      567
ABC RESULTS:               XOR cells:      258
ABC RESULTS:        internal signals:     2753
ABC RESULTS:           input signals:       72
ABC RESULTS:          output signals:       12
Removing temp directory.

12.23. Executing OPT pass (performing simple optimizations).

12.23.1. Executing OPT_EXPR pass (perform const folding).
Optimizing module neuron_intra_Nbits.
<suppressed ~36 debug messages>

12.23.2. Executing OPT_MERGE pass (detect identical cells).
Finding identical cells in module `\neuron_intra_Nbits'.
<suppressed ~336 debug messages>
Removed a total of 112 cells.

12.23.3. Executing OPT_DFF pass (perform DFF optimizations).

12.23.4. Executing OPT_CLEAN pass (remove unused cells and wires).
Finding unused cells or wires in module \neuron_intra_Nbits..
Removed 0 unused cells and 1086 unused wires.
<suppressed ~153 debug messages>

12.23.5. Finished fast OPT passes.

12.24. Executing HIERARCHY pass (managing design hierarchy).

12.24.1. Analyzing design hierarchy..
Top module:  \neuron_intra_Nbits

12.24.2. Analyzing design hierarchy..
Top module:  \neuron_intra_Nbits
Removed 0 unused modules.

12.25. Printing statistics.

=== neuron_intra_Nbits ===

   Number of wires:               2625
   Number of wire bits:           5921
   Number of public wires:         259
   Number of public wire bits:    3555
   Number of memories:               0
   Number of memory bits:            0
   Number of processes:              0
   Number of cells:               2390
     $_ANDNOT_                     489
     $_AND_                         87
     $_DFFE_PP0P_                   12
     $_MUX_                        352
     $_NAND_                        50
     $_NOR_                        231
     $_NOT_                        134
     $_ORNOT_                      149
     $_OR_                         476
     $_XNOR_                       152
     $_XOR_                        258

12.26. Executing CHECK pass (checking for obvious problems).
Checking module neuron_intra_Nbits...
Found and reported 0 problems.
Removed 0 unused cells and 250 unused wires.

13. Executing DFFLIBMAP pass (mapping DFF cells to sequential cells from liberty file).
Warning: Found unsupported expression 'SE*SI+!SE*D' in pin attribute of cell 'SDFFRNQ_X1' - skipping.
Warning: Found unsupported expression 'SE*SI+!SE*D' in pin attribute of cell 'SDFFSNQ_X1' - skipping.
Warning: Found unsupported expression 'SE*SI+!SE*D' in pin attribute of cell 'SDFFRNQ_X1' - skipping.
Warning: Found unsupported expression 'SE*SI+!SE*D' in pin attribute of cell 'SDFFSNQ_X1' - skipping.
  cell DFFRNQ_X1 (noninv, pins=4, area=1.28) is a direct match for cell type $_DFF_PN0_.
Warning: Found unsupported expression 'SE*SI+!SE*D' in pin attribute of cell 'SDFFRNQ_X1' - skipping.
Warning: Found unsupported expression 'SE*SI+!SE*D' in pin attribute of cell 'SDFFSNQ_X1' - skipping.
  cell DFFSNQ_X1 (noninv, pins=4, area=1.28) is a direct match for cell type $_DFF_PN1_.
Warning: Found unsupported expression 'SE*SI+!SE*D' in pin attribute of cell 'SDFFRNQ_X1' - skipping.
Warning: Found unsupported expression 'SE*SI+!SE*D' in pin attribute of cell 'SDFFSNQ_X1' - skipping.
Warning: Found unsupported expression 'SE*SI+!SE*D' in pin attribute of cell 'SDFFRNQ_X1' - skipping.
Warning: Found unsupported expression 'SE*SI+!SE*D' in pin attribute of cell 'SDFFSNQ_X1' - skipping.
Warning: Found unsupported expression 'SE*SI+!SE*D' in pin attribute of cell 'SDFFRNQ_X1' - skipping.
Warning: Found unsupported expression 'SE*SI+!SE*D' in pin attribute of cell 'SDFFSNQ_X1' - skipping.
Warning: Found unsupported expression 'SE*SI+!SE*D' in pin attribute of cell 'SDFFRNQ_X1' - skipping.
Warning: Found unsupported expression 'SE*SI+!SE*D' in pin attribute of cell 'SDFFSNQ_X1' - skipping.
Warning: Found unsupported expression 'SE*SI+!SE*D' in pin attribute of cell 'SDFFRNQ_X1' - skipping.
Warning: Found unsupported expression 'SE*SI+!SE*D' in pin attribute of cell 'SDFFSNQ_X1' - skipping.
Warning: Found unsupported expression 'SE*SI+!SE*D' in pin attribute of cell 'SDFFRNQ_X1' - skipping.
Warning: Found unsupported expression 'SE*SI+!SE*D' in pin attribute of cell 'SDFFSNQ_X1' - skipping.
  final dff cell mappings:
    unmapped dff cell: $_DFF_N_
    unmapped dff cell: $_DFF_P_
    unmapped dff cell: $_DFF_NN0_
    unmapped dff cell: $_DFF_NN1_
    unmapped dff cell: $_DFF_NP0_
    unmapped dff cell: $_DFF_NP1_
    \DFFRNQ_X1 _DFF_PN0_ (.CLK( C), .D( D), .Q( Q), .RN( R));
    \DFFSNQ_X1 _DFF_PN1_ (.CLK( C), .D( D), .Q( Q), .SN( R));
    unmapped dff cell: $_DFF_PP0_
    unmapped dff cell: $_DFF_PP1_
    unmapped dff cell: $_DFFSR_NNN_
    unmapped dff cell: $_DFFSR_NNP_
    unmapped dff cell: $_DFFSR_NPN_
    unmapped dff cell: $_DFFSR_NPP_
    unmapped dff cell: $_DFFSR_PNN_
    unmapped dff cell: $_DFFSR_PNP_
    unmapped dff cell: $_DFFSR_PPN_
    unmapped dff cell: $_DFFSR_PPP_

13.1. Executing DFFLEGALIZE pass (convert FFs to types supported by the target).
Mapping DFF cells in module `\neuron_intra_Nbits':
  mapped 12 $_DFF_PN0_ cells to \DFFRNQ_X1 cells.

14. Executing ABC pass (technology mapping using ABC).

14.1. Extracting gate netlist of module `\neuron_intra_Nbits' to `<abc-temp-dir>/input.blif'..
Extracted 2402 gates and 2480 wires to a netlist network with 78 inputs and 24 outputs.

14.1.1. Executing ABC.
Running ABC command: "<yosys-exe-dir>/yosys-abc" -s -f <abc-temp-dir>/abc.script 2>&1
ABC: ABC command line: "source <abc-temp-dir>/abc.script".
ABC: 
ABC: + read_blif <abc-temp-dir>/input.blif 
ABC: + read_lib -w /home/juliana/venv_pytorch/lib/python3.12/site-packages/MAxPy/pdk/NanGate15nm.lib 
ABC: Parsing finished successfully.  Parsing time =     0.01 sec
ABC: Scl_LibertyReadGenlib() skipped cell "ANTENNA" due to dont_use attribute.
ABC: Scl_LibertyReadGenlib() skipped cell "CLKGATETST_X1" without logic function.
ABC: Scl_LibertyReadGenlib() skipped sequential cell "DFFRNQ_X1".
ABC: Scl_LibertyReadGenlib() skipped sequential cell "DFFSNQ_X1".
ABC: Scl_LibertyReadGenlib() skipped cell "FILLTIE" due to dont_use attribute.
ABC: Scl_LibertyReadGenlib() skipped cell "FILL_X1" due to dont_use attribute.
ABC: Scl_LibertyReadGenlib() skipped cell "FILL_X2" due to dont_use attribute.
ABC: Scl_LibertyReadGenlib() skipped cell "FILL_X4" due to dont_use attribute.
ABC: Scl_LibertyReadGenlib() skipped cell "FILL_X8" due to dont_use attribute.
ABC: Scl_LibertyReadGenlib() skipped cell "FILL_X16" due to dont_use attribute.
ABC: Scl_LibertyReadGenlib() skipped sequential cell "LHQ_X1".
ABC: Scl_LibertyReadGenlib() skipped sequential cell "SDFFRNQ_X1".
ABC: Scl_LibertyReadGenlib() skipped sequential cell "SDFFSNQ_X1".
ABC: Scl_LibertyReadGenlib() skipped three-state cell "TBUF_X1".
ABC: Scl_LibertyReadGenlib() skipped three-state cell "TBUF_X2".
ABC: Scl_LibertyReadGenlib() skipped three-state cell "TBUF_X4".
ABC: Scl_LibertyReadGenlib() skipped three-state cell "TBUF_X8".
ABC: Scl_LibertyReadGenlib() skipped three-state cell "TBUF_X12".
ABC: Scl_LibertyReadGenlib() skipped three-state cell "TBUF_X16".
ABC: Scl_LibertyReadGenlib() skipped cell "TIEH" due to dont_use attribute.
ABC: Scl_LibertyReadGenlib() skipped cell "TIEL" due to dont_use attribute.
ABC: Library "NanGate_15nm_OCL" from "/home/juliana/venv_pytorch/lib/python3.12/site-packages/MAxPy/pdk/NanGate15nm.lib" has 55 cells (12 skipped: 5 seq; 6 tri-state; 1 no func; 9 dont_use).  Time =     0.03 sec
ABC: Memory =    3.72 MB. Time =     0.03 sec
ABC: Warning: Detected 2 multi-output gates (for example, "FA_X1").
ABC: + strash 
ABC: + &get -n 
ABC: + &fraig -x 
ABC: + &put 
ABC: + scorr 
ABC: Warning: The network is combinational (run "fraig" or "fraig_sweep").
ABC: + dc2 
ABC: + dretime 
ABC: + strash 
ABC: + &get -n 
ABC: + &dch -f 
ABC: + &nf 
ABC: + &put 
ABC: + write_blif <abc-temp-dir>/output.blif 

14.1.2. Re-integrating ABC results.
ABC RESULTS:            OR4_X1 cells:        1
ABC RESULTS:          NAND4_X1 cells:       10
ABC RESULTS:           AND4_X1 cells:       13
ABC RESULTS:          AOI22_X1 cells:       40
ABC RESULTS:          OAI22_X1 cells:       21
ABC RESULTS:           AND3_X1 cells:       10
ABC RESULTS:            OR3_X1 cells:        7
ABC RESULTS:           NOR3_X1 cells:       27
ABC RESULTS:            OR2_X1 cells:       14
ABC RESULTS:           XOR2_X1 cells:       57
ABC RESULTS:          XNOR2_X1 cells:      132
ABC RESULTS:           MUX2_X1 cells:        1
ABC RESULTS:           AND2_X1 cells:       33
ABC RESULTS:          NAND3_X1 cells:       22
ABC RESULTS:           NOR4_X1 cells:       18
ABC RESULTS:           NOR2_X1 cells:      105
ABC RESULTS:          AOI21_X1 cells:       66
ABC RESULTS:          OAI21_X1 cells:       80
ABC RESULTS:          NAND2_X1 cells:      133
ABC RESULTS:            INV_X1 cells:       84
ABC RESULTS:        internal signals:     2378
ABC RESULTS:           input signals:       78
ABC RESULTS:          output signals:       24
Removing temp directory.
Removed 0 unused cells and 2470 unused wires.

15. Executing Verilog backend.
Dumping module `\neuron_intra_Nbits'.

Warnings: 81 unique messages, 190 total
End of script. Logfile hash: 73eb8a41ea, CPU: user 2.22s system 0.03s, MEM: 59.70 MB peak
Yosys 0.33 (git sha1 2584903a060)
Time spent: 21% 35x opt_expr (0 sec), 19% 2x abc (0 sec), ...
Synth command exit code: 0