TMPDIR is being set to /tmp/genus_temp_1040146_cadmicro-el8-02.inf.ufrgs.br_juliana.vargas_RTD62q
Cadence Genus(TM) Synthesis Solution.
Copyright 2024 Cadence Design Systems, Inc. All rights reserved worldwide.
Cadence and the Cadence logo are registered trademarks and Genus is a trademark
of Cadence Design Systems, Inc. in the United States and other countries.

[00:36:01.196433] Configured Lic search path (23.02-s003): 5280@pgmicro01.ufrgs.br

Version: 23.12-s086_1, built Wed Jul 24 15:05:35 PDT 2024
Options: -batch -files synth_script.tcl 
Date:    Thu Oct 09 00:36:01 2025
Host:    cadmicro-el8-02.inf.ufrgs.br (x86_64 w/Linux 4.18.0-553.58.1.el8_10.x86_64) (32cores*64cpus*2physical cpus*QEMU Virtual CPU version 2.5+ 16384KB) (198008280KB)
PID:     1040146
OS:      Rocky Linux release 8.10 (Green Obsidian)

Checking out license: Genus_Synthesis
[00:36:01.237531] Periodic Lic check successful
[00:36:01.237539] Feature usage summary:
[00:36:01.237539] Genus_Synthesis



***********************************************************************************************************
***********************************************************************************************************



Finished executable startup (1 second elapsed).

Loading tool scripts...
Finished loading tool scripts (15 seconds elapsed).

#@ Processing -files option
@genus:root: 1> source synth_script.tcl
#@ Begin verbose source ./synth_script.tcl
@file(synth_script.tcl) 1: set DESIGN neuron_intra_Nbits
@file(synth_script.tcl) 3: set FILES neuron_intra_Nbits.v
@file(synth_script.tcl) 5: set_db init_hdl_search_path ../rtl
  Setting attribute of root '/': 'init_hdl_search_path' = ../rtl
@file(synth_script.tcl) 7: set_db syn_generic_effort high
  Setting attribute of root '/': 'syn_generic_effort' = high
@file(synth_script.tcl) 8: set_db syn_map_effort high
  Setting attribute of root '/': 'syn_map_effort' = high
@file(synth_script.tcl) 9: set_db syn_opt_effort high
  Setting attribute of root '/': 'syn_opt_effort' = high
@file(synth_script.tcl) 13: read_libs { /pdk/cadence/gpdk045/gsclib045_all_v4.4/gsclib045/timing/slow_vdd1v0_basicCells.lib /pdk/cadence/gpdk045/gsclib045_all_v4.4/gsclib045/timing/slow_vdd1v0_extvdd1v0.lib /pdk/cadence/gpdk045/gsclib045_all_v4.4/gsclib045/timing/slow_vdd1v0_multibitsDFF.lib }

Reading library /pdk/cadence/gpdk045/gsclib045_all_v4.4/gsclib045/timing/slow_vdd1v0_multibitsDFF.lib
  Message Summary for Library all 3 libraries:
  ********************************************
  Missing a function attribute in the output pin definition. [LBR-518]: 49
  Appending library. [LBR-3]: 1
  ********************************************
 
Info    : Created nominal operating condition. [LBR-412]
        : Operating condition '_nominal_' was created for the PVT values (1.000000, 0.900000, 125.000000) in library 'slow_vdd1v0_multibitsDFF.lib'.
        : The nominal operating condition is represented, either by the nominal PVT values specified in the library source (via nom_process,nom_voltage and nom_temperature respectively), or by the default PVT values (1.0,1.0,1.0).
Warning : Ignoring unsupported lu_table_template. [LBR-403]
        : Ignoring lu_table_template index type (input_voltage).
        : LBR-403 is issued when an unsupported lu_table_template is encountered by GENUS.
Info    : Created nominal operating condition. [LBR-412]
        : Operating condition '_nominal_' was created for the PVT values (1.000000, 0.900000, 125.000000) in library 'slow_vdd1v0_extvdd1v0.lib'.
Warning : Library cell has no output pins defined. [LBR-9]
        : Library cell 'ANTENNA' must have an output pin.
        : Add the missing output pin(s), then reload the library. Else the library cell will be marked as timing model i.e. unusable. Timing_model means that the cell does not have any defined function. If there is no output pin, Genus will mark library cell as unusable i.e. the attribute 'usable' will be marked to 'false' on the libcell. Therefore, the cell is not used for mapping and it will not be picked up from the library for synthesis. If you query the attribute 'unusable_reason' on the libcell; result will be: 'Library cell has no output pins.'Note: The message LBR-9 is only for the logical pins and not for the power_ground pins. Genus will depend upon the output function defined in the pin group (output pin) of the cell, to use it for mapping. The pg_pin will not have any function defined.
Warning : Library cell has no output pins defined. [LBR-9]
        : Library cell 'ANTENNA' must have an output pin.
Warning : Library cell has no output pins defined. [LBR-9]
        : Library cell 'DECAP10' must have an output pin.
Warning : Library cell has no output pins defined. [LBR-9]
        : Library cell 'DECAP10' must have an output pin.
Warning : Library cell has no output pins defined. [LBR-9]
        : Library cell 'DECAP2' must have an output pin.
Warning : Library cell has no output pins defined. [LBR-9]
        : Library cell 'DECAP2' must have an output pin.
Warning : Library cell has no output pins defined. [LBR-9]
        : Library cell 'DECAP3' must have an output pin.
Warning : Library cell has no output pins defined. [LBR-9]
        : Library cell 'DECAP3' must have an output pin.
Warning : Library cell has no output pins defined. [LBR-9]
        : Library cell 'DECAP4' must have an output pin.
Warning : Library cell has no output pins defined. [LBR-9]
        : Library cell 'DECAP4' must have an output pin.
Warning : Library cell has no output pins defined. [LBR-9]
        : Library cell 'DECAP5' must have an output pin.
Warning : Library cell has no output pins defined. [LBR-9]
        : Library cell 'DECAP5' must have an output pin.
Warning : Library cell has no output pins defined. [LBR-9]
        : Library cell 'DECAP6' must have an output pin.
Warning : Library cell has no output pins defined. [LBR-9]
        : Library cell 'DECAP6' must have an output pin.
Warning : Library cell has no output pins defined. [LBR-9]
        : Library cell 'DECAP7' must have an output pin.
Warning : Library cell has no output pins defined. [LBR-9]
        : Library cell 'DECAP7' must have an output pin.
Warning : Library cell has no output pins defined. [LBR-9]
        : Library cell 'DECAP8' must have an output pin.
Warning : Library cell has no output pins defined. [LBR-9]
        : Library cell 'DECAP8' must have an output pin.
Warning : Library cell has no output pins defined. [LBR-9]
        : Library cell 'DECAP9' must have an output pin.
Warning : Library cell has no output pins defined. [LBR-9]
        : Library cell 'DECAP9' must have an output pin.
@file(synth_script.tcl) 15: read_physical -lef { /pdk/cadence/gpdk045/gsclib045_all_v4.4/gsclib045/lef/gsclib045_macro.lef /pdk/cadence/gpdk045/gsclib045_all_v4.4/gsclib045/lef/gsclib045_multibitsDFF.lef /pdk/cadence/gpdk045/gsclib045_all_v4.4/gsclib045/lef/gsclib045_tech.lef }
Error   : Undefined pin layer detected. [PHYS-148] [read_physical]
        : The layer 'Metal1' referenced in pin 'CON' in macro 'ACHCONX2' is not found in the database.
        : A layer must be defined in the LEF technology LAYER section before it can be referenced from a macro section. Review the LEF files specified in the lef_library attribute to see if the layer is not defined or is defined after the macro definition which refers to the layer in its pin section.
Error   : Undefined pin layer detected. [PHYS-148] [read_physical]
        : The layer 'Metal1' referenced in pin 'A' in macro 'ACHCONX2' is not found in the database.
Error   : Undefined pin layer detected. [PHYS-148] [read_physical]
        : The layer 'Metal1' referenced in pin 'B' in macro 'ACHCONX2' is not found in the database.
Error   : Undefined pin layer detected. [PHYS-148] [read_physical]
        : The layer 'Metal1' referenced in pin 'CI' in macro 'ACHCONX2' is not found in the database.
Error   : Undefined pin layer detected. [PHYS-148] [read_physical]
        : The layer 'Metal1' referenced in pin 'VSS' in macro 'ACHCONX2' is not found in the database.
Error   : Undefined pin layer detected. [PHYS-148] [read_physical]
        : The layer 'Metal1' referenced in pin 'VDD' in macro 'ACHCONX2' is not found in the database.
Warning : Macro references undefined site. [PHYS-2040]
        : Macro 'ACHCONX2' references a site 'CoreSite' that has not been defined.
        : The sites must be defined before they can be referenced from a macro. Review the LEF files specified in the lef_library attribute to see if the site does not exist or is specified after the one that defines the macro.
Error   : Undefined pin layer detected. [PHYS-148] [read_physical]
        : The layer 'Metal1' referenced in pin 'VSS' in macro 'ADDFHX1' is not found in the database.
Error   : Undefined pin layer detected. [PHYS-148] [read_physical]
        : The layer 'Metal1' referenced in pin 'VDD' in macro 'ADDFHX1' is not found in the database.
Error   : Undefined pin layer detected. [PHYS-148] [read_physical]
        : The layer 'Metal1' referenced in pin 'CI' in macro 'ADDFHX1' is not found in the database.
Error   : Undefined pin layer detected. [PHYS-148] [read_physical]
        : The layer 'Metal1' referenced in pin 'A' in macro 'ADDFHX1' is not found in the database.
Error   : Undefined pin layer detected. [PHYS-148] [read_physical]
        : The layer 'Metal1' referenced in pin 'B' in macro 'ADDFHX1' is not found in the database.
Error   : Undefined pin layer detected. [PHYS-148] [read_physical]
        : The layer 'Metal1' referenced in pin 'CO' in macro 'ADDFHX1' is not found in the database.
Error   : Undefined pin layer detected. [PHYS-148] [read_physical]
        : The layer 'Metal1' referenced in pin 'S' in macro 'ADDFHX1' is not found in the database.
Warning : Macro references undefined site. [PHYS-2040]
        : Macro 'ADDFHX1' references a site 'CoreSite' that has not been defined.
Error   : Undefined pin layer detected. [PHYS-148] [read_physical]
        : The layer 'Metal1' referenced in pin 'S' in macro 'ADDFHX2' is not found in the database.
Error   : Undefined pin layer detected. [PHYS-148] [read_physical]
        : The layer 'Metal1' referenced in pin 'CO' in macro 'ADDFHX2' is not found in the database.
Error   : Undefined pin layer detected. [PHYS-148] [read_physical]
        : The layer 'Metal1' referenced in pin 'B' in macro 'ADDFHX2' is not found in the database.
Error   : Undefined pin layer detected. [PHYS-148] [read_physical]
        : The layer 'Metal1' referenced in pin 'A' in macro 'ADDFHX2' is not found in the database.
Error   : Undefined pin layer detected. [PHYS-148] [read_physical]
        : The layer 'Metal1' referenced in pin 'CI' in macro 'ADDFHX2' is not found in the database.
Error   : Undefined pin layer detected. [PHYS-148] [read_physical]
        : The layer 'Metal1' referenced in pin 'VDD' in macro 'ADDFHX2' is not found in the database.
Error   : Undefined pin layer detected. [PHYS-148] [read_physical]
        : The layer 'Metal1' referenced in pin 'VSS' in macro 'ADDFHX2' is not found in the database.
Warning : Macro references undefined site. [PHYS-2040]
        : Macro 'ADDFHX2' references a site 'CoreSite' that has not been defined.
Warning : Maximum message print count reached. [MESG-11]
        : Maximum print count of '20' reached for message 'PHYS-148'.
Warning : Macro references undefined site. [PHYS-2040]
        : Macro 'ADDFHX4' references a site 'CoreSite' that has not been defined.
Warning : Macro references undefined site. [PHYS-2040]
        : Macro 'ADDFHXL' references a site 'CoreSite' that has not been defined.
Warning : Macro references undefined site. [PHYS-2040]
        : Macro 'ADDFX1' references a site 'CoreSite' that has not been defined.
Warning : Macro references undefined site. [PHYS-2040]
        : Macro 'ADDFX2' references a site 'CoreSite' that has not been defined.
Warning : Macro references undefined site. [PHYS-2040]
        : Macro 'ADDFX4' references a site 'CoreSite' that has not been defined.
Warning : Macro references undefined site. [PHYS-2040]
        : Macro 'ADDFXL' references a site 'CoreSite' that has not been defined.
Warning : Macro references undefined site. [PHYS-2040]
        : Macro 'ADDHX1' references a site 'CoreSite' that has not been defined.
Warning : Macro references undefined site. [PHYS-2040]
        : Macro 'ADDHX2' references a site 'CoreSite' that has not been defined.
Warning : Macro references undefined site. [PHYS-2040]
        : Macro 'ADDHX4' references a site 'CoreSite' that has not been defined.
Warning : Macro references undefined site. [PHYS-2040]
        : Macro 'ADDHXL' references a site 'CoreSite' that has not been defined.
Warning : Macro references undefined site. [PHYS-2040]
        : Macro 'AND2X1' references a site 'CoreSite' that has not been defined.
Warning : Macro references undefined site. [PHYS-2040]
        : Macro 'AND2X2' references a site 'CoreSite' that has not been defined.
Warning : Macro references undefined site. [PHYS-2040]
        : Macro 'AND2X4' references a site 'CoreSite' that has not been defined.
Warning : Macro references undefined site. [PHYS-2040]
        : Macro 'AND2X6' references a site 'CoreSite' that has not been defined.
Warning : Macro references undefined site. [PHYS-2040]
        : Macro 'AND2X8' references a site 'CoreSite' that has not been defined.
Warning : Macro references undefined site. [PHYS-2040]
        : Macro 'AND2XL' references a site 'CoreSite' that has not been defined.
Warning : Macro references undefined site. [PHYS-2040]
        : Macro 'AND3X1' references a site 'CoreSite' that has not been defined.
Warning : Maximum message print count reached. [MESG-11]
        : Maximum print count of '20' reached for message 'PHYS-2040'.
Error   : LEF File Interface. [PHYS-100] [read_physical]
        : File '/pdk/cadence/gpdk045/gsclib045_all_v4.4/gsclib045/lef/gsclib045_macro.lef' contains an error on or near line '55372'.
        : Check the LEF file and rerun the command.
Warning : Duplicate macro definition. [PHYS-107]
        : Macro 'DFF2RX1' is already defined. Ignoring this definition in file '/pdk/cadence/gpdk045/gsclib045_all_v4.4/gsclib045/lef/gsclib045_multibitsDFF.lef'.
Warning : Duplicate macro definition. [PHYS-107]
        : Macro 'DFF2RX2' is already defined. Ignoring this definition in file '/pdk/cadence/gpdk045/gsclib045_all_v4.4/gsclib045/lef/gsclib045_multibitsDFF.lef'.
Warning : Duplicate macro definition. [PHYS-107]
        : Macro 'DFF2X1' is already defined. Ignoring this definition in file '/pdk/cadence/gpdk045/gsclib045_all_v4.4/gsclib045/lef/gsclib045_multibitsDFF.lef'.
Warning : Duplicate macro definition. [PHYS-107]
        : Macro 'DFF2X2' is already defined. Ignoring this definition in file '/pdk/cadence/gpdk045/gsclib045_all_v4.4/gsclib045/lef/gsclib045_multibitsDFF.lef'.
Warning : Duplicate macro definition. [PHYS-107]
        : Macro 'DFF4RX1' is already defined. Ignoring this definition in file '/pdk/cadence/gpdk045/gsclib045_all_v4.4/gsclib045/lef/gsclib045_multibitsDFF.lef'.
Warning : Duplicate macro definition. [PHYS-107]
        : Macro 'DFF4RX2' is already defined. Ignoring this definition in file '/pdk/cadence/gpdk045/gsclib045_all_v4.4/gsclib045/lef/gsclib045_multibitsDFF.lef'.
Warning : Duplicate macro definition. [PHYS-107]
        : Macro 'DFF4X1' is already defined. Ignoring this definition in file '/pdk/cadence/gpdk045/gsclib045_all_v4.4/gsclib045/lef/gsclib045_multibitsDFF.lef'.
Warning : Duplicate macro definition. [PHYS-107]
        : Macro 'DFF4X2' is already defined. Ignoring this definition in file '/pdk/cadence/gpdk045/gsclib045_all_v4.4/gsclib045/lef/gsclib045_multibitsDFF.lef'.
Warning : Duplicate macro definition. [PHYS-107]
        : Macro 'SDFF2RX1' is already defined. Ignoring this definition in file '/pdk/cadence/gpdk045/gsclib045_all_v4.4/gsclib045/lef/gsclib045_multibitsDFF.lef'.
Warning : Duplicate macro definition. [PHYS-107]
        : Macro 'SDFF2RX2' is already defined. Ignoring this definition in file '/pdk/cadence/gpdk045/gsclib045_all_v4.4/gsclib045/lef/gsclib045_multibitsDFF.lef'.
Warning : Duplicate macro definition. [PHYS-107]
        : Macro 'SDFF4RX1' is already defined. Ignoring this definition in file '/pdk/cadence/gpdk045/gsclib045_all_v4.4/gsclib045/lef/gsclib045_multibitsDFF.lef'.
Warning : Duplicate macro definition. [PHYS-107]
        : Macro 'SDFF4RX2' is already defined. Ignoring this definition in file '/pdk/cadence/gpdk045/gsclib045_all_v4.4/gsclib045/lef/gsclib045_multibitsDFF.lef'.
Warning : Duplicate macro definition. [PHYS-107]
        : Macro 'SPDFF2RX1' is already defined. Ignoring this definition in file '/pdk/cadence/gpdk045/gsclib045_all_v4.4/gsclib045/lef/gsclib045_multibitsDFF.lef'.
Warning : Duplicate macro definition. [PHYS-107]
        : Macro 'SPDFF2RX2' is already defined. Ignoring this definition in file '/pdk/cadence/gpdk045/gsclib045_all_v4.4/gsclib045/lef/gsclib045_multibitsDFF.lef'.
Warning : Duplicate macro definition. [PHYS-107]
        : Macro 'SPDFF4RX1' is already defined. Ignoring this definition in file '/pdk/cadence/gpdk045/gsclib045_all_v4.4/gsclib045/lef/gsclib045_multibitsDFF.lef'.
Warning : Duplicate macro definition. [PHYS-107]
        : Macro 'SPDFF4RX2' is already defined. Ignoring this definition in file '/pdk/cadence/gpdk045/gsclib045_all_v4.4/gsclib045/lef/gsclib045_multibitsDFF.lef'.
Info    : Via with no resistance will have a value of '0.0' assigned for resistance value. [PHYS-129]
        : Via 'M2_M1_HV' has no resistance value.
        : If this is the expected behavior, this message can be ignored.
Info    : Via with no resistance will have a value of '0.0' assigned for resistance value. [PHYS-129]
        : Via 'M2_M1_VV' has no resistance value.
Info    : Via with no resistance will have a value of '0.0' assigned for resistance value. [PHYS-129]
        : Via 'M2_M1_VH' has no resistance value.
Info    : Via with no resistance will have a value of '0.0' assigned for resistance value. [PHYS-129]
        : Via 'M2_M1_HH' has no resistance value.
Info    : Via with no resistance will have a value of '0.0' assigned for resistance value. [PHYS-129]
        : Via 'M2_M1_2x1_HV_E' has no resistance value.
Info    : Via with no resistance will have a value of '0.0' assigned for resistance value. [PHYS-129]
        : Via 'M2_M1_2x1_HV_W' has no resistance value.
Info    : Via with no resistance will have a value of '0.0' assigned for resistance value. [PHYS-129]
        : Via 'M2_M1_1x2_HV_N' has no resistance value.
Info    : Via with no resistance will have a value of '0.0' assigned for resistance value. [PHYS-129]
        : Via 'M2_M1_1x2_HV_S' has no resistance value.
Info    : Via with no resistance will have a value of '0.0' assigned for resistance value. [PHYS-129]
        : Via 'M3_M2_VH' has no resistance value.
Info    : Via with no resistance will have a value of '0.0' assigned for resistance value. [PHYS-129]
        : Via 'M3_M2_HH' has no resistance value.
Info    : Via with no resistance will have a value of '0.0' assigned for resistance value. [PHYS-129]
        : Via 'M3_M2_HV' has no resistance value.
Info    : Via with no resistance will have a value of '0.0' assigned for resistance value. [PHYS-129]
        : Via 'M3_M2_VV' has no resistance value.
Info    : Via with no resistance will have a value of '0.0' assigned for resistance value. [PHYS-129]
        : Via 'M3_M2_M_NH' has no resistance value.
Info    : Via with no resistance will have a value of '0.0' assigned for resistance value. [PHYS-129]
        : Via 'M3_M2_M_SH' has no resistance value.
Info    : Via with no resistance will have a value of '0.0' assigned for resistance value. [PHYS-129]
        : Via 'M3_M2_2x1_VH_E' has no resistance value.
Info    : Via with no resistance will have a value of '0.0' assigned for resistance value. [PHYS-129]
        : Via 'M3_M2_2x1_VH_W' has no resistance value.
Info    : Via with no resistance will have a value of '0.0' assigned for resistance value. [PHYS-129]
        : Via 'M3_M2_1x2_VH_N' has no resistance value.
Info    : Via with no resistance will have a value of '0.0' assigned for resistance value. [PHYS-129]
        : Via 'M3_M2_1x2_VH_S' has no resistance value.
Info    : Via with no resistance will have a value of '0.0' assigned for resistance value. [PHYS-129]
        : Via 'M4_M3_HV' has no resistance value.
Info    : Via with no resistance will have a value of '0.0' assigned for resistance value. [PHYS-129]
        : Via 'M4_M3_VV' has no resistance value.
Warning : Maximum message print count reached. [MESG-11]
        : Maximum print count of '20' reached for message 'PHYS-129'.

  According to lef_library, there are total 11 routing layers [ V(5) / H(6) ]

Warning : Physical cell not defined in library. [PHYS-279]
        : The physical (LEF) cell FILL1 cannot be found in library.
        : Ensure that the proper library files are available and have been imported.
Warning : Physical cell not defined in library. [PHYS-279]
        : The physical (LEF) cell FILL16 cannot be found in library.
Warning : Physical cell not defined in library. [PHYS-279]
        : The physical (LEF) cell FILL2 cannot be found in library.
Warning : Physical cell not defined in library. [PHYS-279]
        : The physical (LEF) cell FILL32 cannot be found in library.
Warning : Physical cell not defined in library. [PHYS-279]
        : The physical (LEF) cell FILL4 cannot be found in library.
Warning : Physical cell not defined in library. [PHYS-279]
        : The physical (LEF) cell FILL64 cannot be found in library.
Warning : Physical cell not defined in library. [PHYS-279]
        : The physical (LEF) cell FILL8 cannot be found in library.
Warning : Physical cell not defined in library. [PHYS-279]
        : The physical (LEF) cell LSHL_ISOH_X1_FROM_OFF cannot be found in library.
Warning : Physical cell not defined in library. [PHYS-279]
        : The physical (LEF) cell LSHL_ISOH_X1_TO_ON cannot be found in library.
Warning : Physical cell not defined in library. [PHYS-279]
        : The physical (LEF) cell LSHL_ISOL_X1_FROM_OFF cannot be found in library.
Warning : Physical cell not defined in library. [PHYS-279]
        : The physical (LEF) cell LSHL_ISOL_X1_TO_ON cannot be found in library.
Warning : Physical cell not defined in library. [PHYS-279]
        : The physical (LEF) cell LSHL_ISONH_X1_FROM_OFF cannot be found in library.
Warning : Physical cell not defined in library. [PHYS-279]
        : The physical (LEF) cell LSHL_ISONH_X1_TO_ON cannot be found in library.
Warning : Physical cell not defined in library. [PHYS-279]
        : The physical (LEF) cell LSHL_ISONL_X1_FROM_OFF cannot be found in library.
Warning : Physical cell not defined in library. [PHYS-279]
        : The physical (LEF) cell LSHL_ISONL_X1_TO_ON cannot be found in library.
Warning : Physical cell not defined in library. [PHYS-279]
        : The physical (LEF) cell LSHLX1_FROM cannot be found in library.
Warning : Physical cell not defined in library. [PHYS-279]
        : The physical (LEF) cell LSHLX1_TO cannot be found in library.
Warning : Physical cell not defined in library. [PHYS-279]
        : The physical (LEF) cell LSLH_ISOH_X1_FROM_OFF cannot be found in library.
Warning : Physical cell not defined in library. [PHYS-279]
        : The physical (LEF) cell LSLH_ISOH_X1_TO_ON cannot be found in library.
Warning : Physical cell not defined in library. [PHYS-279]
        : The physical (LEF) cell LSLH_ISOL_X1_FROM_OFF cannot be found in library.
Warning : Maximum message print count reached. [MESG-11]
        : Maximum print count of '20' reached for message 'PHYS-279'.
@file(synth_script.tcl) 17: read_hdl -sv $FILES
@file(synth_script.tcl) 19: elaborate $DESIGN
  Libraries have 330 usable logic and 163 usable sequential lib-cells.
Info    : Elaborating Design. [ELAB-1]
        : Elaborating top-level block 'neuron_intra_Nbits' from file '../rtl/neuron_intra_Nbits.v'.
Warning : Using default parameter value for module elaboration. [CDFG-818]
        : Elaborating block 'neuron_intra_Nbits' with default parameters value.
Info    : Done Elaborating Design. [ELAB-3]
        : Done elaborating 'neuron_intra_Nbits'.
Checking for analog nets...
Check completed for analog nets.
Checking for source RTL...
Check completed for source RTL.
Running Unified Mux Engine Tricks...
Completed Unified Mux Engine Tricks

Stage: post_elab
-------------------------------------------------------
| Trick             | Accepts | Rejects | Runtime (s) | 
-------------------------------------------------------
| ume_constant_bmux |       0 |       0 |        0.00 | 
| ume_merge         |       0 |       0 |        0.00 | 
| ume_ssm           |       0 |       0 |        0.00 | 
| ume_cse           |       1 |       0 |        0.13 | 
| ume_shrink        |       0 |       0 |        0.00 | 
| ume_sweep         |       0 |       0 |        0.00 | 
| ume_constant_bmux |       0 |       0 |        0.00 | 
| ume_merge         |       0 |       0 |        0.00 | 
| ume_ssm           |       0 |       0 |        0.00 | 
| ume_cse           |       0 |       0 |        0.11 | 
| ume_shrink        |       0 |       0 |        0.00 | 
| ume_sweep         |       0 |       0 |        0.00 | 
-------------------------------------------------------
Starting optimize datapath shifters [v1.0] (stage: post_elab, startdef: neuron_intra_Nbits, recur: true)
Completed optimize datapath shifters (accepts: 0, rejects: 0, runtime: 0.000s)
Starting clip mux common data inputs [v1.0] (stage: post_elab, startdef: neuron_intra_Nbits, recur: true)
Completed clip mux common data inputs (accepts: 0, rejects: 0, runtime: 0.001s)
Starting clip the non-user hierarchies [v2.0] (stage: post_elab, startdef: neuron_intra_Nbits, recur: true)
Completed clip the non-user hierarchies (accepts: 0, rejects: 0, runtime: 0.000s)
Starting basic netlist cleanup [v1.0] (stage: post_elab, startdef: neuron_intra_Nbits, recur: true)
Completed basic netlist cleanup (accepts: 0, rejects: 0, runtime: 0.000s)

Stage: post_elab
--------------------------------------------------------------------
| Transform                      | Accepts | Rejects | Runtime (s) | 
--------------------------------------------------------------------
| hlo_optimize_datapath_shifters |       0 |       0 |        0.00 | 
| hlo_clip_mux_input             |       0 |       0 |        0.00 | 
| hlo_clip                       |       0 |       0 |        0.00 | 
| hlo_cleanup                    |       0 |       0 |        0.00 | 
--------------------------------------------------------------------
UM:   flow.cputime  flow.realtime  timing.setup.tns  timing.setup.wns  snapshot
UM:*                                                                   elaborate
@file(synth_script.tcl) 21: read_sdc ../constraints/constraints.sdc
Statistics for commands executed by read_sdc:
 "create_clock"             - successful      1 , failed      0 (runtime  0.01)
 "get_ports"                - successful      1 , failed      0 (runtime  0.01)
read_sdc completed in 00:00:00 (hh:mm:ss)
@file(synth_script.tcl) 23: init_design
Started checking and loading power intent for design neuron_intra_Nbits...
==========================================================================
No power intent for design 'neuron_intra_Nbits'.
Completed checking and loading power intent for design neuron_intra_Nbits (runtime:0.00s memory_usage:0.00M peak_memory:0.00M).
===============================================================================================================================
#
# Reading SDC ../constraints/constraints.sdc for view: (constraint_mode:default_emulate_constraint_mode)
#
Warning : Replacing existing clock definition. [TIM-101]
        : The clock name is 'clock'
        : A new clock has been defined with the same name as an existing clock.
Info    : Replacing an existing timing exception with another. [TIM-304]
        : Existing timing exception is 'path_groups/clock'.
        : Existing exception had a name conflict with the newly created exception. The exception created at a later time is maintained.
Statistics for commands executed by read_sdc:
 "create_clock"             - successful      1 , failed      0 (runtime  0.00)
 "get_ports"                - successful      1 , failed      0 (runtime  0.00)
read_sdc completed in 00:00:00 (hh:mm:ss)
  Setting attribute of root '/': 'read_qrc_tech_file_rc_corner' = true
@file(synth_script.tcl) 25: syn_generic
stamp 'PBS_Generic-Start' being created for table 'pbs_debug'

  Total Time (Wall) |  Stage Time (Wall)  |   % (Wall)   |    Date - Time     |  Memory   | Stage
--------------------+---------------------+--------------+--------------------+-----------+----------------------
 00:00:33(00:00:31) |  00:00:00(00:00:00) |   0.0(  0.0) |    0:36:33 (Oct09) |  668.2 MB | PBS_Generic-Start
--------------------+---------------------+--------------+--------------------+-----------+----------------------
Number of threads: 8 * 1   (id: pbs_debug, time_info v1.57)
Info: (*N*) indicates data that was populated from previously saved time_info database
Info: CPU time includes time of parent + longest thread

Stage: pre_early_cg
-----------------------------------------------
| Transform | Accepts | Rejects | Runtime (s) | 
-----------------------------------------------
-----------------------------------------------
Mapping ChipWare ICG instances in neuron_intra_Nbits
Found 0 unmapped ChipWare ICG instances
Mapped 0 of 0 ChipWare ICG instances
##Generic Timing Info: typical gate delay  144.4 ps   std_slew:   15.1 ps   std_load:  0.5 fF  for library domain _default_
Starting mux data reorder optimization [v1.0] (stage: pre_to_gen_setup, startdef: neuron_intra_Nbits, recur: true)
Completed mux data reorder optimization (accepts: 0, rejects: 0, runtime: 0.001s)

Stage: pre_to_gen_setup
-----------------------------------------------------
| Transform       | Accepts | Rejects | Runtime (s) | 
-----------------------------------------------------
| hlo_mux_reorder |       0 |       0 |        0.00 | 
-----------------------------------------------------
Running DP early constant propagation (netlist neuron_intra_Nbits)...
Running DP early redundancy removal
Completed DP early redundancy removal on neuron_intra_Nbits (runtime = 0.9s)
Multi-threaded constant propagation [4|0] ...
Info    : Replacing the synchronous part of an always feeding back flip-flop with a logic constant. [GLO-45]
        : The instance is 'Out_reg[63]'. The constant is '0'.
        : To prevent this optimization, set 'optimize_constant_feedback_seqs' root attribute to 'false'. The instance attribute 'optimize_constant_feedback_seq' controls this optimization. 
Info    : Replacing a flip-flop with a logic constant 0. [GLO-12]
        : The instance is 'Out_reg[63]'.
        : To prevent this optimization, set the 'optimize_constant_0_flops' root attribute to 'false' or 'optimize_constant_0_seq' instance attribute to 'false'. You can also see the complete list of deleted sequential with command "report sequential -deleted" (on Reason "constant0").
...done running DP early constant propagation (32 seconds CPU time, netlist neuron_intra_Nbits).
Info    : Deleting instances not driving any primary outputs. [GLO-34]
        : Deleting 1 sequential instance.
        : Optimizations such as constant propagation or redundancy removal could change the connections so a hierarchical instance does not drive any primary outputs anymore. To see the list of deleted hierarchical instances, set the 'information_level' attribute to 2 or above. If the message is truncated set the message attribute 'truncate' to false to see the complete list. To prevent this optimization, set the 'delete_unloaded_insts' root/subdesign attribute to 'false' or 'preserve' instance attribute to 'true'.
qor: dump_pre_qor for neuron_intra_Nbits (ptr: 0x7f3ffd8c8080,pid: 1040146)
Current PLE settings:

Aspect ratio        : 1.000
Shrink factor       : 1.000
Scale of res/length : 1.000
Scale of cap/length : 1.000
Net derating factor : 1.000
Thermal factor      : 1.000
Via Resistance      : 0.000 ohm (from default)
Site size           : 1.055 um (from lef [tech+cell])

                                   Capacitance  
  Layer                             / Length         Data source:
Name        Direction Utilization  (pF/micron)       lef_library
------------------------------------------------
Metal1          H         0.00        0.000412  
Metal2          V         1.00        0.000416  
Metal3          H         1.00        0.000416  
Metal4          V         1.00        0.000416  
Metal5          H         1.00        0.000416  
Metal6          V         1.00        0.000416  
Metal7          H         1.00        0.000416  
Metal8          V         1.00        0.000416  
Metal9          H         1.00        0.000416  
Metal10         V         1.00        0.000444  
Metal11         H         1.00        0.000444  

                                    Resistance   
  Layer                              / Length         Data source:
Name        Direction Utilization  (ohm/micron)       lef_library
-------------------------------------------------
Metal1          H         0.00         1.226667  
Metal2          V         1.00         0.755000  
Metal3          H         1.00         0.755000  
Metal4          V         1.00         0.755000  
Metal5          H         1.00         0.755000  
Metal6          V         1.00         0.755000  
Metal7          H         1.00         0.755000  
Metal8          V         1.00         0.267500  
Metal9          H         1.00         0.267500  
Metal10         V         1.00         0.097273  
Metal11         H         1.00         0.095455  

                                        Area     
  Layer                               / Length        Data source:
Name        Direction Utilization     (micron)        lef_library
-------------------------------------------------
Metal1          H         0.00         0.060000  
Metal2          V         1.00         0.080000  
Metal3          H         1.00         0.080000  
Metal4          V         1.00         0.080000  
Metal5          H         1.00         0.080000  
Metal6          V         1.00         0.080000  
Metal7          H         1.00         0.080000  
Metal8          V         1.00         0.080000  
Metal9          H         1.00         0.080000  
Metal10         V         1.00         0.220000  
Metal11         H         1.00         0.220000  

Info    : Synthesizing. [SYNTH-1]
        : Synthesizing 'neuron_intra_Nbits' to generic gates using 'high' effort.
Running Synthesis Turbo Flow Version 3.
Info    : Enabling Partition Based Synthesis. [PBS-1]
        : Starting distributed generic optimization.
Info    : Attempting to launch a super-threading server. [ST-120]
        : Attempting to Launch server 1 of 8.
        : The tool is entering super-threading mode and is launching a CPU server process.  This is enabled by the root attribute 'super_thread_servers' or 'auto_super_thread'.
Info    : Connection established with super-threading server. [ST-110]
        : The server 'localhost_1_0' is process '1040872' on this host.
        : The tool is entering super-threading mode and has established a connection with a CPU server process.  This is enabled by the root attributes 'super_thread_servers' or 'auto_super_thread'.
     Generating lib_script file: /home/inf01185/juliana.vargas/Documents/Topicos-Especiais-XII/exemplo_rca/scripts/.pbs_cadmicro-el8-02.inf.ufrgs.br_1040146/lib_script
Start partitioning.  Summary: MEM {curr: 1.9G, peak: 2.0G, phys curr: 1.3G, phys peak: 1.3G}
Start partitioning design neuron_intra_Nbits for generic optimization.
Total generic instances for partitioning: 393987
	Generic partition 0: size 393987
Done partitioning.  Summary: RT {elapsed: 0s, ST: 0s}, MEM {curr: 1.9G, peak: 2.0G, phys curr: 1.3G, phys peak: 1.3G}
Start creating partition netlists.  Summary: MEM {curr: 1.9G, peak: 2.0G, phys curr: 1.3G, phys peak: 1.3G}
Done creating partition netlists.  Summary: RT {elapsed: 3s, ST: 3s}, MEM {curr: 1.9G, peak: 2.0G, phys curr: 1.5G, phys peak: 1.5G}
Start budgeting timing for partitions.  Summary: MEM {curr: 1.9G, peak: 2.0G, phys curr: 1.5G, phys peak: 1.5G}
Done budgeting timing for partitions.  Summary: RT {elapsed: 11s, ST: 13s}, MEM {curr: 2.2G, peak: 2.2G, phys curr: 1.8G, phys peak: 1.8G}
Start deriving partition netlists.  Summary: MEM {curr: 2.2G, peak: 2.2G, phys curr: 1.8G, phys peak: 1.8G}
The inst 'pbs_genopt_0' is selected as pbs candidate. The instance cnt is: '393987'.
Done deriving partition netlists.  Summary: RT {elapsed: 27s, ST: 26s}, MEM {curr: 2.3G, peak: 2.3G, phys curr: 1.9G, phys peak: 1.9G}
Wait for super-thread servers to finish loading libraries.
Start super thread servers forking.  Summary: MEM {curr: 2.0G, peak: 2.3G, phys curr: 1.9G, phys peak: 1.9G}
                  Library loading done successfully on server 'localhost_1_0'.
Info    : Connection established with super-threading server. [ST-110]
        : The server 'localhost_1_1' is forked process '1041529' on this host.
Info    : Connection established with super-threading server. [ST-110]
        : The server 'localhost_1_2' is forked process '1041531' on this host.
Info    : Connection established with super-threading server. [ST-110]
        : The server 'localhost_1_3' is forked process '1041533' on this host.
Info    : Connection established with super-threading server. [ST-110]
        : The server 'localhost_1_4' is forked process '1041535' on this host.
Info    : Connection established with super-threading server. [ST-110]
        : The server 'localhost_1_5' is forked process '1041537' on this host.
Info    : Connection established with super-threading server. [ST-110]
        : The server 'localhost_1_6' is forked process '1041540' on this host.
Info    : Connection established with super-threading server. [ST-110]
        : The server 'localhost_1_7' is forked process '1041542' on this host.
Done super thread servers forking.  Summary: RT {elapsed: 1s, ST: 0s}, MEM {curr: 2.0G, peak: 2.3G, phys curr: 1.9G, phys peak: 1.9G}
        Distributing super-thread jobs: {pbs_genopt_0 ./.pbs_cadmicro-el8-02.inf.ufrgs.br_1040146/pbs_genopt_0.etf}
          Sending 'pbs_genopt_0 ./.pbs_cadmicro-el8-02.inf.ufrgs.br_1040146/pbs_genopt_0.etf' to server 'localhost_1_6'...
            Sent 'pbs_genopt_0 ./.pbs_cadmicro-el8-02.inf.ufrgs.br_1040146/pbs_genopt_0.etf' to server 'localhost_1_6'.

Another Ctrl-C within 1 second will terminate the tool.
CURRENT RESOURCES: RT {elapsed: 401s, ST: 128s, FG: 128s, CPU: 103.6%}, MEM {curr: 1.9G, peak: 2.3G, phys curr: 3.3G, phys peak: 5.4G}, SYS {load: 3.7, cpu: 64, total: 188.8G, free: 43.9G}
          Received 'pbs_genopt_0 ./.pbs_cadmicro-el8-02.inf.ufrgs.br_1040146/pbs_genopt_0.etf' from server 'localhost_1_6'. (3632726 ms elapsed)
       Partition:  pbs_genopt_0 - PBS_Generic_Opt-Distributed_Read_DB - Elapsed_Time 8.00, CPU_Time 7.00
       Partition:  pbs_genopt_0 - PBS_Generic_Opt-Distributed_Generic - Elapsed_Time 3576.00, CPU_Time 3556.00
       Partition:  pbs_genopt_0 - PBS_Generic_Opt-Distributed_Prop_Const - Elapsed_Time 14.00, CPU_Time 14.00
       Partition:  pbs_genopt_0 - PBS_Generic_Opt-Distributed_Gobble - Elapsed_Time 1.00, CPU_Time 1.00
       Partition:  pbs_genopt_0 - PBS_Generic_Opt-Distributed_Report - Elapsed_Time 0.00, CPU_Time 0.00
       Start - Partition: pbs_genopt_0 Slack: 7758.1 TNS: 0.0 Cell-Count: 393987 Cell-Area: 1079843 
Init-Memory: 2387.57
       Done  - Partition: pbs_genopt_0 Slack: 8299.3 TNS: 0.0 Cell-Count: 340262 Cell-Area: 966492 
Peak-Memory: 5401.18 Elapsed: 3599
       Partition:  pbs_genopt_0 - PBS_Generic_Opt-Distributed_Write_DB - Elapsed_Time 31.00, CPU_Time 31.99
       pbs_genopt_0 - PBS_Generic_Opt-Assembly - Elapsed_Time 18, CPU_Time 18.0
       Partition:  pbs_genopt_0 - Runtime taken by the partition - Elapsed_Time 3630.00, CPU_Time 3609.98
Assembled design in-time
Background Table : HLO::pre_to_gen_setup 
-----------------------------------------------------
| Transform       | Accepts | Rejects | Runtime (s) | 
-----------------------------------------------------
| hlo_mux_reorder |       0 |       0 |        0.28 | 
-----------------------------------------------------
 
Background Table : HLO::post_to_gen_setup 
-----------------------------------------------------
| Transform       | Accepts | Rejects | Runtime (s) | 
-----------------------------------------------------
| hlo_mux_reorder |       0 |       0 |        0.01 | 
-----------------------------------------------------
 
Background Table : UME::pre_hlo_rtlopt 
-----------------------------------------------
| Trick     | Accepts | Rejects | Runtime (s) | 
-----------------------------------------------
| ume_share |       0 |       0 |        0.01 | 
| ume_sweep |       0 |       0 |        0.01 | 
| ume_ssm   |       0 |       0 |        0.01 | 
-----------------------------------------------
 
Background Table : HLO::pre_rtlopt 
-----------------------------------------------------------------
| Transform                   | Accepts | Rejects | Runtime (s) | 
-----------------------------------------------------------------
| hlo_cleanup                 |       0 |       0 |        0.01 | 
| hlo_clip                    |       0 |       0 |        0.01 | 
| hlo_clip_mux_input          |       0 |       0 |        0.01 | 
| hlo_redundancy_removal_word |       0 |       0 |       20.99 | 
| hlo_datapath_recast         |       0 |       0 |        0.01 | 
| hlo_optimize_datapath       |       0 |       0 |        0.01 | 
| hlo_mux_consolidation       |       0 |       0 |        0.01 | 
| hlo_mux_cascade_opt         |       0 |       0 |        0.01 | 
| hlo_reduce_operator_chain   |       0 |       0 |        0.01 | 
| hlo_identity_transform      |       0 |       0 |        0.01 | 
| hlo_restructure             |       0 |       0 |        0.01 | 
| hlo_reconv_opt              |       0 |       0 |        0.01 | 
| hlo_inequality_transform    |       0 |       0 |        0.57 | 
| hlo_constant_mux_opt        |       0 |       0 |        0.01 | 
| hlo_mux_consolidation       |       0 |       0 |        0.01 | 
| hlo_mux_cascade_opt         |       0 |       0 |        0.01 | 
| hlo_chop_mux                |       0 |       0 |        0.01 | 
| hlo_mux_decode              |       0 |       0 |        0.01 | 
| hlo_decode_mux_sandwich     |       0 |       0 |        0.01 | 
| hlo_infer_macro             |       0 |       0 |        0.57 | 
| hlo_recase_casebox          |       0 |       0 |        0.27 | 
| hlo_timing_reorder          |       0 |       0 |        4.68 | 
-----------------------------------------------------------------
 
Background Table : UME::post_hlo_rtlopt 
----------------------------------------------------------
| Trick                | Accepts | Rejects | Runtime (s) | 
----------------------------------------------------------
| ume_runtime          |       0 |       0 |        0.01 | 
| ume_sweep_aggressive |       0 |       0 |        0.01 | 
----------------------------------------------------------
 
Background Table : HLO::post_rtlopt 
----------------------------------------------------------------
| Transform                  | Accepts | Rejects | Runtime (s) | 
----------------------------------------------------------------
| hlo_timing_reorder         |       0 |       0 |        4.54 | 
| hlo_mux_reorder            |       0 |       0 |        0.00 | 
| hlo_logic_reduction        |       0 |       0 |        0.00 | 
| hlo_redundancy_removal_bit |       0 |       0 |        1.95 | 
----------------------------------------------------------------
 
Background Table : HLO::post_muxopt 
--------------------------------------------------------
| Transform          | Accepts | Rejects | Runtime (s) | 
--------------------------------------------------------
| hlo_timing_reorder |       0 |       0 |        4.80 | 
| hlo_speculation    |       0 |       0 |        5.51 | 
--------------------------------------------------------
 

+-----------+------------------------------+-----+----------------------+---------------------------+
|   Host    |           Machine            | CPU | Physical Memory (MB) | Peak Physical Memory (MB) |
+-----------+------------------------------+-----+----------------------+---------------------------+
| localhost | cadmicro-el8-02.inf.ufrgs.br |  8  |        3293.7        |          5484.3           |
+-----------+------------------------------+-----+----------------------+---------------------------+

+---------------+----------------------+---------------------------+
|    Server     | Physical Memory (MB) | Peak Physical Memory (MB) |
+---------------+----------------------+---------------------------+
| localhost_1_0 |      1449.5 [1]      |        4421.6 [1]         |
| localhost_1_1 |       48.2 [2]       |          [2] [3]          |
| localhost_1_4 |       48.2 [2]       |          [2] [3]          |
| localhost_1_2 |       48.2 [2]       |          [2] [3]          |
| localhost_1_3 |       48.2 [2]       |          [2] [3]          |
| localhost_1_6 |      1091.9 [2]      |          [2] [3]          |
| localhost_1_5 |       48.2 [2]       |          [2] [3]          |
| localhost_1_7 |       48.2 [2]       |          [2] [3]          |
+---------------+----------------------+---------------------------+
[1] Memory of child processes is included.
[2] Memory is included in parent localhost_1_0.
[3] Peak physical memory is not available for forked background servers.

PBS_Generic-Post_Genopt - Elapsed_Time 3732, CPU_Time 3701.0198710000004
stamp 'PBS_Generic-Post_Genopt' being created for table 'pbs_debug'

  Total Time (Wall) |  Stage Time (Wall)  |   % (Wall)   |    Date - Time     |  Memory   | Stage
--------------------+---------------------+--------------+--------------------+-----------+----------------------
 00:00:33(00:00:31) |  00:00:00(00:00:00) |   0.0(  0.0) |    0:36:33 (Oct09) |  668.2 MB | PBS_Generic-Start
--------------------+---------------------+--------------+--------------------+-----------+----------------------
 01:02:51(01:03:21) |  01:02:18(01:02:50) | 100.0(100.0) |    1:39:23 (Oct09) |   2.23 GB | PBS_Generic-Post_Genopt
--------------------+---------------------+--------------+--------------------+-----------+----------------------
Number of threads: 8 * 1   (id: pbs_debug, time_info v1.57)
Info: (*N*) indicates data that was populated from previously saved time_info database
Info: CPU time includes time of parent + longest thread
Updating ST server settings
     Generating lib_script file: /home/inf01185/juliana.vargas/Documents/Topicos-Especiais-XII/exemplo_rca/scripts/.pbs_cadmicro-el8-02.inf.ufrgs.br_1040146/lib_script
Start partitioning.  Summary: MEM {curr: 2.6G, peak: 2.6G, phys curr: 2.2G, phys peak: 5.4G}
Start partitioning design neuron_intra_Nbits for generic optimization.
Total generic instances for partitioning: 340262
	Generic partition 0: size 360
	Generic partition 1: size 92125
	Generic partition 2: size 80731
	Generic partition 3: size 93455
	Generic partition 4: size 73591
Done partitioning.  Summary: RT {elapsed: 4s, ST: 4s}, MEM {curr: 2.6G, peak: 2.6G, phys curr: 2.2G, phys peak: 5.4G}
Start creating partition netlists.  Summary: MEM {curr: 2.6G, peak: 2.6G, phys curr: 2.2G, phys peak: 5.4G}
Done creating partition netlists.  Summary: RT {elapsed: 4s, ST: 5s}, MEM {curr: 2.6G, peak: 2.6G, phys curr: 2.2G, phys peak: 5.4G}
Start budgeting timing for partitions.  Summary: MEM {curr: 2.6G, peak: 2.6G, phys curr: 2.2G, phys peak: 5.4G}
Done budgeting timing for partitions.  Summary: RT {elapsed: 13s, ST: 14s}, MEM {curr: 2.7G, peak: 2.7G, phys curr: 2.2G, phys peak: 5.4G}
Start deriving partition netlists.  Summary: MEM {curr: 2.7G, peak: 2.7G, phys curr: 2.2G, phys peak: 5.4G}
The inst 'pbs_fcopt_0' is selected as pbs candidate. The instance cnt is: '360'.
The inst 'pbs_fcopt_1' is selected as pbs candidate. The instance cnt is: '92125'.
The inst 'pbs_fcopt_2' is selected as pbs candidate. The instance cnt is: '80731'.
The inst 'pbs_fcopt_3' is selected as pbs candidate. The instance cnt is: '93455'.
The inst 'pbs_fcopt_4' is selected as pbs candidate. The instance cnt is: '73591'.
Done deriving partition netlists.  Summary: RT {elapsed: 7s, ST: 6s}, MEM {curr: 2.7G, peak: 2.7G, phys curr: 2.2G, phys peak: 5.4G}
Wait for super-thread servers to finish loading libraries.
Start super thread servers forking.  Summary: MEM {curr: 2.3G, peak: 2.7G, phys curr: 2.2G, phys peak: 5.4G}
Info    : Connection established with super-threading server. [ST-110]
        : The server 'localhost_1_8' is forked process '1068234' on this host.
Info    : Connection established with super-threading server. [ST-110]
        : The server 'localhost_1_9' is forked process '1068236' on this host.
Info    : Connection established with super-threading server. [ST-110]
        : The server 'localhost_1_10' is forked process '1068238' on this host.
Info    : Connection established with super-threading server. [ST-110]
        : The server 'localhost_1_11' is forked process '1068240' on this host.
Info    : Connection established with super-threading server. [ST-110]
        : The server 'localhost_1_12' is forked process '1068242' on this host.
Info    : Connection established with super-threading server. [ST-110]
        : The server 'localhost_1_13' is forked process '1068244' on this host.
Info    : Connection established with super-threading server. [ST-110]
        : The server 'localhost_1_14' is forked process '1068246' on this host.
Done super thread servers forking.  Summary: RT {elapsed: 1s, ST: 0s}, MEM {curr: 2.3G, peak: 2.7G, phys curr: 2.2G, phys peak: 5.4G}
        Distributing super-thread jobs: {pbs_fcopt_3 ./.pbs_cadmicro-el8-02.inf.ufrgs.br_1040146/pbs_fcopt_3.etf} {pbs_fcopt_1 ./.pbs_cadmicro-el8-02.inf.ufrgs.br_1040146/pbs_fcopt_1.etf} {pbs_fcopt_2 ./.pbs_cadmicro-el8-02.inf.ufrgs.br_1040146/pbs_fcopt_2.etf} {pbs_fcopt_4 ./.pbs_cadmicro-el8-02.inf.ufrgs.br_1040146/pbs_fcopt_4.etf} {pbs_fcopt_0 ./.pbs_cadmicro-el8-02.inf.ufrgs.br_1040146/pbs_fcopt_0.etf}
          Sending 'pbs_fcopt_3 ./.pbs_cadmicro-el8-02.inf.ufrgs.br_1040146/pbs_fcopt_3.etf' to server 'localhost_1_9'...
            Sent 'pbs_fcopt_3 ./.pbs_cadmicro-el8-02.inf.ufrgs.br_1040146/pbs_fcopt_3.etf' to server 'localhost_1_9'.
          Sending 'pbs_fcopt_1 ./.pbs_cadmicro-el8-02.inf.ufrgs.br_1040146/pbs_fcopt_1.etf' to server 'localhost_1_14'...
            Sent 'pbs_fcopt_1 ./.pbs_cadmicro-el8-02.inf.ufrgs.br_1040146/pbs_fcopt_1.etf' to server 'localhost_1_14'.
          Sending 'pbs_fcopt_2 ./.pbs_cadmicro-el8-02.inf.ufrgs.br_1040146/pbs_fcopt_2.etf' to server 'localhost_1_13'...
            Sent 'pbs_fcopt_2 ./.pbs_cadmicro-el8-02.inf.ufrgs.br_1040146/pbs_fcopt_2.etf' to server 'localhost_1_13'.
          Sending 'pbs_fcopt_4 ./.pbs_cadmicro-el8-02.inf.ufrgs.br_1040146/pbs_fcopt_4.etf' to server 'localhost_1_8'...
            Sent 'pbs_fcopt_4 ./.pbs_cadmicro-el8-02.inf.ufrgs.br_1040146/pbs_fcopt_4.etf' to server 'localhost_1_8'.
          Sending 'pbs_fcopt_0 ./.pbs_cadmicro-el8-02.inf.ufrgs.br_1040146/pbs_fcopt_0.etf' to server 'localhost_1_12'...
            Sent 'pbs_fcopt_0 ./.pbs_cadmicro-el8-02.inf.ufrgs.br_1040146/pbs_fcopt_0.etf' to server 'localhost_1_12'.
          Received 'pbs_fcopt_0 ./.pbs_cadmicro-el8-02.inf.ufrgs.br_1040146/pbs_fcopt_0.etf' from server 'localhost_1_12'. (1833 ms elapsed)
       Partition:  pbs_fcopt_0 - PBS_Generic_Opt-Distributed_Read_DB - Elapsed_Time 0.00, CPU_Time 0.00
       Partition:  pbs_fcopt_0 - PBS_Generic_Opt-Distributed_Generic - Elapsed_Time 0.00, CPU_Time 0.98
       Partition:  pbs_fcopt_0 - PBS_Generic_Opt-First_Cond - Elapsed_Time 1.00, CPU_Time 0.74
       Partition:  pbs_fcopt_0 - PBS_Generic_Opt-Distributed_Prop_Const - Elapsed_Time 0.00, CPU_Time 0.00
       Partition:  pbs_fcopt_0 - PBS_Generic_Opt-Distributed_Gobble - Elapsed_Time 0.00, CPU_Time 0.00
       Partition:  pbs_fcopt_0 - PBS_Generic_Opt-Distributed_Report - Elapsed_Time 0.00, CPU_Time 0.00
       Start - Partition: pbs_fcopt_0 Slack: 8299.3 TNS: 0.0 Cell-Count: 360 Cell-Area: 2778 
Init-Memory: 1190.07
       Done  - Partition: pbs_fcopt_0 Slack: 8561.4 TNS: 0.0 Cell-Count: 342 Cell-Area: 2444 
Peak-Memory: 1292.76 Elapsed: 1
       Partition:  pbs_fcopt_0 - PBS_Generic_Opt-Distributed_Write_DB - Elapsed_Time 1.00, CPU_Time -0.00
       pbs_fcopt_0 - PBS_Generic_Opt-Assembly - Elapsed_Time 0, CPU_Time 0.0
       Partition:  pbs_fcopt_0 - Runtime taken by the partition - Elapsed_Time 2.00, CPU_Time 1.72
          Received 'pbs_fcopt_4 ./.pbs_cadmicro-el8-02.inf.ufrgs.br_1040146/pbs_fcopt_4.etf' from server 'localhost_1_8'. (184494 ms elapsed)
       Partition:  pbs_fcopt_4 - PBS_Generic_Opt-Distributed_Read_DB - Elapsed_Time 2.00, CPU_Time 2.00
       Partition:  pbs_fcopt_4 - PBS_Generic_Opt-Distributed_Generic - Elapsed_Time 5.00, CPU_Time 5.00
       Partition:  pbs_fcopt_4 - PBS_Generic_Opt-First_Cond - Elapsed_Time 168.00, CPU_Time 167.58
       Partition:  pbs_fcopt_4 - PBS_Generic_Opt-Distributed_Prop_Const - Elapsed_Time 2.00, CPU_Time 2.00
       Partition:  pbs_fcopt_4 - PBS_Generic_Opt-Distributed_Gobble - Elapsed_Time 0.00, CPU_Time 0.00
       Partition:  pbs_fcopt_4 - PBS_Generic_Opt-Distributed_Report - Elapsed_Time 0.00, CPU_Time 0.00
       Start - Partition: pbs_fcopt_4 Slack: inf TNS: 0.0 Cell-Count: 73591 Cell-Area: 208470 
Init-Memory: 1435.07
       Done  - Partition: pbs_fcopt_4 Slack: inf TNS: 0.0 Cell-Count: 44002 Cell-Area: 158807 
Peak-Memory: 2321.54 Elapsed: 177
       Partition:  pbs_fcopt_4 - PBS_Generic_Opt-Distributed_Write_DB - Elapsed_Time 7.00, CPU_Time 7.00
       pbs_fcopt_4 - PBS_Generic_Opt-Assembly - Elapsed_Time 3, CPU_Time 3.0
       Partition:  pbs_fcopt_4 - Runtime taken by the partition - Elapsed_Time 184.00, CPU_Time 183.58
          Received 'pbs_fcopt_2 ./.pbs_cadmicro-el8-02.inf.ufrgs.br_1040146/pbs_fcopt_2.etf' from server 'localhost_1_13'. (214123 ms elapsed)
       Partition:  pbs_fcopt_2 - PBS_Generic_Opt-Distributed_Read_DB - Elapsed_Time 2.00, CPU_Time 2.00
       Partition:  pbs_fcopt_2 - PBS_Generic_Opt-Distributed_Generic - Elapsed_Time 6.00, CPU_Time 6.99
       Partition:  pbs_fcopt_2 - PBS_Generic_Opt-First_Cond - Elapsed_Time 196.00, CPU_Time 194.52
       Partition:  pbs_fcopt_2 - PBS_Generic_Opt-Distributed_Prop_Const - Elapsed_Time 2.00, CPU_Time 2.00
       Partition:  pbs_fcopt_2 - PBS_Generic_Opt-Distributed_Gobble - Elapsed_Time 0.00, CPU_Time 1.00
       Partition:  pbs_fcopt_2 - PBS_Generic_Opt-Distributed_Report - Elapsed_Time 0.00, CPU_Time 0.00
       Start - Partition: pbs_fcopt_2 Slack: inf TNS: 0.0 Cell-Count: 80731 Cell-Area: 227943 
Init-Memory: 1459.07
       Done  - Partition: pbs_fcopt_2 Slack: inf TNS: 0.0 Cell-Count: 47869 Cell-Area: 173534 
Peak-Memory: 2367.03 Elapsed: 206
       Partition:  pbs_fcopt_2 - PBS_Generic_Opt-Distributed_Write_DB - Elapsed_Time 7.00, CPU_Time 6.98
       pbs_fcopt_2 - PBS_Generic_Opt-Assembly - Elapsed_Time 3, CPU_Time 3.0
       Partition:  pbs_fcopt_2 - Runtime taken by the partition - Elapsed_Time 213.00, CPU_Time 213.49
          Received 'pbs_fcopt_1 ./.pbs_cadmicro-el8-02.inf.ufrgs.br_1040146/pbs_fcopt_1.etf' from server 'localhost_1_14'. (278667 ms elapsed)
       Partition:  pbs_fcopt_1 - PBS_Generic_Opt-Distributed_Read_DB - Elapsed_Time 2.00, CPU_Time 2.00
       Partition:  pbs_fcopt_1 - PBS_Generic_Opt-Distributed_Generic - Elapsed_Time 7.00, CPU_Time 8.00
       Partition:  pbs_fcopt_1 - PBS_Generic_Opt-First_Cond - Elapsed_Time 257.00, CPU_Time 255.03
       Partition:  pbs_fcopt_1 - PBS_Generic_Opt-Distributed_Prop_Const - Elapsed_Time 2.00, CPU_Time 3.00
       Partition:  pbs_fcopt_1 - PBS_Generic_Opt-Distributed_Gobble - Elapsed_Time 1.00, CPU_Time 0.00
       Partition:  pbs_fcopt_1 - PBS_Generic_Opt-Distributed_Report - Elapsed_Time 0.00, CPU_Time 0.00
       Start - Partition: pbs_fcopt_1 Slack: inf TNS: 0.0 Cell-Count: 92125 Cell-Area: 261658 
Init-Memory: 1497.07
       Done  - Partition: pbs_fcopt_1 Slack: inf TNS: 0.0 Cell-Count: 55551 Cell-Area: 198582 
Peak-Memory: 2451.91 Elapsed: 269
       Partition:  pbs_fcopt_1 - PBS_Generic_Opt-Distributed_Write_DB - Elapsed_Time 9.00, CPU_Time 10.00
       pbs_fcopt_1 - PBS_Generic_Opt-Assembly - Elapsed_Time 4, CPU_Time 4.0
       Partition:  pbs_fcopt_1 - Runtime taken by the partition - Elapsed_Time 278.00, CPU_Time 278.03
          Received 'pbs_fcopt_3 ./.pbs_cadmicro-el8-02.inf.ufrgs.br_1040146/pbs_fcopt_3.etf' from server 'localhost_1_9'. (313701 ms elapsed)
       Partition:  pbs_fcopt_3 - PBS_Generic_Opt-Distributed_Read_DB - Elapsed_Time 2.00, CPU_Time 2.00
       Partition:  pbs_fcopt_3 - PBS_Generic_Opt-Distributed_Generic - Elapsed_Time 8.00, CPU_Time 8.00
       Partition:  pbs_fcopt_3 - PBS_Generic_Opt-First_Cond - Elapsed_Time 291.00, CPU_Time 289.94
       Partition:  pbs_fcopt_3 - PBS_Generic_Opt-Distributed_Prop_Const - Elapsed_Time 2.00, CPU_Time 3.00
       Partition:  pbs_fcopt_3 - PBS_Generic_Opt-Distributed_Gobble - Elapsed_Time 0.00, CPU_Time 0.00
       Partition:  pbs_fcopt_3 - PBS_Generic_Opt-Distributed_Report - Elapsed_Time 0.00, CPU_Time 0.00
       Start - Partition: pbs_fcopt_3 Slack: inf TNS: 0.0 Cell-Count: 93455 Cell-Area: 265640 
Init-Memory: 1501.07
       Done  - Partition: pbs_fcopt_3 Slack: inf TNS: 0.0 Cell-Count: 56660 Cell-Area: 202222 
Peak-Memory: 2471.01 Elapsed: 303
       Partition:  pbs_fcopt_3 - PBS_Generic_Opt-Distributed_Write_DB - Elapsed_Time 10.00, CPU_Time 9.97
       pbs_fcopt_3 - PBS_Generic_Opt-Assembly - Elapsed_Time 3, CPU_Time 3.0
       Partition:  pbs_fcopt_3 - Runtime taken by the partition - Elapsed_Time 313.00, CPU_Time 312.91
Assembled design in-time

+-----------+------------------------------+-----+----------------------+---------------------------+
|   Host    |           Machine            | CPU | Physical Memory (MB) | Peak Physical Memory (MB) |
+-----------+------------------------------+-----+----------------------+---------------------------+
| localhost | cadmicro-el8-02.inf.ufrgs.br |  8  |        3573.9        |          5484.3           |
+-----------+------------------------------+-----+----------------------+---------------------------+

+----------------+----------------------+---------------------------+
|     Server     | Physical Memory (MB) | Peak Physical Memory (MB) |
+----------------+----------------------+---------------------------+
| localhost_1_0  |      2190.0 [1]      |        4421.6 [1]         |
| localhost_1_10 |       52.6 [2]       |          [2] [3]          |
| localhost_1_11 |       52.5 [2]       |          [2] [3]          |
| localhost_1_13 |      478.7 [2]       |          [2] [3]          |
| localhost_1_14 |      485.4 [2]       |          [2] [3]          |
| localhost_1_8  |      478.2 [2]       |          [2] [3]          |
| localhost_1_12 |       93.1 [2]       |          [2] [3]          |
| localhost_1_9  |      478.8 [2]       |          [2] [3]          |
+----------------+----------------------+---------------------------+
[1] Memory of child processes is included.
[2] Memory is included in parent localhost_1_0.
[3] Peak physical memory is not available for forked background servers.

PBS_Generic_Opt-Post - Elapsed_Time 4102, CPU_Time 4073.2602070000003
stamp 'PBS_Generic_Opt-Post' being created for table 'pbs_debug'

  Total Time (Wall) |  Stage Time (Wall)  |   % (Wall)   |    Date - Time     |  Memory   | Stage
--------------------+---------------------+--------------+--------------------+-----------+----------------------
 00:00:33(00:00:31) |  00:00:00(00:00:00) |   0.0(  0.0) |    0:36:33 (Oct09) |  668.2 MB | PBS_Generic-Start
--------------------+---------------------+--------------+--------------------+-----------+----------------------
 01:02:51(01:03:21) |  01:02:18(01:02:50) |  90.9( 91.1) |    1:39:23 (Oct09) |   2.23 GB | PBS_Generic-Post_Genopt
--------------------+---------------------+--------------+--------------------+-----------+----------------------
 01:09:04(01:09:31) |  00:06:12(00:06:10) |   9.1(  8.9) |    1:45:33 (Oct09) |   1.78 GB | PBS_Generic_Opt-Post
--------------------+---------------------+--------------+--------------------+-----------+----------------------
Number of threads: 8 * 1   (id: pbs_debug, time_info v1.57)
Info: (*N*) indicates data that was populated from previously saved time_info database
Info: CPU time includes time of parent + longest thread
PBS_Generic-Postgen HBO Optimizations - Elapsed_Time 6, CPU_Time 7.0
stamp 'PBS_Generic-Postgen HBO Optimizations' being created for table 'pbs_debug'

  Total Time (Wall) |  Stage Time (Wall)  |   % (Wall)   |    Date - Time     |  Memory   | Stage
--------------------+---------------------+--------------+--------------------+-----------+----------------------
 00:00:33(00:00:31) |  00:00:00(00:00:00) |   0.0(  0.0) |    0:36:33 (Oct09) |  668.2 MB | PBS_Generic-Start
--------------------+---------------------+--------------+--------------------+-----------+----------------------
 01:02:51(01:03:21) |  01:02:18(01:02:50) |  90.8( 90.9) |    1:39:23 (Oct09) |   2.23 GB | PBS_Generic-Post_Genopt
--------------------+---------------------+--------------+--------------------+-----------+----------------------
 01:09:04(01:09:31) |  00:06:12(00:06:10) |   9.0(  8.9) |    1:45:33 (Oct09) |   1.78 GB | PBS_Generic_Opt-Post
--------------------+---------------------+--------------+--------------------+-----------+----------------------
 01:09:11(01:09:37) |  00:00:07(00:00:06) |   0.2(  0.1) |    1:45:39 (Oct09) |   1.57 GB | PBS_Generic-Postgen HBO Optimizations
--------------------+---------------------+--------------+--------------------+-----------+----------------------
Number of threads: 8 * 1   (id: pbs_debug, time_info v1.57)
Info: (*N*) indicates data that was populated from previously saved time_info database
Info: CPU time includes time of parent + longest thread
Starting post syn_generic ultra-effort Boolean optimization
Redundancy removal succeeded.
Done post syn_generic ultra-effort Boolean optimization (7.00 cpu seconds) (8.00 elapsed cpu seconds)
Info    : Done synthesizing. [SYNTH-2]
        : Done synthesizing 'neuron_intra_Nbits' to generic gates.
##>===== Cadence Confidential (Generic-Logical) =====
##>ST Summary (1 partitions in total):
##>--------------------------
##>PARTITION                0
##>--------------------------
##>PRE_WNS               7758
##>PRE_TNS                  0
##>PRE_CNT             393987
##>PRE_PORT_CNT          2114
##>PRE_AREA           1079843
##>PRE_LEAK_PWR         13540
##>PRE_EX_DEL_CNT           2
##>--------------------------
##>POST_WNS              8299
##>POST_TNS                 0
##>POST_CNT            340262
##>POST_PORT_CNT         2114
##>POST_AREA           966492
##>POST_LEAK_PWR        12595
##>POST_EX_DEL_CNT          2
##>--------------------------
##>R:Read DB                8
##>R:Mux Opto              11
##>R:Generic             3564
##>R:Retime                 0
##>R:Clk Gate               0
##>R:Const Prop            14
##>R:Gobble                 1
##>R:Set Targets            0
##>R:Write DB              31
##>R:Misc                   0
##>Total Elapsed         3630
##>==========================
##>============= Cadence Confidential (Generic-Logical) =============
##>ST Summary (5 partitions in total):
##>------------------------------------------------------------------
##>PARTITION                3         1         2         4         0
##>------------------------------------------------------------------
##>PRE_WNS           infinity  infinity  infinity  infinity      8299
##>PRE_TNS                  0         0         0         0         0
##>PRE_CNT              93455     92125     80731     73591       360
##>PRE_PORT_CNT          9242      9015      8788      8176       194
##>PRE_AREA            265640    261658    227943    208470      2778
##>PRE_LEAK_PWR          3475      3422      2954      2713        29
##>PRE_EX_DEL_CNT           0         0         0         0         2
##>------------------------------------------------------------------
##>POST_WNS          infinity  infinity  infinity  infinity      8561
##>POST_TNS                 0         0         0         0         0
##>POST_CNT             56660     55551     47869     44002       342
##>POST_PORT_CNT         9242      9015      8788      8176       194
##>POST_AREA           202222    198582    173534    158807      2444
##>POST_LEAK_PWR         1592      1562      1339      1229        18
##>POST_EX_DEL_CNT          0         0         0         0         2
##>------------------------------------------------------------------
##>F:Read DB                2         2         2         2         0
##>F:Mux Opto               0         0         0         0         0
##>F:Generic                8         7         6         5         0
##>F:Retime                 0         0         0         0         0
##>F:Clk Gate               0         0         0         0         0
##>F:Const Prop             2         2         2         2         0
##>F:Gobble                 0         1         0         0         0
##>F:Set Targets          291       257       196       168         1
##>F:Write DB              10         9         7         7         1
##>F:Misc                   0         0         0         0         0
##>Total Elapsed          313       278       213       184         2
##>==================================================================
##>Main Thread Summary:
##>----------------------------------------------------------------------------------------
##>STEP                           Elapsed       WNS       TNS     Insts      Area    Memory
##>----------------------------------------------------------------------------------------
##>G:Initial                           38         -         -    393987    269960      1266
##>G:Early Clock Gating                 0         -         -         -         -         -
##>G:Setup                              3         -         -         -         -      2666
##>G:Launch ST                         18         -         -         -         -      2666
##>G:Design Partition                   4         -         -         -         -      2666
##>G:Create Partition Netlists          7         -         -         -         -      2666
##>G:Init Power                         0         -         -         -         -      2698
##>G:Budgeting                         15         -         -         -         -      2714
##>G:Derenv-DB                         34         -         -         -         -      2738
##>G:Debug Outputs                      0         -         -         -         -         -
##>G:ST loading                         2         -         -         -         -      2738
##>G:Distributed                     3947         -         -         -         -      2738
##>G:Timer                              9         -         -         -         -      2698
##>G:Assembly                          21         -         -         -         -      2738
##>G:DFT                                3         -         -         -         -      2738
##>G:Const Prop                         6         -         -    204360    183876      1568
##>G:PostGen Opt                        9      8655         0    204360    183876      1777
##>G:Early Clock Gating Cleanup         0         -         -         -         -         -
##>G:Misc                              43
##>----------------------------------------------------------------------------------------
##>Total Elapsed                     4159
##>========================================================================================
      flow.cputime  flow.realtime  timing.setup.tns  timing.setup.wns  snapshot
UM:*                                                                   syn_gen
@file(synth_script.tcl) 27: report_area > reports/report_area_generic.rpt
Warning : The details given in report might be incorrect or incomplete. [RPT-80]
        : The design design:neuron_intra_Nbits should be mapped to get accurate area details.
        : Map the design using syn_map before using the '-detail' option of the 'report_area' command.
@file(synth_script.tcl) 28: report_timing > reports/report_timing_generic.rpt
@file(synth_script.tcl) 29: report_power > reports/report_power_generic.rpt
Info    : Joules engine is used. [RPT-16]
        : Joules engine is being used for the command report_power.
Info   : ACTP-0001 [ACTPInfo] Activity propagation started for stim#0 netlist
       : neuron_intra_Nbits
Info   : ACTP-0009 [ACTPInfo] Activity Propagation Progress Report :   0%   1%   2%   3%   4%   5%   6%   7%   8%   9%  10%  11%  12%  13%  14%  15%  16%  17%  18%  19%  20%  21%  22%  23%  24%  25%  26%  27%  28%  29%  30%  31%  32%  33%  34%  35%  36%  37%  38%  39%  40%  41%  42%  43%  44%  45%  46%  47%  48%  49%  50%  51%  52%  53%  54%  55%  56%  57%  58%  59%  60%  61%  62%  63%  64%  65%  66%  67%  68%  69%  70%  71%  72%  73%  74%  75%  76%  77%  78%  79%  80%  81%  82%  83%  84%  85%  86%  87%  88%  89%  90%  91%  92%  93%  94%  95%  96%  97%  98%  99% 100%
Info   : ACTP-0001 Activity propagation ended for stim#0
Info   : PWRA-0001 [PwrInfo] compute_power effective options 
       : -mode : vectorless
       : -skip_propagation : 1
       : -frequency_scaling_factor : 1.0
       : -use_clock_freq : stim
       : -stim :/stim#0
       : -fromGenus : 1
Info   : ACTP-0001 Timing initialization started
Info   : ACTP-0001 Timing initialization ended
Info   : PWRA-0002 [PwrInfo] Skipping activity propagation due to -skip_ap
       : option....
Warning: PWRA-0302 [PwrWarn] Frequency scaling is not applicable for vectorless
       : flow. Ignoring frequency scaling.
Warning: PWRA-0304 [PwrWarn] -stim option is not applicable with vectorless mode
       : of power analysis, ignored this option.
Info   : PWRA-0002 Started 'vectorless' power computation.
Info   : PWRA-0009 [PwrInfo] Power Computation Progress Report :   0%   1%   2%   3%   4%   5%   6%   7%   8%   9%  10%  11%  12%  13%  14%  15%  16%  17%  18%  19%  20%  21%  22%  23%  24%  25%  26%  27%  28%  29%  30%  31%  32%  33%  34%  35%  36%  37%  38%  39%  40%  41%  42%  43%  44%  45%  46%  47%  48%  49%  50%  51%  52%  53%  54%  55%  56%  57%  58%  59%  60%  61%  62%  63%  64%  65%  66%  67%  68%  69%  70%  71%  72%  73%  74%  75%  76%  77%  78%  79%  80%  81%  82%  83%  84%  85%  86%  87%  88%  89%  90%  91%  92%  93%  94%  95%  96%  97%  98%  99% 100%
Info   : PWRA-0002 Finished power computation.
Info   : PWRA-0007 [PwrInfo] Completed successfully.
       : Info=6, Warn=2, Error=0, Fatal=0
Output file: reports/report_power_generic.rpt
@file(synth_script.tcl) 31: syn_map
#------------------------------------------------------------------------------------
# Root attributes for category: opt
#------------------------------------------------------------------------------------
# Feature                           | Attribute                | Value            
#------------------------------------------------------------------------------------
# Power optimization effort         | design_power_effort      | none             
# Do not use qbar sequential pins   | dont_use_qbar_seq_pins   | false (default)  
#------------------------------------------------------------------------------------

##Generic Timing Info: typical gate delay  144.4 ps   std_slew:   15.1 ps   std_load:  0.5 fF  for library domain _default_
Mapping ChipWare ICG instances in neuron_intra_Nbits
Found 0 unmapped ChipWare ICG instances
Mapped 0 of 0 ChipWare ICG instances
Current PLE settings:

Aspect ratio        : 1.000
Shrink factor       : 1.000
Scale of res/length : 1.000
Scale of cap/length : 1.000
Net derating factor : 1.000
Thermal factor      : 1.000
Via Resistance      : 0.000 ohm (from default)
Site size           : 1.055 um (from lef [tech+cell])

                                   Capacitance  
  Layer                             / Length         Data source:
Name        Direction Utilization  (pF/micron)       lef_library
------------------------------------------------
Metal1          H         0.00        0.000412  
Metal2          V         1.00        0.000416  
Metal3          H         1.00        0.000416  
Metal4          V         1.00        0.000416  
Metal5          H         1.00        0.000416  
Metal6          V         1.00        0.000416  
Metal7          H         1.00        0.000416  
Metal8          V         1.00        0.000416  
Metal9          H         1.00        0.000416  
Metal10         V         1.00        0.000444  
Metal11         H         1.00        0.000444  

                                    Resistance   
  Layer                              / Length         Data source:
Name        Direction Utilization  (ohm/micron)       lef_library
-------------------------------------------------
Metal1          H         0.00         1.226667  
Metal2          V         1.00         0.755000  
Metal3          H         1.00         0.755000  
Metal4          V         1.00         0.755000  
Metal5          H         1.00         0.755000  
Metal6          V         1.00         0.755000  
Metal7          H         1.00         0.755000  
Metal8          V         1.00         0.267500  
Metal9          H         1.00         0.267500  
Metal10         V         1.00         0.097273  
Metal11         H         1.00         0.095455  

                                        Area     
  Layer                               / Length        Data source:
Name        Direction Utilization     (micron)        lef_library
-------------------------------------------------
Metal1          H         0.00         0.060000  
Metal2          V         1.00         0.080000  
Metal3          H         1.00         0.080000  
Metal4          V         1.00         0.080000  
Metal5          H         1.00         0.080000  
Metal6          V         1.00         0.080000  
Metal7          H         1.00         0.080000  
Metal8          V         1.00         0.080000  
Metal9          H         1.00         0.080000  
Metal10         V         1.00         0.220000  
Metal11         H         1.00         0.220000  

Info    : Mapping. [SYNTH-4]
        : Mapping 'neuron_intra_Nbits' using 'high' effort.
Mapper: Libraries have:
	domain _default_: 330 combo usable cells and 163 sequential usable cells
PBS_TechMap-Start - Elapsed_Time 0, CPU_Time 0.0
stamp 'PBS_TechMap-Start' being created for table 'pbs_debug'

  Total Time (Wall) |  Stage Time (Wall)  |   % (Wall)   |    Date - Time     |  Memory   | Stage
--------------------+---------------------+--------------+--------------------+-----------+----------------------
 00:00:33(00:00:31) |  00:00:00(00:00:00) |   0.0(  0.0) |    0:36:33 (Oct09) |  668.2 MB | PBS_Generic-Start
--------------------+---------------------+--------------+--------------------+-----------+----------------------
 01:02:51(01:03:21) |  01:02:18(01:02:50) |  90.1( 90.3) |    1:39:23 (Oct09) |   2.23 GB | PBS_Generic-Post_Genopt
--------------------+---------------------+--------------+--------------------+-----------+----------------------
 01:09:04(01:09:31) |  00:06:12(00:06:10) |   9.0(  8.9) |    1:45:33 (Oct09) |   1.78 GB | PBS_Generic_Opt-Post
--------------------+---------------------+--------------+--------------------+-----------+----------------------
 01:09:11(01:09:37) |  00:00:07(00:00:06) |   0.2(  0.1) |    1:45:39 (Oct09) |   1.57 GB | PBS_Generic-Postgen HBO Optimizations
--------------------+---------------------+--------------+--------------------+-----------+----------------------
 01:09:41(01:10:06) |  00:00:29(00:00:29) |   0.7(  0.7) |    1:46:08 (Oct09) |   1.60 GB | PBS_TechMap-Start
--------------------+---------------------+--------------+--------------------+-----------+----------------------
Number of threads: 8 * 1   (id: pbs_debug, time_info v1.57)
Info: (*N*) indicates data that was populated from previously saved time_info database
Info: CPU time includes time of parent + longest thread
PBS_TechMap-Premap HBO Optimizations - Elapsed_Time 6, CPU_Time 6.0
stamp 'PBS_TechMap-Premap HBO Optimizations' being created for table 'pbs_debug'

  Total Time (Wall) |  Stage Time (Wall)  |   % (Wall)   |    Date - Time     |  Memory   | Stage
--------------------+---------------------+--------------+--------------------+-----------+----------------------
 00:00:33(00:00:31) |  00:00:00(00:00:00) |   0.0(  0.0) |    0:36:33 (Oct09) |  668.2 MB | PBS_Generic-Start
--------------------+---------------------+--------------+--------------------+-----------+----------------------
 01:02:51(01:03:21) |  01:02:18(01:02:50) |  90.0( 90.2) |    1:39:23 (Oct09) |   2.23 GB | PBS_Generic-Post_Genopt
--------------------+---------------------+--------------+--------------------+-----------+----------------------
 01:09:04(01:09:31) |  00:06:12(00:06:10) |   9.0(  8.8) |    1:45:33 (Oct09) |   1.78 GB | PBS_Generic_Opt-Post
--------------------+---------------------+--------------+--------------------+-----------+----------------------
 01:09:11(01:09:37) |  00:00:07(00:00:06) |   0.2(  0.1) |    1:45:39 (Oct09) |   1.57 GB | PBS_Generic-Postgen HBO Optimizations
--------------------+---------------------+--------------+--------------------+-----------+----------------------
 01:09:41(01:10:06) |  00:00:29(00:00:29) |   0.7(  0.7) |    1:46:08 (Oct09) |   1.60 GB | PBS_TechMap-Start
--------------------+---------------------+--------------+--------------------+-----------+----------------------
 01:09:47(01:10:12) |  00:00:06(00:00:06) |   0.1(  0.1) |    1:46:14 (Oct09) |   1.60 GB | PBS_TechMap-Premap HBO Optimizations
--------------------+---------------------+--------------+--------------------+-----------+----------------------
Number of threads: 8 * 1   (id: pbs_debug, time_info v1.57)
Info: (*N*) indicates data that was populated from previously saved time_info database
Info: CPU time includes time of parent + longest thread
Info    : Partition Based Synthesis execution skipped. [PHYS-752]
        : Design size is less than the partition threshold '300000' for distributed mapping optimization to kick in.
Current PLE settings:

Aspect ratio        : 1.000
Shrink factor       : 1.000
Scale of res/length : 1.000
Scale of cap/length : 1.000
Net derating factor : 1.000
Thermal factor      : 1.000
Via Resistance      : 0.000 ohm (from default)
Site size           : 1.055 um (from lef [tech+cell])

                                   Capacitance  
  Layer                             / Length         Data source:
Name        Direction Utilization  (pF/micron)       lef_library
------------------------------------------------
Metal1          H         0.00        0.000412  
Metal2          V         1.00        0.000416  
Metal3          H         1.00        0.000416  
Metal4          V         1.00        0.000416  
Metal5          H         1.00        0.000416  
Metal6          V         1.00        0.000416  
Metal7          H         1.00        0.000416  
Metal8          V         1.00        0.000416  
Metal9          H         1.00        0.000416  
Metal10         V         1.00        0.000444  
Metal11         H         1.00        0.000444  

                                    Resistance   
  Layer                              / Length         Data source:
Name        Direction Utilization  (ohm/micron)       lef_library
-------------------------------------------------
Metal1          H         0.00         1.226667  
Metal2          V         1.00         0.755000  
Metal3          H         1.00         0.755000  
Metal4          V         1.00         0.755000  
Metal5          H         1.00         0.755000  
Metal6          V         1.00         0.755000  
Metal7          H         1.00         0.755000  
Metal8          V         1.00         0.267500  
Metal9          H         1.00         0.267500  
Metal10         V         1.00         0.097273  
Metal11         H         1.00         0.095455  

                                        Area     
  Layer                               / Length        Data source:
Name        Direction Utilization     (micron)        lef_library
-------------------------------------------------
Metal1          H         0.00         0.060000  
Metal2          V         1.00         0.080000  
Metal3          H         1.00         0.080000  
Metal4          V         1.00         0.080000  
Metal5          H         1.00         0.080000  
Metal6          V         1.00         0.080000  
Metal7          H         1.00         0.080000  
Metal8          V         1.00         0.080000  
Metal9          H         1.00         0.080000  
Metal10         V         1.00         0.220000  
Metal11         H         1.00         0.220000  

Mapper: Libraries have:
	domain _default_: 330 combo usable cells and 163 sequential usable cells
Updating ST server settings
Info    : Connection established with super-threading server. [ST-110]
        : The server 'localhost_1_15' is forked process '1072583' on this host.
Info    : Connection established with super-threading server. [ST-110]
        : The server 'localhost_1_16' is forked process '1072585' on this host.
Info    : Connection established with super-threading server. [ST-110]
        : The server 'localhost_1_17' is forked process '1072587' on this host.
Info    : Connection established with super-threading server. [ST-110]
        : The server 'localhost_1_18' is forked process '1072589' on this host.
Info    : Connection established with super-threading server. [ST-110]
        : The server 'localhost_1_19' is forked process '1072591' on this host.
Warning : Maximum message print count reached. [MESG-11]
        : Maximum print count of '20' reached for message 'ST-110'.
Multi-threaded Virtual Mapping    (8 threads per ST process, 8 of 64 CPUs usable)
        Distributing super-thread jobs: cb_part_87 cb_part_122 cb_part_110 cb_part_76
          Sending 'cb_part_87' to server 'localhost_1_15'...
            Sent 'cb_part_87' to server 'localhost_1_15'.
          Sending 'cb_part_122' to server 'localhost_1_18'...
            Sent 'cb_part_122' to server 'localhost_1_18'.
          Sending 'cb_part_110' to server 'localhost_1_19'...
            Sent 'cb_part_110' to server 'localhost_1_19'.
          Sending 'cb_part_76' to server 'localhost_1_17'...
            Sent 'cb_part_76' to server 'localhost_1_17'.
          Received 'cb_part_76' from server 'localhost_1_17'. (500 ms elapsed)
          Received 'cb_part_122' from server 'localhost_1_18'. (631 ms elapsed)
          Received 'cb_part_110' from server 'localhost_1_19'. (612 ms elapsed)
          Received 'cb_part_87' from server 'localhost_1_15'. (706 ms elapsed)
        Distributing super-thread jobs: cb_part_106 cb_part_114
          Sending 'cb_part_106' to server 'localhost_1_15'...
            Sent 'cb_part_106' to server 'localhost_1_15'.
          Sending 'cb_part_114' to server 'localhost_1_18'...
            Sent 'cb_part_114' to server 'localhost_1_18'.
          Received 'cb_part_114' from server 'localhost_1_18'. (302 ms elapsed)
          Received 'cb_part_106' from server 'localhost_1_15'. (859 ms elapsed)
        Distributing super-thread jobs: cb_part_124 cb_part_136 cb_part_130
          Sending 'cb_part_124' to server 'localhost_1_15'...
            Sent 'cb_part_124' to server 'localhost_1_15'.
          Sending 'cb_part_136' to server 'localhost_1_18'...
            Sent 'cb_part_136' to server 'localhost_1_18'.
          Sending 'cb_part_130' to server 'localhost_1_19'...
            Sent 'cb_part_130' to server 'localhost_1_19'.
          Received 'cb_part_130' from server 'localhost_1_19'. (220 ms elapsed)
          Received 'cb_part_136' from server 'localhost_1_18'. (447 ms elapsed)
          Received 'cb_part_124' from server 'localhost_1_15'. (800 ms elapsed)
        Distributing super-thread jobs: cb_part_132 cb_part_222
          Sending 'cb_part_132' to server 'localhost_1_15'...
            Sent 'cb_part_132' to server 'localhost_1_15'.
          Sending 'cb_part_222' to server 'localhost_1_18'...
            Sent 'cb_part_222' to server 'localhost_1_18'.
          Received 'cb_part_222' from server 'localhost_1_18'. (1378 ms elapsed)
          Received 'cb_part_132' from server 'localhost_1_15'. (3244 ms elapsed)
        Distributing super-thread jobs: cb_part_144 cb_part_128
          Sending 'cb_part_144' to server 'localhost_1_15'...
            Sent 'cb_part_144' to server 'localhost_1_15'.
          Sending 'cb_part_128' to server 'localhost_1_18'...
            Sent 'cb_part_128' to server 'localhost_1_18'.
          Received 'cb_part_128' from server 'localhost_1_18'. (232 ms elapsed)
          Received 'cb_part_144' from server 'localhost_1_15'. (665 ms elapsed)
        Distributing super-thread jobs: cb_part_148 mrg_mux_ctl_359 cb_part_172
          Sending 'cb_part_148' to server 'localhost_1_15'...
            Sent 'cb_part_148' to server 'localhost_1_15'.
          Sending 'mrg_mux_ctl_359' to server 'localhost_1_18'...
            Sent 'mrg_mux_ctl_359' to server 'localhost_1_18'.
          Sending 'cb_part_172' to server 'localhost_1_19'...
            Sent 'cb_part_172' to server 'localhost_1_19'.
          Received 'cb_part_172' from server 'localhost_1_19'. (401 ms elapsed)
          Received 'mrg_mux_ctl_359' from server 'localhost_1_18'. (2290 ms elapsed)
          Received 'cb_part_148' from server 'localhost_1_15'. (2903 ms elapsed)
        Distributing super-thread jobs: cb_part_188 cb_part_206 cb_part_220 cb_part_196
          Sending 'cb_part_188' to server 'localhost_1_15'...
            Sent 'cb_part_188' to server 'localhost_1_15'.
          Sending 'cb_part_206' to server 'localhost_1_18'...
            Sent 'cb_part_206' to server 'localhost_1_18'.
          Sending 'cb_part_220' to server 'localhost_1_19'...
            Sent 'cb_part_220' to server 'localhost_1_19'.
          Sending 'cb_part_196' to server 'localhost_1_17'...
            Sent 'cb_part_196' to server 'localhost_1_17'.
          Received 'cb_part_220' from server 'localhost_1_19'. (899 ms elapsed)
          Received 'cb_part_206' from server 'localhost_1_18'. (1034 ms elapsed)
          Received 'cb_part_196' from server 'localhost_1_17'. (925 ms elapsed)
          Received 'cb_part_188' from server 'localhost_1_15'. (2056 ms elapsed)
        Distributing super-thread jobs: cb_part_190 cb_part_202
          Sending 'cb_part_190' to server 'localhost_1_15'...
            Sent 'cb_part_190' to server 'localhost_1_15'.
          Sending 'cb_part_202' to server 'localhost_1_18'...
            Sent 'cb_part_202' to server 'localhost_1_18'.
          Received 'cb_part_202' from server 'localhost_1_18'. (193 ms elapsed)
          Received 'cb_part_190' from server 'localhost_1_15'. (3306 ms elapsed)
        Distributing super-thread jobs: mrg_mux_ctl_358 cb_part_200
          Sending 'mrg_mux_ctl_358' to server 'localhost_1_15'...
            Sent 'mrg_mux_ctl_358' to server 'localhost_1_15'.
          Sending 'cb_part_200' to server 'localhost_1_18'...
            Sent 'cb_part_200' to server 'localhost_1_18'.
          Received 'cb_part_200' from server 'localhost_1_18'. (284 ms elapsed)
          Received 'mrg_mux_ctl_358' from server 'localhost_1_15'. (1152 ms elapsed)
        Distributing super-thread jobs: cb_part_154 cb_part_218
          Sending 'cb_part_154' to server 'localhost_1_15'...
            Sent 'cb_part_154' to server 'localhost_1_15'.
          Sending 'cb_part_218' to server 'localhost_1_18'...
            Sent 'cb_part_218' to server 'localhost_1_18'.
          Received 'cb_part_218' from server 'localhost_1_18'. (234 ms elapsed)
          Received 'cb_part_154' from server 'localhost_1_15'. (1224 ms elapsed)
        Distributing super-thread jobs: cb_part_224 cb_part_228
          Sending 'cb_part_224' to server 'localhost_1_15'...
            Sent 'cb_part_224' to server 'localhost_1_15'.
          Sending 'cb_part_228' to server 'localhost_1_18'...
            Sent 'cb_part_228' to server 'localhost_1_18'.
          Received 'cb_part_228' from server 'localhost_1_18'. (412 ms elapsed)
          Received 'cb_part_224' from server 'localhost_1_15'. (3838 ms elapsed)
        Distributing super-thread jobs: cb_part_230
          Sending 'cb_part_230' to server 'localhost_1_15'...
            Sent 'cb_part_230' to server 'localhost_1_15'.
          Received 'cb_part_230' from server 'localhost_1_15'. (1623 ms elapsed)
        Distributing super-thread jobs: cb_part_211 cb_part_242
          Sending 'cb_part_211' to server 'localhost_1_15'...
            Sent 'cb_part_211' to server 'localhost_1_15'.
          Sending 'cb_part_242' to server 'localhost_1_18'...
            Sent 'cb_part_242' to server 'localhost_1_18'.
          Received 'cb_part_242' from server 'localhost_1_18'. (553 ms elapsed)
          Received 'cb_part_211' from server 'localhost_1_15'. (94213 ms elapsed)
        Distributing super-thread jobs: mrg_mux_ctl_360 cb_part_270 cb_part_96 cb_part_302
          Sending 'mrg_mux_ctl_360' to server 'localhost_1_15'...
            Sent 'mrg_mux_ctl_360' to server 'localhost_1_15'.
          Sending 'cb_part_270' to server 'localhost_1_18'...
            Sent 'cb_part_270' to server 'localhost_1_18'.
          Sending 'cb_part_96' to server 'localhost_1_19'...
            Sent 'cb_part_96' to server 'localhost_1_19'.
          Sending 'cb_part_302' to server 'localhost_1_17'...
            Sent 'cb_part_302' to server 'localhost_1_17'.
          Received 'cb_part_302' from server 'localhost_1_17'. (176 ms elapsed)
          Received 'cb_part_96' from server 'localhost_1_19'. (199 ms elapsed)
          Received 'cb_part_270' from server 'localhost_1_18'. (379 ms elapsed)
          Received 'mrg_mux_ctl_360' from server 'localhost_1_15'. (8535 ms elapsed)
        Distributing super-thread jobs: cb_part_266 cb_part_342 cb_part_226 cb_part_174 cb_part_286
          Sending 'cb_part_266' to server 'localhost_1_15'...
            Sent 'cb_part_266' to server 'localhost_1_15'.
          Sending 'cb_part_342' to server 'localhost_1_18'...
            Sent 'cb_part_342' to server 'localhost_1_18'.
          Sending 'cb_part_226' to server 'localhost_1_19'...
            Sent 'cb_part_226' to server 'localhost_1_19'.
          Sending 'cb_part_174' to server 'localhost_1_17'...
            Sent 'cb_part_174' to server 'localhost_1_17'.
          Sending 'cb_part_286' to server 'localhost_1_21'...
            Sent 'cb_part_286' to server 'localhost_1_21'.
          Received 'cb_part_174' from server 'localhost_1_17'. (205 ms elapsed)
          Received 'cb_part_226' from server 'localhost_1_19'. (403 ms elapsed)
          Received 'cb_part_286' from server 'localhost_1_21'. (583 ms elapsed)
          Received 'cb_part_342' from server 'localhost_1_18'. (2427 ms elapsed)
          Received 'cb_part_266' from server 'localhost_1_15'. (5800 ms elapsed)
        Distributing super-thread jobs: cb_part_277 mrg_mux_ctl_362 cb_part_281 cb_part_344
          Sending 'cb_part_277' to server 'localhost_1_15'...
            Sent 'cb_part_277' to server 'localhost_1_15'.
          Sending 'mrg_mux_ctl_362' to server 'localhost_1_18'...
            Sent 'mrg_mux_ctl_362' to server 'localhost_1_18'.
          Sending 'cb_part_281' to server 'localhost_1_19'...
            Sent 'cb_part_281' to server 'localhost_1_19'.
          Sending 'cb_part_344' to server 'localhost_1_17'...
            Sent 'cb_part_344' to server 'localhost_1_17'.
          Received 'cb_part_344' from server 'localhost_1_17'. (703 ms elapsed)
          Received 'cb_part_281' from server 'localhost_1_19'. (772 ms elapsed)
          Received 'mrg_mux_ctl_362' from server 'localhost_1_18'. (1072 ms elapsed)
          Received 'cb_part_277' from server 'localhost_1_15'. (33100 ms elapsed)
        Distributing super-thread jobs: cb_part_317 cb_part_346
          Sending 'cb_part_317' to server 'localhost_1_15'...
            Sent 'cb_part_317' to server 'localhost_1_15'.
          Sending 'cb_part_346' to server 'localhost_1_18'...
            Sent 'cb_part_346' to server 'localhost_1_18'.
          Received 'cb_part_346' from server 'localhost_1_18'. (734 ms elapsed)
          Received 'cb_part_317' from server 'localhost_1_15'. (987 ms elapsed)
        Distributing super-thread jobs: cb_part_321
          Sending 'cb_part_321' to server 'localhost_1_15'...
            Sent 'cb_part_321' to server 'localhost_1_15'.
          Received 'cb_part_321' from server 'localhost_1_15'. (1375 ms elapsed)
        Distributing super-thread jobs: cb_part_333 cb_part_318
          Sending 'cb_part_333' to server 'localhost_1_15'...
            Sent 'cb_part_333' to server 'localhost_1_15'.
          Sending 'cb_part_318' to server 'localhost_1_18'...
            Sent 'cb_part_318' to server 'localhost_1_18'.
          Received 'cb_part_318' from server 'localhost_1_18'. (228 ms elapsed)
          Received 'cb_part_333' from server 'localhost_1_15'. (720 ms elapsed)
        Distributing super-thread jobs: cb_part_325
          Sending 'cb_part_325' to server 'localhost_1_15'...
            Sent 'cb_part_325' to server 'localhost_1_15'.
          Received 'cb_part_325' from server 'localhost_1_15'. (237 ms elapsed)
        Distributing super-thread jobs: mrg_mux_ctl_366
          Sending 'mrg_mux_ctl_366' to server 'localhost_1_15'...
            Sent 'mrg_mux_ctl_366' to server 'localhost_1_15'.
          Received 'mrg_mux_ctl_366' from server 'localhost_1_15'. (924 ms elapsed)
        Distributing super-thread jobs: mrg_mux_ctl_373
          Sending 'mrg_mux_ctl_373' to server 'localhost_1_15'...
            Sent 'mrg_mux_ctl_373' to server 'localhost_1_15'.
          Received 'mrg_mux_ctl_373' from server 'localhost_1_15'. (124432 ms elapsed)
        Distributing super-thread jobs: mux_ctl_0x
          Sending 'mux_ctl_0x' to server 'localhost_1_15'...
            Sent 'mux_ctl_0x' to server 'localhost_1_15'.
          Received 'mux_ctl_0x' from server 'localhost_1_15'. (469 ms elapsed)
 
Global mapping target info
==========================
Cost Group 'clock' target slack:   298 ps
Target path end-point (Pin: Out_reg[62]/d)

Multi-threaded Technology Mapping (8 threads per ST process, 8 of 64 CPUs usable)
        Distributing super-thread jobs: mux_ctl_0x
          Sending 'mux_ctl_0x' to server 'localhost_1_15'...
            Sent 'mux_ctl_0x' to server 'localhost_1_15'.
          Received 'mux_ctl_0x' from server 'localhost_1_15'. (883 ms elapsed)
        Distributing super-thread jobs: mrg_mux_ctl_373
          Sending 'mrg_mux_ctl_373' to server 'localhost_1_15'...
            Sent 'mrg_mux_ctl_373' to server 'localhost_1_15'.
          Received 'mrg_mux_ctl_373' from server 'localhost_1_15'. (96661 ms elapsed)
        Distributing super-thread jobs: cb_part_94
          Sending 'cb_part_94' to server 'localhost_1_15'...
            Sent 'cb_part_94' to server 'localhost_1_15'.
          Received 'cb_part_94' from server 'localhost_1_15'. (174 ms elapsed)
        Distributing super-thread jobs: mrg_mux_ctl_366
          Sending 'mrg_mux_ctl_366' to server 'localhost_1_15'...
            Sent 'mrg_mux_ctl_366' to server 'localhost_1_15'.
          Received 'mrg_mux_ctl_366' from server 'localhost_1_15'. (1237 ms elapsed)
        Distributing super-thread jobs: cb_part_265
          Sending 'cb_part_265' to server 'localhost_1_15'...
            Sent 'cb_part_265' to server 'localhost_1_15'.
          Received 'cb_part_265' from server 'localhost_1_15'. (163 ms elapsed)
        Distributing super-thread jobs: cb_part_325
          Sending 'cb_part_325' to server 'localhost_1_15'...
            Sent 'cb_part_325' to server 'localhost_1_15'.
          Received 'cb_part_325' from server 'localhost_1_15'. (458 ms elapsed)
        Distributing super-thread jobs: cb_part_333 cb_part_318
          Sending 'cb_part_333' to server 'localhost_1_15'...
            Sent 'cb_part_333' to server 'localhost_1_15'.
          Sending 'cb_part_318' to server 'localhost_1_18'...
            Sent 'cb_part_318' to server 'localhost_1_18'.
          Received 'cb_part_318' from server 'localhost_1_18'. (445 ms elapsed)
          Received 'cb_part_333' from server 'localhost_1_15'. (1085 ms elapsed)
        Distributing super-thread jobs: cb_part_321
          Sending 'cb_part_321' to server 'localhost_1_15'...
            Sent 'cb_part_321' to server 'localhost_1_15'.
          Received 'cb_part_321' from server 'localhost_1_15'. (1941 ms elapsed)
        Distributing super-thread jobs: cb_part_317 cb_part_346
          Sending 'cb_part_317' to server 'localhost_1_15'...
            Sent 'cb_part_317' to server 'localhost_1_15'.
          Sending 'cb_part_346' to server 'localhost_1_18'...
            Sent 'cb_part_346' to server 'localhost_1_18'.
          Received 'cb_part_346' from server 'localhost_1_18'. (1038 ms elapsed)
          Received 'cb_part_317' from server 'localhost_1_15'. (1679 ms elapsed)
        Distributing super-thread jobs: cb_part_277 mrg_mux_ctl_362 cb_part_281 cb_part_344 cb_part_330
          Sending 'cb_part_277' to server 'localhost_1_15'...
            Sent 'cb_part_277' to server 'localhost_1_15'.
          Sending 'mrg_mux_ctl_362' to server 'localhost_1_18'...
            Sent 'mrg_mux_ctl_362' to server 'localhost_1_18'.
          Sending 'cb_part_281' to server 'localhost_1_19'...
            Sent 'cb_part_281' to server 'localhost_1_19'.
          Sending 'cb_part_344' to server 'localhost_1_17'...
            Sent 'cb_part_344' to server 'localhost_1_17'.
          Sending 'cb_part_330' to server 'localhost_1_21'...
            Sent 'cb_part_330' to server 'localhost_1_21'.
          Received 'cb_part_330' from server 'localhost_1_21'. (180 ms elapsed)
          Received 'cb_part_281' from server 'localhost_1_19'. (1283 ms elapsed)
          Received 'cb_part_344' from server 'localhost_1_17'. (1374 ms elapsed)
          Received 'mrg_mux_ctl_362' from server 'localhost_1_18'. (1797 ms elapsed)
          Received 'cb_part_277' from server 'localhost_1_15'. (41928 ms elapsed)
        Distributing super-thread jobs: cb_part_240 cb_part_184
          Sending 'cb_part_240' to server 'localhost_1_15'...
            Sent 'cb_part_240' to server 'localhost_1_15'.
          Sending 'cb_part_184' to server 'localhost_1_18'...
            Sent 'cb_part_184' to server 'localhost_1_18'.
          Received 'cb_part_184' from server 'localhost_1_18'. (141 ms elapsed)
          Received 'cb_part_240' from server 'localhost_1_15'. (271 ms elapsed)
        Distributing super-thread jobs: cb_part_266 cb_part_342 cb_part_226 cb_part_174 cb_part_286 cb_part_262
          Sending 'cb_part_266' to server 'localhost_1_15'...
            Sent 'cb_part_266' to server 'localhost_1_15'.
          Sending 'cb_part_342' to server 'localhost_1_18'...
            Sent 'cb_part_342' to server 'localhost_1_18'.
          Sending 'cb_part_226' to server 'localhost_1_19'...
            Sent 'cb_part_226' to server 'localhost_1_19'.
          Sending 'cb_part_174' to server 'localhost_1_17'...
            Sent 'cb_part_174' to server 'localhost_1_17'.
          Sending 'cb_part_286' to server 'localhost_1_21'...
            Sent 'cb_part_286' to server 'localhost_1_21'.
          Sending 'cb_part_262' to server 'localhost_1_0'...
            Sent 'cb_part_262' to server 'localhost_1_0'.
          Received 'cb_part_286' from server 'localhost_1_21'. (299 ms elapsed)
          Received 'cb_part_174' from server 'localhost_1_17'. (454 ms elapsed)
          Received 'cb_part_226' from server 'localhost_1_19'. (747 ms elapsed)
          Received 'cb_part_262' from server 'localhost_1_0'. (975 ms elapsed)
          Received 'cb_part_342' from server 'localhost_1_18'. (3487 ms elapsed)
          Received 'cb_part_266' from server 'localhost_1_15'. (8036 ms elapsed)
        Distributing super-thread jobs: cb_part_290 cb_part_304
          Sending 'cb_part_290' to server 'localhost_1_15'...
            Sent 'cb_part_290' to server 'localhost_1_15'.
          Sending 'cb_part_304' to server 'localhost_1_18'...
            Sent 'cb_part_304' to server 'localhost_1_18'.
          Received 'cb_part_304' from server 'localhost_1_18'. (177 ms elapsed)
          Received 'cb_part_290' from server 'localhost_1_15'. (256 ms elapsed)
        Distributing super-thread jobs: cb_part_278
          Sending 'cb_part_278' to server 'localhost_1_15'...
            Sent 'cb_part_278' to server 'localhost_1_15'.
          Received 'cb_part_278' from server 'localhost_1_15'. (164 ms elapsed)
        Distributing super-thread jobs: mrg_mux_ctl_360 cb_part_270 cb_part_96 cb_part_302
          Sending 'mrg_mux_ctl_360' to server 'localhost_1_15'...
            Sent 'mrg_mux_ctl_360' to server 'localhost_1_15'.
          Sending 'cb_part_270' to server 'localhost_1_18'...
            Sent 'cb_part_270' to server 'localhost_1_18'.
          Sending 'cb_part_96' to server 'localhost_1_19'...
            Sent 'cb_part_96' to server 'localhost_1_19'.
          Sending 'cb_part_302' to server 'localhost_1_17'...
            Sent 'cb_part_302' to server 'localhost_1_17'.
          Received 'cb_part_96' from server 'localhost_1_19'. (339 ms elapsed)
          Received 'cb_part_302' from server 'localhost_1_17'. (307 ms elapsed)
          Received 'cb_part_270' from server 'localhost_1_18'. (583 ms elapsed)
          Received 'mrg_mux_ctl_360' from server 'localhost_1_15'. (11286 ms elapsed)
        Distributing super-thread jobs: cb_part_211 cb_part_242 cb_part_238 cb_part_244
          Sending 'cb_part_211' to server 'localhost_1_15'...
            Sent 'cb_part_211' to server 'localhost_1_15'.
          Sending 'cb_part_242' to server 'localhost_1_18'...
            Sent 'cb_part_242' to server 'localhost_1_18'.
          Sending 'cb_part_238' to server 'localhost_1_19'...
            Sent 'cb_part_238' to server 'localhost_1_19'.
          Sending 'cb_part_244' to server 'localhost_1_17'...
            Sent 'cb_part_244' to server 'localhost_1_17'.
          Received 'cb_part_244' from server 'localhost_1_17'. (141 ms elapsed)
          Received 'cb_part_238' from server 'localhost_1_19'. (201 ms elapsed)
          Received 'cb_part_242' from server 'localhost_1_18'. (792 ms elapsed)
          Received 'cb_part_211' from server 'localhost_1_15'. (111307 ms elapsed)
        Distributing super-thread jobs: cb_part_230
          Sending 'cb_part_230' to server 'localhost_1_15'...
            Sent 'cb_part_230' to server 'localhost_1_15'.
          Received 'cb_part_230' from server 'localhost_1_15'. (2524 ms elapsed)
        Distributing super-thread jobs: cb_part_224 cb_part_228
          Sending 'cb_part_224' to server 'localhost_1_15'...
            Sent 'cb_part_224' to server 'localhost_1_15'.
          Sending 'cb_part_228' to server 'localhost_1_18'...
            Sent 'cb_part_228' to server 'localhost_1_18'.
          Received 'cb_part_228' from server 'localhost_1_18'. (677 ms elapsed)
          Received 'cb_part_224' from server 'localhost_1_15'. (5829 ms elapsed)
        Distributing super-thread jobs: cb_part_154 cb_part_218
          Sending 'cb_part_154' to server 'localhost_1_15'...
            Sent 'cb_part_154' to server 'localhost_1_15'.
          Sending 'cb_part_218' to server 'localhost_1_18'...
            Sent 'cb_part_218' to server 'localhost_1_18'.
          Received 'cb_part_218' from server 'localhost_1_18'. (403 ms elapsed)
          Received 'cb_part_154' from server 'localhost_1_15'. (1882 ms elapsed)
        Distributing super-thread jobs: mrg_mux_ctl_358 cb_part_200
          Sending 'mrg_mux_ctl_358' to server 'localhost_1_15'...
            Sent 'mrg_mux_ctl_358' to server 'localhost_1_15'.
          Sending 'cb_part_200' to server 'localhost_1_18'...
            Sent 'cb_part_200' to server 'localhost_1_18'.
          Received 'cb_part_200' from server 'localhost_1_18'. (479 ms elapsed)
          Received 'mrg_mux_ctl_358' from server 'localhost_1_15'. (1774 ms elapsed)
        Distributing super-thread jobs: cb_part_190 cb_part_202
          Sending 'cb_part_190' to server 'localhost_1_15'...
            Sent 'cb_part_190' to server 'localhost_1_15'.
          Sending 'cb_part_202' to server 'localhost_1_18'...
            Sent 'cb_part_202' to server 'localhost_1_18'.
          Received 'cb_part_202' from server 'localhost_1_18'. (270 ms elapsed)
          Received 'cb_part_190' from server 'localhost_1_15'. (5278 ms elapsed)
        Distributing super-thread jobs: cb_part_188 cb_part_220 cb_part_206 cb_part_196
          Sending 'cb_part_188' to server 'localhost_1_15'...
            Sent 'cb_part_188' to server 'localhost_1_15'.
          Sending 'cb_part_220' to server 'localhost_1_18'...
            Sent 'cb_part_220' to server 'localhost_1_18'.
          Sending 'cb_part_206' to server 'localhost_1_19'...
            Sent 'cb_part_206' to server 'localhost_1_19'.
          Sending 'cb_part_196' to server 'localhost_1_17'...
            Sent 'cb_part_196' to server 'localhost_1_17'.
          Received 'cb_part_196' from server 'localhost_1_17'. (1159 ms elapsed)
          Received 'cb_part_206' from server 'localhost_1_19'. (2041 ms elapsed)
          Received 'cb_part_220' from server 'localhost_1_18'. (2787 ms elapsed)
          Received 'cb_part_188' from server 'localhost_1_15'. (3226 ms elapsed)
        Distributing super-thread jobs: cb_part_178
          Sending 'cb_part_178' to server 'localhost_1_15'...
            Sent 'cb_part_178' to server 'localhost_1_15'.
          Received 'cb_part_178' from server 'localhost_1_15'. (138 ms elapsed)
        Distributing super-thread jobs: cb_part_148 mrg_mux_ctl_359 cb_part_172
          Sending 'cb_part_148' to server 'localhost_1_15'...
            Sent 'cb_part_148' to server 'localhost_1_15'.
          Sending 'mrg_mux_ctl_359' to server 'localhost_1_18'...
            Sent 'mrg_mux_ctl_359' to server 'localhost_1_18'.
          Sending 'cb_part_172' to server 'localhost_1_19'...
            Sent 'cb_part_172' to server 'localhost_1_19'.
          Received 'cb_part_172' from server 'localhost_1_19'. (690 ms elapsed)
          Received 'cb_part_148' from server 'localhost_1_15'. (3799 ms elapsed)
          Received 'mrg_mux_ctl_359' from server 'localhost_1_18'. (3955 ms elapsed)
        Distributing super-thread jobs: cb_part_144 cb_part_128
          Sending 'cb_part_144' to server 'localhost_1_15'...
            Sent 'cb_part_144' to server 'localhost_1_15'.
          Sending 'cb_part_128' to server 'localhost_1_18'...
            Sent 'cb_part_128' to server 'localhost_1_18'.
          Received 'cb_part_128' from server 'localhost_1_18'. (272 ms elapsed)
          Received 'cb_part_144' from server 'localhost_1_15'. (943 ms elapsed)
        Distributing super-thread jobs: cb_part_132 cb_part_222
          Sending 'cb_part_132' to server 'localhost_1_15'...
            Sent 'cb_part_132' to server 'localhost_1_15'.
          Sending 'cb_part_222' to server 'localhost_1_18'...
            Sent 'cb_part_222' to server 'localhost_1_18'.
          Received 'cb_part_222' from server 'localhost_1_18'. (2151 ms elapsed)
          Received 'cb_part_132' from server 'localhost_1_15'. (4764 ms elapsed)
        Distributing super-thread jobs: cb_part_194
          Sending 'cb_part_194' to server 'localhost_1_15'...
            Sent 'cb_part_194' to server 'localhost_1_15'.
          Received 'cb_part_194' from server 'localhost_1_15'. (163 ms elapsed)
        Distributing super-thread jobs: cb_part_192
          Sending 'cb_part_192' to server 'localhost_1_15'...
            Sent 'cb_part_192' to server 'localhost_1_15'.
          Received 'cb_part_192' from server 'localhost_1_15'. (165 ms elapsed)
        Distributing super-thread jobs: cb_part_124 cb_part_136 cb_part_130 cb_part_152
          Sending 'cb_part_124' to server 'localhost_1_15'...
            Sent 'cb_part_124' to server 'localhost_1_15'.
          Sending 'cb_part_136' to server 'localhost_1_18'...
            Sent 'cb_part_136' to server 'localhost_1_18'.
          Sending 'cb_part_130' to server 'localhost_1_19'...
            Sent 'cb_part_130' to server 'localhost_1_19'.
          Sending 'cb_part_152' to server 'localhost_1_17'...
            Sent 'cb_part_152' to server 'localhost_1_17'.
          Received 'cb_part_152' from server 'localhost_1_17'. (150 ms elapsed)
          Received 'cb_part_130' from server 'localhost_1_19'. (374 ms elapsed)
          Received 'cb_part_136' from server 'localhost_1_18'. (934 ms elapsed)
          Received 'cb_part_124' from server 'localhost_1_15'. (1428 ms elapsed)
        Distributing super-thread jobs: cb_part_120
          Sending 'cb_part_120' to server 'localhost_1_15'...
            Sent 'cb_part_120' to server 'localhost_1_15'.
          Received 'cb_part_120' from server 'localhost_1_15'. (150 ms elapsed)
        Distributing super-thread jobs: cb_part_106 cb_part_114
          Sending 'cb_part_106' to server 'localhost_1_15'...
            Sent 'cb_part_106' to server 'localhost_1_15'.
          Sending 'cb_part_114' to server 'localhost_1_18'...
            Sent 'cb_part_114' to server 'localhost_1_18'.
          Received 'cb_part_114' from server 'localhost_1_18'. (413 ms elapsed)
          Received 'cb_part_106' from server 'localhost_1_15'. (1254 ms elapsed)
        Distributing super-thread jobs: cb_part_108 cb_part_102
          Sending 'cb_part_108' to server 'localhost_1_15'...
            Sent 'cb_part_108' to server 'localhost_1_15'.
          Sending 'cb_part_102' to server 'localhost_1_18'...
            Sent 'cb_part_102' to server 'localhost_1_18'.
          Received 'cb_part_102' from server 'localhost_1_18'. (157 ms elapsed)
          Received 'cb_part_108' from server 'localhost_1_15'. (202 ms elapsed)
        Distributing super-thread jobs: cb_part_87 cb_part_122 cb_part_110 cb_part_76
          Sending 'cb_part_87' to server 'localhost_1_15'...
            Sent 'cb_part_87' to server 'localhost_1_15'.
          Sending 'cb_part_122' to server 'localhost_1_18'...
            Sent 'cb_part_122' to server 'localhost_1_18'.
          Sending 'cb_part_110' to server 'localhost_1_19'...
            Sent 'cb_part_110' to server 'localhost_1_19'.
          Sending 'cb_part_76' to server 'localhost_1_17'...
            Sent 'cb_part_76' to server 'localhost_1_17'.
          Received 'cb_part_110' from server 'localhost_1_19'. (315 ms elapsed)
          Received 'cb_part_122' from server 'localhost_1_18'. (461 ms elapsed)
          Received 'cb_part_76' from server 'localhost_1_17'. (396 ms elapsed)
          Received 'cb_part_87' from server 'localhost_1_15'. (595 ms elapsed)
        Distributing super-thread jobs: cb_part_66 cb_part_104
          Sending 'cb_part_66' to server 'localhost_1_15'...
            Sent 'cb_part_66' to server 'localhost_1_15'.
          Sending 'cb_part_104' to server 'localhost_1_18'...
            Sent 'cb_part_104' to server 'localhost_1_18'.
          Received 'cb_part_66' from server 'localhost_1_15'. (127 ms elapsed)
          Received 'cb_part_104' from server 'localhost_1_18'. (161 ms elapsed)
 
Global mapping status
=====================
                                   Group   
                                  Tot Wrst 
                           Total  Weighted 
Operation                   Area   Slacks  
 global_map               207805        0 

    Cost Group            Target    Slack    Diff.  Constr.
-----------------------------------------------------------
         clock               298     6509             10000 

 
Global incremental target info
==============================
Cost Group 'clock' target slack:   197 ps
Target path end-point (Pin: Out_reg[62]/D (DFFRHQX1/D))

              Distributing super-thread jobs: mux_ctl_0x
                Sending 'mux_ctl_0x' to server 'localhost_1_15'...
                  Sent 'mux_ctl_0x' to server 'localhost_1_15'.
                Received 'mux_ctl_0x' from server 'localhost_1_15'. (1893 ms elapsed)
              Distributing super-thread jobs: mrg_mux_ctl_373
                Sending 'mrg_mux_ctl_373' to server 'localhost_1_15'...
                  Sent 'mrg_mux_ctl_373' to server 'localhost_1_15'.
                Received 'mrg_mux_ctl_373' from server 'localhost_1_15'. (60561 ms elapsed)
              Distributing super-thread jobs: cb_part_333 mrg_mux_ctl_366
                Sending 'cb_part_333' to server 'localhost_1_15'...
                  Sent 'cb_part_333' to server 'localhost_1_15'.
                Sending 'mrg_mux_ctl_366' to server 'localhost_1_18'...
                  Sent 'mrg_mux_ctl_366' to server 'localhost_1_18'.
                Received 'mrg_mux_ctl_366' from server 'localhost_1_18'. (1498 ms elapsed)
                Received 'cb_part_333' from server 'localhost_1_15'. (3182 ms elapsed)
              Distributing super-thread jobs: cb_part_321
                Sending 'cb_part_321' to server 'localhost_1_15'...
                  Sent 'cb_part_321' to server 'localhost_1_15'.
                Received 'cb_part_321' from server 'localhost_1_15'. (2083 ms elapsed)
              Distributing super-thread jobs: cb_part_346 cb_part_317
                Sending 'cb_part_346' to server 'localhost_1_15'...
                  Sent 'cb_part_346' to server 'localhost_1_15'.
                Sending 'cb_part_317' to server 'localhost_1_18'...
                  Sent 'cb_part_317' to server 'localhost_1_18'.
                Received 'cb_part_317' from server 'localhost_1_18'. (1548 ms elapsed)
                Received 'cb_part_346' from server 'localhost_1_15'. (3460 ms elapsed)
              Distributing super-thread jobs: cb_part_277 cb_part_344 cb_part_281
                Sending 'cb_part_277' to server 'localhost_1_15'...
                  Sent 'cb_part_277' to server 'localhost_1_15'.
                Sending 'cb_part_344' to server 'localhost_1_18'...
                  Sent 'cb_part_344' to server 'localhost_1_18'.
                Sending 'cb_part_281' to server 'localhost_1_19'...
                  Sent 'cb_part_281' to server 'localhost_1_19'.
                Received 'cb_part_281' from server 'localhost_1_19'. (1222 ms elapsed)
                Received 'cb_part_344' from server 'localhost_1_18'. (2753 ms elapsed)
                Received 'cb_part_277' from server 'localhost_1_15'. (89207 ms elapsed)
              Distributing super-thread jobs: cb_part_266 cb_part_342 mrg_mux_ctl_362
                Sending 'cb_part_266' to server 'localhost_1_15'...
                  Sent 'cb_part_266' to server 'localhost_1_15'.
                Sending 'cb_part_342' to server 'localhost_1_18'...
                  Sent 'cb_part_342' to server 'localhost_1_18'.
                Sending 'mrg_mux_ctl_362' to server 'localhost_1_19'...
                  Sent 'mrg_mux_ctl_362' to server 'localhost_1_19'.
                Received 'mrg_mux_ctl_362' from server 'localhost_1_19'. (2417 ms elapsed)
                Received 'cb_part_342' from server 'localhost_1_18'. (9150 ms elapsed)
                Received 'cb_part_266' from server 'localhost_1_15'. (17288 ms elapsed)
              Distributing super-thread jobs: mrg_mux_ctl_360 cb_part_226 cb_part_270
                Sending 'mrg_mux_ctl_360' to server 'localhost_1_15'...
                  Sent 'mrg_mux_ctl_360' to server 'localhost_1_15'.
                Sending 'cb_part_226' to server 'localhost_1_18'...
                  Sent 'cb_part_226' to server 'localhost_1_18'.
                Sending 'cb_part_270' to server 'localhost_1_19'...
                  Sent 'cb_part_270' to server 'localhost_1_19'.
                Received 'cb_part_226' from server 'localhost_1_18'. (1099 ms elapsed)
                Received 'cb_part_270' from server 'localhost_1_19'. (1101 ms elapsed)
                Received 'mrg_mux_ctl_360' from server 'localhost_1_15'. (23742 ms elapsed)
              Distributing super-thread jobs: cb_part_211 cb_part_242
                Sending 'cb_part_211' to server 'localhost_1_15'...
                  Sent 'cb_part_211' to server 'localhost_1_15'.
                Sending 'cb_part_242' to server 'localhost_1_18'...
                  Sent 'cb_part_242' to server 'localhost_1_18'.
                Received 'cb_part_242' from server 'localhost_1_18'. (2436 ms elapsed)
                Received 'cb_part_211' from server 'localhost_1_15'. (198839 ms elapsed)
              Distributing super-thread jobs: cb_part_230
                Sending 'cb_part_230' to server 'localhost_1_15'...
                  Sent 'cb_part_230' to server 'localhost_1_15'.
                Received 'cb_part_230' from server 'localhost_1_15'. (6440 ms elapsed)
              Distributing super-thread jobs: cb_part_224 cb_part_228
                Sending 'cb_part_224' to server 'localhost_1_15'...
                  Sent 'cb_part_224' to server 'localhost_1_15'.
                Sending 'cb_part_228' to server 'localhost_1_18'...
                  Sent 'cb_part_228' to server 'localhost_1_18'.
                Received 'cb_part_228' from server 'localhost_1_18'. (1653 ms elapsed)
                Received 'cb_part_224' from server 'localhost_1_15'. (14426 ms elapsed)
              Distributing super-thread jobs: cb_part_154 cb_part_200
                Sending 'cb_part_154' to server 'localhost_1_15'...
                  Sent 'cb_part_154' to server 'localhost_1_15'.
                Sending 'cb_part_200' to server 'localhost_1_18'...
                  Sent 'cb_part_200' to server 'localhost_1_18'.
                Received 'cb_part_200' from server 'localhost_1_18'. (905 ms elapsed)
                Received 'cb_part_154' from server 'localhost_1_15'. (4069 ms elapsed)
              Distributing super-thread jobs: cb_part_190 mrg_mux_ctl_358
                Sending 'cb_part_190' to server 'localhost_1_15'...
                  Sent 'cb_part_190' to server 'localhost_1_15'.
                Sending 'mrg_mux_ctl_358' to server 'localhost_1_18'...
                  Sent 'mrg_mux_ctl_358' to server 'localhost_1_18'.
                Received 'mrg_mux_ctl_358' from server 'localhost_1_18'. (4084 ms elapsed)
                Received 'cb_part_190' from server 'localhost_1_15'. (13588 ms elapsed)
              Distributing super-thread jobs: cb_part_188 cb_part_220 cb_part_206 cb_part_196
                Sending 'cb_part_188' to server 'localhost_1_15'...
                  Sent 'cb_part_188' to server 'localhost_1_15'.
                Sending 'cb_part_220' to server 'localhost_1_18'...
                  Sent 'cb_part_220' to server 'localhost_1_18'.
                Sending 'cb_part_206' to server 'localhost_1_19'...
                  Sent 'cb_part_206' to server 'localhost_1_19'.
                Sending 'cb_part_196' to server 'localhost_1_17'...
                  Sent 'cb_part_196' to server 'localhost_1_17'.
                Received 'cb_part_196' from server 'localhost_1_17'. (3309 ms elapsed)
                Received 'cb_part_206' from server 'localhost_1_19'. (3666 ms elapsed)
                Received 'cb_part_220' from server 'localhost_1_18'. (3799 ms elapsed)
                Received 'cb_part_188' from server 'localhost_1_15'. (8040 ms elapsed)
              Distributing super-thread jobs: cb_part_148 mrg_mux_ctl_359 cb_part_172
                Sending 'cb_part_148' to server 'localhost_1_15'...
                  Sent 'cb_part_148' to server 'localhost_1_15'.
                Sending 'mrg_mux_ctl_359' to server 'localhost_1_18'...
                  Sent 'mrg_mux_ctl_359' to server 'localhost_1_18'.
                Sending 'cb_part_172' to server 'localhost_1_19'...
                  Sent 'cb_part_172' to server 'localhost_1_19'.
                Received 'cb_part_172' from server 'localhost_1_19'. (1735 ms elapsed)
                Received 'mrg_mux_ctl_359' from server 'localhost_1_18'. (9613 ms elapsed)
                Received 'cb_part_148' from server 'localhost_1_15'. (10474 ms elapsed)
              Distributing super-thread jobs: cb_part_222 cb_part_144
                Sending 'cb_part_222' to server 'localhost_1_15'...
                  Sent 'cb_part_222' to server 'localhost_1_15'.
                Sending 'cb_part_144' to server 'localhost_1_18'...
                  Sent 'cb_part_144' to server 'localhost_1_18'.
                Received 'cb_part_144' from server 'localhost_1_18'. (3262 ms elapsed)
                Received 'cb_part_222' from server 'localhost_1_15'. (7243 ms elapsed)
              Distributing super-thread jobs: cb_part_132 cb_part_124 cb_part_136
                Sending 'cb_part_132' to server 'localhost_1_15'...
                  Sent 'cb_part_132' to server 'localhost_1_15'.
                Sending 'cb_part_124' to server 'localhost_1_18'...
                  Sent 'cb_part_124' to server 'localhost_1_18'.
                Sending 'cb_part_136' to server 'localhost_1_19'...
                  Sent 'cb_part_136' to server 'localhost_1_19'.
                Received 'cb_part_136' from server 'localhost_1_19'. (2025 ms elapsed)
                Received 'cb_part_124' from server 'localhost_1_18'. (4167 ms elapsed)
                Received 'cb_part_132' from server 'localhost_1_15'. (12986 ms elapsed)
              Distributing super-thread jobs: cb_part_106
                Sending 'cb_part_106' to server 'localhost_1_15'...
                  Sent 'cb_part_106' to server 'localhost_1_15'.
                Received 'cb_part_106' from server 'localhost_1_15'. (2867 ms elapsed)
              Distributing super-thread jobs: cb_part_87 cb_part_114 cb_part_122
                Sending 'cb_part_87' to server 'localhost_1_15'...
                  Sent 'cb_part_87' to server 'localhost_1_15'.
                Sending 'cb_part_114' to server 'localhost_1_18'...
                  Sent 'cb_part_114' to server 'localhost_1_18'.
                Sending 'cb_part_122' to server 'localhost_1_19'...
                  Sent 'cb_part_122' to server 'localhost_1_19'.
                Received 'cb_part_122' from server 'localhost_1_19'. (1102 ms elapsed)
                Received 'cb_part_114' from server 'localhost_1_18'. (1365 ms elapsed)
                Received 'cb_part_87' from server 'localhost_1_15'. (1402 ms elapsed)
==================================
Stage : global_incr_map 
==================================
  =================
   Message Summary
  =================
-----------------------------------------------------------------------------------------------------------------------------------------------------------------------
|   Id    |  Sev  |Count|                                                                Message Text                                                                 |
-----------------------------------------------------------------------------------------------------------------------------------------------------------------------
|CDFG-372 |Info   |   19|Bitwidth mismatch in assignment.                                                                                                             |
|         |       |     |Review and make sure the mismatch is intentional. Genus can possibly issue bitwidth mismatch warning for explicit assignments present in RTL |
|         |       |     | as-well-as for implicit assignments inferred by the tool. For example, in case of enum declaration without value, the tool will implicitly  |
|         |       |     | assign value to the enum variables. It also issues the warning for any bitwidth mismatch that appears in this implicit assignment.          |
|CDFG-818 |Warning|    1|Using default parameter value for module elaboration.                                                                                        |
|CWD-19   |Info   |   33|An implementation was inferred.                                                                                                              |
|ELAB-1   |Info   |    1|Elaborating Design.                                                                                                                          |
|ELAB-3   |Info   |    1|Done Elaborating Design.                                                                                                                     |
|GLO-12   |Info   |    1|Replacing a flip-flop with a logic constant 0.                                                                                               |
|         |       |     |To prevent this optimization, set the 'optimize_constant_0_flops' root attribute to 'false' or 'optimize_constant_0_seq' instance attribute  |
|         |       |     | to 'false'. You can also see the complete list of deleted sequential with command 'report sequential -deleted' (on Reason 'constant0').     |
|GLO-34   |Info   |    1|Deleting instances not driving any primary outputs.                                                                                          |
|         |       |     |Optimizations such as constant propagation or redundancy removal could change the connections so a hierarchical instance does not drive any  |
|         |       |     | primary outputs anymore. To see the list of deleted hierarchical instances, set the 'information_level' attribute to 2 or above. If the     |
|         |       |     | message is truncated set the message attribute 'truncate' to false to see the complete list. To prevent this optimization, set the          |
|         |       |     | 'delete_unloaded_insts' root/subdesign attribute to 'false' or 'preserve' instance attribute to 'true'.                                     |
|GLO-45   |Info   |    1|Replacing the synchronous part of an always feeding back flip-flop with a logic constant.                                                    |
|         |       |     |To prevent this optimization, set 'optimize_constant_feedback_seqs' root attribute to 'false'. The instance attribute                        |
|         |       |     | 'optimize_constant_feedback_seq' controls this optimization.                                                                                |
|LBR-3    |Info   |    1|Appending library.                                                                                                                           |
|         |       |     |Appending libraries will overwrite some of the characteristics of the library.                                                               |
|LBR-9    |Warning|   20|Library cell has no output pins defined.                                                                                                     |
|         |       |     |Add the missing output pin(s)                                                                                                                |
|         |       |     | , then reload the library. Else the library cell will be marked as timing model i.e. unusable. Timing_model means that the cell does not    |
|         |       |     | have any defined function. If there is no output pin, Genus will mark library cell as unusable i.e. the attribute 'usable' will be marked to|
|         |       |     | 'false' on the libcell. Therefore, the cell is not used for mapping and it will not be picked up from the library for synthesis. If you     |
|         |       |     | query the attribute 'unusable_reason' on the libcell; result will be: 'Library cell has no output pins.'Note: The message LBR-9 is only for |
|         |       |     | the logical pins and not for the power_ground pins. Genus will depend upon the output function defined in the pin group (output pin)        |
|         |       |     | of the cell, to use it for mapping. The pg_pin will not have any function defined.                                                          |
|LBR-41   |Info   |    1|An output library pin lacks a function attribute.                                                                                            |
|         |       |     |If the remainder of this library cell's semantic checks are successful, it will be considered as a timing-model                              |
|         |       |     | (because one of its outputs does not have a valid function.                                                                                 |
|LBR-77   |Info   |  192|Automatically disabling a scan-only combinational arc.                                                                                       |
|         |       |     |The library cell is sequential and it has a combinational arc involving at least one pin that is only used in scan mode.  You can enable such|
|         |       |     | arcs by setting root-level attribute 'ignore_scan_combinational_arcs' to false, but that will deem the cell unusable.                       |
|LBR-155  |Info   |  292|Mismatch in unateness between 'timing_sense' attribute and the function.                                                                     |
|         |       |     |The 'timing_sense' attribute will be respected.                                                                                              |
|LBR-161  |Info   |    1|Setting the maximum print count of this message to 10 if information_level is less than 9.                                                   |
|LBR-162  |Info   |  146|Both 'pos_unate' and 'neg_unate' timing_sense arcs have been processed.                                                                      |
|         |       |     |Setting the 'timing_sense' to non_unate.                                                                                                     |
|LBR-403  |Warning|    1|Ignoring unsupported lu_table_template.                                                                                                      |
|         |       |     |LBR-403 is issued when an unsupported lu_table_template is encountered by GENUS.                                                             |
|LBR-412  |Info   |    2|Created nominal operating condition.                                                                                                         |
|         |       |     |The nominal operating condition is represented, either by the nominal PVT values specified in the library source                             |
|         |       |     | (via nom_process,nom_voltage and nom_temperature respectively), or by the default PVT values (1.0,1.0,1.0).                                 |
|LBR-518  |Info   |   49|Missing a function attribute in the output pin definition.                                                                                   |
|PA-7     |Info   |  182|Resetting power analysis results.                                                                                                            |
|         |       |     |All computed switching activities are removed.                                                                                               |
|PBS-1    |Info   |    1|Enabling Partition Based Synthesis.                                                                                                          |
|PHYS-100 |Error  |    1|LEF File Interface.                                                                                                                          |
|         |       |     |Check the LEF file and rerun the command.                                                                                                    |
|PHYS-107 |Warning|   16|Duplicate macro definition.                                                                                                                  |
|PHYS-129 |Info   |  119|Via with no resistance will have a value of '0.0' assigned for resistance value.                                                             |
|         |       |     |If this is the expected behavior, this message can be ignored.                                                                               |
|PHYS-145 |Info   |    1|Inconsistent pin direction prevents conversion to pgpin.                                                                                     |
|         |       |     |Although the pin is considered a power or ground pin in LEF, to be converted to pgpin, the direction of the pin must be consistent in both   |
|         |       |     | lib and LEF libraries.                                                                                                                      |
|PHYS-148 |Error  | 4000|Undefined pin layer detected.                                                                                                                |
|         |       |     |A layer must be defined in the LEF technology LAYER section before it can be referenced from a macro section. Review the LEF files specified |
|         |       |     | in the lef_library attribute to see if the layer is not defined or is defined after the macro definition which refers to the layer in its   |
|         |       |     | pin section.                                                                                                                                |
|PHYS-279 |Warning|   27|Physical cell not defined in library.                                                                                                        |
|         |       |     |Ensure that the proper library files are available and have been imported.                                                                   |
|PHYS-752 |Info   |    1|Partition Based Synthesis execution skipped.                                                                                                 |
|PHYS-2040|Warning|  583|Macro references undefined site.                                                                                                             |
|         |       |     |The sites must be defined before they can be referenced from a macro. Review the LEF files specified in the lef_library attribute to see if  |
|         |       |     | the site does not exist or is specified after the one that defines the macro.                                                               |
|RPT-16   |Info   |    1|Joules engine is used.                                                                                                                       |
|RPT-80   |Warning|    1|The details given in report might be incorrect or incomplete.                                                                                |
|         |       |     |Map the design using syn_map before using the '-detail' option of the 'report_area' command.                                                 |
|ST-110   |Info   |   22|Connection established with super-threading server.                                                                                          |
|         |       |     |The tool is entering super-threading mode and has established a connection with a CPU server process.  This is enabled by the root attributes|
|         |       |     | 'super_thread_servers' or 'auto_super_thread'.                                                                                              |
|ST-112   |Info   |   14|A super-threading server has been shut down normally.                                                                                        |
|         |       |     |A super-threaded optimization is complete and a CPU server was successfully shut down.                                                       |
|ST-120   |Info   |    1|Attempting to launch a super-threading server.                                                                                               |
|         |       |     |The tool is entering super-threading mode and is launching a CPU server process.  This is enabled by the root attribute                      |
|         |       |     | 'super_thread_servers' or 'auto_super_thread'.                                                                                              |
|ST-128   |Info   |    4|Super thread servers are launched successfully.                                                                                              |
|SYNTH-1  |Info   |    1|Synthesizing.                                                                                                                                |
|SYNTH-2  |Info   |    1|Done synthesizing.                                                                                                                           |
|SYNTH-4  |Info   |    1|Mapping.                                                                                                                                     |
|TIM-101  |Warning|    1|Replacing existing clock definition.                                                                                                         |
|         |       |     |A new clock has been defined with the same name as an existing clock.                                                                        |
|TIM-304  |Info   |    1|Replacing an existing timing exception with another.                                                                                         |
|         |       |     |Existing exception had a name conflict with the newly created exception. The exception created at a later time is maintained.                |
|TIM-1000 |Info   |    1|Multimode clock gating check is disabled.                                                                                                    |
-----------------------------------------------------------------------------------------------------------------------------------------------------------------------
 
Global incremental optimization status
======================================
                                   Group   
                                  Tot Wrst 
                           Total  Weighted 
Operation                   Area   Slacks  
 global_incr              262215        0 

    Cost Group            Target    Slack    Diff.  Constr.
-----------------------------------------------------------
         clock               197     6837             10000 


+-----------+------------------------------+-----+----------------------+---------------------------+
|   Host    |           Machine            | CPU | Physical Memory (MB) | Peak Physical Memory (MB) |
+-----------+------------------------------+-----+----------------------+---------------------------+
| localhost | cadmicro-el8-02.inf.ufrgs.br |  8  |        2305.9        |          5484.3           |
+-----------+------------------------------+-----+----------------------+---------------------------+

+----------------+----------------------+---------------------------+
|     Server     | Physical Memory (MB) | Peak Physical Memory (MB) |
+----------------+----------------------+---------------------------+
| localhost_1_18 |      109.5 [1]       |          [1] [2]          |
| localhost_1_16 |       51.9 [1]       |          [1] [2]          |
| localhost_1_0  |      917.9 [3]       |        4421.6 [3]         |
| localhost_1_21 |       70.8 [1]       |          [1] [2]          |
| localhost_1_20 |       51.9 [1]       |          [1] [2]          |
| localhost_1_17 |       85.7 [1]       |          [1] [2]          |
| localhost_1_15 |      375.2 [1]       |          [1] [2]          |
| localhost_1_19 |       88.4 [1]       |          [1] [2]          |
+----------------+----------------------+---------------------------+
[1] Memory is included in parent localhost_1_0.
[2] Peak physical memory is not available for forked background servers.
[3] Memory of child processes is included.


State Retention Synthesis Status
================================

Category                        Flops   Percentage
--------------------------------------------------
Total instances                   191        100.0
Excluded from State Retention     191        100.0
    - Will not convert            191        100.0
      - Preserved                   0          0.0
      - Power intent excluded     191        100.0
    - Could not convert             0          0.0
      - Scan type                   0          0.0
      - No suitable cell            0          0.0
State Retention instances           0          0.0
--------------------------------------------------

INFO: skipping constant propagation
PBS_Techmap-Global Mapping - Elapsed_Time 1504, CPU_Time 1530.3233739999987
stamp 'PBS_Techmap-Global Mapping' being created for table 'pbs_debug'

  Total Time (Wall) |  Stage Time (Wall)  |   % (Wall)   |    Date - Time     |  Memory   | Stage
--------------------+---------------------+--------------+--------------------+-----------+----------------------
 00:00:33(00:00:31) |  00:00:00(00:00:00) |   0.0(  0.0) |    0:36:33 (Oct09) |  668.2 MB | PBS_Generic-Start
--------------------+---------------------+--------------+--------------------+-----------+----------------------
 01:02:51(01:03:21) |  01:02:18(01:02:50) |  65.8( 66.3) |    1:39:23 (Oct09) |   2.23 GB | PBS_Generic-Post_Genopt
--------------------+---------------------+--------------+--------------------+-----------+----------------------
 01:09:04(01:09:31) |  00:06:12(00:06:10) |   6.5(  6.5) |    1:45:33 (Oct09) |   1.78 GB | PBS_Generic_Opt-Post
--------------------+---------------------+--------------+--------------------+-----------+----------------------
 01:09:11(01:09:37) |  00:00:07(00:00:06) |   0.1(  0.1) |    1:45:39 (Oct09) |   1.57 GB | PBS_Generic-Postgen HBO Optimizations
--------------------+---------------------+--------------+--------------------+-----------+----------------------
 01:09:41(01:10:06) |  00:00:29(00:00:29) |   0.5(  0.5) |    1:46:08 (Oct09) |   1.60 GB | PBS_TechMap-Start
--------------------+---------------------+--------------+--------------------+-----------+----------------------
 01:09:47(01:10:12) |  00:00:06(00:00:06) |   0.1(  0.1) |    1:46:14 (Oct09) |   1.60 GB | PBS_TechMap-Premap HBO Optimizations
--------------------+---------------------+--------------+--------------------+-----------+----------------------
 01:35:17(01:35:16) |  00:25:30(00:25:04) |  26.9( 26.5) |    2:11:18 (Oct09) |   1.79 GB | PBS_Techmap-Global Mapping
--------------------+---------------------+--------------+--------------------+-----------+----------------------
Number of threads: 8 * 1   (id: pbs_debug, time_info v1.57)
Info: (*N*) indicates data that was populated from previously saved time_info database
Info: CPU time includes time of parent + longest thread
Info    : Wrote formal verification information. [CFM-5]
        : Wrote 'fv/neuron_intra_Nbits/fv_map.fv.json' for netlist 'fv/neuron_intra_Nbits/fv_map.v.gz'.
Info    : Existing dofile found. Copied as fv/neuron_intra_Nbits/rtl_to_fv_map.do~.
Info    : Wrote dofile. [CFM-1]
        : Dofile is 'fv/neuron_intra_Nbits/rtl_to_fv_map.do'.
        : RTL names flow is enabled.
PBS_TechMap-Datapath Postmap Operations - Elapsed_Time 25, CPU_Time 26.598630000000412
stamp 'PBS_TechMap-Datapath Postmap Operations' being created for table 'pbs_debug'

  Total Time (Wall) |  Stage Time (Wall)  |   % (Wall)   |    Date - Time     |  Memory   | Stage
--------------------+---------------------+--------------+--------------------+-----------+----------------------
 00:00:33(00:00:31) |  00:00:00(00:00:00) |   0.0(  0.0) |    0:36:33 (Oct09) |  668.2 MB | PBS_Generic-Start
--------------------+---------------------+--------------+--------------------+-----------+----------------------
 01:02:51(01:03:21) |  01:02:18(01:02:50) |  65.5( 66.0) |    1:39:23 (Oct09) |   2.23 GB | PBS_Generic-Post_Genopt
--------------------+---------------------+--------------+--------------------+-----------+----------------------
 01:09:04(01:09:31) |  00:06:12(00:06:10) |   6.5(  6.5) |    1:45:33 (Oct09) |   1.78 GB | PBS_Generic_Opt-Post
--------------------+---------------------+--------------+--------------------+-----------+----------------------
 01:09:11(01:09:37) |  00:00:07(00:00:06) |   0.1(  0.1) |    1:45:39 (Oct09) |   1.57 GB | PBS_Generic-Postgen HBO Optimizations
--------------------+---------------------+--------------+--------------------+-----------+----------------------
 01:09:41(01:10:06) |  00:00:29(00:00:29) |   0.5(  0.5) |    1:46:08 (Oct09) |   1.60 GB | PBS_TechMap-Start
--------------------+---------------------+--------------+--------------------+-----------+----------------------
 01:09:47(01:10:12) |  00:00:06(00:00:06) |   0.1(  0.1) |    1:46:14 (Oct09) |   1.60 GB | PBS_TechMap-Premap HBO Optimizations
--------------------+---------------------+--------------+--------------------+-----------+----------------------
 01:35:17(01:35:16) |  00:25:30(00:25:04) |  26.8( 26.3) |    2:11:18 (Oct09) |   1.79 GB | PBS_Techmap-Global Mapping
--------------------+---------------------+--------------+--------------------+-----------+----------------------
 01:35:44(01:35:41) |  00:00:26(00:00:25) |   0.5(  0.4) |    2:11:43 (Oct09) |   1.76 GB | PBS_TechMap-Datapath Postmap Operations
--------------------+---------------------+--------------+--------------------+-----------+----------------------
Number of threads: 8 * 1   (id: pbs_debug, time_info v1.57)
Info: (*N*) indicates data that was populated from previously saved time_info database
Info: CPU time includes time of parent + longest thread
PBS_TechMap-Postmap HBO Optimizations - Elapsed_Time 5, CPU_Time 5.659776999999849
stamp 'PBS_TechMap-Postmap HBO Optimizations' being created for table 'pbs_debug'

  Total Time (Wall) |  Stage Time (Wall)  |   % (Wall)   |    Date - Time     |  Memory   | Stage
--------------------+---------------------+--------------+--------------------+-----------+----------------------
 00:00:33(00:00:31) |  00:00:00(00:00:00) |   0.0(  0.0) |    0:36:33 (Oct09) |  668.2 MB | PBS_Generic-Start
--------------------+---------------------+--------------+--------------------+-----------+----------------------
 01:02:51(01:03:21) |  01:02:18(01:02:50) |  65.4( 66.0) |    1:39:23 (Oct09) |   2.23 GB | PBS_Generic-Post_Genopt
--------------------+---------------------+--------------+--------------------+-----------+----------------------
 01:09:04(01:09:31) |  00:06:12(00:06:10) |   6.5(  6.5) |    1:45:33 (Oct09) |   1.78 GB | PBS_Generic_Opt-Post
--------------------+---------------------+--------------+--------------------+-----------+----------------------
 01:09:11(01:09:37) |  00:00:07(00:00:06) |   0.1(  0.1) |    1:45:39 (Oct09) |   1.57 GB | PBS_Generic-Postgen HBO Optimizations
--------------------+---------------------+--------------+--------------------+-----------+----------------------
 01:09:41(01:10:06) |  00:00:29(00:00:29) |   0.5(  0.5) |    1:46:08 (Oct09) |   1.60 GB | PBS_TechMap-Start
--------------------+---------------------+--------------+--------------------+-----------+----------------------
 01:09:47(01:10:12) |  00:00:06(00:00:06) |   0.1(  0.1) |    1:46:14 (Oct09) |   1.60 GB | PBS_TechMap-Premap HBO Optimizations
--------------------+---------------------+--------------+--------------------+-----------+----------------------
 01:35:17(01:35:16) |  00:25:30(00:25:04) |  26.8( 26.3) |    2:11:18 (Oct09) |   1.79 GB | PBS_Techmap-Global Mapping
--------------------+---------------------+--------------+--------------------+-----------+----------------------
 01:35:44(01:35:41) |  00:00:26(00:00:25) |   0.5(  0.4) |    2:11:43 (Oct09) |   1.76 GB | PBS_TechMap-Datapath Postmap Operations
--------------------+---------------------+--------------+--------------------+-----------+----------------------
 01:35:49(01:35:46) |  00:00:05(00:00:05) |   0.1(  0.1) |    2:11:48 (Oct09) |   1.77 GB | PBS_TechMap-Postmap HBO Optimizations
--------------------+---------------------+--------------+--------------------+-----------+----------------------
Number of threads: 8 * 1   (id: pbs_debug, time_info v1.57)
Info: (*N*) indicates data that was populated from previously saved time_info database
Info: CPU time includes time of parent + longest thread
 Doing ConstProp on design:neuron_intra_Nbits ... 

Time taken by ConstProp Step: 00:00:15
PBS_TechMap-Postmap Clock Gating - Elapsed_Time 17, CPU_Time 17.0
stamp 'PBS_TechMap-Postmap Clock Gating' being created for table 'pbs_debug'

  Total Time (Wall) |  Stage Time (Wall)  |   % (Wall)   |    Date - Time     |  Memory   | Stage
--------------------+---------------------+--------------+--------------------+-----------+----------------------
 00:00:33(00:00:31) |  00:00:00(00:00:00) |   0.0(  0.0) |    0:36:33 (Oct09) |  668.2 MB | PBS_Generic-Start
--------------------+---------------------+--------------+--------------------+-----------+----------------------
 01:02:51(01:03:21) |  01:02:18(01:02:50) |  65.2( 65.8) |    1:39:23 (Oct09) |   2.23 GB | PBS_Generic-Post_Genopt
--------------------+---------------------+--------------+--------------------+-----------+----------------------
 01:09:04(01:09:31) |  00:06:12(00:06:10) |   6.5(  6.5) |    1:45:33 (Oct09) |   1.78 GB | PBS_Generic_Opt-Post
--------------------+---------------------+--------------+--------------------+-----------+----------------------
 01:09:11(01:09:37) |  00:00:07(00:00:06) |   0.1(  0.1) |    1:45:39 (Oct09) |   1.57 GB | PBS_Generic-Postgen HBO Optimizations
--------------------+---------------------+--------------+--------------------+-----------+----------------------
 01:09:41(01:10:06) |  00:00:29(00:00:29) |   0.5(  0.5) |    1:46:08 (Oct09) |   1.60 GB | PBS_TechMap-Start
--------------------+---------------------+--------------+--------------------+-----------+----------------------
 01:09:47(01:10:12) |  00:00:06(00:00:06) |   0.1(  0.1) |    1:46:14 (Oct09) |   1.60 GB | PBS_TechMap-Premap HBO Optimizations
--------------------+---------------------+--------------+--------------------+-----------+----------------------
 01:35:17(01:35:16) |  00:25:30(00:25:04) |  26.7( 26.2) |    2:11:18 (Oct09) |   1.79 GB | PBS_Techmap-Global Mapping
--------------------+---------------------+--------------+--------------------+-----------+----------------------
 01:35:44(01:35:41) |  00:00:26(00:00:25) |   0.5(  0.4) |    2:11:43 (Oct09) |   1.76 GB | PBS_TechMap-Datapath Postmap Operations
--------------------+---------------------+--------------+--------------------+-----------+----------------------
 01:35:49(01:35:46) |  00:00:05(00:00:05) |   0.1(  0.1) |    2:11:48 (Oct09) |   1.77 GB | PBS_TechMap-Postmap HBO Optimizations
--------------------+---------------------+--------------+--------------------+-----------+----------------------
 01:36:06(01:36:03) |  00:00:17(00:00:17) |   0.3(  0.3) |    2:12:05 (Oct09) |   1.77 GB | PBS_TechMap-Postmap Clock Gating
--------------------+---------------------+--------------+--------------------+-----------+----------------------
Number of threads: 8 * 1   (id: pbs_debug, time_info v1.57)
Info: (*N*) indicates data that was populated from previously saved time_info database
Info: CPU time includes time of parent + longest thread
-------------------------------------------------------------------------------
 hi_fo_buf                262215        0         0       141        0

           Trick     Calls     Accepts   Attempts    Time(secs) 
-----------------------------------------------------------
       hi_fo_buf         0  (        0 /        0 )  0.00

 
Incremental optimization status
===============================
                                   Group   
                                  Tot Wrst     Total - - DRC Totals - -
                           Total  Weighted      Neg      Max       Max 
Operation                   Area   Slacks      Slack    Trans      Cap 
 init_delay               262215        0         0       141        0

           Trick     Calls     Accepts   Attempts    Time(secs) 
-----------------------------------------------------------
       crit_upsz         0  (        0 /        0 )  0.00
    plc_bal_star         0  (        0 /        0 )  0.00
     drc_buftimb         0  (        0 /        0 )  0.00
          plc_st         0  (        0 /        0 )  0.00
    plc_st_fence         0  (        0 /        0 )  0.00
        plc_star         0  (        0 /        0 )  0.00
      plc_laf_st         0  (        0 /        0 )  0.00
 plc_laf_st_fence         0  (        0 /        0 )  0.00
     drc_buftims         0  (        0 /        0 )  0.00
            fopt         0  (        0 /        0 )  0.00
   plc_laf_lo_st         0  (        0 /        0 )  0.00
       plc_lo_st         0  (        0 /        0 )  0.00
        mb_split         0  (        0 /        0 )  0.00

 
Local TNS optimization status
=============================
                                   Group   
                                  Tot Wrst     Total - - DRC Totals - -
                           Total  Weighted      Neg      Max       Max 
Operation                   Area   Slacks      Slack    Trans      Cap 
 init_tns                 262215        0         0       141        0

           Trick     Calls     Accepts   Attempts    Time(secs) 
-----------------------------------------------------------
    plc_bal_star         0  (        0 /        0 )  0.00
     drc_buftimb         0  (        0 /        0 )  0.00
     drc_buftims         0  (        0 /        0 )  0.00
       crit_upsz         0  (        0 /        0 )  0.00
   plc_laf_lo_st         0  (        0 /        0 )  0.00
       plc_lo_st         0  (        0 /        0 )  0.00
            fopt         0  (        0 /        0 )  0.00
       crit_dnsz         0  (        0 /        0 )  0.00
             dup         0  (        0 /        0 )  0.00
        setup_dn         0  (        0 /        0 )  0.00
        mb_split         0  (        0 /        0 )  0.00

PBS_TechMap-Postmap Cleanup - Elapsed_Time 7, CPU_Time 8.027552999999898
stamp 'PBS_TechMap-Postmap Cleanup' being created for table 'pbs_debug'

  Total Time (Wall) |  Stage Time (Wall)  |   % (Wall)   |    Date - Time     |  Memory   | Stage
--------------------+---------------------+--------------+--------------------+-----------+----------------------
 00:00:33(00:00:31) |  00:00:00(00:00:00) |   0.0(  0.0) |    0:36:33 (Oct09) |  668.2 MB | PBS_Generic-Start
--------------------+---------------------+--------------+--------------------+-----------+----------------------
 01:02:51(01:03:21) |  01:02:18(01:02:50) |  65.1( 65.7) |    1:39:23 (Oct09) |   2.23 GB | PBS_Generic-Post_Genopt
--------------------+---------------------+--------------+--------------------+-----------+----------------------
 01:09:04(01:09:31) |  00:06:12(00:06:10) |   6.5(  6.4) |    1:45:33 (Oct09) |   1.78 GB | PBS_Generic_Opt-Post
--------------------+---------------------+--------------+--------------------+-----------+----------------------
 01:09:11(01:09:37) |  00:00:07(00:00:06) |   0.1(  0.1) |    1:45:39 (Oct09) |   1.57 GB | PBS_Generic-Postgen HBO Optimizations
--------------------+---------------------+--------------+--------------------+-----------+----------------------
 01:09:41(01:10:06) |  00:00:29(00:00:29) |   0.5(  0.5) |    1:46:08 (Oct09) |   1.60 GB | PBS_TechMap-Start
--------------------+---------------------+--------------+--------------------+-----------+----------------------
 01:09:47(01:10:12) |  00:00:06(00:00:06) |   0.1(  0.1) |    1:46:14 (Oct09) |   1.60 GB | PBS_TechMap-Premap HBO Optimizations
--------------------+---------------------+--------------+--------------------+-----------+----------------------
 01:35:17(01:35:16) |  00:25:30(00:25:04) |  26.7( 26.2) |    2:11:18 (Oct09) |   1.79 GB | PBS_Techmap-Global Mapping
--------------------+---------------------+--------------+--------------------+-----------+----------------------
 01:35:44(01:35:41) |  00:00:26(00:00:25) |   0.5(  0.4) |    2:11:43 (Oct09) |   1.76 GB | PBS_TechMap-Datapath Postmap Operations
--------------------+---------------------+--------------+--------------------+-----------+----------------------
 01:35:49(01:35:46) |  00:00:05(00:00:05) |   0.1(  0.1) |    2:11:48 (Oct09) |   1.77 GB | PBS_TechMap-Postmap HBO Optimizations
--------------------+---------------------+--------------+--------------------+-----------+----------------------
 01:36:06(01:36:03) |  00:00:17(00:00:17) |   0.3(  0.3) |    2:12:05 (Oct09) |   1.77 GB | PBS_TechMap-Postmap Clock Gating
--------------------+---------------------+--------------+--------------------+-----------+----------------------
 01:36:14(01:36:10) |  00:00:08(00:00:07) |   0.1(  0.1) |    2:12:12 (Oct09) |   1.77 GB | PBS_TechMap-Postmap Cleanup
--------------------+---------------------+--------------+--------------------+-----------+----------------------
Number of threads: 8 * 1   (id: pbs_debug, time_info v1.57)
Info: (*N*) indicates data that was populated from previously saved time_info database
Info: CPU time includes time of parent + longest thread
PBS_Techmap-Post_MBCI - Elapsed_Time 0, CPU_Time 0.0
stamp 'PBS_Techmap-Post_MBCI' being created for table 'pbs_debug'

  Total Time (Wall) |  Stage Time (Wall)  |   % (Wall)   |    Date - Time     |  Memory   | Stage
--------------------+---------------------+--------------+--------------------+-----------+----------------------
 00:00:33(00:00:31) |  00:00:00(00:00:00) |   0.0(  0.0) |    0:36:33 (Oct09) |  668.2 MB | PBS_Generic-Start
--------------------+---------------------+--------------+--------------------+-----------+----------------------
 01:02:51(01:03:21) |  01:02:18(01:02:50) |  65.1( 65.7) |    1:39:23 (Oct09) |   2.23 GB | PBS_Generic-Post_Genopt
--------------------+---------------------+--------------+--------------------+-----------+----------------------
 01:09:04(01:09:31) |  00:06:12(00:06:10) |   6.5(  6.4) |    1:45:33 (Oct09) |   1.78 GB | PBS_Generic_Opt-Post
--------------------+---------------------+--------------+--------------------+-----------+----------------------
 01:09:11(01:09:37) |  00:00:07(00:00:06) |   0.1(  0.1) |    1:45:39 (Oct09) |   1.57 GB | PBS_Generic-Postgen HBO Optimizations
--------------------+---------------------+--------------+--------------------+-----------+----------------------
 01:09:41(01:10:06) |  00:00:29(00:00:29) |   0.5(  0.5) |    1:46:08 (Oct09) |   1.60 GB | PBS_TechMap-Start
--------------------+---------------------+--------------+--------------------+-----------+----------------------
 01:09:47(01:10:12) |  00:00:06(00:00:06) |   0.1(  0.1) |    1:46:14 (Oct09) |   1.60 GB | PBS_TechMap-Premap HBO Optimizations
--------------------+---------------------+--------------+--------------------+-----------+----------------------
 01:35:17(01:35:16) |  00:25:30(00:25:04) |  26.7( 26.2) |    2:11:18 (Oct09) |   1.79 GB | PBS_Techmap-Global Mapping
--------------------+---------------------+--------------+--------------------+-----------+----------------------
 01:35:44(01:35:41) |  00:00:26(00:00:25) |   0.5(  0.4) |    2:11:43 (Oct09) |   1.76 GB | PBS_TechMap-Datapath Postmap Operations
--------------------+---------------------+--------------+--------------------+-----------+----------------------
 01:35:49(01:35:46) |  00:00:05(00:00:05) |   0.1(  0.1) |    2:11:48 (Oct09) |   1.77 GB | PBS_TechMap-Postmap HBO Optimizations
--------------------+---------------------+--------------+--------------------+-----------+----------------------
 01:36:06(01:36:03) |  00:00:17(00:00:17) |   0.3(  0.3) |    2:12:05 (Oct09) |   1.77 GB | PBS_TechMap-Postmap Clock Gating
--------------------+---------------------+--------------+--------------------+-----------+----------------------
 01:36:14(01:36:10) |  00:00:08(00:00:07) |   0.1(  0.1) |    2:12:12 (Oct09) |   1.77 GB | PBS_TechMap-Postmap Cleanup
--------------------+---------------------+--------------+--------------------+-----------+----------------------
 01:36:14(01:36:11) |  00:00:00(00:00:01) |   0.0(  0.0) |    2:12:13 (Oct09) |   1.77 GB | PBS_Techmap-Post_MBCI
--------------------+---------------------+--------------+--------------------+-----------+----------------------
Number of threads: 8 * 1   (id: pbs_debug, time_info v1.57)
Info: (*N*) indicates data that was populated from previously saved time_info database
Info: CPU time includes time of parent + longest thread
##>=================== Cadence Confidential (Mapping-Logical) ===================
##>Main Thread Summary:
##>----------------------------------------------------------------------------------------
##>STEP                           Elapsed       WNS       TNS     Insts      Area    Memory
##>----------------------------------------------------------------------------------------
##>M:Initial                            3         -         -    204360    183876      1596
##>M:Early Clock Gating                 0         -         -         -         -         -
##>M:Pre Cleanup                        1         -         -    204360    183876      1596
##>M:Setup                              0         -         -         -         -         -
##>M:Launch ST                          0         -         -         -         -         -
##>M:Design Partition                   0         -         -         -         -         -
##>M:Create Partition Netlists          0         -         -         -         -         -
##>M:Init Power                         0         -         -         -         -         -
##>M:Budgeting                          0         -         -         -         -         -
##>M:Derenv-DB                          0         -         -         -         -         -
##>M:Debug Outputs                      0         -         -         -         -         -
##>M:ST loading                         0         -         -         -         -         -
##>M:Distributed                        0         -         -         -         -         -
##>M:Timer                              0         -         -         -         -         -
##>M:Assembly                           0         -         -         -         -         -
##>M:DFT                                0         -         -         -         -         -
##>M:DP Operations                     25         -         -    206621    124843      1763
##>M:Const Prop                         0      6837         0    206621    124843      1763
##>M:Cleanup                            7      6837         0    206621    124842      1766
##>M:MBCI                               0         -         -    206621    124842      1766
##>M:PostGen Opt                        0         -         -         -         -         -
##>M:Const Gate Removal                 0         -         -         -         -         -
##>M:Early Clock Gating Cleanup         0         -         -         -         -         -
##>M:Misc                            1531
##>----------------------------------------------------------------------------------------
##>Total Elapsed                     1567
##>========================================================================================

+-----------+------------------------------+-----+----------------------+---------------------------+
|   Host    |           Machine            | CPU | Physical Memory (MB) | Peak Physical Memory (MB) |
+-----------+------------------------------+-----+----------------------+---------------------------+
| localhost | cadmicro-el8-02.inf.ufrgs.br |  1  |        1766.9        |          5484.3           |
+-----------+------------------------------+-----+----------------------+---------------------------+

+---------------+----------------------+---------------------------+
|    Server     | Physical Memory (MB) | Peak Physical Memory (MB) |
+---------------+----------------------+---------------------------+
| localhost_1_0 |        396.3         |          4421.6           |
+---------------+----------------------+---------------------------+

Info    : Done mapping. [SYNTH-5]
        : Done mapping 'neuron_intra_Nbits'.
      flow.cputime  flow.realtime  timing.setup.tns  timing.setup.wns  snapshot
UM:*                                                                   syn_map
@file(synth_script.tcl) 33: report_area > reports/report_area_map.rpt
@file(synth_script.tcl) 34: report_timing > reports/report_timing_map.rpt
@file(synth_script.tcl) 35: report_power > reports/report_power_map.rpt
Info    : Joules engine is used. [RPT-16]
        : Joules engine is being used for the command report_power.
Info   : ACTP-0001 Activity propagation started for stim#0 netlist
       : neuron_intra_Nbits
Info   : ACTP-0009 [ACTPInfo] Activity Propagation Progress Report :   0%   1%   2%   3%   4%   5%   6%   7%   8%   9%  10%  11%  12%  13%  14%  15%  16%  17%  18%  19%  20%  21%  22%  23%  24%  25%  26%  27%  28%  29%  30%  31%  32%  33%  34%  35%  36%  37%  38%  39%  40%  41%  42%  43%  44%  45%  46%  47%  48%  49%  50%  51%  52%  53%  54%  55%  56%  57%  58%  59%  60%  61%  62%  63%  64%  65%  66%  67%  68%  69%  70%  71%  72%  73%  74%  75%  76%  77%  78%  79%  80%  81%  82%  83%  84%  85%  86%  87%  88%  89%  90%  91%  92%  93%  94%  95%  96%  97%  98%  99% 100%
Info   : ACTP-0001 Activity propagation ended for stim#0
Info   : PWRA-0001 compute_power effective options 
       : -mode : vectorless
       : -skip_propagation : 1
       : -frequency_scaling_factor : 1.0
       : -use_clock_freq : stim
       : -stim :/stim#0
       : -fromGenus : 1
Info   : ACTP-0001 Timing initialization started
Info   : ACTP-0001 Timing initialization ended
Info   : PWRA-0002 Skipping activity propagation due to -skip_ap option....
Warning: PWRA-0302 Frequency scaling is not applicable for vectorless flow.
       : Ignoring frequency scaling.
Warning: PWRA-0304 -stim option is not applicable with vectorless mode of power
       : analysis, ignored this option.
Info   : PWRA-0002 Started 'vectorless' power computation.
Info   : PWRA-0009 [PwrInfo] Power Computation Progress Report :   0%   1%   2%   3%   4%   5%   6%   7%   8%   9%  10%  11%  12%  13%  14%  15%  16%  17%  18%  19%  20%  21%  22%  23%  24%  25%  26%  27%  28%  29%  30%  31%  32%  33%  34%  35%  36%  37%  38%  39%  40%  41%  42%  43%  44%  45%  46%  47%  48%  49%  50%  51%  52%  53%  54%  55%  56%  57%  58%  59%  60%  61%  62%  63%  64%  65%  66%  67%  68%  69%  70%  71%  72%  73%  74%  75%  76%  77%  78%  79%  80%  81%  82%  83%  84%  85%  86%  87%  88%  89%  90%  91%  92%  93%  94%  95%  96%  97%  98%  99% 100%
Info   : PWRA-0002 Finished power computation.
Info   : PWRA-0007 Completed successfully.
       : Info=6, Warn=2, Error=0, Fatal=0
Output file: reports/report_power_map.rpt
@file(synth_script.tcl) 41: syn_opt
Warning : The selected flow setting will be removed in a future release. [SYNTH-33]
        : The use of 'syn_opt' for logical only optimization will be obsolete in a future release.
	Transition to 'syn_opt -logical' or 'syn_opt -spatial'.

        : Contact Cadence support to understand current flows.
Current PLE settings:

Aspect ratio        : 1.000
Shrink factor       : 1.000
Scale of res/length : 1.000
Scale of cap/length : 1.000
Net derating factor : 1.000
Thermal factor      : 1.000
Via Resistance      : 0.000 ohm (from default)
Site size           : 1.055 um (from lef [tech+cell])

                                   Capacitance  
  Layer                             / Length         Data source:
Name        Direction Utilization  (pF/micron)       lef_library
------------------------------------------------
Metal1          H         0.00        0.000412  
Metal2          V         1.00        0.000416  
Metal3          H         1.00        0.000416  
Metal4          V         1.00        0.000416  
Metal5          H         1.00        0.000416  
Metal6          V         1.00        0.000416  
Metal7          H         1.00        0.000416  
Metal8          V         1.00        0.000416  
Metal9          H         1.00        0.000416  
Metal10         V         1.00        0.000444  
Metal11         H         1.00        0.000444  

                                    Resistance   
  Layer                              / Length         Data source:
Name        Direction Utilization  (ohm/micron)       lef_library
-------------------------------------------------
Metal1          H         0.00         1.226667  
Metal2          V         1.00         0.755000  
Metal3          H         1.00         0.755000  
Metal4          V         1.00         0.755000  
Metal5          H         1.00         0.755000  
Metal6          V         1.00         0.755000  
Metal7          H         1.00         0.755000  
Metal8          V         1.00         0.267500  
Metal9          H         1.00         0.267500  
Metal10         V         1.00         0.097273  
Metal11         H         1.00         0.095455  

                                        Area     
  Layer                               / Length        Data source:
Name        Direction Utilization     (micron)        lef_library
-------------------------------------------------
Metal1          H         0.00         0.060000  
Metal2          V         1.00         0.080000  
Metal3          H         1.00         0.080000  
Metal4          V         1.00         0.080000  
Metal5          H         1.00         0.080000  
Metal6          V         1.00         0.080000  
Metal7          H         1.00         0.080000  
Metal8          V         1.00         0.080000  
Metal9          H         1.00         0.080000  
Metal10         V         1.00         0.220000  
Metal11         H         1.00         0.220000  

Info    : Incrementally optimizing. [SYNTH-7]
        : Incrementally optimizing 'neuron_intra_Nbits' using 'high' effort.
PBS_Incr_Opt-Start - Elapsed_Time 0, CPU_Time 0.0
stamp 'PBS_Incr_Opt-Start' being created for table 'pbs_debug'

  Total Time (Wall) |  Stage Time (Wall)  |   % (Wall)   |    Date - Time     |  Memory   | Stage
--------------------+---------------------+--------------+--------------------+-----------+----------------------
 00:00:33(00:00:31) |  00:00:00(00:00:00) |   0.0(  0.0) |    0:36:33 (Oct09) |  668.2 MB | PBS_Generic-Start
--------------------+---------------------+--------------+--------------------+-----------+----------------------
 01:02:51(01:03:21) |  01:02:18(01:02:50) |  64.8( 65.4) |    1:39:23 (Oct09) |   2.23 GB | PBS_Generic-Post_Genopt
--------------------+---------------------+--------------+--------------------+-----------+----------------------
 01:09:04(01:09:31) |  00:06:12(00:06:10) |   6.4(  6.4) |    1:45:33 (Oct09) |   1.78 GB | PBS_Generic_Opt-Post
--------------------+---------------------+--------------+--------------------+-----------+----------------------
 01:09:11(01:09:37) |  00:00:07(00:00:06) |   0.1(  0.1) |    1:45:39 (Oct09) |   1.57 GB | PBS_Generic-Postgen HBO Optimizations
--------------------+---------------------+--------------+--------------------+-----------+----------------------
 01:09:41(01:10:06) |  00:00:29(00:00:29) |   0.5(  0.5) |    1:46:08 (Oct09) |   1.60 GB | PBS_TechMap-Start
--------------------+---------------------+--------------+--------------------+-----------+----------------------
 01:09:47(01:10:12) |  00:00:06(00:00:06) |   0.1(  0.1) |    1:46:14 (Oct09) |   1.60 GB | PBS_TechMap-Premap HBO Optimizations
--------------------+---------------------+--------------+--------------------+-----------+----------------------
 01:35:17(01:35:16) |  00:25:30(00:25:04) |  26.5( 26.1) |    2:11:18 (Oct09) |   1.79 GB | PBS_Techmap-Global Mapping
--------------------+---------------------+--------------+--------------------+-----------+----------------------
 01:35:44(01:35:41) |  00:00:26(00:00:25) |   0.5(  0.4) |    2:11:43 (Oct09) |   1.76 GB | PBS_TechMap-Datapath Postmap Operations
--------------------+---------------------+--------------+--------------------+-----------+----------------------
 01:35:49(01:35:46) |  00:00:05(00:00:05) |   0.1(  0.1) |    2:11:48 (Oct09) |   1.77 GB | PBS_TechMap-Postmap HBO Optimizations
--------------------+---------------------+--------------+--------------------+-----------+----------------------
 01:36:06(01:36:03) |  00:00:17(00:00:17) |   0.3(  0.3) |    2:12:05 (Oct09) |   1.77 GB | PBS_TechMap-Postmap Clock Gating
--------------------+---------------------+--------------+--------------------+-----------+----------------------
 01:36:14(01:36:10) |  00:00:08(00:00:07) |   0.1(  0.1) |    2:12:12 (Oct09) |   1.77 GB | PBS_TechMap-Postmap Cleanup
--------------------+---------------------+--------------+--------------------+-----------+----------------------
 01:36:14(01:36:11) |  00:00:00(00:00:01) |   0.0(  0.0) |    2:12:13 (Oct09) |   1.77 GB | PBS_Techmap-Post_MBCI
--------------------+---------------------+--------------+--------------------+-----------+----------------------
 01:36:46(01:36:37) |  00:00:32(00:00:26) |   0.6(  0.5) |    2:12:39 (Oct09) |   1.77 GB | PBS_Incr_Opt-Start
--------------------+---------------------+--------------+--------------------+-----------+----------------------
Number of threads: 8 * 1   (id: pbs_debug, time_info v1.57)
Info: (*N*) indicates data that was populated from previously saved time_info database
Info: CPU time includes time of parent + longest thread
Info    : The given (sub)design is already uniquified. [TUI-296]
        : design:neuron_intra_Nbits.
        : Try running the 'edit_netlist uniquify' command on the parent hierarchy of this (sub)design, if there exists any.
PBS_Incr_Opt-Uniquify_Netlist - Elapsed_Time 1, CPU_Time 1.0
stamp 'PBS_Incr_Opt-Uniquify_Netlist' being created for table 'pbs_debug'

  Total Time (Wall) |  Stage Time (Wall)  |   % (Wall)   |    Date - Time     |  Memory   | Stage
--------------------+---------------------+--------------+--------------------+-----------+----------------------
 00:00:33(00:00:31) |  00:00:00(00:00:00) |   0.0(  0.0) |    0:36:33 (Oct09) |  668.2 MB | PBS_Generic-Start
--------------------+---------------------+--------------+--------------------+-----------+----------------------
 01:02:51(01:03:21) |  01:02:18(01:02:50) |  64.7( 65.4) |    1:39:23 (Oct09) |   2.23 GB | PBS_Generic-Post_Genopt
--------------------+---------------------+--------------+--------------------+-----------+----------------------
 01:09:04(01:09:31) |  00:06:12(00:06:10) |   6.4(  6.4) |    1:45:33 (Oct09) |   1.78 GB | PBS_Generic_Opt-Post
--------------------+---------------------+--------------+--------------------+-----------+----------------------
 01:09:11(01:09:37) |  00:00:07(00:00:06) |   0.1(  0.1) |    1:45:39 (Oct09) |   1.57 GB | PBS_Generic-Postgen HBO Optimizations
--------------------+---------------------+--------------+--------------------+-----------+----------------------
 01:09:41(01:10:06) |  00:00:29(00:00:29) |   0.5(  0.5) |    1:46:08 (Oct09) |   1.60 GB | PBS_TechMap-Start
--------------------+---------------------+--------------+--------------------+-----------+----------------------
 01:09:47(01:10:12) |  00:00:06(00:00:06) |   0.1(  0.1) |    1:46:14 (Oct09) |   1.60 GB | PBS_TechMap-Premap HBO Optimizations
--------------------+---------------------+--------------+--------------------+-----------+----------------------
 01:35:17(01:35:16) |  00:25:30(00:25:04) |  26.5( 26.1) |    2:11:18 (Oct09) |   1.79 GB | PBS_Techmap-Global Mapping
--------------------+---------------------+--------------+--------------------+-----------+----------------------
 01:35:44(01:35:41) |  00:00:26(00:00:25) |   0.5(  0.4) |    2:11:43 (Oct09) |   1.76 GB | PBS_TechMap-Datapath Postmap Operations
--------------------+---------------------+--------------+--------------------+-----------+----------------------
 01:35:49(01:35:46) |  00:00:05(00:00:05) |   0.1(  0.1) |    2:11:48 (Oct09) |   1.77 GB | PBS_TechMap-Postmap HBO Optimizations
--------------------+---------------------+--------------+--------------------+-----------+----------------------
 01:36:06(01:36:03) |  00:00:17(00:00:17) |   0.3(  0.3) |    2:12:05 (Oct09) |   1.77 GB | PBS_TechMap-Postmap Clock Gating
--------------------+---------------------+--------------+--------------------+-----------+----------------------
 01:36:14(01:36:10) |  00:00:08(00:00:07) |   0.1(  0.1) |    2:12:12 (Oct09) |   1.77 GB | PBS_TechMap-Postmap Cleanup
--------------------+---------------------+--------------+--------------------+-----------+----------------------
 01:36:14(01:36:11) |  00:00:00(00:00:01) |   0.0(  0.0) |    2:12:13 (Oct09) |   1.77 GB | PBS_Techmap-Post_MBCI
--------------------+---------------------+--------------+--------------------+-----------+----------------------
 01:36:46(01:36:37) |  00:00:32(00:00:26) |   0.6(  0.5) |    2:12:39 (Oct09) |   1.77 GB | PBS_Incr_Opt-Start
--------------------+---------------------+--------------+--------------------+-----------+----------------------
 01:36:47(01:36:38) |  00:00:01(00:00:01) |   0.0(  0.0) |    2:12:40 (Oct09) |   1.77 GB | PBS_Incr_Opt-Uniquify_Netlist
--------------------+---------------------+--------------+--------------------+-----------+----------------------
Number of threads: 8 * 1   (id: pbs_debug, time_info v1.57)
Info: (*N*) indicates data that was populated from previously saved time_info database
Info: CPU time includes time of parent + longest thread
 Uniquify netlist ...
 Swap or remap avoided cells ...
                                   Group   
                                  Tot Wrst     Total - - DRC Totals - -
                           Total  Weighted      Neg      Max       Max 
Operation                   Area   Slacks      Slack    Trans      Cap 
 init_iopt                262215        0         0       141        0
-------------------------------------------------------------------------------
 hi_fo_buf                262215        0         0       141        0

           Trick     Calls     Accepts   Attempts    Time(secs) 
-----------------------------------------------------------

 


                                   Group   
                                  Tot Wrst     Total - - DRC Totals - -
                           Total  Weighted      Neg      Max       Max 
Operation                   Area   Slacks      Slack    Trans      Cap 
 init_delay               262215        0         0       141        0

           Trick     Calls     Accepts   Attempts    Time(secs) 
-----------------------------------------------------------

 init_tns                 262215        0         0       141        0

           Trick     Calls     Accepts   Attempts    Time(secs) 
-----------------------------------------------------------

INIT_CLEAN_UP - Elapsed_Time 6, CPU_Time 6.766020000000026
stamp 'INIT_CLEAN_UP' being created for table 'pbs_debug'

  Total Time (Wall) |  Stage Time (Wall)  |   % (Wall)   |    Date - Time     |  Memory   | Stage
--------------------+---------------------+--------------+--------------------+-----------+----------------------
 00:00:33(00:00:31) |  00:00:00(00:00:00) |   0.0(  0.0) |    0:36:33 (Oct09) |  668.2 MB | PBS_Generic-Start
--------------------+---------------------+--------------+--------------------+-----------+----------------------
 01:02:51(01:03:21) |  01:02:18(01:02:50) |  64.7( 65.3) |    1:39:23 (Oct09) |   2.23 GB | PBS_Generic-Post_Genopt
--------------------+---------------------+--------------+--------------------+-----------+----------------------
 01:09:04(01:09:31) |  00:06:12(00:06:10) |   6.4(  6.4) |    1:45:33 (Oct09) |   1.78 GB | PBS_Generic_Opt-Post
--------------------+---------------------+--------------+--------------------+-----------+----------------------
 01:09:11(01:09:37) |  00:00:07(00:00:06) |   0.1(  0.1) |    1:45:39 (Oct09) |   1.57 GB | PBS_Generic-Postgen HBO Optimizations
--------------------+---------------------+--------------+--------------------+-----------+----------------------
 01:09:41(01:10:06) |  00:00:29(00:00:29) |   0.5(  0.5) |    1:46:08 (Oct09) |   1.60 GB | PBS_TechMap-Start
--------------------+---------------------+--------------+--------------------+-----------+----------------------
 01:09:47(01:10:12) |  00:00:06(00:00:06) |   0.1(  0.1) |    1:46:14 (Oct09) |   1.60 GB | PBS_TechMap-Premap HBO Optimizations
--------------------+---------------------+--------------+--------------------+-----------+----------------------
 01:35:17(01:35:16) |  00:25:30(00:25:04) |  26.5( 26.1) |    2:11:18 (Oct09) |   1.79 GB | PBS_Techmap-Global Mapping
--------------------+---------------------+--------------+--------------------+-----------+----------------------
 01:35:44(01:35:41) |  00:00:26(00:00:25) |   0.5(  0.4) |    2:11:43 (Oct09) |   1.76 GB | PBS_TechMap-Datapath Postmap Operations
--------------------+---------------------+--------------+--------------------+-----------+----------------------
 01:35:49(01:35:46) |  00:00:05(00:00:05) |   0.1(  0.1) |    2:11:48 (Oct09) |   1.77 GB | PBS_TechMap-Postmap HBO Optimizations
--------------------+---------------------+--------------+--------------------+-----------+----------------------
 01:36:06(01:36:03) |  00:00:17(00:00:17) |   0.3(  0.3) |    2:12:05 (Oct09) |   1.77 GB | PBS_TechMap-Postmap Clock Gating
--------------------+---------------------+--------------+--------------------+-----------+----------------------
 01:36:14(01:36:10) |  00:00:08(00:00:07) |   0.1(  0.1) |    2:12:12 (Oct09) |   1.77 GB | PBS_TechMap-Postmap Cleanup
--------------------+---------------------+--------------+--------------------+-----------+----------------------
 01:36:14(01:36:11) |  00:00:00(00:00:01) |   0.0(  0.0) |    2:12:13 (Oct09) |   1.77 GB | PBS_Techmap-Post_MBCI
--------------------+---------------------+--------------+--------------------+-----------+----------------------
 01:36:46(01:36:37) |  00:00:32(00:00:26) |   0.6(  0.5) |    2:12:39 (Oct09) |   1.77 GB | PBS_Incr_Opt-Start
--------------------+---------------------+--------------+--------------------+-----------+----------------------
 01:36:47(01:36:38) |  00:00:01(00:00:01) |   0.0(  0.0) |    2:12:40 (Oct09) |   1.77 GB | PBS_Incr_Opt-Uniquify_Netlist
--------------------+---------------------+--------------+--------------------+-----------+----------------------
 01:36:54(01:36:44) |  00:00:06(00:00:06) |   0.1(  0.1) |    2:12:46 (Oct09) |   1.77 GB | INIT_CLEAN_UP
--------------------+---------------------+--------------+--------------------+-----------+----------------------
Number of threads: 8 * 1   (id: pbs_debug, time_info v1.57)
Info: (*N*) indicates data that was populated from previously saved time_info database
Info: CPU time includes time of parent + longest thread
Updating ST server settings
     Generating lib_script file: /home/inf01185/juliana.vargas/Documents/Topicos-Especiais-XII/exemplo_rca/scripts/.pbs_cadmicro-el8-02.inf.ufrgs.br_1040146/lib_script
Warning : This attribute will be obsolete in a next major release. [TUI-32]
        : attribute: 'lp_power_analysis_effort', object type: 'root'
Start partitioning.  Summary: MEM {curr: 2.3G, peak: 2.7G, phys curr: 1.7G, phys peak: 5.4G}
Start timing analysis.  Summary: MEM {curr: 2.3G, peak: 2.7G, phys curr: 1.7G, phys peak: 5.4G}
Done timing analysis.  Summary: RT {elapsed: 5s, ST: 7s}, MEM {curr: 2.3G, peak: 2.7G, phys curr: 1.7G, phys peak: 5.4G}
Design neuron_intra_Nbits is partitioned using GPS apart partitioner
Done partitioning.  Summary: RT {elapsed: 9s, ST: 11s}, MEM {curr: 2.3G, peak: 2.7G, phys curr: 1.7G, phys peak: 5.4G}
Start creating partition netlists.  Summary: MEM {curr: 2.3G, peak: 2.7G, phys curr: 1.7G, phys peak: 5.4G}
Done creating partition netlists.  Summary: RT {elapsed: 5s, ST: 5s}, MEM {curr: 2.3G, peak: 2.7G, phys curr: 1.8G, phys peak: 5.4G}
Start budgeting timing for partitions.  Summary: MEM {curr: 2.3G, peak: 2.7G, phys curr: 1.8G, phys peak: 5.4G}
Done budgeting timing for partitions.  Summary: RT {elapsed: 14s, ST: 18s}, MEM {curr: 2.5G, peak: 2.7G, phys curr: 1.8G, phys peak: 5.4G}
Start deriving partition netlists.  Summary: MEM {curr: 2.5G, peak: 2.7G, phys curr: 1.8G, phys peak: 5.4G}
The inst 'pbs_iopt_2' is selected as pbs candidate. The instance cnt is: '55099'.
The inst 'pbs_iopt_0' is selected as pbs candidate. The instance cnt is: '75761'.
The inst 'pbs_iopt_1' is selected as pbs candidate. The instance cnt is: '75761'.
Done deriving partition netlists.  Summary: RT {elapsed: 8s, ST: 8s}, MEM {curr: 2.5G, peak: 2.7G, phys curr: 2.0G, phys peak: 5.4G}
Wait for super-thread servers to finish loading libraries.
Start super thread servers forking.  Summary: MEM {curr: 2.4G, peak: 2.7G, phys curr: 2.0G, phys peak: 5.4G}
Info    : Connection established with super-threading server. [ST-110]
        : The server 'localhost_1_22' is forked process '1084758' on this host.
Info    : Connection established with super-threading server. [ST-110]
        : The server 'localhost_1_23' is forked process '1084760' on this host.
Info    : Connection established with super-threading server. [ST-110]
        : The server 'localhost_1_24' is forked process '1084762' on this host.
Info    : Connection established with super-threading server. [ST-110]
        : The server 'localhost_1_25' is forked process '1084764' on this host.
Info    : Connection established with super-threading server. [ST-110]
        : The server 'localhost_1_26' is forked process '1084766' on this host.
Info    : Connection established with super-threading server. [ST-110]
        : The server 'localhost_1_27' is forked process '1084773' on this host.
Info    : Connection established with super-threading server. [ST-110]
        : The server 'localhost_1_28' is forked process '1084777' on this host.
Done super thread servers forking.  Summary: RT {elapsed: 1s, ST: 0s}, MEM {curr: 2.4G, peak: 2.7G, phys curr: 2.0G, phys peak: 5.4G}
        Distributing super-thread jobs: {pbs_iopt_0 ./.pbs_cadmicro-el8-02.inf.ufrgs.br_1040146/pbs_iopt_0.etf} {pbs_iopt_1 ./.pbs_cadmicro-el8-02.inf.ufrgs.br_1040146/pbs_iopt_1.etf} {pbs_iopt_2 ./.pbs_cadmicro-el8-02.inf.ufrgs.br_1040146/pbs_iopt_2.etf}
          Sending 'pbs_iopt_0 ./.pbs_cadmicro-el8-02.inf.ufrgs.br_1040146/pbs_iopt_0.etf' to server 'localhost_1_28'...
            Sent 'pbs_iopt_0 ./.pbs_cadmicro-el8-02.inf.ufrgs.br_1040146/pbs_iopt_0.etf' to server 'localhost_1_28'.
          Sending 'pbs_iopt_1 ./.pbs_cadmicro-el8-02.inf.ufrgs.br_1040146/pbs_iopt_1.etf' to server 'localhost_1_24'...
            Sent 'pbs_iopt_1 ./.pbs_cadmicro-el8-02.inf.ufrgs.br_1040146/pbs_iopt_1.etf' to server 'localhost_1_24'.
          Sending 'pbs_iopt_2 ./.pbs_cadmicro-el8-02.inf.ufrgs.br_1040146/pbs_iopt_2.etf' to server 'localhost_1_26'...
            Sent 'pbs_iopt_2 ./.pbs_cadmicro-el8-02.inf.ufrgs.br_1040146/pbs_iopt_2.etf' to server 'localhost_1_26'.
          Received 'pbs_iopt_2 ./.pbs_cadmicro-el8-02.inf.ufrgs.br_1040146/pbs_iopt_2.etf' from server 'localhost_1_26'. (77399 ms elapsed)
       Partition:  pbs_iopt_2 - PBS_Iopt-Distributed_Read_DB - Elapsed_Time 2.00, CPU_Time 1.00
       Partition:  pbs_iopt_2 - PBS_Iopt-Distributed_Iopt - Elapsed_Time 71.00, CPU_Time 71.00
       Start - Partition: pbs_iopt_2  Slack: 583.6 TNS: 0.0 Cell-Count: 55099 Cell-Area: 114233  
Init-Memory: 1430.86
       Done  - Partition: pbs_iopt_2  Slack: 583.6 TNS: 0.0 Cell-Count: 38699 Cell-Area: 98236  
Peak-Memory: 1453.86 Elapsed: 74
       Partition:  pbs_iopt_2 - PBS_Iopt-Distributed_Report - Elapsed_Time 1.00, CPU_Time 1.00
       Partition:  pbs_iopt_2 - PBS_Iopt-Distributed_Write_DB - Elapsed_Time 3.00, CPU_Time 3.00
       pbs_iopt_2 - PBS_Iopt-Assembly - Elapsed_Time 4, CPU_Time 4.0
       Partition:  pbs_iopt_2 - Runtime taken by the partition - Elapsed_Time 77.00, CPU_Time 76.00
          Received 'pbs_iopt_1 ./.pbs_cadmicro-el8-02.inf.ufrgs.br_1040146/pbs_iopt_1.etf' from server 'localhost_1_24'. (84898 ms elapsed)
       Partition:  pbs_iopt_1 - PBS_Iopt-Distributed_Read_DB - Elapsed_Time 2.00, CPU_Time 2.00
       Partition:  pbs_iopt_1 - PBS_Iopt-Distributed_Iopt - Elapsed_Time 76.00, CPU_Time 75.00
       Start - Partition: pbs_iopt_1  Slack: 277.1 TNS: 0.0 Cell-Count: 75761 Cell-Area: 189024  
Init-Memory: 1529.86
       Done  - Partition: pbs_iopt_1  Slack: 272.7 TNS: 0.0 Cell-Count: 60523 Cell-Area: 170493  
Peak-Memory: 1559.12 Elapsed: 80
       Partition:  pbs_iopt_1 - PBS_Iopt-Distributed_Report - Elapsed_Time 2.00, CPU_Time 2.00
       Partition:  pbs_iopt_1 - PBS_Iopt-Distributed_Write_DB - Elapsed_Time 4.00, CPU_Time 4.00
       pbs_iopt_1 - PBS_Iopt-Assembly - Elapsed_Time 6, CPU_Time 6.0
       Partition:  pbs_iopt_1 - Runtime taken by the partition - Elapsed_Time 84.00, CPU_Time 83.00
          Received 'pbs_iopt_0 ./.pbs_cadmicro-el8-02.inf.ufrgs.br_1040146/pbs_iopt_0.etf' from server 'localhost_1_28'. (90874 ms elapsed)
       Partition:  pbs_iopt_0 - PBS_Iopt-Distributed_Read_DB - Elapsed_Time 2.00, CPU_Time 2.00
       Partition:  pbs_iopt_0 - PBS_Iopt-Distributed_Iopt - Elapsed_Time 80.00, CPU_Time 79.00
       Start - Partition: pbs_iopt_0  Slack: 650.9 TNS: 0.0 Cell-Count: 75761 Cell-Area: 196113  
Init-Memory: 1528.86
       Done  - Partition: pbs_iopt_0  Slack: 584.9 TNS: 0.0 Cell-Count: 60250 Cell-Area: 178357  
Peak-Memory: 1557.86 Elapsed: 84
       Partition:  pbs_iopt_0 - PBS_Iopt-Distributed_Report - Elapsed_Time 2.00, CPU_Time 1.00
       Partition:  pbs_iopt_0 - PBS_Iopt-Distributed_Write_DB - Elapsed_Time 4.00, CPU_Time 5.00
       pbs_iopt_0 - PBS_Iopt-Assembly - Elapsed_Time 6, CPU_Time 6.0
       Partition:  pbs_iopt_0 - Runtime taken by the partition - Elapsed_Time 88.00, CPU_Time 87.00
Assembled design in-time

+-----------+------------------------------+-----+----------------------+---------------------------+
|   Host    |           Machine            | CPU | Physical Memory (MB) | Peak Physical Memory (MB) |
+-----------+------------------------------+-----+----------------------+---------------------------+
| localhost | cadmicro-el8-02.inf.ufrgs.br |  8  |        2862.1        |          5484.3           |
+-----------+------------------------------+-----+----------------------+---------------------------+

+----------------+----------------------+---------------------------+
|     Server     | Physical Memory (MB) | Peak Physical Memory (MB) |
+----------------+----------------------+---------------------------+
| localhost_1_24 |      365.6 [1]       |          [1] [2]          |
| localhost_1_0  |      1340.5 [3]      |        4421.6 [3]         |
| localhost_1_27 |       50.2 [1]       |          [1] [2]          |
| localhost_1_23 |       50.2 [1]       |          [1] [2]          |
| localhost_1_28 |      357.9 [1]       |          [1] [2]          |
| localhost_1_26 |      280.0 [1]       |          [1] [2]          |
| localhost_1_25 |       50.2 [1]       |          [1] [2]          |
| localhost_1_22 |       50.2 [1]       |          [1] [2]          |
+----------------+----------------------+---------------------------+
[1] Memory is included in parent localhost_1_0.
[2] Peak physical memory is not available for forked background servers.
[3] Memory of child processes is included.

1ST_ST - Elapsed_Time 146, CPU_Time 148.87425100000019
stamp '1ST_ST' being created for table 'pbs_debug'

  Total Time (Wall) |  Stage Time (Wall)  |   % (Wall)   |    Date - Time     |  Memory   | Stage
--------------------+---------------------+--------------+--------------------+-----------+----------------------
 00:00:33(00:00:31) |  00:00:00(00:00:00) |   0.0(  0.0) |    0:36:33 (Oct09) |  668.2 MB | PBS_Generic-Start
--------------------+---------------------+--------------+--------------------+-----------+----------------------
 01:02:51(01:03:21) |  01:02:18(01:02:50) |  63.0( 63.7) |    1:39:23 (Oct09) |   2.23 GB | PBS_Generic-Post_Genopt
--------------------+---------------------+--------------+--------------------+-----------+----------------------
 01:09:04(01:09:31) |  00:06:12(00:06:10) |   6.3(  6.3) |    1:45:33 (Oct09) |   1.78 GB | PBS_Generic_Opt-Post
--------------------+---------------------+--------------+--------------------+-----------+----------------------
 01:09:11(01:09:37) |  00:00:07(00:00:06) |   0.1(  0.1) |    1:45:39 (Oct09) |   1.57 GB | PBS_Generic-Postgen HBO Optimizations
--------------------+---------------------+--------------+--------------------+-----------+----------------------
 01:09:41(01:10:06) |  00:00:29(00:00:29) |   0.5(  0.5) |    1:46:08 (Oct09) |   1.60 GB | PBS_TechMap-Start
--------------------+---------------------+--------------+--------------------+-----------+----------------------
 01:09:47(01:10:12) |  00:00:06(00:00:06) |   0.1(  0.1) |    1:46:14 (Oct09) |   1.60 GB | PBS_TechMap-Premap HBO Optimizations
--------------------+---------------------+--------------+--------------------+-----------+----------------------
 01:35:17(01:35:16) |  00:25:30(00:25:04) |  25.8( 25.4) |    2:11:18 (Oct09) |   1.79 GB | PBS_Techmap-Global Mapping
--------------------+---------------------+--------------+--------------------+-----------+----------------------
 01:35:44(01:35:41) |  00:00:26(00:00:25) |   0.4(  0.4) |    2:11:43 (Oct09) |   1.76 GB | PBS_TechMap-Datapath Postmap Operations
--------------------+---------------------+--------------+--------------------+-----------+----------------------
 01:35:49(01:35:46) |  00:00:05(00:00:05) |   0.1(  0.1) |    2:11:48 (Oct09) |   1.77 GB | PBS_TechMap-Postmap HBO Optimizations
--------------------+---------------------+--------------+--------------------+-----------+----------------------
 01:36:06(01:36:03) |  00:00:17(00:00:17) |   0.3(  0.3) |    2:12:05 (Oct09) |   1.77 GB | PBS_TechMap-Postmap Clock Gating
--------------------+---------------------+--------------+--------------------+-----------+----------------------
 01:36:14(01:36:10) |  00:00:08(00:00:07) |   0.1(  0.1) |    2:12:12 (Oct09) |   1.77 GB | PBS_TechMap-Postmap Cleanup
--------------------+---------------------+--------------+--------------------+-----------+----------------------
 01:36:14(01:36:11) |  00:00:00(00:00:01) |   0.0(  0.0) |    2:12:13 (Oct09) |   1.77 GB | PBS_Techmap-Post_MBCI
--------------------+---------------------+--------------+--------------------+-----------+----------------------
 01:36:46(01:36:37) |  00:00:32(00:00:26) |   0.5(  0.4) |    2:12:39 (Oct09) |   1.77 GB | PBS_Incr_Opt-Start
--------------------+---------------------+--------------+--------------------+-----------+----------------------
 01:36:47(01:36:38) |  00:00:01(00:00:01) |   0.0(  0.0) |    2:12:40 (Oct09) |   1.77 GB | PBS_Incr_Opt-Uniquify_Netlist
--------------------+---------------------+--------------+--------------------+-----------+----------------------
 01:36:54(01:36:44) |  00:00:06(00:00:06) |   0.1(  0.1) |    2:12:46 (Oct09) |   1.77 GB | INIT_CLEAN_UP
--------------------+---------------------+--------------+--------------------+-----------+----------------------
 01:39:23(01:39:10) |  00:02:28(00:02:26) |   2.5(  2.5) |    2:15:12 (Oct09) |   1.93 GB | 1ST_ST
--------------------+---------------------+--------------+--------------------+-----------+----------------------
Number of threads: 8 * 1   (id: pbs_debug, time_info v1.57)
Info: (*N*) indicates data that was populated from previously saved time_info database
Info: CPU time includes time of parent + longest thread
-------------------------------------------------------------------------------
 hi_fo_buf                227187        0         0         7        0

           Trick     Calls     Accepts   Attempts    Time(secs) 
-----------------------------------------------------------

 


                                   Group   
                                  Tot Wrst     Total - - DRC Totals - -
                           Total  Weighted      Neg      Max       Max 
Operation                   Area   Slacks      Slack    Trans      Cap 
 init_delay               227187        0         0         7        0

           Trick     Calls     Accepts   Attempts    Time(secs) 
-----------------------------------------------------------

 init_tns                 227187        0         0         7        0

           Trick     Calls     Accepts   Attempts    Time(secs) 
-----------------------------------------------------------

INTRMD_CLEAN_UP - Elapsed_Time 6, CPU_Time 6.285563000000366
stamp 'INTRMD_CLEAN_UP' being created for table 'pbs_debug'

  Total Time (Wall) |  Stage Time (Wall)  |   % (Wall)   |    Date - Time     |  Memory   | Stage
--------------------+---------------------+--------------+--------------------+-----------+----------------------
 00:00:33(00:00:31) |  00:00:00(00:00:00) |   0.0(  0.0) |    0:36:33 (Oct09) |  668.2 MB | PBS_Generic-Start
--------------------+---------------------+--------------+--------------------+-----------+----------------------
 01:02:51(01:03:21) |  01:02:18(01:02:50) |  63.0( 63.6) |    1:39:23 (Oct09) |   2.23 GB | PBS_Generic-Post_Genopt
--------------------+---------------------+--------------+--------------------+-----------+----------------------
 01:09:04(01:09:31) |  00:06:12(00:06:10) |   6.3(  6.2) |    1:45:33 (Oct09) |   1.78 GB | PBS_Generic_Opt-Post
--------------------+---------------------+--------------+--------------------+-----------+----------------------
 01:09:11(01:09:37) |  00:00:07(00:00:06) |   0.1(  0.1) |    1:45:39 (Oct09) |   1.57 GB | PBS_Generic-Postgen HBO Optimizations
--------------------+---------------------+--------------+--------------------+-----------+----------------------
 01:09:41(01:10:06) |  00:00:29(00:00:29) |   0.5(  0.5) |    1:46:08 (Oct09) |   1.60 GB | PBS_TechMap-Start
--------------------+---------------------+--------------+--------------------+-----------+----------------------
 01:09:47(01:10:12) |  00:00:06(00:00:06) |   0.1(  0.1) |    1:46:14 (Oct09) |   1.60 GB | PBS_TechMap-Premap HBO Optimizations
--------------------+---------------------+--------------+--------------------+-----------+----------------------
 01:35:17(01:35:16) |  00:25:30(00:25:04) |  25.8( 25.4) |    2:11:18 (Oct09) |   1.79 GB | PBS_Techmap-Global Mapping
--------------------+---------------------+--------------+--------------------+-----------+----------------------
 01:35:44(01:35:41) |  00:00:26(00:00:25) |   0.4(  0.4) |    2:11:43 (Oct09) |   1.76 GB | PBS_TechMap-Datapath Postmap Operations
--------------------+---------------------+--------------+--------------------+-----------+----------------------
 01:35:49(01:35:46) |  00:00:05(00:00:05) |   0.1(  0.1) |    2:11:48 (Oct09) |   1.77 GB | PBS_TechMap-Postmap HBO Optimizations
--------------------+---------------------+--------------+--------------------+-----------+----------------------
 01:36:06(01:36:03) |  00:00:17(00:00:17) |   0.3(  0.3) |    2:12:05 (Oct09) |   1.77 GB | PBS_TechMap-Postmap Clock Gating
--------------------+---------------------+--------------+--------------------+-----------+----------------------
 01:36:14(01:36:10) |  00:00:08(00:00:07) |   0.1(  0.1) |    2:12:12 (Oct09) |   1.77 GB | PBS_TechMap-Postmap Cleanup
--------------------+---------------------+--------------+--------------------+-----------+----------------------
 01:36:14(01:36:11) |  00:00:00(00:00:01) |   0.0(  0.0) |    2:12:13 (Oct09) |   1.77 GB | PBS_Techmap-Post_MBCI
--------------------+---------------------+--------------+--------------------+-----------+----------------------
 01:36:46(01:36:37) |  00:00:32(00:00:26) |   0.5(  0.4) |    2:12:39 (Oct09) |   1.77 GB | PBS_Incr_Opt-Start
--------------------+---------------------+--------------+--------------------+-----------+----------------------
 01:36:47(01:36:38) |  00:00:01(00:00:01) |   0.0(  0.0) |    2:12:40 (Oct09) |   1.77 GB | PBS_Incr_Opt-Uniquify_Netlist
--------------------+---------------------+--------------+--------------------+-----------+----------------------
 01:36:54(01:36:44) |  00:00:06(00:00:06) |   0.1(  0.1) |    2:12:46 (Oct09) |   1.77 GB | INIT_CLEAN_UP
--------------------+---------------------+--------------+--------------------+-----------+----------------------
 01:39:23(01:39:10) |  00:02:28(00:02:26) |   2.5(  2.5) |    2:15:12 (Oct09) |   1.93 GB | 1ST_ST
--------------------+---------------------+--------------+--------------------+-----------+----------------------
 01:39:29(01:39:16) |  00:00:06(00:00:06) |   0.1(  0.1) |    2:15:18 (Oct09) |   1.93 GB | INTRMD_CLEAN_UP
--------------------+---------------------+--------------+--------------------+-----------+----------------------
Number of threads: 8 * 1   (id: pbs_debug, time_info v1.57)
Info: (*N*) indicates data that was populated from previously saved time_info database
Info: CPU time includes time of parent + longest thread
CRB_ST - Elapsed_Time 0, CPU_Time 0.0
stamp 'CRB_ST' being created for table 'pbs_debug'

  Total Time (Wall) |  Stage Time (Wall)  |   % (Wall)   |    Date - Time     |  Memory   | Stage
--------------------+---------------------+--------------+--------------------+-----------+----------------------
 00:00:33(00:00:31) |  00:00:00(00:00:00) |   0.0(  0.0) |    0:36:33 (Oct09) |  668.2 MB | PBS_Generic-Start
--------------------+---------------------+--------------+--------------------+-----------+----------------------
 01:02:51(01:03:21) |  01:02:18(01:02:50) |  63.0( 63.6) |    1:39:23 (Oct09) |   2.23 GB | PBS_Generic-Post_Genopt
--------------------+---------------------+--------------+--------------------+-----------+----------------------
 01:09:04(01:09:31) |  00:06:12(00:06:10) |   6.3(  6.2) |    1:45:33 (Oct09) |   1.78 GB | PBS_Generic_Opt-Post
--------------------+---------------------+--------------+--------------------+-----------+----------------------
 01:09:11(01:09:37) |  00:00:07(00:00:06) |   0.1(  0.1) |    1:45:39 (Oct09) |   1.57 GB | PBS_Generic-Postgen HBO Optimizations
--------------------+---------------------+--------------+--------------------+-----------+----------------------
 01:09:41(01:10:06) |  00:00:29(00:00:29) |   0.5(  0.5) |    1:46:08 (Oct09) |   1.60 GB | PBS_TechMap-Start
--------------------+---------------------+--------------+--------------------+-----------+----------------------
 01:09:47(01:10:12) |  00:00:06(00:00:06) |   0.1(  0.1) |    1:46:14 (Oct09) |   1.60 GB | PBS_TechMap-Premap HBO Optimizations
--------------------+---------------------+--------------+--------------------+-----------+----------------------
 01:35:17(01:35:16) |  00:25:30(00:25:04) |  25.8( 25.4) |    2:11:18 (Oct09) |   1.79 GB | PBS_Techmap-Global Mapping
--------------------+---------------------+--------------+--------------------+-----------+----------------------
 01:35:44(01:35:41) |  00:00:26(00:00:25) |   0.4(  0.4) |    2:11:43 (Oct09) |   1.76 GB | PBS_TechMap-Datapath Postmap Operations
--------------------+---------------------+--------------+--------------------+-----------+----------------------
 01:35:49(01:35:46) |  00:00:05(00:00:05) |   0.1(  0.1) |    2:11:48 (Oct09) |   1.77 GB | PBS_TechMap-Postmap HBO Optimizations
--------------------+---------------------+--------------+--------------------+-----------+----------------------
 01:36:06(01:36:03) |  00:00:17(00:00:17) |   0.3(  0.3) |    2:12:05 (Oct09) |   1.77 GB | PBS_TechMap-Postmap Clock Gating
--------------------+---------------------+--------------+--------------------+-----------+----------------------
 01:36:14(01:36:10) |  00:00:08(00:00:07) |   0.1(  0.1) |    2:12:12 (Oct09) |   1.77 GB | PBS_TechMap-Postmap Cleanup
--------------------+---------------------+--------------+--------------------+-----------+----------------------
 01:36:14(01:36:11) |  00:00:00(00:00:01) |   0.0(  0.0) |    2:12:13 (Oct09) |   1.77 GB | PBS_Techmap-Post_MBCI
--------------------+---------------------+--------------+--------------------+-----------+----------------------
 01:36:46(01:36:37) |  00:00:32(00:00:26) |   0.5(  0.4) |    2:12:39 (Oct09) |   1.77 GB | PBS_Incr_Opt-Start
--------------------+---------------------+--------------+--------------------+-----------+----------------------
 01:36:47(01:36:38) |  00:00:01(00:00:01) |   0.0(  0.0) |    2:12:40 (Oct09) |   1.77 GB | PBS_Incr_Opt-Uniquify_Netlist
--------------------+---------------------+--------------+--------------------+-----------+----------------------
 01:36:54(01:36:44) |  00:00:06(00:00:06) |   0.1(  0.1) |    2:12:46 (Oct09) |   1.77 GB | INIT_CLEAN_UP
--------------------+---------------------+--------------+--------------------+-----------+----------------------
 01:39:23(01:39:10) |  00:02:28(00:02:26) |   2.5(  2.5) |    2:15:12 (Oct09) |   1.93 GB | 1ST_ST
--------------------+---------------------+--------------+--------------------+-----------+----------------------
 01:39:29(01:39:16) |  00:00:06(00:00:06) |   0.1(  0.1) |    2:15:18 (Oct09) |   1.93 GB | INTRMD_CLEAN_UP
--------------------+---------------------+--------------+--------------------+-----------+----------------------
 01:39:29(01:39:16) |  00:00:00(00:00:00) |   0.0(  0.0) |    2:15:18 (Oct09) |   1.93 GB | CRB_ST
--------------------+---------------------+--------------+--------------------+-----------+----------------------
Number of threads: 8 * 1   (id: pbs_debug, time_info v1.57)
Info: (*N*) indicates data that was populated from previously saved time_info database
Info: CPU time includes time of parent + longest thread
 


                                   Group   
                                  Tot Wrst     Total - - DRC Totals - -
                           Total  Weighted      Neg      Max       Max 
Operation                   Area   Slacks      Slack    Trans      Cap 
 init_delay               227187        0         0         7        0

           Trick     Calls     Accepts   Attempts    Time(secs) 
-----------------------------------------------------------

 init_tns                 227187        0         0         7        0

           Trick     Calls     Accepts   Attempts    Time(secs) 
-----------------------------------------------------------

 init_delay               227187        0         0         7        0

           Trick     Calls     Accepts   Attempts    Time(secs) 
-----------------------------------------------------------
 init_drc                 227187        0         0         7        0
 incr_max_trans           227189        0         0         0        0

           Trick     Calls     Accepts   Attempts    Time(secs) 
-----------------------------------------------------------
        drc_bufs         2  (        1 /        1 )  0.00


           Trick     Calls     Accepts   Attempts    Time(secs) 
-----------------------------------------------------------


           Trick     Calls     Accepts   Attempts    Time(secs) 
-----------------------------------------------------------


# Incremental Optimization Runtime Summary: 
                       Step    Elapsed Time(s)         Runtime(s)   WNS(ps)           TNS(ps)           CELL AREA         NET AREA          Leakage Power     Dynamic Power  
##***************************************************************************************************************************************************************
##                     INIT         5 (3.2  %)         7 (7.2  %)   0.0               0                 124842            137372            NA             NA             
##         HIGH_FANOUT_OPTO         0 (0.0  %)         0 (0.0  %)   0.0               0                 124842            137372            NA             NA             
##               SCORE_INIT         0 (0.0  %)         0 (0.0  %)   0.0               0                 124842            137372            NA             NA             
##                 WNS_OPTO         0 (0.0  %)         0 (0.0  %)   0.0               0                 124842            137372            NA             NA             
##                 TNS_OPTO         0 (0.0  %)         0 (0.0  %)   0.0               0                 124842            137372            NA             NA             
##                 FIRST_ST       145 (91.8 %)        80 (82.5 %)   NOT_TIMED         NOT_TIMED         111771            115414            NA             NA             
##                     INIT         4 (2.5  %)         6 (6.2  %)   0.0               0                 111771            115414            NA             NA             
##         HIGH_FANOUT_OPTO         1 (0.6  %)         0 (0.0  %)   0.0               0                 111771            115414            NA             NA             
##               SCORE_INIT         0 (0.0  %)         0 (0.0  %)   0.0               0                 111771            115414            NA             NA             
##                 WNS_OPTO         0 (0.0  %)         0 (0.0  %)   0.0               0                 111771            115414            NA             NA             
##                 TNS_OPTO         0 (0.0  %)         0 (0.0  %)   0.0               0                 111771            115414            NA             NA             
##                     INIT         0 (0.0  %)         0 (0.0  %)   0.0               0                 111771            115414            NA             NA             
##               LATCH_OPTO         0 (0.0  %)         0 (0.0  %)   0.0               0                 111771            115414            NA             NA             
##               SCORE_INIT         0 (0.0  %)         0 (0.0  %)   0.0               0                 111771            115414            NA             NA             
##                 WNS_OPTO         0 (0.0  %)         0 (0.0  %)   0.0               0                 111771            115414            NA             NA             
##                 TNS_OPTO         0 (0.0  %)         0 (0.0  %)   0.0               0                 111771            115414            NA             NA             
##             WNS_CRR_OPTO         0 (0.0  %)         0 (0.0  %)   0.0               0                 111771            115414            NA             NA             
##                 DRC_OPTO         1 (0.6  %)         0 (0.0  %)   0.0               0                 111772            115416            NA             NA             
##***************************************************************************************************************************************************************
                                  158                   97 

Done incrementally optimizing.
==================================
Stage : FINAL_CLEAN_UP 
==================================
  =================
   Message Summary
  =================
-----------------------------------------------------------------------------------------------------------------------------------------------------------------------
|   Id   |  Sev  |Count|                                                                 Message Text                                                                 |
-----------------------------------------------------------------------------------------------------------------------------------------------------------------------
|CFM-1   |Info   |    1|Wrote dofile.                                                                                                                                 |
|CFM-5   |Info   |    1|Wrote formal verification information.                                                                                                        |
|PA-7    |Info   |    4|Resetting power analysis results.                                                                                                             |
|        |       |     |All computed switching activities are removed.                                                                                                |
|RPT-16  |Info   |    1|Joules engine is used.                                                                                                                        |
|ST-110  |Info   |    7|Connection established with super-threading server.                                                                                           |
|        |       |     |The tool is entering super-threading mode and has established a connection with a CPU server process.  This is enabled by the root attributes |
|        |       |     | 'super_thread_servers' or 'auto_super_thread'.                                                                                               |
|ST-112  |Info   |   14|A super-threading server has been shut down normally.                                                                                         |
|        |       |     |A super-threaded optimization is complete and a CPU server was successfully shut down.                                                        |
|ST-128  |Info   |    1|Super thread servers are launched successfully.                                                                                               |
|SYNTH-5 |Info   |    1|Done mapping.                                                                                                                                 |
|SYNTH-7 |Info   |    1|Incrementally optimizing.                                                                                                                     |
|SYNTH-33|Warning|    1|The selected flow setting will be removed in a future release.                                                                                |
|        |       |     |Contact Cadence support to understand current flows.                                                                                          |
|TUI-32  |Warning|    1|This attribute will be obsolete in a next major release.                                                                                      |
|TUI-296 |Info   |    1|The given (sub)design is already uniquified.                                                                                                  |
|        |       |     |Try running the 'edit_netlist uniquify' command on the parent hierarchy of this (sub)design, if there exists any.                             |
-----------------------------------------------------------------------------------------------------------------------------------------------------------------------
FINAL_CLEAN_UP - Elapsed_Time 2, CPU_Time 1.9999249999991662
stamp 'FINAL_CLEAN_UP' being created for table 'pbs_debug'

  Total Time (Wall) |  Stage Time (Wall)  |   % (Wall)   |    Date - Time     |  Memory   | Stage
--------------------+---------------------+--------------+--------------------+-----------+----------------------
 00:00:33(00:00:31) |  00:00:00(00:00:00) |   0.0(  0.0) |    0:36:33 (Oct09) |  668.2 MB | PBS_Generic-Start
--------------------+---------------------+--------------+--------------------+-----------+----------------------
 01:02:51(01:03:21) |  01:02:18(01:02:50) |  63.0( 63.6) |    1:39:23 (Oct09) |   2.23 GB | PBS_Generic-Post_Genopt
--------------------+---------------------+--------------+--------------------+-----------+----------------------
 01:09:04(01:09:31) |  00:06:12(00:06:10) |   6.3(  6.2) |    1:45:33 (Oct09) |   1.78 GB | PBS_Generic_Opt-Post
--------------------+---------------------+--------------+--------------------+-----------+----------------------
 01:09:11(01:09:37) |  00:00:07(00:00:06) |   0.1(  0.1) |    1:45:39 (Oct09) |   1.57 GB | PBS_Generic-Postgen HBO Optimizations
--------------------+---------------------+--------------+--------------------+-----------+----------------------
 01:09:41(01:10:06) |  00:00:29(00:00:29) |   0.5(  0.5) |    1:46:08 (Oct09) |   1.60 GB | PBS_TechMap-Start
--------------------+---------------------+--------------+--------------------+-----------+----------------------
 01:09:47(01:10:12) |  00:00:06(00:00:06) |   0.1(  0.1) |    1:46:14 (Oct09) |   1.60 GB | PBS_TechMap-Premap HBO Optimizations
--------------------+---------------------+--------------+--------------------+-----------+----------------------
 01:35:17(01:35:16) |  00:25:30(00:25:04) |  25.8( 25.4) |    2:11:18 (Oct09) |   1.79 GB | PBS_Techmap-Global Mapping
--------------------+---------------------+--------------+--------------------+-----------+----------------------
 01:35:44(01:35:41) |  00:00:26(00:00:25) |   0.4(  0.4) |    2:11:43 (Oct09) |   1.76 GB | PBS_TechMap-Datapath Postmap Operations
--------------------+---------------------+--------------+--------------------+-----------+----------------------
 01:35:49(01:35:46) |  00:00:05(00:00:05) |   0.1(  0.1) |    2:11:48 (Oct09) |   1.77 GB | PBS_TechMap-Postmap HBO Optimizations
--------------------+---------------------+--------------+--------------------+-----------+----------------------
 01:36:06(01:36:03) |  00:00:17(00:00:17) |   0.3(  0.3) |    2:12:05 (Oct09) |   1.77 GB | PBS_TechMap-Postmap Clock Gating
--------------------+---------------------+--------------+--------------------+-----------+----------------------
 01:36:14(01:36:10) |  00:00:08(00:00:07) |   0.1(  0.1) |    2:12:12 (Oct09) |   1.77 GB | PBS_TechMap-Postmap Cleanup
--------------------+---------------------+--------------+--------------------+-----------+----------------------
 01:36:14(01:36:11) |  00:00:00(00:00:01) |   0.0(  0.0) |    2:12:13 (Oct09) |   1.77 GB | PBS_Techmap-Post_MBCI
--------------------+---------------------+--------------+--------------------+-----------+----------------------
 01:36:46(01:36:37) |  00:00:32(00:00:26) |   0.5(  0.4) |    2:12:39 (Oct09) |   1.77 GB | PBS_Incr_Opt-Start
--------------------+---------------------+--------------+--------------------+-----------+----------------------
 01:36:47(01:36:38) |  00:00:01(00:00:01) |   0.0(  0.0) |    2:12:40 (Oct09) |   1.77 GB | PBS_Incr_Opt-Uniquify_Netlist
--------------------+---------------------+--------------+--------------------+-----------+----------------------
 01:36:54(01:36:44) |  00:00:06(00:00:06) |   0.1(  0.1) |    2:12:46 (Oct09) |   1.77 GB | INIT_CLEAN_UP
--------------------+---------------------+--------------+--------------------+-----------+----------------------
 01:39:23(01:39:10) |  00:02:28(00:02:26) |   2.5(  2.5) |    2:15:12 (Oct09) |   1.93 GB | 1ST_ST
--------------------+---------------------+--------------+--------------------+-----------+----------------------
 01:39:29(01:39:16) |  00:00:06(00:00:06) |   0.1(  0.1) |    2:15:18 (Oct09) |   1.93 GB | INTRMD_CLEAN_UP
--------------------+---------------------+--------------+--------------------+-----------+----------------------
 01:39:29(01:39:16) |  00:00:00(00:00:00) |   0.0(  0.0) |    2:15:18 (Oct09) |   1.93 GB | CRB_ST
--------------------+---------------------+--------------+--------------------+-----------+----------------------
 01:39:31(01:39:18) |  00:00:01(00:00:02) |   0.0(  0.0) |    2:15:20 (Oct09) |   1.93 GB | FINAL_CLEAN_UP
--------------------+---------------------+--------------+--------------------+-----------+----------------------
Number of threads: 8 * 1   (id: pbs_debug, time_info v1.57)
Info: (*N*) indicates data that was populated from previously saved time_info database
Info: CPU time includes time of parent + longest thread
Info    : Done incrementally optimizing. [SYNTH-8]
        : Done incrementally optimizing 'neuron_intra_Nbits'.
      flow.cputime  flow.realtime  timing.setup.tns  timing.setup.wns  snapshot
UM:*                                                                   syn_opt
@file(synth_script.tcl) 45:  report_area > reports_ss/N_inputs_16/N_64/N_inputs_8/N_64/N_inputs_4/N_64/N_inputs_16/N_16/N_inputs_8/N_16/N_inputs_4/N_16/N_inputs_16/N_8/N_inputs_8/N_8/N_inputs_4/N_8/report_area_opt.rpt
@file(synth_script.tcl) 46:  report_timing > reports_ss/N_inputs_16/N_64/N_inputs_8/N_64/N_inputs_4/N_64/N_inputs_16/N_16/N_inputs_8/N_16/N_inputs_4/N_16/N_inputs_16/N_8/N_inputs_8/N_8/N_inputs_4/N_8/report_timing_opt.rpt
@file(synth_script.tcl) 47:  report_power > reports_ss/N_inputs_16/N_64/N_inputs_8/N_64/N_inputs_4/N_64/N_inputs_16/N_16/N_inputs_8/N_16/N_inputs_4/N_16/N_inputs_16/N_8/N_inputs_8/N_8/N_inputs_4/N_8/report_power_opt.rpt
Info    : Joules engine is used. [RPT-16]
        : Joules engine is being used for the command report_power.
Info   : ACTP-0001 Activity propagation started for stim#0 netlist
       : neuron_intra_Nbits
Info   : ACTP-0009 [ACTPInfo] Activity Propagation Progress Report :   0%   1%   2%   3%   4%   5%   6%   7%   8%   9%  10%  11%  12%  13%  14%  15%  16%  17%  18%  19%  20%  21%  22%  23%  24%  25%  26%  27%  28%  29%  30%  31%  32%  33%  34%  35%  36%  37%  38%  39%  40%  41%  42%  43%  44%  45%  46%  47%  48%  49%  50%  51%  52%  53%  54%  55%  56%  57%  58%  59%  60%  61%  62%  63%  64%  65%  66%  67%  68%  69%  70%  71%  72%  73%  74%  75%  76%  77%  78%  79%  80%  81%  82%  83%  84%  85%  86%  87%  88%  89%  90%  91%  92%  93%  94%  95%  96%  97%  98%  99% 100%
Info   : ACTP-0001 Activity propagation ended for stim#0
Info   : PWRA-0001 compute_power effective options 
       : -mode : vectorless
       : -skip_propagation : 1
       : -frequency_scaling_factor : 1.0
       : -use_clock_freq : stim
       : -stim :/stim#0
       : -fromGenus : 1
Info   : ACTP-0001 Timing initialization started
Info   : ACTP-0001 Timing initialization ended
Info   : PWRA-0002 Skipping activity propagation due to -skip_ap option....
Warning: PWRA-0302 Frequency scaling is not applicable for vectorless flow.
       : Ignoring frequency scaling.
Warning: PWRA-0304 -stim option is not applicable with vectorless mode of power
       : analysis, ignored this option.
Info   : PWRA-0002 Started 'vectorless' power computation.
Info   : PWRA-0009 [PwrInfo] Power Computation Progress Report :   0%   1%   2%   3%   4%   5%   6%   7%   8%   9%  10%  11%  12%  13%  14%  15%  16%  17%  18%  19%  20%  21%  22%  23%  24%  25%  26%  27%  28%  29%  30%  31%  32%  33%  34%  35%  36%  37%  38%  39%  40%  41%  42%  43%  44%  45%  46%  47%  48%  49%  50%  51%  52%  53%  54%  55%  56%  57%  58%  59%  60%  61%  62%  63%  64%  65%  66%  67%  68%  69%  70%  71%  72%  73%  74%  75%  76%  77%  78%  79%  80%  81%  82%  83%  84%  85%  86%  87%  88%  89%  90%  91%  92%  93%  94%  95%  96%  97%  98%  99% 100%
Info   : PWRA-0002 Finished power computation.
Info   : PWRA-0007 Completed successfully.
       : Info=6, Warn=2, Error=0, Fatal=0
Output file: reports_ss/N_inputs_16/N_64/N_inputs_8/N_64/N_inputs_4/N_64/N_inputs_16/N_16/N_inputs_8/N_16/N_inputs_4/N_16/N_inputs_16/N_8/N_inputs_8/N_8/N_inputs_4/N_8/report_power_opt.rpt
@file(synth_script.tcl) 48:  report_gates -power > reports/${DESIGN}_gates_power.log
Info    : Joules engine is used. [RPT-16]
        : Joules engine is being used for the command report_gates -power.
@file(synth_script.tcl) 49:  report_dp > reports/${DESIGN}_datapath_incr.log
Beginning report datapath command
Warning : The filename, column and line number information will not be available in the report. [RPT_DP-100]
        : The attribute for getting HDL filename and line number is not set.
        : You must set the 'hdl_track_filename_row_col' attribute to 'true' (before elaborate) to enable filename, column, and line number tracking in the datapath report.
@file(synth_script.tcl) 50:  report_messages > reports/${DESIGN}_messages.log
@file(synth_script.tcl) 51:  write_snapshot -outdir reports -tag final
%# Begin write_snapshot (10/09 02:15:45, mem=2514.67M)
%# Begin qos_stats (10/09 02:15:45, mem=2514.67M)
%# End qos_stats (10/09 02:15:50, total cpu=05:00:06, real=05:00:05, peak res=5484.30M, current mem=2514.67M)
      flow.cputime  flow.realtime  timing.setup.tns  timing.setup.wns  snapshot
UM:*                                                                   qos_stats
Warning : A required object parameter could not be found. [TUI-78]
        : An object named "" could not be found for attribute 'name'.
        : Check if a previous get_db or find returned an empty string.
Warning : A required object parameter could not be found. [TUI-78]
        : An object named "" could not be found for attribute 'analysis_view'.


Working Directory = /home/inf01185/juliana.vargas/Documents/Topicos-Especiais-XII/exemplo_rca/scripts
QoS Summary for neuron_intra_Nbits
================================================================================
Metric                          final          
================================================================================
Slack (ps):                     6,785
  R2R (ps):                     6,785
  I2R (ps):                  no_value
  R2O (ps):                  no_value
  I2O (ps):                  no_value
  CG  (ps):                  no_value
TNS (ps):                           0
  R2R (ps):                         0
  I2R (ps):                  no_value
  R2O (ps):                  no_value
  I2O (ps):                  no_value
  CG  (ps):                  no_value
Failing Paths:                      0
Cell Area:                    111,773
Total Cell Area:              111,773
Leaf Instances:               159,475
Total Instances:              159,475
Utilization (%):                 0.00
Tot. Net Length (um):        no_value
Avg. Net Length (um):        no_value
Route Overflow H (%):        no_value
Route Overflow V (%):        no_value
MBCI(%) (bits/gate) :            0.00
Norm Cong Hotspot Area:
  Max Cong:                  no_value
  Tot Cong:                  no_value
================================================================================
CPU  Runtime (h:m:s):        02:10:48
Real Runtime (h:m:s):        01:39:43
CPU  Elapsed (h:m:s):        02:10:55
Real Elapsed (h:m:s):        01:39:48
Memory (MB):                  2514.67
================================================================================
================================================================================
Flow Settings:
================================================================================
Total Runtime (h:m:s): 01:39:48
Total Memory (MB):     2514.67
Executable Version:    23.12-s086_1
================================================================================
Total Cell Area =  Cell Area + Physical Cell Area
Total Instances =  Leaf Instances + Physical Instances




Info    : Joules engine is used. [RPT-16]
        : Joules engine is being used for the command report_gates -power.
Finished exporting design database to file 'reports/final_neuron_intra_Nbits.db' for 'neuron_intra_Nbits' (command execution time mm:ss cpu = 00:09, real = 00:09).
Finished generating snapshot at stage final (command execution time mm:ss cpu = 00:06, real = 00:15).
%# End write_snapshot (10/09 02:16:00, total cpu=05:00:06, real=05:00:15, peak res=5484.30M, current mem=2514.67M)
@file(synth_script.tcl) 52:  report_summary -directory reports
Warning : A required object parameter could not be found. [TUI-78]
        : An object named "" could not be found for attribute 'name'.
Warning : A required object parameter could not be found. [TUI-78]
        : An object named "" could not be found for attribute 'analysis_view'.


Working Directory = /home/inf01185/juliana.vargas/Documents/Topicos-Especiais-XII/exemplo_rca/scripts
QoS Summary for neuron_intra_Nbits
================================================================================
Metric                          final          
================================================================================
Slack (ps):                     6,785
  R2R (ps):                     6,785
  I2R (ps):                  no_value
  R2O (ps):                  no_value
  I2O (ps):                  no_value
  CG  (ps):                  no_value
TNS (ps):                           0
  R2R (ps):                         0
  I2R (ps):                  no_value
  R2O (ps):                  no_value
  I2O (ps):                  no_value
  CG  (ps):                  no_value
Failing Paths:                      0
Cell Area:                    111,773
Total Cell Area:              111,773
Leaf Instances:               159,475
Total Instances:              159,475
Utilization (%):                 0.00
Tot. Net Length (um):        no_value
Avg. Net Length (um):        no_value
Route Overflow H (%):        no_value
Route Overflow V (%):        no_value
MBCI(%) (bits/gate) :            0.00
Norm Cong Hotspot Area:
  Max Cong:                  no_value
  Tot Cong:                  no_value
================================================================================
CPU  Runtime (h:m:s):        02:10:48
Real Runtime (h:m:s):        01:39:43
CPU  Elapsed (h:m:s):        02:10:55
Real Elapsed (h:m:s):        01:39:48
Memory (MB):                  2514.67
================================================================================
================================================================================
Flow Settings:
================================================================================
Total Runtime (h:m:s): 01:39:58
Total Memory (MB):     2514.67
Executable Version:    23.12-s086_1
================================================================================
Total Cell Area =  Cell Area + Physical Cell Area
Total Instances =  Leaf Instances + Physical Instances




@file(synth_script.tcl) 55: write_hdl > outputs/mac_netlist.v
@file(synth_script.tcl) 56: write_sdc > outputs/mac_netlist_constraints.sdc
Finished SDC export (command execution time mm:ss (real) = 00:09).
#@ End verbose source ./synth_script.tcl

Lic Summary:
[02:16:13.144899] Cdslmd servers: pgmicro01
[02:16:13.144907] Feature usage summary:
[02:16:13.144907] Genus_Synthesis


+-----------+------------------------------+-----+----------------------+---------------------------+
|   Host    |           Machine            | CPU | Physical Memory (MB) | Peak Physical Memory (MB) |
+-----------+------------------------------+-----+----------------------+---------------------------+
| localhost | cadmicro-el8-02.inf.ufrgs.br |  1  |        1936.3        |          5484.3           |
+-----------+------------------------------+-----+----------------------+---------------------------+

+---------------+----------------------+---------------------------+
|    Server     | Physical Memory (MB) | Peak Physical Memory (MB) |
+---------------+----------------------+---------------------------+
| localhost_1_0 |        396.9         |          4421.6           |
+---------------+----------------------+---------------------------+

Info    : A super-threading server has been shut down normally. [ST-112]
        : The server 'localhost_1_0' was process '1040872' on this host.
        : A super-threaded optimization is complete and a CPU server was successfully shut down.
=======================
PBS_overall Index: 0.00
=======================
Normal exit.
