MAxPy: SYNTHESIS USING YOSYS

Command line:

yosys synth.ys;

Synth file:

read_verilog /home/juliana/venv_pytorch/lib/python3.12/site-packages/MAxPy/pdk/NanGate15nm.v /home/juliana/venv_pytorch/lib/python3.12/site-packages/MAxPy/vlib/AxArith/*/*.v neuron_drums_4/neuron_intra_Nbits_LOBA0s_4/rtl/neuron_intra_Nbits.v 
hierarchy -top neuron_intra_Nbits
prep; flatten; synth
clean -purge

dfflibmap -liberty /home/juliana/venv_pytorch/lib/python3.12/site-packages/MAxPy/pdk/NanGate15nm.lib
abc -liberty /home/juliana/venv_pytorch/lib/python3.12/site-packages/MAxPy/pdk/NanGate15nm.lib
clean -purge

write_verilog -noattr -noexpr  neuron_drums_4/neuron_intra_Nbits_LOBA0s_4/netlist_yosys/neuron_intra_Nbits.v


Log from stdout and stderr:


 /----------------------------------------------------------------------------\
 |                                                                            |
 |  yosys -- Yosys Open SYnthesis Suite                                       |
 |                                                                            |
 |  Copyright (C) 2012 - 2020  Claire Xenia Wolf <claire@yosyshq.com>         |
 |                                                                            |
 |  Permission to use, copy, modify, and/or distribute this software for any  |
 |  purpose with or without fee is hereby granted, provided that the above    |
 |  copyright notice and this permission notice appear in all copies.         |
 |                                                                            |
 |  THE SOFTWARE IS PROVIDED "AS IS" AND THE AUTHOR DISCLAIMS ALL WARRANTIES  |
 |  WITH REGARD TO THIS SOFTWARE INCLUDING ALL IMPLIED WARRANTIES OF          |
 |  MERCHANTABILITY AND FITNESS. IN NO EVENT SHALL THE AUTHOR BE LIABLE FOR   |
 |  ANY SPECIAL, DIRECT, INDIRECT, OR CONSEQUENTIAL DAMAGES OR ANY DAMAGES    |
 |  WHATSOEVER RESULTING FROM LOSS OF USE, DATA OR PROFITS, WHETHER IN AN     |
 |  ACTION OF CONTRACT, NEGLIGENCE OR OTHER TORTIOUS ACTION, ARISING OUT OF   |
 |  OR IN CONNECTION WITH THE USE OR PERFORMANCE OF THIS SOFTWARE.            |
 |                                                                            |
 \----------------------------------------------------------------------------/

 Yosys 0.33 (git sha1 2584903a060)


-- Executing script file `synth.ys' --

1. Executing Verilog-2005 frontend: /home/juliana/venv_pytorch/lib/python3.12/site-packages/MAxPy/pdk/NanGate15nm.v
Parsing Verilog input from `/home/juliana/venv_pytorch/lib/python3.12/site-packages/MAxPy/pdk/NanGate15nm.v' to AST representation.
Generating RTLIL representation for module `\AND2_X1'.
Generating RTLIL representation for module `\AND2_X2'.
Generating RTLIL representation for module `\AND3_X1'.
/home/juliana/venv_pytorch/lib/python3.12/site-packages/MAxPy/pdk/NanGate15nm.v:23: Warning: Identifier `\i_12' is implicitly declared.
Generating RTLIL representation for module `\AND3_X2'.
/home/juliana/venv_pytorch/lib/python3.12/site-packages/MAxPy/pdk/NanGate15nm.v:33: Warning: Identifier `\i_18' is implicitly declared.
Generating RTLIL representation for module `\AND4_X1'.
/home/juliana/venv_pytorch/lib/python3.12/site-packages/MAxPy/pdk/NanGate15nm.v:44: Warning: Identifier `\i_0' is implicitly declared.
/home/juliana/venv_pytorch/lib/python3.12/site-packages/MAxPy/pdk/NanGate15nm.v:45: Warning: Identifier `\i_1' is implicitly declared.
Generating RTLIL representation for module `\AND4_X2'.
/home/juliana/venv_pytorch/lib/python3.12/site-packages/MAxPy/pdk/NanGate15nm.v:56: Warning: Identifier `\i_0' is implicitly declared.
/home/juliana/venv_pytorch/lib/python3.12/site-packages/MAxPy/pdk/NanGate15nm.v:57: Warning: Identifier `\i_1' is implicitly declared.
Generating RTLIL representation for module `\ANTENNA'.
Generating RTLIL representation for module `\AOI21_X1'.
/home/juliana/venv_pytorch/lib/python3.12/site-packages/MAxPy/pdk/NanGate15nm.v:73: Warning: Identifier `\i_18' is implicitly declared.
/home/juliana/venv_pytorch/lib/python3.12/site-packages/MAxPy/pdk/NanGate15nm.v:73: Warning: Identifier `\i_19' is implicitly declared.
Generating RTLIL representation for module `\AOI21_X2'.
/home/juliana/venv_pytorch/lib/python3.12/site-packages/MAxPy/pdk/NanGate15nm.v:84: Warning: Identifier `\i_12' is implicitly declared.
/home/juliana/venv_pytorch/lib/python3.12/site-packages/MAxPy/pdk/NanGate15nm.v:84: Warning: Identifier `\i_13' is implicitly declared.
Generating RTLIL representation for module `\AOI22_X1'.
/home/juliana/venv_pytorch/lib/python3.12/site-packages/MAxPy/pdk/NanGate15nm.v:96: Warning: Identifier `\i_0' is implicitly declared.
/home/juliana/venv_pytorch/lib/python3.12/site-packages/MAxPy/pdk/NanGate15nm.v:96: Warning: Identifier `\i_1' is implicitly declared.
/home/juliana/venv_pytorch/lib/python3.12/site-packages/MAxPy/pdk/NanGate15nm.v:96: Warning: Identifier `\i_2' is implicitly declared.
Generating RTLIL representation for module `\AOI22_X2'.
/home/juliana/venv_pytorch/lib/python3.12/site-packages/MAxPy/pdk/NanGate15nm.v:109: Warning: Identifier `\i_0' is implicitly declared.
/home/juliana/venv_pytorch/lib/python3.12/site-packages/MAxPy/pdk/NanGate15nm.v:109: Warning: Identifier `\i_1' is implicitly declared.
/home/juliana/venv_pytorch/lib/python3.12/site-packages/MAxPy/pdk/NanGate15nm.v:109: Warning: Identifier `\i_2' is implicitly declared.
Generating RTLIL representation for module `\BUF_X1'.
Generating RTLIL representation for module `\BUF_X2'.
Generating RTLIL representation for module `\BUF_X4'.
Generating RTLIL representation for module `\BUF_X8'.
Generating RTLIL representation for module `\BUF_X12'.
Generating RTLIL representation for module `\BUF_X16'.
Generating RTLIL representation for module `\CLKBUF_X1'.
Generating RTLIL representation for module `\CLKBUF_X2'.
Generating RTLIL representation for module `\CLKBUF_X4'.
Generating RTLIL representation for module `\CLKBUF_X8'.
Generating RTLIL representation for module `\CLKBUF_X12'.
Generating RTLIL representation for module `\CLKBUF_X16'.
Generating RTLIL representation for module `\CLKGATETST_X1'.
/home/juliana/venv_pytorch/lib/python3.12/site-packages/MAxPy/pdk/NanGate15nm.v:238: Warning: Identifier `\QD' is implicitly declared.
/home/juliana/venv_pytorch/lib/python3.12/site-packages/MAxPy/pdk/NanGate15nm.v:239: Warning: Identifier `\nextstate' is implicitly declared.
/home/juliana/venv_pytorch/lib/python3.12/site-packages/MAxPy/pdk/NanGate15nm.v:240: Warning: Identifier `\QDn' is implicitly declared.
Generating RTLIL representation for module `\seq_CLKGATETST_X1'.
Generating RTLIL representation for module `\DFFRNQ_X1'.
/home/juliana/venv_pytorch/lib/python3.12/site-packages/MAxPy/pdk/NanGate15nm.v:350: Warning: Identifier `\IQ' is implicitly declared.
/home/juliana/venv_pytorch/lib/python3.12/site-packages/MAxPy/pdk/NanGate15nm.v:350: Warning: Identifier `\nextstate' is implicitly declared.
/home/juliana/venv_pytorch/lib/python3.12/site-packages/MAxPy/pdk/NanGate15nm.v:351: Warning: Identifier `\IQN' is implicitly declared.
Generating RTLIL representation for module `\seq_DFFRNQ_X1'.
Generating RTLIL representation for module `\DFFSNQ_X1'.
/home/juliana/venv_pytorch/lib/python3.12/site-packages/MAxPy/pdk/NanGate15nm.v:484: Warning: Identifier `\IQ' is implicitly declared.
/home/juliana/venv_pytorch/lib/python3.12/site-packages/MAxPy/pdk/NanGate15nm.v:484: Warning: Identifier `\nextstate' is implicitly declared.
/home/juliana/venv_pytorch/lib/python3.12/site-packages/MAxPy/pdk/NanGate15nm.v:485: Warning: Identifier `\IQN' is implicitly declared.
Generating RTLIL representation for module `\seq_DFFSNQ_X1'.
Generating RTLIL representation for module `\FA_X1'.
/home/juliana/venv_pytorch/lib/python3.12/site-packages/MAxPy/pdk/NanGate15nm.v:580: Warning: Identifier `\i_12' is implicitly declared.
/home/juliana/venv_pytorch/lib/python3.12/site-packages/MAxPy/pdk/NanGate15nm.v:580: Warning: Identifier `\i_15' is implicitly declared.
/home/juliana/venv_pytorch/lib/python3.12/site-packages/MAxPy/pdk/NanGate15nm.v:581: Warning: Identifier `\i_13' is implicitly declared.
/home/juliana/venv_pytorch/lib/python3.12/site-packages/MAxPy/pdk/NanGate15nm.v:581: Warning: Identifier `\i_14' is implicitly declared.
/home/juliana/venv_pytorch/lib/python3.12/site-packages/MAxPy/pdk/NanGate15nm.v:586: Warning: Identifier `\i_20' is implicitly declared.
/home/juliana/venv_pytorch/lib/python3.12/site-packages/MAxPy/pdk/NanGate15nm.v:586: Warning: Identifier `\i_21' is implicitly declared.
/home/juliana/venv_pytorch/lib/python3.12/site-packages/MAxPy/pdk/NanGate15nm.v:586: Warning: Identifier `\i_27' is implicitly declared.
/home/juliana/venv_pytorch/lib/python3.12/site-packages/MAxPy/pdk/NanGate15nm.v:587: Warning: Identifier `\i_22' is implicitly declared.
/home/juliana/venv_pytorch/lib/python3.12/site-packages/MAxPy/pdk/NanGate15nm.v:589: Warning: Identifier `\i_23' is implicitly declared.
/home/juliana/venv_pytorch/lib/python3.12/site-packages/MAxPy/pdk/NanGate15nm.v:589: Warning: Identifier `\i_24' is implicitly declared.
/home/juliana/venv_pytorch/lib/python3.12/site-packages/MAxPy/pdk/NanGate15nm.v:589: Warning: Identifier `\i_25' is implicitly declared.
/home/juliana/venv_pytorch/lib/python3.12/site-packages/MAxPy/pdk/NanGate15nm.v:592: Warning: Identifier `\i_26' is implicitly declared.
/home/juliana/venv_pytorch/lib/python3.12/site-packages/MAxPy/pdk/NanGate15nm.v:594: Warning: Identifier `\i_28' is implicitly declared.
/home/juliana/venv_pytorch/lib/python3.12/site-packages/MAxPy/pdk/NanGate15nm.v:594: Warning: Identifier `\i_29' is implicitly declared.
/home/juliana/venv_pytorch/lib/python3.12/site-packages/MAxPy/pdk/NanGate15nm.v:596: Warning: Identifier `\i_30' is implicitly declared.
/home/juliana/venv_pytorch/lib/python3.12/site-packages/MAxPy/pdk/NanGate15nm.v:596: Warning: Identifier `\i_31' is implicitly declared.
/home/juliana/venv_pytorch/lib/python3.12/site-packages/MAxPy/pdk/NanGate15nm.v:596: Warning: Identifier `\i_32' is implicitly declared.
/home/juliana/venv_pytorch/lib/python3.12/site-packages/MAxPy/pdk/NanGate15nm.v:599: Warning: Identifier `\i_33' is implicitly declared.
Generating RTLIL representation for module `\FILLTIE'.
Generating RTLIL representation for module `\FILL_X1'.
Generating RTLIL representation for module `\FILL_X2'.
Generating RTLIL representation for module `\FILL_X4'.
Generating RTLIL representation for module `\FILL_X8'.
Generating RTLIL representation for module `\FILL_X16'.
Generating RTLIL representation for module `\HA_X1'.
/home/juliana/venv_pytorch/lib/python3.12/site-packages/MAxPy/pdk/NanGate15nm.v:634: Warning: Identifier `\i_42' is implicitly declared.
/home/juliana/venv_pytorch/lib/python3.12/site-packages/MAxPy/pdk/NanGate15nm.v:634: Warning: Identifier `\i_43' is implicitly declared.
/home/juliana/venv_pytorch/lib/python3.12/site-packages/MAxPy/pdk/NanGate15nm.v:634: Warning: Identifier `\i_44' is implicitly declared.
/home/juliana/venv_pytorch/lib/python3.12/site-packages/MAxPy/pdk/NanGate15nm.v:637: Warning: Identifier `\i_45' is implicitly declared.
Generating RTLIL representation for module `\INV_X1'.
Generating RTLIL representation for module `\INV_X2'.
Generating RTLIL representation for module `\INV_X4'.
Generating RTLIL representation for module `\INV_X8'.
Generating RTLIL representation for module `\INV_X12'.
Generating RTLIL representation for module `\INV_X16'.
Generating RTLIL representation for module `\LHQ_X1'.
/home/juliana/venv_pytorch/lib/python3.12/site-packages/MAxPy/pdk/NanGate15nm.v:720: Warning: Identifier `\IQ' is implicitly declared.
/home/juliana/venv_pytorch/lib/python3.12/site-packages/MAxPy/pdk/NanGate15nm.v:720: Warning: Identifier `\nextstate' is implicitly declared.
/home/juliana/venv_pytorch/lib/python3.12/site-packages/MAxPy/pdk/NanGate15nm.v:721: Warning: Identifier `\IQN' is implicitly declared.
Generating RTLIL representation for module `\seq_LHQ_X1'.
Generating RTLIL representation for module `\MUX2_X1'.
/home/juliana/venv_pytorch/lib/python3.12/site-packages/MAxPy/pdk/NanGate15nm.v:793: Warning: Identifier `\i_12' is implicitly declared.
/home/juliana/venv_pytorch/lib/python3.12/site-packages/MAxPy/pdk/NanGate15nm.v:793: Warning: Identifier `\i_13' is implicitly declared.
/home/juliana/venv_pytorch/lib/python3.12/site-packages/MAxPy/pdk/NanGate15nm.v:795: Warning: Identifier `\i_14' is implicitly declared.
Generating RTLIL representation for module `\NAND2_X1'.
/home/juliana/venv_pytorch/lib/python3.12/site-packages/MAxPy/pdk/NanGate15nm.v:805: Warning: Identifier `\i_24' is implicitly declared.
Generating RTLIL representation for module `\NAND2_X2'.
/home/juliana/venv_pytorch/lib/python3.12/site-packages/MAxPy/pdk/NanGate15nm.v:814: Warning: Identifier `\i_18' is implicitly declared.
Generating RTLIL representation for module `\NAND3_X1'.
/home/juliana/venv_pytorch/lib/python3.12/site-packages/MAxPy/pdk/NanGate15nm.v:824: Warning: Identifier `\i_6' is implicitly declared.
/home/juliana/venv_pytorch/lib/python3.12/site-packages/MAxPy/pdk/NanGate15nm.v:824: Warning: Identifier `\i_7' is implicitly declared.
Generating RTLIL representation for module `\NAND3_X2'.
/home/juliana/venv_pytorch/lib/python3.12/site-packages/MAxPy/pdk/NanGate15nm.v:835: Warning: Identifier `\i_6' is implicitly declared.
/home/juliana/venv_pytorch/lib/python3.12/site-packages/MAxPy/pdk/NanGate15nm.v:835: Warning: Identifier `\i_7' is implicitly declared.
Generating RTLIL representation for module `\NAND4_X1'.
/home/juliana/venv_pytorch/lib/python3.12/site-packages/MAxPy/pdk/NanGate15nm.v:847: Warning: Identifier `\i_0' is implicitly declared.
/home/juliana/venv_pytorch/lib/python3.12/site-packages/MAxPy/pdk/NanGate15nm.v:847: Warning: Identifier `\i_1' is implicitly declared.
/home/juliana/venv_pytorch/lib/python3.12/site-packages/MAxPy/pdk/NanGate15nm.v:848: Warning: Identifier `\i_2' is implicitly declared.
Generating RTLIL representation for module `\NAND4_X2'.
/home/juliana/venv_pytorch/lib/python3.12/site-packages/MAxPy/pdk/NanGate15nm.v:860: Warning: Identifier `\i_0' is implicitly declared.
/home/juliana/venv_pytorch/lib/python3.12/site-packages/MAxPy/pdk/NanGate15nm.v:860: Warning: Identifier `\i_1' is implicitly declared.
/home/juliana/venv_pytorch/lib/python3.12/site-packages/MAxPy/pdk/NanGate15nm.v:861: Warning: Identifier `\i_2' is implicitly declared.
Generating RTLIL representation for module `\NOR2_X1'.
/home/juliana/venv_pytorch/lib/python3.12/site-packages/MAxPy/pdk/NanGate15nm.v:871: Warning: Identifier `\i_12' is implicitly declared.
Generating RTLIL representation for module `\NOR2_X2'.
/home/juliana/venv_pytorch/lib/python3.12/site-packages/MAxPy/pdk/NanGate15nm.v:880: Warning: Identifier `\i_12' is implicitly declared.
Generating RTLIL representation for module `\NOR3_X1'.
/home/juliana/venv_pytorch/lib/python3.12/site-packages/MAxPy/pdk/NanGate15nm.v:890: Warning: Identifier `\i_0' is implicitly declared.
/home/juliana/venv_pytorch/lib/python3.12/site-packages/MAxPy/pdk/NanGate15nm.v:890: Warning: Identifier `\i_1' is implicitly declared.
Generating RTLIL representation for module `\NOR3_X2'.
/home/juliana/venv_pytorch/lib/python3.12/site-packages/MAxPy/pdk/NanGate15nm.v:901: Warning: Identifier `\i_0' is implicitly declared.
/home/juliana/venv_pytorch/lib/python3.12/site-packages/MAxPy/pdk/NanGate15nm.v:901: Warning: Identifier `\i_1' is implicitly declared.
Generating RTLIL representation for module `\NOR4_X1'.
/home/juliana/venv_pytorch/lib/python3.12/site-packages/MAxPy/pdk/NanGate15nm.v:913: Warning: Identifier `\i_0' is implicitly declared.
/home/juliana/venv_pytorch/lib/python3.12/site-packages/MAxPy/pdk/NanGate15nm.v:913: Warning: Identifier `\i_1' is implicitly declared.
/home/juliana/venv_pytorch/lib/python3.12/site-packages/MAxPy/pdk/NanGate15nm.v:914: Warning: Identifier `\i_2' is implicitly declared.
Generating RTLIL representation for module `\NOR4_X2'.
/home/juliana/venv_pytorch/lib/python3.12/site-packages/MAxPy/pdk/NanGate15nm.v:926: Warning: Identifier `\i_0' is implicitly declared.
/home/juliana/venv_pytorch/lib/python3.12/site-packages/MAxPy/pdk/NanGate15nm.v:926: Warning: Identifier `\i_1' is implicitly declared.
/home/juliana/venv_pytorch/lib/python3.12/site-packages/MAxPy/pdk/NanGate15nm.v:927: Warning: Identifier `\i_2' is implicitly declared.
Generating RTLIL representation for module `\OAI21_X1'.
/home/juliana/venv_pytorch/lib/python3.12/site-packages/MAxPy/pdk/NanGate15nm.v:938: Warning: Identifier `\i_0' is implicitly declared.
/home/juliana/venv_pytorch/lib/python3.12/site-packages/MAxPy/pdk/NanGate15nm.v:938: Warning: Identifier `\i_1' is implicitly declared.
Generating RTLIL representation for module `\OAI21_X2'.
/home/juliana/venv_pytorch/lib/python3.12/site-packages/MAxPy/pdk/NanGate15nm.v:949: Warning: Identifier `\i_0' is implicitly declared.
/home/juliana/venv_pytorch/lib/python3.12/site-packages/MAxPy/pdk/NanGate15nm.v:949: Warning: Identifier `\i_1' is implicitly declared.
Generating RTLIL representation for module `\OAI22_X1'.
/home/juliana/venv_pytorch/lib/python3.12/site-packages/MAxPy/pdk/NanGate15nm.v:961: Warning: Identifier `\i_0' is implicitly declared.
/home/juliana/venv_pytorch/lib/python3.12/site-packages/MAxPy/pdk/NanGate15nm.v:961: Warning: Identifier `\i_1' is implicitly declared.
/home/juliana/venv_pytorch/lib/python3.12/site-packages/MAxPy/pdk/NanGate15nm.v:961: Warning: Identifier `\i_2' is implicitly declared.
Generating RTLIL representation for module `\OAI22_X2'.
/home/juliana/venv_pytorch/lib/python3.12/site-packages/MAxPy/pdk/NanGate15nm.v:974: Warning: Identifier `\i_0' is implicitly declared.
/home/juliana/venv_pytorch/lib/python3.12/site-packages/MAxPy/pdk/NanGate15nm.v:974: Warning: Identifier `\i_1' is implicitly declared.
/home/juliana/venv_pytorch/lib/python3.12/site-packages/MAxPy/pdk/NanGate15nm.v:974: Warning: Identifier `\i_2' is implicitly declared.
Generating RTLIL representation for module `\OR2_X1'.
Generating RTLIL representation for module `\OR2_X2'.
Generating RTLIL representation for module `\OR3_X1'.
/home/juliana/venv_pytorch/lib/python3.12/site-packages/MAxPy/pdk/NanGate15nm.v:1001: Warning: Identifier `\i_0' is implicitly declared.
Generating RTLIL representation for module `\OR3_X2'.
/home/juliana/venv_pytorch/lib/python3.12/site-packages/MAxPy/pdk/NanGate15nm.v:1011: Warning: Identifier `\i_0' is implicitly declared.
Generating RTLIL representation for module `\OR4_X1'.
/home/juliana/venv_pytorch/lib/python3.12/site-packages/MAxPy/pdk/NanGate15nm.v:1022: Warning: Identifier `\i_0' is implicitly declared.
/home/juliana/venv_pytorch/lib/python3.12/site-packages/MAxPy/pdk/NanGate15nm.v:1023: Warning: Identifier `\i_1' is implicitly declared.
Generating RTLIL representation for module `\OR4_X2'.
/home/juliana/venv_pytorch/lib/python3.12/site-packages/MAxPy/pdk/NanGate15nm.v:1034: Warning: Identifier `\i_0' is implicitly declared.
/home/juliana/venv_pytorch/lib/python3.12/site-packages/MAxPy/pdk/NanGate15nm.v:1035: Warning: Identifier `\i_1' is implicitly declared.
Generating RTLIL representation for module `\SDFFRNQ_X1'.
/home/juliana/venv_pytorch/lib/python3.12/site-packages/MAxPy/pdk/NanGate15nm.v:1091: Warning: Identifier `\IQ' is implicitly declared.
/home/juliana/venv_pytorch/lib/python3.12/site-packages/MAxPy/pdk/NanGate15nm.v:1091: Warning: Identifier `\nextstate' is implicitly declared.
/home/juliana/venv_pytorch/lib/python3.12/site-packages/MAxPy/pdk/NanGate15nm.v:1094: Warning: Identifier `\i_0' is implicitly declared.
/home/juliana/venv_pytorch/lib/python3.12/site-packages/MAxPy/pdk/NanGate15nm.v:1094: Warning: Identifier `\i_1' is implicitly declared.
/home/juliana/venv_pytorch/lib/python3.12/site-packages/MAxPy/pdk/NanGate15nm.v:1096: Warning: Identifier `\i_2' is implicitly declared.
/home/juliana/venv_pytorch/lib/python3.12/site-packages/MAxPy/pdk/NanGate15nm.v:1092: Warning: Identifier `\IQN' is implicitly declared.
Generating RTLIL representation for module `\seq_SDFFRNQ_X1'.
Generating RTLIL representation for module `\SDFFSNQ_X1'.
/home/juliana/venv_pytorch/lib/python3.12/site-packages/MAxPy/pdk/NanGate15nm.v:1235: Warning: Identifier `\IQ' is implicitly declared.
/home/juliana/venv_pytorch/lib/python3.12/site-packages/MAxPy/pdk/NanGate15nm.v:1235: Warning: Identifier `\nextstate' is implicitly declared.
/home/juliana/venv_pytorch/lib/python3.12/site-packages/MAxPy/pdk/NanGate15nm.v:1238: Warning: Identifier `\i_0' is implicitly declared.
/home/juliana/venv_pytorch/lib/python3.12/site-packages/MAxPy/pdk/NanGate15nm.v:1238: Warning: Identifier `\i_1' is implicitly declared.
/home/juliana/venv_pytorch/lib/python3.12/site-packages/MAxPy/pdk/NanGate15nm.v:1240: Warning: Identifier `\i_2' is implicitly declared.
/home/juliana/venv_pytorch/lib/python3.12/site-packages/MAxPy/pdk/NanGate15nm.v:1236: Warning: Identifier `\IQN' is implicitly declared.
Generating RTLIL representation for module `\seq_SDFFSNQ_X1'.
Generating RTLIL representation for module `\TBUF_X1'.
/home/juliana/venv_pytorch/lib/python3.12/site-packages/MAxPy/pdk/NanGate15nm.v:1332: Warning: Identifier `\Z_enable' is implicitly declared.
/home/juliana/venv_pytorch/lib/python3.12/site-packages/MAxPy/pdk/NanGate15nm.v:1332: Warning: Identifier `\Z_in' is implicitly declared.
Generating RTLIL representation for module `\TBUF_X2'.
/home/juliana/venv_pytorch/lib/python3.12/site-packages/MAxPy/pdk/NanGate15nm.v:1342: Warning: Identifier `\Z_enable' is implicitly declared.
/home/juliana/venv_pytorch/lib/python3.12/site-packages/MAxPy/pdk/NanGate15nm.v:1342: Warning: Identifier `\Z_in' is implicitly declared.
Generating RTLIL representation for module `\TBUF_X4'.
/home/juliana/venv_pytorch/lib/python3.12/site-packages/MAxPy/pdk/NanGate15nm.v:1352: Warning: Identifier `\Z_enable' is implicitly declared.
/home/juliana/venv_pytorch/lib/python3.12/site-packages/MAxPy/pdk/NanGate15nm.v:1352: Warning: Identifier `\Z_in' is implicitly declared.
Generating RTLIL representation for module `\TBUF_X8'.
/home/juliana/venv_pytorch/lib/python3.12/site-packages/MAxPy/pdk/NanGate15nm.v:1362: Warning: Identifier `\Z_enable' is implicitly declared.
/home/juliana/venv_pytorch/lib/python3.12/site-packages/MAxPy/pdk/NanGate15nm.v:1362: Warning: Identifier `\Z_in' is implicitly declared.
Generating RTLIL representation for module `\TBUF_X12'.
/home/juliana/venv_pytorch/lib/python3.12/site-packages/MAxPy/pdk/NanGate15nm.v:1372: Warning: Identifier `\Z_enable' is implicitly declared.
/home/juliana/venv_pytorch/lib/python3.12/site-packages/MAxPy/pdk/NanGate15nm.v:1372: Warning: Identifier `\Z_in' is implicitly declared.
Generating RTLIL representation for module `\TBUF_X16'.
/home/juliana/venv_pytorch/lib/python3.12/site-packages/MAxPy/pdk/NanGate15nm.v:1382: Warning: Identifier `\Z_enable' is implicitly declared.
/home/juliana/venv_pytorch/lib/python3.12/site-packages/MAxPy/pdk/NanGate15nm.v:1382: Warning: Identifier `\Z_in' is implicitly declared.
Generating RTLIL representation for module `\TIEH'.
Generating RTLIL representation for module `\TIEL'.
Generating RTLIL representation for module `\XNOR2_X1'.
/home/juliana/venv_pytorch/lib/python3.12/site-packages/MAxPy/pdk/NanGate15nm.v:1406: Warning: Identifier `\i_19' is implicitly declared.
/home/juliana/venv_pytorch/lib/python3.12/site-packages/MAxPy/pdk/NanGate15nm.v:1406: Warning: Identifier `\i_20' is implicitly declared.
/home/juliana/venv_pytorch/lib/python3.12/site-packages/MAxPy/pdk/NanGate15nm.v:1406: Warning: Identifier `\i_21' is implicitly declared.
/home/juliana/venv_pytorch/lib/python3.12/site-packages/MAxPy/pdk/NanGate15nm.v:1409: Warning: Identifier `\i_22' is implicitly declared.
/home/juliana/venv_pytorch/lib/python3.12/site-packages/MAxPy/pdk/NanGate15nm.v:1404: Warning: Identifier `\i_18' is implicitly declared.
Generating RTLIL representation for module `\XOR2_X1'.
/home/juliana/venv_pytorch/lib/python3.12/site-packages/MAxPy/pdk/NanGate15nm.v:1418: Warning: Identifier `\i_18' is implicitly declared.
/home/juliana/venv_pytorch/lib/python3.12/site-packages/MAxPy/pdk/NanGate15nm.v:1418: Warning: Identifier `\i_19' is implicitly declared.
/home/juliana/venv_pytorch/lib/python3.12/site-packages/MAxPy/pdk/NanGate15nm.v:1418: Warning: Identifier `\i_20' is implicitly declared.
/home/juliana/venv_pytorch/lib/python3.12/site-packages/MAxPy/pdk/NanGate15nm.v:1421: Warning: Identifier `\i_21' is implicitly declared.
Successfully finished Verilog frontend.

2. Executing Verilog-2005 frontend: /home/juliana/venv_pytorch/lib/python3.12/site-packages/MAxPy/vlib/AxArith/adders/copy.v
Parsing Verilog input from `/home/juliana/venv_pytorch/lib/python3.12/site-packages/MAxPy/vlib/AxArith/adders/copy.v' to AST representation.
Generating RTLIL representation for module `\copyA'.
Generating RTLIL representation for module `\copyB'.
Successfully finished Verilog frontend.

3. Executing Verilog-2005 frontend: /home/juliana/venv_pytorch/lib/python3.12/site-packages/MAxPy/vlib/AxArith/adders/eta1.v
Parsing Verilog input from `/home/juliana/venv_pytorch/lib/python3.12/site-packages/MAxPy/vlib/AxArith/adders/eta1.v' to AST representation.
Generating RTLIL representation for module `\eta1'.
Successfully finished Verilog frontend.

4. Executing Verilog-2005 frontend: /home/juliana/venv_pytorch/lib/python3.12/site-packages/MAxPy/vlib/AxArith/adders/loa.v
Parsing Verilog input from `/home/juliana/venv_pytorch/lib/python3.12/site-packages/MAxPy/vlib/AxArith/adders/loa.v' to AST representation.
Generating RTLIL representation for module `\loa'.
Successfully finished Verilog frontend.

5. Executing Verilog-2005 frontend: /home/juliana/venv_pytorch/lib/python3.12/site-packages/MAxPy/vlib/AxArith/adders/trunc.v
Parsing Verilog input from `/home/juliana/venv_pytorch/lib/python3.12/site-packages/MAxPy/vlib/AxArith/adders/trunc.v' to AST representation.
Generating RTLIL representation for module `\trunc0'.
Generating RTLIL representation for module `\trunc1'.
Successfully finished Verilog frontend.

6. Executing Verilog-2005 frontend: /home/juliana/venv_pytorch/lib/python3.12/site-packages/MAxPy/vlib/AxArith/multipliers/DRUM.v
Parsing Verilog input from `/home/juliana/venv_pytorch/lib/python3.12/site-packages/MAxPy/vlib/AxArith/multipliers/DRUM.v' to AST representation.
Generating RTLIL representation for module `\DRUMs'.
Generating RTLIL representation for module `\DRUMu'.
Generating RTLIL representation for module `\DRUM_LOD_k'.
Generating RTLIL representation for module `\DRUM_P_Encoder_k'.
Generating RTLIL representation for module `\DRUM_Barrel_Shifter_k'.
Generating RTLIL representation for module `\DRUM_Mux_16_3_k'.
Successfully finished Verilog frontend.

7. Executing Verilog-2005 frontend: /home/juliana/venv_pytorch/lib/python3.12/site-packages/MAxPy/vlib/AxArith/multipliers/LOBA.v
Parsing Verilog input from `/home/juliana/venv_pytorch/lib/python3.12/site-packages/MAxPy/vlib/AxArith/multipliers/LOBA.v' to AST representation.
Generating RTLIL representation for module `\LOBA0s'.
Generating RTLIL representation for module `\LOBA0u'.
Generating RTLIL representation for module `\LOBA1s'.
Generating RTLIL representation for module `\LOBA1u'.
Generating RTLIL representation for module `\LOBA2s'.
Generating RTLIL representation for module `\LOBA2u'.
Generating RTLIL representation for module `\LOBA3s'.
Generating RTLIL representation for module `\LOBA3u'.
Generating RTLIL representation for module `\LOBA_SPLIT'.
Generating RTLIL representation for module `\LOBA_MUX'.
Generating RTLIL representation for module `\LOBA_LOWER'.
Generating RTLIL representation for module `\LOBA_LOB'.
Successfully finished Verilog frontend.

8. Executing Verilog-2005 frontend: neuron_drums_4/neuron_intra_Nbits_LOBA0s_4/rtl/neuron_intra_Nbits.v
Parsing Verilog input from `neuron_drums_4/neuron_intra_Nbits_LOBA0s_4/rtl/neuron_intra_Nbits.v' to AST representation.
Generating RTLIL representation for module `\neuron_intra_Nbits'.
neuron_drums_4/neuron_intra_Nbits_LOBA0s_4/rtl/neuron_intra_Nbits.v:36: Warning: Identifier `\a' is implicitly declared.
neuron_drums_4/neuron_intra_Nbits_LOBA0s_4/rtl/neuron_intra_Nbits.v:36: Warning: Identifier `\x' is implicitly declared.
neuron_drums_4/neuron_intra_Nbits_LOBA0s_4/rtl/neuron_intra_Nbits.v:36: Warning: Identifier `\p' is implicitly declared.
Successfully finished Verilog frontend.

9. Executing HIERARCHY pass (managing design hierarchy).

9.1. Analyzing design hierarchy..
Top module:  \neuron_intra_Nbits
Used module:     \LOBA0s
Used module:         \LOBA0u
Used module:             \LOBA_SPLIT
Used module:                 \LOBA_LOWER
Used module:                 \LOBA_MUX
Used module:                 \LOBA_LOB
Parameter \N = 16
Parameter \K = 4

9.2. Executing AST frontend in derive mode using pre-parsed AST for module `\LOBA0u'.
Parameter \N = 16
Parameter \K = 4
Generating RTLIL representation for module `$paramod$a07b09e41c3d89959fdd140bdec9a7cc3f3fd22e\LOBA0u'.
Parameter \N = 16
Parameter \K = 4

9.3. Executing AST frontend in derive mode using pre-parsed AST for module `\LOBA_SPLIT'.
Parameter \N = 16
Parameter \K = 4
Generating RTLIL representation for module `$paramod$a07b09e41c3d89959fdd140bdec9a7cc3f3fd22e\LOBA_SPLIT'.
Parameter \N = 16
Parameter \K = 4
Found cached RTLIL representation for module `$paramod$a07b09e41c3d89959fdd140bdec9a7cc3f3fd22e\LOBA_SPLIT'.
Parameter \N = 16

9.4. Executing AST frontend in derive mode using pre-parsed AST for module `\LOBA_LOWER'.
Parameter \N = 16
Generating RTLIL representation for module `$paramod\LOBA_LOWER\N=s32'00000000000000000000000000010000'.
Parameter \N = 16
Parameter \K = 4

9.5. Executing AST frontend in derive mode using pre-parsed AST for module `\LOBA_MUX'.
Parameter \N = 16
Parameter \K = 4
Generating RTLIL representation for module `$paramod$a07b09e41c3d89959fdd140bdec9a7cc3f3fd22e\LOBA_MUX'.
Parameter \N = 16
Parameter \K = 4
Found cached RTLIL representation for module `$paramod$a07b09e41c3d89959fdd140bdec9a7cc3f3fd22e\LOBA_MUX'.
Parameter \N = 16

9.6. Executing AST frontend in derive mode using pre-parsed AST for module `\LOBA_LOB'.
Parameter \N = 16
Generating RTLIL representation for module `$paramod\LOBA_LOB\N=s32'00000000000000000000000000010000'.
Parameter \N = 16
Found cached RTLIL representation for module `$paramod\LOBA_LOB\N=s32'00000000000000000000000000010000'.
Parameter 1 (\N) = 16
Parameter 2 (\K) = 4

9.7. Executing AST frontend in derive mode using pre-parsed AST for module `\LOBA0s'.
Parameter 1 (\N) = 16
Parameter 2 (\K) = 4
Generating RTLIL representation for module `$paramod$a07b09e41c3d89959fdd140bdec9a7cc3f3fd22e\LOBA0s'.
Parameter 1 (\N) = 8
Parameter 2 (\K) = 4

9.8. Executing AST frontend in derive mode using pre-parsed AST for module `\LOBA0s'.
Parameter 1 (\N) = 8
Parameter 2 (\K) = 4
Generating RTLIL representation for module `$paramod$fa799df0e717c308775c4f8dfa29494b0bf7198b\LOBA0s'.
Parameter 1 (\N) = 16
Parameter 2 (\K) = 4
Found cached RTLIL representation for module `$paramod$a07b09e41c3d89959fdd140bdec9a7cc3f3fd22e\LOBA0s'.
Parameter 1 (\N) = 8
Parameter 2 (\K) = 4
Found cached RTLIL representation for module `$paramod$fa799df0e717c308775c4f8dfa29494b0bf7198b\LOBA0s'.
Parameter 1 (\N) = 16
Parameter 2 (\K) = 4
Found cached RTLIL representation for module `$paramod$a07b09e41c3d89959fdd140bdec9a7cc3f3fd22e\LOBA0s'.
Parameter 1 (\N) = 8
Parameter 2 (\K) = 4
Found cached RTLIL representation for module `$paramod$fa799df0e717c308775c4f8dfa29494b0bf7198b\LOBA0s'.
Parameter 1 (\N) = 16
Parameter 2 (\K) = 4
Found cached RTLIL representation for module `$paramod$a07b09e41c3d89959fdd140bdec9a7cc3f3fd22e\LOBA0s'.
Parameter 1 (\N) = 8
Parameter 2 (\K) = 4
Found cached RTLIL representation for module `$paramod$fa799df0e717c308775c4f8dfa29494b0bf7198b\LOBA0s'.
Parameter 1 (\N) = 16
Parameter 2 (\K) = 4
Found cached RTLIL representation for module `$paramod$a07b09e41c3d89959fdd140bdec9a7cc3f3fd22e\LOBA0s'.
Parameter 1 (\N) = 8
Parameter 2 (\K) = 4
Found cached RTLIL representation for module `$paramod$fa799df0e717c308775c4f8dfa29494b0bf7198b\LOBA0s'.
Parameter 1 (\N) = 16
Parameter 2 (\K) = 4
Found cached RTLIL representation for module `$paramod$a07b09e41c3d89959fdd140bdec9a7cc3f3fd22e\LOBA0s'.
Parameter 1 (\N) = 8
Parameter 2 (\K) = 4
Found cached RTLIL representation for module `$paramod$fa799df0e717c308775c4f8dfa29494b0bf7198b\LOBA0s'.
Parameter 1 (\N) = 16
Parameter 2 (\K) = 4
Found cached RTLIL representation for module `$paramod$a07b09e41c3d89959fdd140bdec9a7cc3f3fd22e\LOBA0s'.
Parameter 1 (\N) = 8
Parameter 2 (\K) = 4
Found cached RTLIL representation for module `$paramod$fa799df0e717c308775c4f8dfa29494b0bf7198b\LOBA0s'.
Parameter 1 (\N) = 16
Parameter 2 (\K) = 4
Found cached RTLIL representation for module `$paramod$a07b09e41c3d89959fdd140bdec9a7cc3f3fd22e\LOBA0s'.
Parameter 1 (\N) = 8
Parameter 2 (\K) = 4
Found cached RTLIL representation for module `$paramod$fa799df0e717c308775c4f8dfa29494b0bf7198b\LOBA0s'.
Reprocessing module neuron_intra_Nbits because instantiated module $paramod$fa799df0e717c308775c4f8dfa29494b0bf7198b\LOBA0s has become available.
Generating RTLIL representation for module `\neuron_intra_Nbits'.
neuron_drums_4/neuron_intra_Nbits_LOBA0s_4/rtl/neuron_intra_Nbits.v:36: Warning: Identifier `\a' is implicitly declared.
neuron_drums_4/neuron_intra_Nbits_LOBA0s_4/rtl/neuron_intra_Nbits.v:36: Warning: Identifier `\x' is implicitly declared.
neuron_drums_4/neuron_intra_Nbits_LOBA0s_4/rtl/neuron_intra_Nbits.v:36: Warning: Identifier `\p' is implicitly declared.

9.9. Analyzing design hierarchy..
Top module:  \neuron_intra_Nbits
Used module:     \LOBA0s
Used module:         $paramod$a07b09e41c3d89959fdd140bdec9a7cc3f3fd22e\LOBA0u
Used module:             \LOBA_SPLIT
Used module:                 $paramod\LOBA_LOWER\N=s32'00000000000000000000000000010000
Used module:                 $paramod$a07b09e41c3d89959fdd140bdec9a7cc3f3fd22e\LOBA_MUX
Used module:                 $paramod\LOBA_LOB\N=s32'00000000000000000000000000010000
Parameter 1 (\N) = 16
Parameter 2 (\K) = 4
Found cached RTLIL representation for module `$paramod$a07b09e41c3d89959fdd140bdec9a7cc3f3fd22e\LOBA0s'.
Parameter 1 (\N) = 8
Parameter 2 (\K) = 4
Found cached RTLIL representation for module `$paramod$fa799df0e717c308775c4f8dfa29494b0bf7198b\LOBA0s'.
Parameter 1 (\N) = 16
Parameter 2 (\K) = 4
Found cached RTLIL representation for module `$paramod$a07b09e41c3d89959fdd140bdec9a7cc3f3fd22e\LOBA0s'.
Parameter 1 (\N) = 8
Parameter 2 (\K) = 4
Found cached RTLIL representation for module `$paramod$fa799df0e717c308775c4f8dfa29494b0bf7198b\LOBA0s'.
Parameter 1 (\N) = 16
Parameter 2 (\K) = 4
Found cached RTLIL representation for module `$paramod$a07b09e41c3d89959fdd140bdec9a7cc3f3fd22e\LOBA0s'.
Parameter 1 (\N) = 8
Parameter 2 (\K) = 4
Found cached RTLIL representation for module `$paramod$fa799df0e717c308775c4f8dfa29494b0bf7198b\LOBA0s'.
Parameter 1 (\N) = 16
Parameter 2 (\K) = 4
Found cached RTLIL representation for module `$paramod$a07b09e41c3d89959fdd140bdec9a7cc3f3fd22e\LOBA0s'.
Parameter 1 (\N) = 8
Parameter 2 (\K) = 4
Found cached RTLIL representation for module `$paramod$fa799df0e717c308775c4f8dfa29494b0bf7198b\LOBA0s'.
Parameter 1 (\N) = 16
Parameter 2 (\K) = 4
Found cached RTLIL representation for module `$paramod$a07b09e41c3d89959fdd140bdec9a7cc3f3fd22e\LOBA0s'.
Parameter 1 (\N) = 8
Parameter 2 (\K) = 4
Found cached RTLIL representation for module `$paramod$fa799df0e717c308775c4f8dfa29494b0bf7198b\LOBA0s'.
Parameter 1 (\N) = 16
Parameter 2 (\K) = 4
Found cached RTLIL representation for module `$paramod$a07b09e41c3d89959fdd140bdec9a7cc3f3fd22e\LOBA0s'.
Parameter 1 (\N) = 8
Parameter 2 (\K) = 4
Found cached RTLIL representation for module `$paramod$fa799df0e717c308775c4f8dfa29494b0bf7198b\LOBA0s'.
Parameter 1 (\N) = 16
Parameter 2 (\K) = 4
Found cached RTLIL representation for module `$paramod$a07b09e41c3d89959fdd140bdec9a7cc3f3fd22e\LOBA0s'.
Parameter 1 (\N) = 8
Parameter 2 (\K) = 4
Found cached RTLIL representation for module `$paramod$fa799df0e717c308775c4f8dfa29494b0bf7198b\LOBA0s'.
Parameter 1 (\N) = 16
Parameter 2 (\K) = 4
Found cached RTLIL representation for module `$paramod$a07b09e41c3d89959fdd140bdec9a7cc3f3fd22e\LOBA0s'.
Parameter 1 (\N) = 8
Parameter 2 (\K) = 4
Found cached RTLIL representation for module `$paramod$fa799df0e717c308775c4f8dfa29494b0bf7198b\LOBA0s'.
Parameter \N = 16
Parameter \K = 4
Found cached RTLIL representation for module `$paramod$a07b09e41c3d89959fdd140bdec9a7cc3f3fd22e\LOBA_SPLIT'.
Parameter \N = 16
Parameter \K = 4
Found cached RTLIL representation for module `$paramod$a07b09e41c3d89959fdd140bdec9a7cc3f3fd22e\LOBA_SPLIT'.

9.10. Analyzing design hierarchy..
Top module:  \neuron_intra_Nbits
Used module:     $paramod$a07b09e41c3d89959fdd140bdec9a7cc3f3fd22e\LOBA0s
Used module:         \LOBA0u
Used module:             $paramod$a07b09e41c3d89959fdd140bdec9a7cc3f3fd22e\LOBA_SPLIT
Used module:                 \LOBA_LOWER
Used module:                 \LOBA_MUX
Used module:                 \LOBA_LOB
Used module:     $paramod$fa799df0e717c308775c4f8dfa29494b0bf7198b\LOBA0s
Parameter \N = 16
Found cached RTLIL representation for module `$paramod\LOBA_LOWER\N=s32'00000000000000000000000000010000'.
Parameter \N = 16
Parameter \K = 4
Found cached RTLIL representation for module `$paramod$a07b09e41c3d89959fdd140bdec9a7cc3f3fd22e\LOBA_MUX'.
Parameter \N = 16
Parameter \K = 4
Found cached RTLIL representation for module `$paramod$a07b09e41c3d89959fdd140bdec9a7cc3f3fd22e\LOBA_MUX'.
Parameter \N = 16
Found cached RTLIL representation for module `$paramod\LOBA_LOB\N=s32'00000000000000000000000000010000'.
Parameter \N = 16
Found cached RTLIL representation for module `$paramod\LOBA_LOB\N=s32'00000000000000000000000000010000'.
Parameter \N = 16
Parameter \K = 4
Found cached RTLIL representation for module `$paramod$a07b09e41c3d89959fdd140bdec9a7cc3f3fd22e\LOBA0u'.
Parameter \N = 8
Parameter \K = 4

9.11. Executing AST frontend in derive mode using pre-parsed AST for module `\LOBA0u'.
Parameter \N = 8
Parameter \K = 4
Generating RTLIL representation for module `$paramod$fa799df0e717c308775c4f8dfa29494b0bf7198b\LOBA0u'.

9.12. Analyzing design hierarchy..
Top module:  \neuron_intra_Nbits
Used module:     $paramod$a07b09e41c3d89959fdd140bdec9a7cc3f3fd22e\LOBA0s
Used module:         $paramod$a07b09e41c3d89959fdd140bdec9a7cc3f3fd22e\LOBA0u
Used module:             $paramod$a07b09e41c3d89959fdd140bdec9a7cc3f3fd22e\LOBA_SPLIT
Used module:                 $paramod\LOBA_LOWER\N=s32'00000000000000000000000000010000
Used module:                 $paramod$a07b09e41c3d89959fdd140bdec9a7cc3f3fd22e\LOBA_MUX
Used module:                 $paramod\LOBA_LOB\N=s32'00000000000000000000000000010000
Used module:     $paramod$fa799df0e717c308775c4f8dfa29494b0bf7198b\LOBA0s
Used module:         $paramod$fa799df0e717c308775c4f8dfa29494b0bf7198b\LOBA0u
Used module:             \LOBA_SPLIT
Parameter \N = 8
Parameter \K = 4

9.13. Executing AST frontend in derive mode using pre-parsed AST for module `\LOBA_SPLIT'.
Parameter \N = 8
Parameter \K = 4
Generating RTLIL representation for module `$paramod$fa799df0e717c308775c4f8dfa29494b0bf7198b\LOBA_SPLIT'.
Parameter \N = 8
Parameter \K = 4
Found cached RTLIL representation for module `$paramod$fa799df0e717c308775c4f8dfa29494b0bf7198b\LOBA_SPLIT'.

9.14. Analyzing design hierarchy..
Top module:  \neuron_intra_Nbits
Used module:     $paramod$a07b09e41c3d89959fdd140bdec9a7cc3f3fd22e\LOBA0s
Used module:         $paramod$a07b09e41c3d89959fdd140bdec9a7cc3f3fd22e\LOBA0u
Used module:             $paramod$a07b09e41c3d89959fdd140bdec9a7cc3f3fd22e\LOBA_SPLIT
Used module:                 $paramod\LOBA_LOWER\N=s32'00000000000000000000000000010000
Used module:                 $paramod$a07b09e41c3d89959fdd140bdec9a7cc3f3fd22e\LOBA_MUX
Used module:                 $paramod\LOBA_LOB\N=s32'00000000000000000000000000010000
Used module:     $paramod$fa799df0e717c308775c4f8dfa29494b0bf7198b\LOBA0s
Used module:         $paramod$fa799df0e717c308775c4f8dfa29494b0bf7198b\LOBA0u
Used module:             $paramod$fa799df0e717c308775c4f8dfa29494b0bf7198b\LOBA_SPLIT
Used module:                 \LOBA_LOWER
Used module:                 \LOBA_MUX
Used module:                 \LOBA_LOB
Parameter \N = 8

9.15. Executing AST frontend in derive mode using pre-parsed AST for module `\LOBA_LOWER'.
Parameter \N = 8
Generating RTLIL representation for module `$paramod\LOBA_LOWER\N=s32'00000000000000000000000000001000'.
Parameter \N = 8
Parameter \K = 4

9.16. Executing AST frontend in derive mode using pre-parsed AST for module `\LOBA_MUX'.
Parameter \N = 8
Parameter \K = 4
Generating RTLIL representation for module `$paramod$fa799df0e717c308775c4f8dfa29494b0bf7198b\LOBA_MUX'.
Parameter \N = 8
Parameter \K = 4
Found cached RTLIL representation for module `$paramod$fa799df0e717c308775c4f8dfa29494b0bf7198b\LOBA_MUX'.
Parameter \N = 8

9.17. Executing AST frontend in derive mode using pre-parsed AST for module `\LOBA_LOB'.
Parameter \N = 8
Generating RTLIL representation for module `$paramod\LOBA_LOB\N=s32'00000000000000000000000000001000'.
Parameter \N = 8
Found cached RTLIL representation for module `$paramod\LOBA_LOB\N=s32'00000000000000000000000000001000'.

9.18. Analyzing design hierarchy..
Top module:  \neuron_intra_Nbits
Used module:     $paramod$a07b09e41c3d89959fdd140bdec9a7cc3f3fd22e\LOBA0s
Used module:         $paramod$a07b09e41c3d89959fdd140bdec9a7cc3f3fd22e\LOBA0u
Used module:             $paramod$a07b09e41c3d89959fdd140bdec9a7cc3f3fd22e\LOBA_SPLIT
Used module:                 $paramod\LOBA_LOWER\N=s32'00000000000000000000000000010000
Used module:                 $paramod$a07b09e41c3d89959fdd140bdec9a7cc3f3fd22e\LOBA_MUX
Used module:                 $paramod\LOBA_LOB\N=s32'00000000000000000000000000010000
Used module:     $paramod$fa799df0e717c308775c4f8dfa29494b0bf7198b\LOBA0s
Used module:         $paramod$fa799df0e717c308775c4f8dfa29494b0bf7198b\LOBA0u
Used module:             $paramod$fa799df0e717c308775c4f8dfa29494b0bf7198b\LOBA_SPLIT
Used module:                 $paramod\LOBA_LOWER\N=s32'00000000000000000000000000001000
Used module:                 $paramod$fa799df0e717c308775c4f8dfa29494b0bf7198b\LOBA_MUX
Used module:                 $paramod\LOBA_LOB\N=s32'00000000000000000000000000001000

9.19. Analyzing design hierarchy..
Top module:  \neuron_intra_Nbits
Used module:     $paramod$a07b09e41c3d89959fdd140bdec9a7cc3f3fd22e\LOBA0s
Used module:         $paramod$a07b09e41c3d89959fdd140bdec9a7cc3f3fd22e\LOBA0u
Used module:             $paramod$a07b09e41c3d89959fdd140bdec9a7cc3f3fd22e\LOBA_SPLIT
Used module:                 $paramod\LOBA_LOWER\N=s32'00000000000000000000000000010000
Used module:                 $paramod$a07b09e41c3d89959fdd140bdec9a7cc3f3fd22e\LOBA_MUX
Used module:                 $paramod\LOBA_LOB\N=s32'00000000000000000000000000010000
Used module:     $paramod$fa799df0e717c308775c4f8dfa29494b0bf7198b\LOBA0s
Used module:         $paramod$fa799df0e717c308775c4f8dfa29494b0bf7198b\LOBA0u
Used module:             $paramod$fa799df0e717c308775c4f8dfa29494b0bf7198b\LOBA_SPLIT
Used module:                 $paramod\LOBA_LOWER\N=s32'00000000000000000000000000001000
Used module:                 $paramod$fa799df0e717c308775c4f8dfa29494b0bf7198b\LOBA_MUX
Used module:                 $paramod\LOBA_LOB\N=s32'00000000000000000000000000001000
Removing unused module `\LOBA_LOB'.
Removing unused module `\LOBA_LOWER'.
Removing unused module `\LOBA_MUX'.
Removing unused module `\LOBA_SPLIT'.
Removing unused module `\LOBA3u'.
Removing unused module `\LOBA3s'.
Removing unused module `\LOBA2u'.
Removing unused module `\LOBA2s'.
Removing unused module `\LOBA1u'.
Removing unused module `\LOBA1s'.
Removing unused module `\LOBA0u'.
Removing unused module `\LOBA0s'.
Removing unused module `\DRUM_Mux_16_3_k'.
Removing unused module `\DRUM_Barrel_Shifter_k'.
Removing unused module `\DRUM_P_Encoder_k'.
Removing unused module `\DRUM_LOD_k'.
Removing unused module `\DRUMu'.
Removing unused module `\DRUMs'.
Removing unused module `\trunc1'.
Removing unused module `\trunc0'.
Removing unused module `\loa'.
Removing unused module `\eta1'.
Removing unused module `\copyB'.
Removing unused module `\copyA'.
Removing unused module `\XOR2_X1'.
Removing unused module `\XNOR2_X1'.
Removing unused module `\TIEL'.
Removing unused module `\TIEH'.
Removing unused module `\TBUF_X16'.
Removing unused module `\TBUF_X12'.
Removing unused module `\TBUF_X8'.
Removing unused module `\TBUF_X4'.
Removing unused module `\TBUF_X2'.
Removing unused module `\TBUF_X1'.
Removing unused module `\seq_SDFFSNQ_X1'.
Removing unused module `\SDFFSNQ_X1'.
Removing unused module `\seq_SDFFRNQ_X1'.
Removing unused module `\SDFFRNQ_X1'.
Removing unused module `\OR4_X2'.
Removing unused module `\OR4_X1'.
Removing unused module `\OR3_X2'.
Removing unused module `\OR3_X1'.
Removing unused module `\OR2_X2'.
Removing unused module `\OR2_X1'.
Removing unused module `\OAI22_X2'.
Removing unused module `\OAI22_X1'.
Removing unused module `\OAI21_X2'.
Removing unused module `\OAI21_X1'.
Removing unused module `\NOR4_X2'.
Removing unused module `\NOR4_X1'.
Removing unused module `\NOR3_X2'.
Removing unused module `\NOR3_X1'.
Removing unused module `\NOR2_X2'.
Removing unused module `\NOR2_X1'.
Removing unused module `\NAND4_X2'.
Removing unused module `\NAND4_X1'.
Removing unused module `\NAND3_X2'.
Removing unused module `\NAND3_X1'.
Removing unused module `\NAND2_X2'.
Removing unused module `\NAND2_X1'.
Removing unused module `\MUX2_X1'.
Removing unused module `\seq_LHQ_X1'.
Removing unused module `\LHQ_X1'.
Removing unused module `\INV_X16'.
Removing unused module `\INV_X12'.
Removing unused module `\INV_X8'.
Removing unused module `\INV_X4'.
Removing unused module `\INV_X2'.
Removing unused module `\INV_X1'.
Removing unused module `\HA_X1'.
Removing unused module `\FA_X1'.
Removing unused module `\seq_DFFSNQ_X1'.
Removing unused module `\DFFSNQ_X1'.
Removing unused module `\seq_DFFRNQ_X1'.
Removing unused module `\DFFRNQ_X1'.
Removing unused module `\seq_CLKGATETST_X1'.
Removing unused module `\CLKGATETST_X1'.
Removing unused module `\CLKBUF_X16'.
Removing unused module `\CLKBUF_X12'.
Removing unused module `\CLKBUF_X8'.
Removing unused module `\CLKBUF_X4'.
Removing unused module `\CLKBUF_X2'.
Removing unused module `\CLKBUF_X1'.
Removing unused module `\BUF_X16'.
Removing unused module `\BUF_X12'.
Removing unused module `\BUF_X8'.
Removing unused module `\BUF_X4'.
Removing unused module `\BUF_X2'.
Removing unused module `\BUF_X1'.
Removing unused module `\AOI22_X2'.
Removing unused module `\AOI22_X1'.
Removing unused module `\AOI21_X2'.
Removing unused module `\AOI21_X1'.
Removing unused module `\AND4_X2'.
Removing unused module `\AND4_X1'.
Removing unused module `\AND3_X2'.
Removing unused module `\AND3_X1'.
Removing unused module `\AND2_X2'.
Removing unused module `\AND2_X1'.
Removed 99 unused modules.
Mapping positional arguments of cell neuron_intra_Nbits.mults[7].mult1 ($paramod$a07b09e41c3d89959fdd140bdec9a7cc3f3fd22e\LOBA0s).
Mapping positional arguments of cell neuron_intra_Nbits.mults[7].mult_i ($paramod$fa799df0e717c308775c4f8dfa29494b0bf7198b\LOBA0s).
Mapping positional arguments of cell neuron_intra_Nbits.mults[6].mult1 ($paramod$a07b09e41c3d89959fdd140bdec9a7cc3f3fd22e\LOBA0s).
Mapping positional arguments of cell neuron_intra_Nbits.mults[6].mult_i ($paramod$fa799df0e717c308775c4f8dfa29494b0bf7198b\LOBA0s).
Mapping positional arguments of cell neuron_intra_Nbits.mults[5].mult1 ($paramod$a07b09e41c3d89959fdd140bdec9a7cc3f3fd22e\LOBA0s).
Mapping positional arguments of cell neuron_intra_Nbits.mults[5].mult_i ($paramod$fa799df0e717c308775c4f8dfa29494b0bf7198b\LOBA0s).
Mapping positional arguments of cell neuron_intra_Nbits.mults[4].mult1 ($paramod$a07b09e41c3d89959fdd140bdec9a7cc3f3fd22e\LOBA0s).
Mapping positional arguments of cell neuron_intra_Nbits.mults[4].mult_i ($paramod$fa799df0e717c308775c4f8dfa29494b0bf7198b\LOBA0s).
Mapping positional arguments of cell neuron_intra_Nbits.mults[3].mult1 ($paramod$a07b09e41c3d89959fdd140bdec9a7cc3f3fd22e\LOBA0s).
Mapping positional arguments of cell neuron_intra_Nbits.mults[3].mult_i ($paramod$fa799df0e717c308775c4f8dfa29494b0bf7198b\LOBA0s).
Mapping positional arguments of cell neuron_intra_Nbits.mults[2].mult1 ($paramod$a07b09e41c3d89959fdd140bdec9a7cc3f3fd22e\LOBA0s).
Mapping positional arguments of cell neuron_intra_Nbits.mults[2].mult_i ($paramod$fa799df0e717c308775c4f8dfa29494b0bf7198b\LOBA0s).
Mapping positional arguments of cell neuron_intra_Nbits.mults[1].mult1 ($paramod$a07b09e41c3d89959fdd140bdec9a7cc3f3fd22e\LOBA0s).
Mapping positional arguments of cell neuron_intra_Nbits.mults[1].mult_i ($paramod$fa799df0e717c308775c4f8dfa29494b0bf7198b\LOBA0s).
Mapping positional arguments of cell neuron_intra_Nbits.mults[0].mult1 ($paramod$a07b09e41c3d89959fdd140bdec9a7cc3f3fd22e\LOBA0s).
Mapping positional arguments of cell neuron_intra_Nbits.mults[0].mult_i ($paramod$fa799df0e717c308775c4f8dfa29494b0bf7198b\LOBA0s).
Warning: Resizing cell port $paramod$fa799df0e717c308775c4f8dfa29494b0bf7198b\LOBA_SPLIT.u5.select from 32 bits to 3 bits.
Warning: Resizing cell port neuron_intra_Nbits.mults[7].mult1.a from 1 bits to 16 bits.
Warning: Resizing cell port neuron_intra_Nbits.mults[7].mult1.b from 1 bits to 16 bits.
Warning: Resizing cell port neuron_intra_Nbits.mults[7].mult1.r from 1 bits to 32 bits.
Warning: Resizing cell port neuron_intra_Nbits.mults[7].mult_i.a from 4 bits to 8 bits.
Warning: Resizing cell port neuron_intra_Nbits.mults[7].mult_i.b from 4 bits to 8 bits.
Warning: Resizing cell port neuron_intra_Nbits.mults[6].mult1.a from 1 bits to 16 bits.
Warning: Resizing cell port neuron_intra_Nbits.mults[6].mult1.b from 1 bits to 16 bits.
Warning: Resizing cell port neuron_intra_Nbits.mults[6].mult1.r from 1 bits to 32 bits.
Warning: Resizing cell port neuron_intra_Nbits.mults[6].mult_i.a from 4 bits to 8 bits.
Warning: Resizing cell port neuron_intra_Nbits.mults[6].mult_i.b from 4 bits to 8 bits.
Warning: Resizing cell port neuron_intra_Nbits.mults[5].mult1.a from 1 bits to 16 bits.
Warning: Resizing cell port neuron_intra_Nbits.mults[5].mult1.b from 1 bits to 16 bits.
Warning: Resizing cell port neuron_intra_Nbits.mults[5].mult1.r from 1 bits to 32 bits.
Warning: Resizing cell port neuron_intra_Nbits.mults[5].mult_i.a from 4 bits to 8 bits.
Warning: Resizing cell port neuron_intra_Nbits.mults[5].mult_i.b from 4 bits to 8 bits.
Warning: Resizing cell port neuron_intra_Nbits.mults[4].mult1.a from 1 bits to 16 bits.
Warning: Resizing cell port neuron_intra_Nbits.mults[4].mult1.b from 1 bits to 16 bits.
Warning: Resizing cell port neuron_intra_Nbits.mults[4].mult1.r from 1 bits to 32 bits.
Warning: Resizing cell port neuron_intra_Nbits.mults[4].mult_i.a from 4 bits to 8 bits.
Warning: Resizing cell port neuron_intra_Nbits.mults[4].mult_i.b from 4 bits to 8 bits.
Warning: Resizing cell port neuron_intra_Nbits.mults[3].mult1.a from 1 bits to 16 bits.
Warning: Resizing cell port neuron_intra_Nbits.mults[3].mult1.b from 1 bits to 16 bits.
Warning: Resizing cell port neuron_intra_Nbits.mults[3].mult1.r from 1 bits to 32 bits.
Warning: Resizing cell port neuron_intra_Nbits.mults[3].mult_i.a from 4 bits to 8 bits.
Warning: Resizing cell port neuron_intra_Nbits.mults[3].mult_i.b from 4 bits to 8 bits.
Warning: Resizing cell port neuron_intra_Nbits.mults[2].mult1.a from 1 bits to 16 bits.
Warning: Resizing cell port neuron_intra_Nbits.mults[2].mult1.b from 1 bits to 16 bits.
Warning: Resizing cell port neuron_intra_Nbits.mults[2].mult1.r from 1 bits to 32 bits.
Warning: Resizing cell port neuron_intra_Nbits.mults[2].mult_i.a from 4 bits to 8 bits.
Warning: Resizing cell port neuron_intra_Nbits.mults[2].mult_i.b from 4 bits to 8 bits.
Warning: Resizing cell port neuron_intra_Nbits.mults[1].mult1.a from 1 bits to 16 bits.
Warning: Resizing cell port neuron_intra_Nbits.mults[1].mult1.b from 1 bits to 16 bits.
Warning: Resizing cell port neuron_intra_Nbits.mults[1].mult1.r from 1 bits to 32 bits.
Warning: Resizing cell port neuron_intra_Nbits.mults[1].mult_i.a from 4 bits to 8 bits.
Warning: Resizing cell port neuron_intra_Nbits.mults[1].mult_i.b from 4 bits to 8 bits.
Warning: Resizing cell port neuron_intra_Nbits.mults[0].mult1.a from 1 bits to 16 bits.
Warning: Resizing cell port neuron_intra_Nbits.mults[0].mult1.b from 1 bits to 16 bits.
Warning: Resizing cell port neuron_intra_Nbits.mults[0].mult1.r from 1 bits to 32 bits.
Warning: Resizing cell port neuron_intra_Nbits.mults[0].mult_i.a from 4 bits to 8 bits.
Warning: Resizing cell port neuron_intra_Nbits.mults[0].mult_i.b from 4 bits to 8 bits.
Warning: Resizing cell port $paramod$a07b09e41c3d89959fdd140bdec9a7cc3f3fd22e\LOBA_SPLIT.u5.select from 32 bits to 4 bits.

10. Executing PREP pass.

10.1. Executing HIERARCHY pass (managing design hierarchy).

10.1.1. Analyzing design hierarchy..
Top module:  \neuron_intra_Nbits
Used module:     $paramod$a07b09e41c3d89959fdd140bdec9a7cc3f3fd22e\LOBA0s
Used module:         $paramod$a07b09e41c3d89959fdd140bdec9a7cc3f3fd22e\LOBA0u
Used module:             $paramod$a07b09e41c3d89959fdd140bdec9a7cc3f3fd22e\LOBA_SPLIT
Used module:                 $paramod\LOBA_LOWER\N=s32'00000000000000000000000000010000
Used module:                 $paramod$a07b09e41c3d89959fdd140bdec9a7cc3f3fd22e\LOBA_MUX
Used module:                 $paramod\LOBA_LOB\N=s32'00000000000000000000000000010000
Used module:     $paramod$fa799df0e717c308775c4f8dfa29494b0bf7198b\LOBA0s
Used module:         $paramod$fa799df0e717c308775c4f8dfa29494b0bf7198b\LOBA0u
Used module:             $paramod$fa799df0e717c308775c4f8dfa29494b0bf7198b\LOBA_SPLIT
Used module:                 $paramod\LOBA_LOWER\N=s32'00000000000000000000000000001000
Used module:                 $paramod$fa799df0e717c308775c4f8dfa29494b0bf7198b\LOBA_MUX
Used module:                 $paramod\LOBA_LOB\N=s32'00000000000000000000000000001000

10.1.2. Analyzing design hierarchy..
Top module:  \neuron_intra_Nbits
Used module:     $paramod$a07b09e41c3d89959fdd140bdec9a7cc3f3fd22e\LOBA0s
Used module:         $paramod$a07b09e41c3d89959fdd140bdec9a7cc3f3fd22e\LOBA0u
Used module:             $paramod$a07b09e41c3d89959fdd140bdec9a7cc3f3fd22e\LOBA_SPLIT
Used module:                 $paramod\LOBA_LOWER\N=s32'00000000000000000000000000010000
Used module:                 $paramod$a07b09e41c3d89959fdd140bdec9a7cc3f3fd22e\LOBA_MUX
Used module:                 $paramod\LOBA_LOB\N=s32'00000000000000000000000000010000
Used module:     $paramod$fa799df0e717c308775c4f8dfa29494b0bf7198b\LOBA0s
Used module:         $paramod$fa799df0e717c308775c4f8dfa29494b0bf7198b\LOBA0u
Used module:             $paramod$fa799df0e717c308775c4f8dfa29494b0bf7198b\LOBA_SPLIT
Used module:                 $paramod\LOBA_LOWER\N=s32'00000000000000000000000000001000
Used module:                 $paramod$fa799df0e717c308775c4f8dfa29494b0bf7198b\LOBA_MUX
Used module:                 $paramod\LOBA_LOB\N=s32'00000000000000000000000000001000
Removed 0 unused modules.

10.2. Executing PROC pass (convert processes to netlists).

10.2.1. Executing PROC_CLEAN pass (remove empty switches from decision trees).
Cleaned up 0 empty switches.

10.2.2. Executing PROC_RMDEAD pass (remove dead branches from decision trees).
Marked 1 switch rules as full_case in process $proc$neuron_drums_4/neuron_intra_Nbits_LOBA0s_4/rtl/neuron_intra_Nbits.v:62$752 in module neuron_intra_Nbits.
Removed a total of 0 dead cases.

10.2.3. Executing PROC_PRUNE pass (remove redundant assignments in processes).
Removed 0 redundant assignments.
Promoted 52 assignments to connections.

10.2.4. Executing PROC_INIT pass (extract init attributes).

10.2.5. Executing PROC_ARST pass (detect async resets in processes).
Found async reset \rst in `\neuron_intra_Nbits.$proc$neuron_drums_4/neuron_intra_Nbits_LOBA0s_4/rtl/neuron_intra_Nbits.v:62$752'.

10.2.6. Executing PROC_ROM pass (convert switches to ROMs).
Converted 0 switches.
<suppressed ~79 debug messages>

10.2.7. Executing PROC_MUX pass (convert decision trees to multiplexers).
Creating decoders for process `$paramod\LOBA_LOWER\N=s32'00000000000000000000000000001000.$proc$/home/juliana/venv_pytorch/lib/python3.12/site-packages/MAxPy/vlib/AxArith/multipliers/LOBA.v:293$797'.
     1/2: $7\out[7:0] [7:1]
     2/2: $7\out[7:0] [0]
Creating decoders for process `$paramod\LOBA_LOWER\N=s32'00000000000000000000000000001000.$proc$/home/juliana/venv_pytorch/lib/python3.12/site-packages/MAxPy/vlib/AxArith/multipliers/LOBA.v:293$795'.
     1/2: $6\out[7:0] [7:2]
     2/2: $6\out[7:0] [1:0]
Creating decoders for process `$paramod\LOBA_LOWER\N=s32'00000000000000000000000000001000.$proc$/home/juliana/venv_pytorch/lib/python3.12/site-packages/MAxPy/vlib/AxArith/multipliers/LOBA.v:293$793'.
     1/2: $5\out[7:0] [7:3]
     2/2: $5\out[7:0] [2:0]
Creating decoders for process `$paramod\LOBA_LOWER\N=s32'00000000000000000000000000001000.$proc$/home/juliana/venv_pytorch/lib/python3.12/site-packages/MAxPy/vlib/AxArith/multipliers/LOBA.v:293$791'.
     1/2: $4\out[7:0] [7:4]
     2/2: $4\out[7:0] [3:0]
Creating decoders for process `$paramod\LOBA_LOWER\N=s32'00000000000000000000000000001000.$proc$/home/juliana/venv_pytorch/lib/python3.12/site-packages/MAxPy/vlib/AxArith/multipliers/LOBA.v:293$789'.
     1/2: $3\out[7:0] [7:5]
     2/2: $3\out[7:0] [4:0]
Creating decoders for process `$paramod\LOBA_LOWER\N=s32'00000000000000000000000000001000.$proc$/home/juliana/venv_pytorch/lib/python3.12/site-packages/MAxPy/vlib/AxArith/multipliers/LOBA.v:293$787'.
     1/2: $2\out[7:0] [7:6]
     2/2: $2\out[7:0] [5:0]
Creating decoders for process `$paramod\LOBA_LOWER\N=s32'00000000000000000000000000001000.$proc$/home/juliana/venv_pytorch/lib/python3.12/site-packages/MAxPy/vlib/AxArith/multipliers/LOBA.v:293$785'.
     1/2: $1\out[7:0] [7]
     2/2: $1\out[7:0] [6:0]
Creating decoders for process `$paramod\LOBA_LOWER\N=s32'00000000000000000000000000001000.$proc$/home/juliana/venv_pytorch/lib/python3.12/site-packages/MAxPy/vlib/AxArith/multipliers/LOBA.v:293$783'.
     1/1: $0\out[7:0]
Creating decoders for process `$paramod$fa799df0e717c308775c4f8dfa29494b0bf7198b\LOBA_SPLIT.$proc$/home/juliana/venv_pytorch/lib/python3.12/site-packages/MAxPy/vlib/AxArith/multipliers/LOBA.v:248$780'.
     1/2: $4\kl[2:0]
     2/2: $4\kh[2:0]
Creating decoders for process `$paramod$fa799df0e717c308775c4f8dfa29494b0bf7198b\LOBA_SPLIT.$proc$/home/juliana/venv_pytorch/lib/python3.12/site-packages/MAxPy/vlib/AxArith/multipliers/LOBA.v:248$777'.
     1/2: $3\kl[2:0]
     2/2: $3\kh[2:0]
Creating decoders for process `$paramod$fa799df0e717c308775c4f8dfa29494b0bf7198b\LOBA_SPLIT.$proc$/home/juliana/venv_pytorch/lib/python3.12/site-packages/MAxPy/vlib/AxArith/multipliers/LOBA.v:248$774'.
     1/2: $2\kl[2:0]
     2/2: $2\kh[2:0]
Creating decoders for process `$paramod$fa799df0e717c308775c4f8dfa29494b0bf7198b\LOBA_SPLIT.$proc$/home/juliana/venv_pytorch/lib/python3.12/site-packages/MAxPy/vlib/AxArith/multipliers/LOBA.v:248$771'.
     1/2: $1\kl[2:0]
     2/2: $1\kh[2:0]
Creating decoders for process `$paramod$fa799df0e717c308775c4f8dfa29494b0bf7198b\LOBA_SPLIT.$proc$/home/juliana/venv_pytorch/lib/python3.12/site-packages/MAxPy/vlib/AxArith/multipliers/LOBA.v:248$768'.
     1/2: $0\kl[2:0]
     2/2: $0\kh[2:0]
Creating decoders for process `\neuron_intra_Nbits.$proc$neuron_drums_4/neuron_intra_Nbits_LOBA0s_4/rtl/neuron_intra_Nbits.v:62$752'.
     1/2: $0\acc[7:0]
     2/2: $0\Out[3:0]
Creating decoders for process `$paramod\LOBA_LOB\N=s32'00000000000000000000000000010000.$proc$/home/juliana/venv_pytorch/lib/python3.12/site-packages/MAxPy/vlib/AxArith/multipliers/LOBA.v:311$667'.
Creating decoders for process `$paramod$a07b09e41c3d89959fdd140bdec9a7cc3f3fd22e\LOBA_MUX.$proc$/home/juliana/venv_pytorch/lib/python3.12/site-packages/MAxPy/vlib/AxArith/multipliers/LOBA.v:271$653'.
     1/1: $0\out[3:0]
Creating decoders for process `$paramod\LOBA_LOWER\N=s32'00000000000000000000000000010000.$proc$/home/juliana/venv_pytorch/lib/python3.12/site-packages/MAxPy/vlib/AxArith/multipliers/LOBA.v:293$651'.
     1/2: $15\out[15:0] [15:1]
     2/2: $15\out[15:0] [0]
Creating decoders for process `$paramod\LOBA_LOWER\N=s32'00000000000000000000000000010000.$proc$/home/juliana/venv_pytorch/lib/python3.12/site-packages/MAxPy/vlib/AxArith/multipliers/LOBA.v:293$649'.
     1/2: $14\out[15:0] [15:2]
     2/2: $14\out[15:0] [1:0]
Creating decoders for process `$paramod\LOBA_LOWER\N=s32'00000000000000000000000000010000.$proc$/home/juliana/venv_pytorch/lib/python3.12/site-packages/MAxPy/vlib/AxArith/multipliers/LOBA.v:293$647'.
     1/2: $13\out[15:0] [15:3]
     2/2: $13\out[15:0] [2:0]
Creating decoders for process `$paramod\LOBA_LOWER\N=s32'00000000000000000000000000010000.$proc$/home/juliana/venv_pytorch/lib/python3.12/site-packages/MAxPy/vlib/AxArith/multipliers/LOBA.v:293$645'.
     1/2: $12\out[15:0] [15:4]
     2/2: $12\out[15:0] [3:0]
Creating decoders for process `$paramod\LOBA_LOWER\N=s32'00000000000000000000000000010000.$proc$/home/juliana/venv_pytorch/lib/python3.12/site-packages/MAxPy/vlib/AxArith/multipliers/LOBA.v:293$643'.
     1/2: $11\out[15:0] [15:5]
     2/2: $11\out[15:0] [4:0]
Creating decoders for process `$paramod\LOBA_LOWER\N=s32'00000000000000000000000000010000.$proc$/home/juliana/venv_pytorch/lib/python3.12/site-packages/MAxPy/vlib/AxArith/multipliers/LOBA.v:293$641'.
     1/2: $10\out[15:0] [15:6]
     2/2: $10\out[15:0] [5:0]
Creating decoders for process `$paramod\LOBA_LOWER\N=s32'00000000000000000000000000010000.$proc$/home/juliana/venv_pytorch/lib/python3.12/site-packages/MAxPy/vlib/AxArith/multipliers/LOBA.v:293$639'.
     1/2: $9\out[15:0] [15:7]
     2/2: $9\out[15:0] [6:0]
Creating decoders for process `$paramod\LOBA_LOWER\N=s32'00000000000000000000000000010000.$proc$/home/juliana/venv_pytorch/lib/python3.12/site-packages/MAxPy/vlib/AxArith/multipliers/LOBA.v:293$637'.
     1/2: $8\out[15:0] [15:8]
     2/2: $8\out[15:0] [7:0]
Creating decoders for process `$paramod\LOBA_LOWER\N=s32'00000000000000000000000000010000.$proc$/home/juliana/venv_pytorch/lib/python3.12/site-packages/MAxPy/vlib/AxArith/multipliers/LOBA.v:293$635'.
     1/2: $7\out[15:0] [15:9]
     2/2: $7\out[15:0] [8:0]
Creating decoders for process `$paramod\LOBA_LOWER\N=s32'00000000000000000000000000010000.$proc$/home/juliana/venv_pytorch/lib/python3.12/site-packages/MAxPy/vlib/AxArith/multipliers/LOBA.v:293$633'.
     1/2: $6\out[15:0] [15:10]
     2/2: $6\out[15:0] [9:0]
Creating decoders for process `$paramod\LOBA_LOWER\N=s32'00000000000000000000000000010000.$proc$/home/juliana/venv_pytorch/lib/python3.12/site-packages/MAxPy/vlib/AxArith/multipliers/LOBA.v:293$631'.
     1/2: $5\out[15:0] [15:11]
     2/2: $5\out[15:0] [10:0]
Creating decoders for process `$paramod\LOBA_LOWER\N=s32'00000000000000000000000000010000.$proc$/home/juliana/venv_pytorch/lib/python3.12/site-packages/MAxPy/vlib/AxArith/multipliers/LOBA.v:293$629'.
     1/2: $4\out[15:0] [15:12]
     2/2: $4\out[15:0] [11:0]
Creating decoders for process `$paramod\LOBA_LOWER\N=s32'00000000000000000000000000010000.$proc$/home/juliana/venv_pytorch/lib/python3.12/site-packages/MAxPy/vlib/AxArith/multipliers/LOBA.v:293$627'.
     1/2: $3\out[15:0] [15:13]
     2/2: $3\out[15:0] [12:0]
Creating decoders for process `$paramod\LOBA_LOWER\N=s32'00000000000000000000000000010000.$proc$/home/juliana/venv_pytorch/lib/python3.12/site-packages/MAxPy/vlib/AxArith/multipliers/LOBA.v:293$625'.
     1/2: $2\out[15:0] [15:14]
     2/2: $2\out[15:0] [13:0]
Creating decoders for process `$paramod\LOBA_LOWER\N=s32'00000000000000000000000000010000.$proc$/home/juliana/venv_pytorch/lib/python3.12/site-packages/MAxPy/vlib/AxArith/multipliers/LOBA.v:293$623'.
     1/2: $1\out[15:0] [15]
     2/2: $1\out[15:0] [14:0]
Creating decoders for process `$paramod\LOBA_LOWER\N=s32'00000000000000000000000000010000.$proc$/home/juliana/venv_pytorch/lib/python3.12/site-packages/MAxPy/vlib/AxArith/multipliers/LOBA.v:293$621'.
     1/1: $0\out[15:0]
Creating decoders for process `$paramod$a07b09e41c3d89959fdd140bdec9a7cc3f3fd22e\LOBA_SPLIT.$proc$/home/juliana/venv_pytorch/lib/python3.12/site-packages/MAxPy/vlib/AxArith/multipliers/LOBA.v:248$618'.
     1/2: $12\kl[3:0]
     2/2: $12\kh[3:0]
Creating decoders for process `$paramod$a07b09e41c3d89959fdd140bdec9a7cc3f3fd22e\LOBA_SPLIT.$proc$/home/juliana/venv_pytorch/lib/python3.12/site-packages/MAxPy/vlib/AxArith/multipliers/LOBA.v:248$615'.
     1/2: $11\kl[3:0]
     2/2: $11\kh[3:0]
Creating decoders for process `$paramod$a07b09e41c3d89959fdd140bdec9a7cc3f3fd22e\LOBA_SPLIT.$proc$/home/juliana/venv_pytorch/lib/python3.12/site-packages/MAxPy/vlib/AxArith/multipliers/LOBA.v:248$612'.
     1/2: $10\kl[3:0]
     2/2: $10\kh[3:0]
Creating decoders for process `$paramod$a07b09e41c3d89959fdd140bdec9a7cc3f3fd22e\LOBA_SPLIT.$proc$/home/juliana/venv_pytorch/lib/python3.12/site-packages/MAxPy/vlib/AxArith/multipliers/LOBA.v:248$609'.
     1/2: $9\kl[3:0]
     2/2: $9\kh[3:0]
Creating decoders for process `$paramod$a07b09e41c3d89959fdd140bdec9a7cc3f3fd22e\LOBA_SPLIT.$proc$/home/juliana/venv_pytorch/lib/python3.12/site-packages/MAxPy/vlib/AxArith/multipliers/LOBA.v:248$606'.
     1/2: $8\kl[3:0]
     2/2: $8\kh[3:0]
Creating decoders for process `$paramod$a07b09e41c3d89959fdd140bdec9a7cc3f3fd22e\LOBA_SPLIT.$proc$/home/juliana/venv_pytorch/lib/python3.12/site-packages/MAxPy/vlib/AxArith/multipliers/LOBA.v:248$603'.
     1/2: $7\kl[3:0]
     2/2: $7\kh[3:0]
Creating decoders for process `$paramod$a07b09e41c3d89959fdd140bdec9a7cc3f3fd22e\LOBA_SPLIT.$proc$/home/juliana/venv_pytorch/lib/python3.12/site-packages/MAxPy/vlib/AxArith/multipliers/LOBA.v:248$600'.
     1/2: $6\kl[3:0]
     2/2: $6\kh[3:0]
Creating decoders for process `$paramod$a07b09e41c3d89959fdd140bdec9a7cc3f3fd22e\LOBA_SPLIT.$proc$/home/juliana/venv_pytorch/lib/python3.12/site-packages/MAxPy/vlib/AxArith/multipliers/LOBA.v:248$597'.
     1/2: $5\kl[3:0]
     2/2: $5\kh[3:0]
Creating decoders for process `$paramod$a07b09e41c3d89959fdd140bdec9a7cc3f3fd22e\LOBA_SPLIT.$proc$/home/juliana/venv_pytorch/lib/python3.12/site-packages/MAxPy/vlib/AxArith/multipliers/LOBA.v:248$594'.
     1/2: $4\kl[3:0]
     2/2: $4\kh[3:0]
Creating decoders for process `$paramod$a07b09e41c3d89959fdd140bdec9a7cc3f3fd22e\LOBA_SPLIT.$proc$/home/juliana/venv_pytorch/lib/python3.12/site-packages/MAxPy/vlib/AxArith/multipliers/LOBA.v:248$591'.
     1/2: $3\kl[3:0]
     2/2: $3\kh[3:0]
Creating decoders for process `$paramod$a07b09e41c3d89959fdd140bdec9a7cc3f3fd22e\LOBA_SPLIT.$proc$/home/juliana/venv_pytorch/lib/python3.12/site-packages/MAxPy/vlib/AxArith/multipliers/LOBA.v:248$588'.
     1/2: $2\kl[3:0]
     2/2: $2\kh[3:0]
Creating decoders for process `$paramod$a07b09e41c3d89959fdd140bdec9a7cc3f3fd22e\LOBA_SPLIT.$proc$/home/juliana/venv_pytorch/lib/python3.12/site-packages/MAxPy/vlib/AxArith/multipliers/LOBA.v:248$585'.
     1/2: $1\kl[3:0]
     2/2: $1\kh[3:0]
Creating decoders for process `$paramod$a07b09e41c3d89959fdd140bdec9a7cc3f3fd22e\LOBA_SPLIT.$proc$/home/juliana/venv_pytorch/lib/python3.12/site-packages/MAxPy/vlib/AxArith/multipliers/LOBA.v:248$582'.
     1/2: $0\kl[3:0]
     2/2: $0\kh[3:0]
Creating decoders for process `$paramod\LOBA_LOB\N=s32'00000000000000000000000000001000.$proc$/home/juliana/venv_pytorch/lib/python3.12/site-packages/MAxPy/vlib/AxArith/multipliers/LOBA.v:311$805'.
Creating decoders for process `$paramod$fa799df0e717c308775c4f8dfa29494b0bf7198b\LOBA_MUX.$proc$/home/juliana/venv_pytorch/lib/python3.12/site-packages/MAxPy/vlib/AxArith/multipliers/LOBA.v:271$799'.
     1/1: $0\out[3:0]

10.2.8. Executing PROC_DLATCH pass (convert process syncs to latches).
Latch inferred for signal `$paramod\LOBA_LOWER\N=s32'00000000000000000000000000001000.\out' from process `$paramod\LOBA_LOWER\N=s32'00000000000000000000000000001000.$proc$/home/juliana/venv_pytorch/lib/python3.12/site-packages/MAxPy/vlib/AxArith/multipliers/LOBA.v:293$797': $auto$proc_dlatch.cc:427:proc_dlatch$1050
Latch inferred for signal `$paramod\LOBA_LOWER\N=s32'00000000000000000000000000001000.\out' from process `$paramod\LOBA_LOWER\N=s32'00000000000000000000000000001000.$proc$/home/juliana/venv_pytorch/lib/python3.12/site-packages/MAxPy/vlib/AxArith/multipliers/LOBA.v:293$795': $auto$proc_dlatch.cc:427:proc_dlatch$1061
Latch inferred for signal `$paramod\LOBA_LOWER\N=s32'00000000000000000000000000001000.\out' from process `$paramod\LOBA_LOWER\N=s32'00000000000000000000000000001000.$proc$/home/juliana/venv_pytorch/lib/python3.12/site-packages/MAxPy/vlib/AxArith/multipliers/LOBA.v:293$793': $auto$proc_dlatch.cc:427:proc_dlatch$1072
Latch inferred for signal `$paramod\LOBA_LOWER\N=s32'00000000000000000000000000001000.\out' from process `$paramod\LOBA_LOWER\N=s32'00000000000000000000000000001000.$proc$/home/juliana/venv_pytorch/lib/python3.12/site-packages/MAxPy/vlib/AxArith/multipliers/LOBA.v:293$791': $auto$proc_dlatch.cc:427:proc_dlatch$1083
Latch inferred for signal `$paramod\LOBA_LOWER\N=s32'00000000000000000000000000001000.\out' from process `$paramod\LOBA_LOWER\N=s32'00000000000000000000000000001000.$proc$/home/juliana/venv_pytorch/lib/python3.12/site-packages/MAxPy/vlib/AxArith/multipliers/LOBA.v:293$789': $auto$proc_dlatch.cc:427:proc_dlatch$1094
Latch inferred for signal `$paramod\LOBA_LOWER\N=s32'00000000000000000000000000001000.\out' from process `$paramod\LOBA_LOWER\N=s32'00000000000000000000000000001000.$proc$/home/juliana/venv_pytorch/lib/python3.12/site-packages/MAxPy/vlib/AxArith/multipliers/LOBA.v:293$787': $auto$proc_dlatch.cc:427:proc_dlatch$1105
Latch inferred for signal `$paramod\LOBA_LOWER\N=s32'00000000000000000000000000001000.\out' from process `$paramod\LOBA_LOWER\N=s32'00000000000000000000000000001000.$proc$/home/juliana/venv_pytorch/lib/python3.12/site-packages/MAxPy/vlib/AxArith/multipliers/LOBA.v:293$785': $auto$proc_dlatch.cc:427:proc_dlatch$1116
Latch inferred for signal `$paramod\LOBA_LOWER\N=s32'00000000000000000000000000001000.\out' from process `$paramod\LOBA_LOWER\N=s32'00000000000000000000000000001000.$proc$/home/juliana/venv_pytorch/lib/python3.12/site-packages/MAxPy/vlib/AxArith/multipliers/LOBA.v:293$783': $auto$proc_dlatch.cc:427:proc_dlatch$1127
Latch inferred for signal `$paramod$fa799df0e717c308775c4f8dfa29494b0bf7198b\LOBA_SPLIT.\kh' from process `$paramod$fa799df0e717c308775c4f8dfa29494b0bf7198b\LOBA_SPLIT.$proc$/home/juliana/venv_pytorch/lib/python3.12/site-packages/MAxPy/vlib/AxArith/multipliers/LOBA.v:248$780': $auto$proc_dlatch.cc:427:proc_dlatch$1138
Latch inferred for signal `$paramod$fa799df0e717c308775c4f8dfa29494b0bf7198b\LOBA_SPLIT.\kl' from process `$paramod$fa799df0e717c308775c4f8dfa29494b0bf7198b\LOBA_SPLIT.$proc$/home/juliana/venv_pytorch/lib/python3.12/site-packages/MAxPy/vlib/AxArith/multipliers/LOBA.v:248$780': $auto$proc_dlatch.cc:427:proc_dlatch$1149
Latch inferred for signal `$paramod$fa799df0e717c308775c4f8dfa29494b0bf7198b\LOBA_SPLIT.\kh' from process `$paramod$fa799df0e717c308775c4f8dfa29494b0bf7198b\LOBA_SPLIT.$proc$/home/juliana/venv_pytorch/lib/python3.12/site-packages/MAxPy/vlib/AxArith/multipliers/LOBA.v:248$777': $auto$proc_dlatch.cc:427:proc_dlatch$1160
Latch inferred for signal `$paramod$fa799df0e717c308775c4f8dfa29494b0bf7198b\LOBA_SPLIT.\kl' from process `$paramod$fa799df0e717c308775c4f8dfa29494b0bf7198b\LOBA_SPLIT.$proc$/home/juliana/venv_pytorch/lib/python3.12/site-packages/MAxPy/vlib/AxArith/multipliers/LOBA.v:248$777': $auto$proc_dlatch.cc:427:proc_dlatch$1171
Latch inferred for signal `$paramod$fa799df0e717c308775c4f8dfa29494b0bf7198b\LOBA_SPLIT.\kh' from process `$paramod$fa799df0e717c308775c4f8dfa29494b0bf7198b\LOBA_SPLIT.$proc$/home/juliana/venv_pytorch/lib/python3.12/site-packages/MAxPy/vlib/AxArith/multipliers/LOBA.v:248$774': $auto$proc_dlatch.cc:427:proc_dlatch$1182
Latch inferred for signal `$paramod$fa799df0e717c308775c4f8dfa29494b0bf7198b\LOBA_SPLIT.\kl' from process `$paramod$fa799df0e717c308775c4f8dfa29494b0bf7198b\LOBA_SPLIT.$proc$/home/juliana/venv_pytorch/lib/python3.12/site-packages/MAxPy/vlib/AxArith/multipliers/LOBA.v:248$774': $auto$proc_dlatch.cc:427:proc_dlatch$1193
Latch inferred for signal `$paramod$fa799df0e717c308775c4f8dfa29494b0bf7198b\LOBA_SPLIT.\kh' from process `$paramod$fa799df0e717c308775c4f8dfa29494b0bf7198b\LOBA_SPLIT.$proc$/home/juliana/venv_pytorch/lib/python3.12/site-packages/MAxPy/vlib/AxArith/multipliers/LOBA.v:248$771': $auto$proc_dlatch.cc:427:proc_dlatch$1204
Latch inferred for signal `$paramod$fa799df0e717c308775c4f8dfa29494b0bf7198b\LOBA_SPLIT.\kl' from process `$paramod$fa799df0e717c308775c4f8dfa29494b0bf7198b\LOBA_SPLIT.$proc$/home/juliana/venv_pytorch/lib/python3.12/site-packages/MAxPy/vlib/AxArith/multipliers/LOBA.v:248$771': $auto$proc_dlatch.cc:427:proc_dlatch$1215
Latch inferred for signal `$paramod$fa799df0e717c308775c4f8dfa29494b0bf7198b\LOBA_SPLIT.\kh' from process `$paramod$fa799df0e717c308775c4f8dfa29494b0bf7198b\LOBA_SPLIT.$proc$/home/juliana/venv_pytorch/lib/python3.12/site-packages/MAxPy/vlib/AxArith/multipliers/LOBA.v:248$768': $auto$proc_dlatch.cc:427:proc_dlatch$1226
Latch inferred for signal `$paramod$fa799df0e717c308775c4f8dfa29494b0bf7198b\LOBA_SPLIT.\kl' from process `$paramod$fa799df0e717c308775c4f8dfa29494b0bf7198b\LOBA_SPLIT.$proc$/home/juliana/venv_pytorch/lib/python3.12/site-packages/MAxPy/vlib/AxArith/multipliers/LOBA.v:248$768': $auto$proc_dlatch.cc:427:proc_dlatch$1237
No latch inferred for signal `$paramod\LOBA_LOB\N=s32'00000000000000000000000000010000.\k' from process `$paramod\LOBA_LOB\N=s32'00000000000000000000000000010000.$proc$/home/juliana/venv_pytorch/lib/python3.12/site-packages/MAxPy/vlib/AxArith/multipliers/LOBA.v:311$667'.
No latch inferred for signal `$paramod\LOBA_LOB\N=s32'00000000000000000000000000010000.\w' from process `$paramod\LOBA_LOB\N=s32'00000000000000000000000000010000.$proc$/home/juliana/venv_pytorch/lib/python3.12/site-packages/MAxPy/vlib/AxArith/multipliers/LOBA.v:311$667'.
No latch inferred for signal `$paramod\LOBA_LOB\N=s32'00000000000000000000000000010000.\y' from process `$paramod\LOBA_LOB\N=s32'00000000000000000000000000010000.$proc$/home/juliana/venv_pytorch/lib/python3.12/site-packages/MAxPy/vlib/AxArith/multipliers/LOBA.v:311$667'.
No latch inferred for signal `$paramod$a07b09e41c3d89959fdd140bdec9a7cc3f3fd22e\LOBA_MUX.\out' from process `$paramod$a07b09e41c3d89959fdd140bdec9a7cc3f3fd22e\LOBA_MUX.$proc$/home/juliana/venv_pytorch/lib/python3.12/site-packages/MAxPy/vlib/AxArith/multipliers/LOBA.v:271$653'.
No latch inferred for signal `$paramod$a07b09e41c3d89959fdd140bdec9a7cc3f3fd22e\LOBA_MUX.\i' from process `$paramod$a07b09e41c3d89959fdd140bdec9a7cc3f3fd22e\LOBA_MUX.$proc$/home/juliana/venv_pytorch/lib/python3.12/site-packages/MAxPy/vlib/AxArith/multipliers/LOBA.v:271$653'.
Latch inferred for signal `$paramod\LOBA_LOWER\N=s32'00000000000000000000000000010000.\out' from process `$paramod\LOBA_LOWER\N=s32'00000000000000000000000000010000.$proc$/home/juliana/venv_pytorch/lib/python3.12/site-packages/MAxPy/vlib/AxArith/multipliers/LOBA.v:293$651': $auto$proc_dlatch.cc:427:proc_dlatch$1248
Latch inferred for signal `$paramod\LOBA_LOWER\N=s32'00000000000000000000000000010000.\out' from process `$paramod\LOBA_LOWER\N=s32'00000000000000000000000000010000.$proc$/home/juliana/venv_pytorch/lib/python3.12/site-packages/MAxPy/vlib/AxArith/multipliers/LOBA.v:293$649': $auto$proc_dlatch.cc:427:proc_dlatch$1259
Latch inferred for signal `$paramod\LOBA_LOWER\N=s32'00000000000000000000000000010000.\out' from process `$paramod\LOBA_LOWER\N=s32'00000000000000000000000000010000.$proc$/home/juliana/venv_pytorch/lib/python3.12/site-packages/MAxPy/vlib/AxArith/multipliers/LOBA.v:293$647': $auto$proc_dlatch.cc:427:proc_dlatch$1270
Latch inferred for signal `$paramod\LOBA_LOWER\N=s32'00000000000000000000000000010000.\out' from process `$paramod\LOBA_LOWER\N=s32'00000000000000000000000000010000.$proc$/home/juliana/venv_pytorch/lib/python3.12/site-packages/MAxPy/vlib/AxArith/multipliers/LOBA.v:293$645': $auto$proc_dlatch.cc:427:proc_dlatch$1281
Latch inferred for signal `$paramod\LOBA_LOWER\N=s32'00000000000000000000000000010000.\out' from process `$paramod\LOBA_LOWER\N=s32'00000000000000000000000000010000.$proc$/home/juliana/venv_pytorch/lib/python3.12/site-packages/MAxPy/vlib/AxArith/multipliers/LOBA.v:293$643': $auto$proc_dlatch.cc:427:proc_dlatch$1292
Latch inferred for signal `$paramod\LOBA_LOWER\N=s32'00000000000000000000000000010000.\out' from process `$paramod\LOBA_LOWER\N=s32'00000000000000000000000000010000.$proc$/home/juliana/venv_pytorch/lib/python3.12/site-packages/MAxPy/vlib/AxArith/multipliers/LOBA.v:293$641': $auto$proc_dlatch.cc:427:proc_dlatch$1303
Latch inferred for signal `$paramod\LOBA_LOWER\N=s32'00000000000000000000000000010000.\out' from process `$paramod\LOBA_LOWER\N=s32'00000000000000000000000000010000.$proc$/home/juliana/venv_pytorch/lib/python3.12/site-packages/MAxPy/vlib/AxArith/multipliers/LOBA.v:293$639': $auto$proc_dlatch.cc:427:proc_dlatch$1314
Latch inferred for signal `$paramod\LOBA_LOWER\N=s32'00000000000000000000000000010000.\out' from process `$paramod\LOBA_LOWER\N=s32'00000000000000000000000000010000.$proc$/home/juliana/venv_pytorch/lib/python3.12/site-packages/MAxPy/vlib/AxArith/multipliers/LOBA.v:293$637': $auto$proc_dlatch.cc:427:proc_dlatch$1325
Latch inferred for signal `$paramod\LOBA_LOWER\N=s32'00000000000000000000000000010000.\out' from process `$paramod\LOBA_LOWER\N=s32'00000000000000000000000000010000.$proc$/home/juliana/venv_pytorch/lib/python3.12/site-packages/MAxPy/vlib/AxArith/multipliers/LOBA.v:293$635': $auto$proc_dlatch.cc:427:proc_dlatch$1336
Latch inferred for signal `$paramod\LOBA_LOWER\N=s32'00000000000000000000000000010000.\out' from process `$paramod\LOBA_LOWER\N=s32'00000000000000000000000000010000.$proc$/home/juliana/venv_pytorch/lib/python3.12/site-packages/MAxPy/vlib/AxArith/multipliers/LOBA.v:293$633': $auto$proc_dlatch.cc:427:proc_dlatch$1347
Latch inferred for signal `$paramod\LOBA_LOWER\N=s32'00000000000000000000000000010000.\out' from process `$paramod\LOBA_LOWER\N=s32'00000000000000000000000000010000.$proc$/home/juliana/venv_pytorch/lib/python3.12/site-packages/MAxPy/vlib/AxArith/multipliers/LOBA.v:293$631': $auto$proc_dlatch.cc:427:proc_dlatch$1358
Latch inferred for signal `$paramod\LOBA_LOWER\N=s32'00000000000000000000000000010000.\out' from process `$paramod\LOBA_LOWER\N=s32'00000000000000000000000000010000.$proc$/home/juliana/venv_pytorch/lib/python3.12/site-packages/MAxPy/vlib/AxArith/multipliers/LOBA.v:293$629': $auto$proc_dlatch.cc:427:proc_dlatch$1369
Latch inferred for signal `$paramod\LOBA_LOWER\N=s32'00000000000000000000000000010000.\out' from process `$paramod\LOBA_LOWER\N=s32'00000000000000000000000000010000.$proc$/home/juliana/venv_pytorch/lib/python3.12/site-packages/MAxPy/vlib/AxArith/multipliers/LOBA.v:293$627': $auto$proc_dlatch.cc:427:proc_dlatch$1380
Latch inferred for signal `$paramod\LOBA_LOWER\N=s32'00000000000000000000000000010000.\out' from process `$paramod\LOBA_LOWER\N=s32'00000000000000000000000000010000.$proc$/home/juliana/venv_pytorch/lib/python3.12/site-packages/MAxPy/vlib/AxArith/multipliers/LOBA.v:293$625': $auto$proc_dlatch.cc:427:proc_dlatch$1391
Latch inferred for signal `$paramod\LOBA_LOWER\N=s32'00000000000000000000000000010000.\out' from process `$paramod\LOBA_LOWER\N=s32'00000000000000000000000000010000.$proc$/home/juliana/venv_pytorch/lib/python3.12/site-packages/MAxPy/vlib/AxArith/multipliers/LOBA.v:293$623': $auto$proc_dlatch.cc:427:proc_dlatch$1402
Latch inferred for signal `$paramod\LOBA_LOWER\N=s32'00000000000000000000000000010000.\out' from process `$paramod\LOBA_LOWER\N=s32'00000000000000000000000000010000.$proc$/home/juliana/venv_pytorch/lib/python3.12/site-packages/MAxPy/vlib/AxArith/multipliers/LOBA.v:293$621': $auto$proc_dlatch.cc:427:proc_dlatch$1413
Latch inferred for signal `$paramod$a07b09e41c3d89959fdd140bdec9a7cc3f3fd22e\LOBA_SPLIT.\kh' from process `$paramod$a07b09e41c3d89959fdd140bdec9a7cc3f3fd22e\LOBA_SPLIT.$proc$/home/juliana/venv_pytorch/lib/python3.12/site-packages/MAxPy/vlib/AxArith/multipliers/LOBA.v:248$618': $auto$proc_dlatch.cc:427:proc_dlatch$1424
Latch inferred for signal `$paramod$a07b09e41c3d89959fdd140bdec9a7cc3f3fd22e\LOBA_SPLIT.\kl' from process `$paramod$a07b09e41c3d89959fdd140bdec9a7cc3f3fd22e\LOBA_SPLIT.$proc$/home/juliana/venv_pytorch/lib/python3.12/site-packages/MAxPy/vlib/AxArith/multipliers/LOBA.v:248$618': $auto$proc_dlatch.cc:427:proc_dlatch$1435
Latch inferred for signal `$paramod$a07b09e41c3d89959fdd140bdec9a7cc3f3fd22e\LOBA_SPLIT.\kh' from process `$paramod$a07b09e41c3d89959fdd140bdec9a7cc3f3fd22e\LOBA_SPLIT.$proc$/home/juliana/venv_pytorch/lib/python3.12/site-packages/MAxPy/vlib/AxArith/multipliers/LOBA.v:248$615': $auto$proc_dlatch.cc:427:proc_dlatch$1446
Latch inferred for signal `$paramod$a07b09e41c3d89959fdd140bdec9a7cc3f3fd22e\LOBA_SPLIT.\kl' from process `$paramod$a07b09e41c3d89959fdd140bdec9a7cc3f3fd22e\LOBA_SPLIT.$proc$/home/juliana/venv_pytorch/lib/python3.12/site-packages/MAxPy/vlib/AxArith/multipliers/LOBA.v:248$615': $auto$proc_dlatch.cc:427:proc_dlatch$1457
Latch inferred for signal `$paramod$a07b09e41c3d89959fdd140bdec9a7cc3f3fd22e\LOBA_SPLIT.\kh' from process `$paramod$a07b09e41c3d89959fdd140bdec9a7cc3f3fd22e\LOBA_SPLIT.$proc$/home/juliana/venv_pytorch/lib/python3.12/site-packages/MAxPy/vlib/AxArith/multipliers/LOBA.v:248$612': $auto$proc_dlatch.cc:427:proc_dlatch$1468
Latch inferred for signal `$paramod$a07b09e41c3d89959fdd140bdec9a7cc3f3fd22e\LOBA_SPLIT.\kl' from process `$paramod$a07b09e41c3d89959fdd140bdec9a7cc3f3fd22e\LOBA_SPLIT.$proc$/home/juliana/venv_pytorch/lib/python3.12/site-packages/MAxPy/vlib/AxArith/multipliers/LOBA.v:248$612': $auto$proc_dlatch.cc:427:proc_dlatch$1479
Latch inferred for signal `$paramod$a07b09e41c3d89959fdd140bdec9a7cc3f3fd22e\LOBA_SPLIT.\kh' from process `$paramod$a07b09e41c3d89959fdd140bdec9a7cc3f3fd22e\LOBA_SPLIT.$proc$/home/juliana/venv_pytorch/lib/python3.12/site-packages/MAxPy/vlib/AxArith/multipliers/LOBA.v:248$609': $auto$proc_dlatch.cc:427:proc_dlatch$1490
Latch inferred for signal `$paramod$a07b09e41c3d89959fdd140bdec9a7cc3f3fd22e\LOBA_SPLIT.\kl' from process `$paramod$a07b09e41c3d89959fdd140bdec9a7cc3f3fd22e\LOBA_SPLIT.$proc$/home/juliana/venv_pytorch/lib/python3.12/site-packages/MAxPy/vlib/AxArith/multipliers/LOBA.v:248$609': $auto$proc_dlatch.cc:427:proc_dlatch$1501
Latch inferred for signal `$paramod$a07b09e41c3d89959fdd140bdec9a7cc3f3fd22e\LOBA_SPLIT.\kh' from process `$paramod$a07b09e41c3d89959fdd140bdec9a7cc3f3fd22e\LOBA_SPLIT.$proc$/home/juliana/venv_pytorch/lib/python3.12/site-packages/MAxPy/vlib/AxArith/multipliers/LOBA.v:248$606': $auto$proc_dlatch.cc:427:proc_dlatch$1512
Latch inferred for signal `$paramod$a07b09e41c3d89959fdd140bdec9a7cc3f3fd22e\LOBA_SPLIT.\kl' from process `$paramod$a07b09e41c3d89959fdd140bdec9a7cc3f3fd22e\LOBA_SPLIT.$proc$/home/juliana/venv_pytorch/lib/python3.12/site-packages/MAxPy/vlib/AxArith/multipliers/LOBA.v:248$606': $auto$proc_dlatch.cc:427:proc_dlatch$1523
Latch inferred for signal `$paramod$a07b09e41c3d89959fdd140bdec9a7cc3f3fd22e\LOBA_SPLIT.\kh' from process `$paramod$a07b09e41c3d89959fdd140bdec9a7cc3f3fd22e\LOBA_SPLIT.$proc$/home/juliana/venv_pytorch/lib/python3.12/site-packages/MAxPy/vlib/AxArith/multipliers/LOBA.v:248$603': $auto$proc_dlatch.cc:427:proc_dlatch$1534
Latch inferred for signal `$paramod$a07b09e41c3d89959fdd140bdec9a7cc3f3fd22e\LOBA_SPLIT.\kl' from process `$paramod$a07b09e41c3d89959fdd140bdec9a7cc3f3fd22e\LOBA_SPLIT.$proc$/home/juliana/venv_pytorch/lib/python3.12/site-packages/MAxPy/vlib/AxArith/multipliers/LOBA.v:248$603': $auto$proc_dlatch.cc:427:proc_dlatch$1545
Latch inferred for signal `$paramod$a07b09e41c3d89959fdd140bdec9a7cc3f3fd22e\LOBA_SPLIT.\kh' from process `$paramod$a07b09e41c3d89959fdd140bdec9a7cc3f3fd22e\LOBA_SPLIT.$proc$/home/juliana/venv_pytorch/lib/python3.12/site-packages/MAxPy/vlib/AxArith/multipliers/LOBA.v:248$600': $auto$proc_dlatch.cc:427:proc_dlatch$1556
Latch inferred for signal `$paramod$a07b09e41c3d89959fdd140bdec9a7cc3f3fd22e\LOBA_SPLIT.\kl' from process `$paramod$a07b09e41c3d89959fdd140bdec9a7cc3f3fd22e\LOBA_SPLIT.$proc$/home/juliana/venv_pytorch/lib/python3.12/site-packages/MAxPy/vlib/AxArith/multipliers/LOBA.v:248$600': $auto$proc_dlatch.cc:427:proc_dlatch$1567
Latch inferred for signal `$paramod$a07b09e41c3d89959fdd140bdec9a7cc3f3fd22e\LOBA_SPLIT.\kh' from process `$paramod$a07b09e41c3d89959fdd140bdec9a7cc3f3fd22e\LOBA_SPLIT.$proc$/home/juliana/venv_pytorch/lib/python3.12/site-packages/MAxPy/vlib/AxArith/multipliers/LOBA.v:248$597': $auto$proc_dlatch.cc:427:proc_dlatch$1578
Latch inferred for signal `$paramod$a07b09e41c3d89959fdd140bdec9a7cc3f3fd22e\LOBA_SPLIT.\kl' from process `$paramod$a07b09e41c3d89959fdd140bdec9a7cc3f3fd22e\LOBA_SPLIT.$proc$/home/juliana/venv_pytorch/lib/python3.12/site-packages/MAxPy/vlib/AxArith/multipliers/LOBA.v:248$597': $auto$proc_dlatch.cc:427:proc_dlatch$1589
Latch inferred for signal `$paramod$a07b09e41c3d89959fdd140bdec9a7cc3f3fd22e\LOBA_SPLIT.\kh' from process `$paramod$a07b09e41c3d89959fdd140bdec9a7cc3f3fd22e\LOBA_SPLIT.$proc$/home/juliana/venv_pytorch/lib/python3.12/site-packages/MAxPy/vlib/AxArith/multipliers/LOBA.v:248$594': $auto$proc_dlatch.cc:427:proc_dlatch$1600
Latch inferred for signal `$paramod$a07b09e41c3d89959fdd140bdec9a7cc3f3fd22e\LOBA_SPLIT.\kl' from process `$paramod$a07b09e41c3d89959fdd140bdec9a7cc3f3fd22e\LOBA_SPLIT.$proc$/home/juliana/venv_pytorch/lib/python3.12/site-packages/MAxPy/vlib/AxArith/multipliers/LOBA.v:248$594': $auto$proc_dlatch.cc:427:proc_dlatch$1611
Latch inferred for signal `$paramod$a07b09e41c3d89959fdd140bdec9a7cc3f3fd22e\LOBA_SPLIT.\kh' from process `$paramod$a07b09e41c3d89959fdd140bdec9a7cc3f3fd22e\LOBA_SPLIT.$proc$/home/juliana/venv_pytorch/lib/python3.12/site-packages/MAxPy/vlib/AxArith/multipliers/LOBA.v:248$591': $auto$proc_dlatch.cc:427:proc_dlatch$1622
Latch inferred for signal `$paramod$a07b09e41c3d89959fdd140bdec9a7cc3f3fd22e\LOBA_SPLIT.\kl' from process `$paramod$a07b09e41c3d89959fdd140bdec9a7cc3f3fd22e\LOBA_SPLIT.$proc$/home/juliana/venv_pytorch/lib/python3.12/site-packages/MAxPy/vlib/AxArith/multipliers/LOBA.v:248$591': $auto$proc_dlatch.cc:427:proc_dlatch$1633
Latch inferred for signal `$paramod$a07b09e41c3d89959fdd140bdec9a7cc3f3fd22e\LOBA_SPLIT.\kh' from process `$paramod$a07b09e41c3d89959fdd140bdec9a7cc3f3fd22e\LOBA_SPLIT.$proc$/home/juliana/venv_pytorch/lib/python3.12/site-packages/MAxPy/vlib/AxArith/multipliers/LOBA.v:248$588': $auto$proc_dlatch.cc:427:proc_dlatch$1644
Latch inferred for signal `$paramod$a07b09e41c3d89959fdd140bdec9a7cc3f3fd22e\LOBA_SPLIT.\kl' from process `$paramod$a07b09e41c3d89959fdd140bdec9a7cc3f3fd22e\LOBA_SPLIT.$proc$/home/juliana/venv_pytorch/lib/python3.12/site-packages/MAxPy/vlib/AxArith/multipliers/LOBA.v:248$588': $auto$proc_dlatch.cc:427:proc_dlatch$1655
Latch inferred for signal `$paramod$a07b09e41c3d89959fdd140bdec9a7cc3f3fd22e\LOBA_SPLIT.\kh' from process `$paramod$a07b09e41c3d89959fdd140bdec9a7cc3f3fd22e\LOBA_SPLIT.$proc$/home/juliana/venv_pytorch/lib/python3.12/site-packages/MAxPy/vlib/AxArith/multipliers/LOBA.v:248$585': $auto$proc_dlatch.cc:427:proc_dlatch$1666
Latch inferred for signal `$paramod$a07b09e41c3d89959fdd140bdec9a7cc3f3fd22e\LOBA_SPLIT.\kl' from process `$paramod$a07b09e41c3d89959fdd140bdec9a7cc3f3fd22e\LOBA_SPLIT.$proc$/home/juliana/venv_pytorch/lib/python3.12/site-packages/MAxPy/vlib/AxArith/multipliers/LOBA.v:248$585': $auto$proc_dlatch.cc:427:proc_dlatch$1677
Latch inferred for signal `$paramod$a07b09e41c3d89959fdd140bdec9a7cc3f3fd22e\LOBA_SPLIT.\kh' from process `$paramod$a07b09e41c3d89959fdd140bdec9a7cc3f3fd22e\LOBA_SPLIT.$proc$/home/juliana/venv_pytorch/lib/python3.12/site-packages/MAxPy/vlib/AxArith/multipliers/LOBA.v:248$582': $auto$proc_dlatch.cc:427:proc_dlatch$1688
Latch inferred for signal `$paramod$a07b09e41c3d89959fdd140bdec9a7cc3f3fd22e\LOBA_SPLIT.\kl' from process `$paramod$a07b09e41c3d89959fdd140bdec9a7cc3f3fd22e\LOBA_SPLIT.$proc$/home/juliana/venv_pytorch/lib/python3.12/site-packages/MAxPy/vlib/AxArith/multipliers/LOBA.v:248$582': $auto$proc_dlatch.cc:427:proc_dlatch$1699
No latch inferred for signal `$paramod\LOBA_LOB\N=s32'00000000000000000000000000001000.\k' from process `$paramod\LOBA_LOB\N=s32'00000000000000000000000000001000.$proc$/home/juliana/venv_pytorch/lib/python3.12/site-packages/MAxPy/vlib/AxArith/multipliers/LOBA.v:311$805'.
No latch inferred for signal `$paramod\LOBA_LOB\N=s32'00000000000000000000000000001000.\w' from process `$paramod\LOBA_LOB\N=s32'00000000000000000000000000001000.$proc$/home/juliana/venv_pytorch/lib/python3.12/site-packages/MAxPy/vlib/AxArith/multipliers/LOBA.v:311$805'.
No latch inferred for signal `$paramod\LOBA_LOB\N=s32'00000000000000000000000000001000.\y' from process `$paramod\LOBA_LOB\N=s32'00000000000000000000000000001000.$proc$/home/juliana/venv_pytorch/lib/python3.12/site-packages/MAxPy/vlib/AxArith/multipliers/LOBA.v:311$805'.
No latch inferred for signal `$paramod$fa799df0e717c308775c4f8dfa29494b0bf7198b\LOBA_MUX.\out' from process `$paramod$fa799df0e717c308775c4f8dfa29494b0bf7198b\LOBA_MUX.$proc$/home/juliana/venv_pytorch/lib/python3.12/site-packages/MAxPy/vlib/AxArith/multipliers/LOBA.v:271$799'.
No latch inferred for signal `$paramod$fa799df0e717c308775c4f8dfa29494b0bf7198b\LOBA_MUX.\i' from process `$paramod$fa799df0e717c308775c4f8dfa29494b0bf7198b\LOBA_MUX.$proc$/home/juliana/venv_pytorch/lib/python3.12/site-packages/MAxPy/vlib/AxArith/multipliers/LOBA.v:271$799'.

10.2.9. Executing PROC_DFF pass (convert process syncs to FFs).
Creating register for signal `\neuron_intra_Nbits.\Out' using process `\neuron_intra_Nbits.$proc$neuron_drums_4/neuron_intra_Nbits_LOBA0s_4/rtl/neuron_intra_Nbits.v:62$752'.
  created $adff cell `$procdff$1700' with positive edge clock and positive level reset.
Creating register for signal `\neuron_intra_Nbits.\acc' using process `\neuron_intra_Nbits.$proc$neuron_drums_4/neuron_intra_Nbits_LOBA0s_4/rtl/neuron_intra_Nbits.v:62$752'.
  created $adff cell `$procdff$1701' with positive edge clock and positive level reset.

10.2.10. Executing PROC_MEMWR pass (convert process memory writes to cells).

10.2.11. Executing PROC_CLEAN pass (remove empty switches from decision trees).
Found and cleaned up 1 empty switch in `$paramod\LOBA_LOWER\N=s32'00000000000000000000000000001000.$proc$/home/juliana/venv_pytorch/lib/python3.12/site-packages/MAxPy/vlib/AxArith/multipliers/LOBA.v:293$797'.
Removing empty process `$paramod\LOBA_LOWER\N=s32'00000000000000000000000000001000.$proc$/home/juliana/venv_pytorch/lib/python3.12/site-packages/MAxPy/vlib/AxArith/multipliers/LOBA.v:293$797'.
Found and cleaned up 1 empty switch in `$paramod\LOBA_LOWER\N=s32'00000000000000000000000000001000.$proc$/home/juliana/venv_pytorch/lib/python3.12/site-packages/MAxPy/vlib/AxArith/multipliers/LOBA.v:293$795'.
Removing empty process `$paramod\LOBA_LOWER\N=s32'00000000000000000000000000001000.$proc$/home/juliana/venv_pytorch/lib/python3.12/site-packages/MAxPy/vlib/AxArith/multipliers/LOBA.v:293$795'.
Found and cleaned up 1 empty switch in `$paramod\LOBA_LOWER\N=s32'00000000000000000000000000001000.$proc$/home/juliana/venv_pytorch/lib/python3.12/site-packages/MAxPy/vlib/AxArith/multipliers/LOBA.v:293$793'.
Removing empty process `$paramod\LOBA_LOWER\N=s32'00000000000000000000000000001000.$proc$/home/juliana/venv_pytorch/lib/python3.12/site-packages/MAxPy/vlib/AxArith/multipliers/LOBA.v:293$793'.
Found and cleaned up 1 empty switch in `$paramod\LOBA_LOWER\N=s32'00000000000000000000000000001000.$proc$/home/juliana/venv_pytorch/lib/python3.12/site-packages/MAxPy/vlib/AxArith/multipliers/LOBA.v:293$791'.
Removing empty process `$paramod\LOBA_LOWER\N=s32'00000000000000000000000000001000.$proc$/home/juliana/venv_pytorch/lib/python3.12/site-packages/MAxPy/vlib/AxArith/multipliers/LOBA.v:293$791'.
Found and cleaned up 1 empty switch in `$paramod\LOBA_LOWER\N=s32'00000000000000000000000000001000.$proc$/home/juliana/venv_pytorch/lib/python3.12/site-packages/MAxPy/vlib/AxArith/multipliers/LOBA.v:293$789'.
Removing empty process `$paramod\LOBA_LOWER\N=s32'00000000000000000000000000001000.$proc$/home/juliana/venv_pytorch/lib/python3.12/site-packages/MAxPy/vlib/AxArith/multipliers/LOBA.v:293$789'.
Found and cleaned up 1 empty switch in `$paramod\LOBA_LOWER\N=s32'00000000000000000000000000001000.$proc$/home/juliana/venv_pytorch/lib/python3.12/site-packages/MAxPy/vlib/AxArith/multipliers/LOBA.v:293$787'.
Removing empty process `$paramod\LOBA_LOWER\N=s32'00000000000000000000000000001000.$proc$/home/juliana/venv_pytorch/lib/python3.12/site-packages/MAxPy/vlib/AxArith/multipliers/LOBA.v:293$787'.
Found and cleaned up 1 empty switch in `$paramod\LOBA_LOWER\N=s32'00000000000000000000000000001000.$proc$/home/juliana/venv_pytorch/lib/python3.12/site-packages/MAxPy/vlib/AxArith/multipliers/LOBA.v:293$785'.
Removing empty process `$paramod\LOBA_LOWER\N=s32'00000000000000000000000000001000.$proc$/home/juliana/venv_pytorch/lib/python3.12/site-packages/MAxPy/vlib/AxArith/multipliers/LOBA.v:293$785'.
Found and cleaned up 1 empty switch in `$paramod\LOBA_LOWER\N=s32'00000000000000000000000000001000.$proc$/home/juliana/venv_pytorch/lib/python3.12/site-packages/MAxPy/vlib/AxArith/multipliers/LOBA.v:293$783'.
Removing empty process `$paramod\LOBA_LOWER\N=s32'00000000000000000000000000001000.$proc$/home/juliana/venv_pytorch/lib/python3.12/site-packages/MAxPy/vlib/AxArith/multipliers/LOBA.v:293$783'.
Found and cleaned up 2 empty switches in `$paramod$fa799df0e717c308775c4f8dfa29494b0bf7198b\LOBA_SPLIT.$proc$/home/juliana/venv_pytorch/lib/python3.12/site-packages/MAxPy/vlib/AxArith/multipliers/LOBA.v:248$780'.
Removing empty process `$paramod$fa799df0e717c308775c4f8dfa29494b0bf7198b\LOBA_SPLIT.$proc$/home/juliana/venv_pytorch/lib/python3.12/site-packages/MAxPy/vlib/AxArith/multipliers/LOBA.v:248$780'.
Found and cleaned up 2 empty switches in `$paramod$fa799df0e717c308775c4f8dfa29494b0bf7198b\LOBA_SPLIT.$proc$/home/juliana/venv_pytorch/lib/python3.12/site-packages/MAxPy/vlib/AxArith/multipliers/LOBA.v:248$777'.
Removing empty process `$paramod$fa799df0e717c308775c4f8dfa29494b0bf7198b\LOBA_SPLIT.$proc$/home/juliana/venv_pytorch/lib/python3.12/site-packages/MAxPy/vlib/AxArith/multipliers/LOBA.v:248$777'.
Found and cleaned up 2 empty switches in `$paramod$fa799df0e717c308775c4f8dfa29494b0bf7198b\LOBA_SPLIT.$proc$/home/juliana/venv_pytorch/lib/python3.12/site-packages/MAxPy/vlib/AxArith/multipliers/LOBA.v:248$774'.
Removing empty process `$paramod$fa799df0e717c308775c4f8dfa29494b0bf7198b\LOBA_SPLIT.$proc$/home/juliana/venv_pytorch/lib/python3.12/site-packages/MAxPy/vlib/AxArith/multipliers/LOBA.v:248$774'.
Found and cleaned up 2 empty switches in `$paramod$fa799df0e717c308775c4f8dfa29494b0bf7198b\LOBA_SPLIT.$proc$/home/juliana/venv_pytorch/lib/python3.12/site-packages/MAxPy/vlib/AxArith/multipliers/LOBA.v:248$771'.
Removing empty process `$paramod$fa799df0e717c308775c4f8dfa29494b0bf7198b\LOBA_SPLIT.$proc$/home/juliana/venv_pytorch/lib/python3.12/site-packages/MAxPy/vlib/AxArith/multipliers/LOBA.v:248$771'.
Found and cleaned up 2 empty switches in `$paramod$fa799df0e717c308775c4f8dfa29494b0bf7198b\LOBA_SPLIT.$proc$/home/juliana/venv_pytorch/lib/python3.12/site-packages/MAxPy/vlib/AxArith/multipliers/LOBA.v:248$768'.
Removing empty process `$paramod$fa799df0e717c308775c4f8dfa29494b0bf7198b\LOBA_SPLIT.$proc$/home/juliana/venv_pytorch/lib/python3.12/site-packages/MAxPy/vlib/AxArith/multipliers/LOBA.v:248$768'.
Found and cleaned up 1 empty switch in `\neuron_intra_Nbits.$proc$neuron_drums_4/neuron_intra_Nbits_LOBA0s_4/rtl/neuron_intra_Nbits.v:62$752'.
Removing empty process `neuron_intra_Nbits.$proc$neuron_drums_4/neuron_intra_Nbits_LOBA0s_4/rtl/neuron_intra_Nbits.v:62$752'.
Removing empty process `$paramod\LOBA_LOB\N=s32'00000000000000000000000000010000.$proc$/home/juliana/venv_pytorch/lib/python3.12/site-packages/MAxPy/vlib/AxArith/multipliers/LOBA.v:311$667'.
Found and cleaned up 13 empty switches in `$paramod$a07b09e41c3d89959fdd140bdec9a7cc3f3fd22e\LOBA_MUX.$proc$/home/juliana/venv_pytorch/lib/python3.12/site-packages/MAxPy/vlib/AxArith/multipliers/LOBA.v:271$653'.
Removing empty process `$paramod$a07b09e41c3d89959fdd140bdec9a7cc3f3fd22e\LOBA_MUX.$proc$/home/juliana/venv_pytorch/lib/python3.12/site-packages/MAxPy/vlib/AxArith/multipliers/LOBA.v:271$653'.
Found and cleaned up 1 empty switch in `$paramod\LOBA_LOWER\N=s32'00000000000000000000000000010000.$proc$/home/juliana/venv_pytorch/lib/python3.12/site-packages/MAxPy/vlib/AxArith/multipliers/LOBA.v:293$651'.
Removing empty process `$paramod\LOBA_LOWER\N=s32'00000000000000000000000000010000.$proc$/home/juliana/venv_pytorch/lib/python3.12/site-packages/MAxPy/vlib/AxArith/multipliers/LOBA.v:293$651'.
Found and cleaned up 1 empty switch in `$paramod\LOBA_LOWER\N=s32'00000000000000000000000000010000.$proc$/home/juliana/venv_pytorch/lib/python3.12/site-packages/MAxPy/vlib/AxArith/multipliers/LOBA.v:293$649'.
Removing empty process `$paramod\LOBA_LOWER\N=s32'00000000000000000000000000010000.$proc$/home/juliana/venv_pytorch/lib/python3.12/site-packages/MAxPy/vlib/AxArith/multipliers/LOBA.v:293$649'.
Found and cleaned up 1 empty switch in `$paramod\LOBA_LOWER\N=s32'00000000000000000000000000010000.$proc$/home/juliana/venv_pytorch/lib/python3.12/site-packages/MAxPy/vlib/AxArith/multipliers/LOBA.v:293$647'.
Removing empty process `$paramod\LOBA_LOWER\N=s32'00000000000000000000000000010000.$proc$/home/juliana/venv_pytorch/lib/python3.12/site-packages/MAxPy/vlib/AxArith/multipliers/LOBA.v:293$647'.
Found and cleaned up 1 empty switch in `$paramod\LOBA_LOWER\N=s32'00000000000000000000000000010000.$proc$/home/juliana/venv_pytorch/lib/python3.12/site-packages/MAxPy/vlib/AxArith/multipliers/LOBA.v:293$645'.
Removing empty process `$paramod\LOBA_LOWER\N=s32'00000000000000000000000000010000.$proc$/home/juliana/venv_pytorch/lib/python3.12/site-packages/MAxPy/vlib/AxArith/multipliers/LOBA.v:293$645'.
Found and cleaned up 1 empty switch in `$paramod\LOBA_LOWER\N=s32'00000000000000000000000000010000.$proc$/home/juliana/venv_pytorch/lib/python3.12/site-packages/MAxPy/vlib/AxArith/multipliers/LOBA.v:293$643'.
Removing empty process `$paramod\LOBA_LOWER\N=s32'00000000000000000000000000010000.$proc$/home/juliana/venv_pytorch/lib/python3.12/site-packages/MAxPy/vlib/AxArith/multipliers/LOBA.v:293$643'.
Found and cleaned up 1 empty switch in `$paramod\LOBA_LOWER\N=s32'00000000000000000000000000010000.$proc$/home/juliana/venv_pytorch/lib/python3.12/site-packages/MAxPy/vlib/AxArith/multipliers/LOBA.v:293$641'.
Removing empty process `$paramod\LOBA_LOWER\N=s32'00000000000000000000000000010000.$proc$/home/juliana/venv_pytorch/lib/python3.12/site-packages/MAxPy/vlib/AxArith/multipliers/LOBA.v:293$641'.
Found and cleaned up 1 empty switch in `$paramod\LOBA_LOWER\N=s32'00000000000000000000000000010000.$proc$/home/juliana/venv_pytorch/lib/python3.12/site-packages/MAxPy/vlib/AxArith/multipliers/LOBA.v:293$639'.
Removing empty process `$paramod\LOBA_LOWER\N=s32'00000000000000000000000000010000.$proc$/home/juliana/venv_pytorch/lib/python3.12/site-packages/MAxPy/vlib/AxArith/multipliers/LOBA.v:293$639'.
Found and cleaned up 1 empty switch in `$paramod\LOBA_LOWER\N=s32'00000000000000000000000000010000.$proc$/home/juliana/venv_pytorch/lib/python3.12/site-packages/MAxPy/vlib/AxArith/multipliers/LOBA.v:293$637'.
Removing empty process `$paramod\LOBA_LOWER\N=s32'00000000000000000000000000010000.$proc$/home/juliana/venv_pytorch/lib/python3.12/site-packages/MAxPy/vlib/AxArith/multipliers/LOBA.v:293$637'.
Found and cleaned up 1 empty switch in `$paramod\LOBA_LOWER\N=s32'00000000000000000000000000010000.$proc$/home/juliana/venv_pytorch/lib/python3.12/site-packages/MAxPy/vlib/AxArith/multipliers/LOBA.v:293$635'.
Removing empty process `$paramod\LOBA_LOWER\N=s32'00000000000000000000000000010000.$proc$/home/juliana/venv_pytorch/lib/python3.12/site-packages/MAxPy/vlib/AxArith/multipliers/LOBA.v:293$635'.
Found and cleaned up 1 empty switch in `$paramod\LOBA_LOWER\N=s32'00000000000000000000000000010000.$proc$/home/juliana/venv_pytorch/lib/python3.12/site-packages/MAxPy/vlib/AxArith/multipliers/LOBA.v:293$633'.
Removing empty process `$paramod\LOBA_LOWER\N=s32'00000000000000000000000000010000.$proc$/home/juliana/venv_pytorch/lib/python3.12/site-packages/MAxPy/vlib/AxArith/multipliers/LOBA.v:293$633'.
Found and cleaned up 1 empty switch in `$paramod\LOBA_LOWER\N=s32'00000000000000000000000000010000.$proc$/home/juliana/venv_pytorch/lib/python3.12/site-packages/MAxPy/vlib/AxArith/multipliers/LOBA.v:293$631'.
Removing empty process `$paramod\LOBA_LOWER\N=s32'00000000000000000000000000010000.$proc$/home/juliana/venv_pytorch/lib/python3.12/site-packages/MAxPy/vlib/AxArith/multipliers/LOBA.v:293$631'.
Found and cleaned up 1 empty switch in `$paramod\LOBA_LOWER\N=s32'00000000000000000000000000010000.$proc$/home/juliana/venv_pytorch/lib/python3.12/site-packages/MAxPy/vlib/AxArith/multipliers/LOBA.v:293$629'.
Removing empty process `$paramod\LOBA_LOWER\N=s32'00000000000000000000000000010000.$proc$/home/juliana/venv_pytorch/lib/python3.12/site-packages/MAxPy/vlib/AxArith/multipliers/LOBA.v:293$629'.
Found and cleaned up 1 empty switch in `$paramod\LOBA_LOWER\N=s32'00000000000000000000000000010000.$proc$/home/juliana/venv_pytorch/lib/python3.12/site-packages/MAxPy/vlib/AxArith/multipliers/LOBA.v:293$627'.
Removing empty process `$paramod\LOBA_LOWER\N=s32'00000000000000000000000000010000.$proc$/home/juliana/venv_pytorch/lib/python3.12/site-packages/MAxPy/vlib/AxArith/multipliers/LOBA.v:293$627'.
Found and cleaned up 1 empty switch in `$paramod\LOBA_LOWER\N=s32'00000000000000000000000000010000.$proc$/home/juliana/venv_pytorch/lib/python3.12/site-packages/MAxPy/vlib/AxArith/multipliers/LOBA.v:293$625'.
Removing empty process `$paramod\LOBA_LOWER\N=s32'00000000000000000000000000010000.$proc$/home/juliana/venv_pytorch/lib/python3.12/site-packages/MAxPy/vlib/AxArith/multipliers/LOBA.v:293$625'.
Found and cleaned up 1 empty switch in `$paramod\LOBA_LOWER\N=s32'00000000000000000000000000010000.$proc$/home/juliana/venv_pytorch/lib/python3.12/site-packages/MAxPy/vlib/AxArith/multipliers/LOBA.v:293$623'.
Removing empty process `$paramod\LOBA_LOWER\N=s32'00000000000000000000000000010000.$proc$/home/juliana/venv_pytorch/lib/python3.12/site-packages/MAxPy/vlib/AxArith/multipliers/LOBA.v:293$623'.
Found and cleaned up 1 empty switch in `$paramod\LOBA_LOWER\N=s32'00000000000000000000000000010000.$proc$/home/juliana/venv_pytorch/lib/python3.12/site-packages/MAxPy/vlib/AxArith/multipliers/LOBA.v:293$621'.
Removing empty process `$paramod\LOBA_LOWER\N=s32'00000000000000000000000000010000.$proc$/home/juliana/venv_pytorch/lib/python3.12/site-packages/MAxPy/vlib/AxArith/multipliers/LOBA.v:293$621'.
Found and cleaned up 2 empty switches in `$paramod$a07b09e41c3d89959fdd140bdec9a7cc3f3fd22e\LOBA_SPLIT.$proc$/home/juliana/venv_pytorch/lib/python3.12/site-packages/MAxPy/vlib/AxArith/multipliers/LOBA.v:248$618'.
Removing empty process `$paramod$a07b09e41c3d89959fdd140bdec9a7cc3f3fd22e\LOBA_SPLIT.$proc$/home/juliana/venv_pytorch/lib/python3.12/site-packages/MAxPy/vlib/AxArith/multipliers/LOBA.v:248$618'.
Found and cleaned up 2 empty switches in `$paramod$a07b09e41c3d89959fdd140bdec9a7cc3f3fd22e\LOBA_SPLIT.$proc$/home/juliana/venv_pytorch/lib/python3.12/site-packages/MAxPy/vlib/AxArith/multipliers/LOBA.v:248$615'.
Removing empty process `$paramod$a07b09e41c3d89959fdd140bdec9a7cc3f3fd22e\LOBA_SPLIT.$proc$/home/juliana/venv_pytorch/lib/python3.12/site-packages/MAxPy/vlib/AxArith/multipliers/LOBA.v:248$615'.
Found and cleaned up 2 empty switches in `$paramod$a07b09e41c3d89959fdd140bdec9a7cc3f3fd22e\LOBA_SPLIT.$proc$/home/juliana/venv_pytorch/lib/python3.12/site-packages/MAxPy/vlib/AxArith/multipliers/LOBA.v:248$612'.
Removing empty process `$paramod$a07b09e41c3d89959fdd140bdec9a7cc3f3fd22e\LOBA_SPLIT.$proc$/home/juliana/venv_pytorch/lib/python3.12/site-packages/MAxPy/vlib/AxArith/multipliers/LOBA.v:248$612'.
Found and cleaned up 2 empty switches in `$paramod$a07b09e41c3d89959fdd140bdec9a7cc3f3fd22e\LOBA_SPLIT.$proc$/home/juliana/venv_pytorch/lib/python3.12/site-packages/MAxPy/vlib/AxArith/multipliers/LOBA.v:248$609'.
Removing empty process `$paramod$a07b09e41c3d89959fdd140bdec9a7cc3f3fd22e\LOBA_SPLIT.$proc$/home/juliana/venv_pytorch/lib/python3.12/site-packages/MAxPy/vlib/AxArith/multipliers/LOBA.v:248$609'.
Found and cleaned up 2 empty switches in `$paramod$a07b09e41c3d89959fdd140bdec9a7cc3f3fd22e\LOBA_SPLIT.$proc$/home/juliana/venv_pytorch/lib/python3.12/site-packages/MAxPy/vlib/AxArith/multipliers/LOBA.v:248$606'.
Removing empty process `$paramod$a07b09e41c3d89959fdd140bdec9a7cc3f3fd22e\LOBA_SPLIT.$proc$/home/juliana/venv_pytorch/lib/python3.12/site-packages/MAxPy/vlib/AxArith/multipliers/LOBA.v:248$606'.
Found and cleaned up 2 empty switches in `$paramod$a07b09e41c3d89959fdd140bdec9a7cc3f3fd22e\LOBA_SPLIT.$proc$/home/juliana/venv_pytorch/lib/python3.12/site-packages/MAxPy/vlib/AxArith/multipliers/LOBA.v:248$603'.
Removing empty process `$paramod$a07b09e41c3d89959fdd140bdec9a7cc3f3fd22e\LOBA_SPLIT.$proc$/home/juliana/venv_pytorch/lib/python3.12/site-packages/MAxPy/vlib/AxArith/multipliers/LOBA.v:248$603'.
Found and cleaned up 2 empty switches in `$paramod$a07b09e41c3d89959fdd140bdec9a7cc3f3fd22e\LOBA_SPLIT.$proc$/home/juliana/venv_pytorch/lib/python3.12/site-packages/MAxPy/vlib/AxArith/multipliers/LOBA.v:248$600'.
Removing empty process `$paramod$a07b09e41c3d89959fdd140bdec9a7cc3f3fd22e\LOBA_SPLIT.$proc$/home/juliana/venv_pytorch/lib/python3.12/site-packages/MAxPy/vlib/AxArith/multipliers/LOBA.v:248$600'.
Found and cleaned up 2 empty switches in `$paramod$a07b09e41c3d89959fdd140bdec9a7cc3f3fd22e\LOBA_SPLIT.$proc$/home/juliana/venv_pytorch/lib/python3.12/site-packages/MAxPy/vlib/AxArith/multipliers/LOBA.v:248$597'.
Removing empty process `$paramod$a07b09e41c3d89959fdd140bdec9a7cc3f3fd22e\LOBA_SPLIT.$proc$/home/juliana/venv_pytorch/lib/python3.12/site-packages/MAxPy/vlib/AxArith/multipliers/LOBA.v:248$597'.
Found and cleaned up 2 empty switches in `$paramod$a07b09e41c3d89959fdd140bdec9a7cc3f3fd22e\LOBA_SPLIT.$proc$/home/juliana/venv_pytorch/lib/python3.12/site-packages/MAxPy/vlib/AxArith/multipliers/LOBA.v:248$594'.
Removing empty process `$paramod$a07b09e41c3d89959fdd140bdec9a7cc3f3fd22e\LOBA_SPLIT.$proc$/home/juliana/venv_pytorch/lib/python3.12/site-packages/MAxPy/vlib/AxArith/multipliers/LOBA.v:248$594'.
Found and cleaned up 2 empty switches in `$paramod$a07b09e41c3d89959fdd140bdec9a7cc3f3fd22e\LOBA_SPLIT.$proc$/home/juliana/venv_pytorch/lib/python3.12/site-packages/MAxPy/vlib/AxArith/multipliers/LOBA.v:248$591'.
Removing empty process `$paramod$a07b09e41c3d89959fdd140bdec9a7cc3f3fd22e\LOBA_SPLIT.$proc$/home/juliana/venv_pytorch/lib/python3.12/site-packages/MAxPy/vlib/AxArith/multipliers/LOBA.v:248$591'.
Found and cleaned up 2 empty switches in `$paramod$a07b09e41c3d89959fdd140bdec9a7cc3f3fd22e\LOBA_SPLIT.$proc$/home/juliana/venv_pytorch/lib/python3.12/site-packages/MAxPy/vlib/AxArith/multipliers/LOBA.v:248$588'.
Removing empty process `$paramod$a07b09e41c3d89959fdd140bdec9a7cc3f3fd22e\LOBA_SPLIT.$proc$/home/juliana/venv_pytorch/lib/python3.12/site-packages/MAxPy/vlib/AxArith/multipliers/LOBA.v:248$588'.
Found and cleaned up 2 empty switches in `$paramod$a07b09e41c3d89959fdd140bdec9a7cc3f3fd22e\LOBA_SPLIT.$proc$/home/juliana/venv_pytorch/lib/python3.12/site-packages/MAxPy/vlib/AxArith/multipliers/LOBA.v:248$585'.
Removing empty process `$paramod$a07b09e41c3d89959fdd140bdec9a7cc3f3fd22e\LOBA_SPLIT.$proc$/home/juliana/venv_pytorch/lib/python3.12/site-packages/MAxPy/vlib/AxArith/multipliers/LOBA.v:248$585'.
Found and cleaned up 2 empty switches in `$paramod$a07b09e41c3d89959fdd140bdec9a7cc3f3fd22e\LOBA_SPLIT.$proc$/home/juliana/venv_pytorch/lib/python3.12/site-packages/MAxPy/vlib/AxArith/multipliers/LOBA.v:248$582'.
Removing empty process `$paramod$a07b09e41c3d89959fdd140bdec9a7cc3f3fd22e\LOBA_SPLIT.$proc$/home/juliana/venv_pytorch/lib/python3.12/site-packages/MAxPy/vlib/AxArith/multipliers/LOBA.v:248$582'.
Removing empty process `$paramod\LOBA_LOB\N=s32'00000000000000000000000000001000.$proc$/home/juliana/venv_pytorch/lib/python3.12/site-packages/MAxPy/vlib/AxArith/multipliers/LOBA.v:311$805'.
Found and cleaned up 5 empty switches in `$paramod$fa799df0e717c308775c4f8dfa29494b0bf7198b\LOBA_MUX.$proc$/home/juliana/venv_pytorch/lib/python3.12/site-packages/MAxPy/vlib/AxArith/multipliers/LOBA.v:271$799'.
Removing empty process `$paramod$fa799df0e717c308775c4f8dfa29494b0bf7198b\LOBA_MUX.$proc$/home/juliana/venv_pytorch/lib/python3.12/site-packages/MAxPy/vlib/AxArith/multipliers/LOBA.v:271$799'.
Cleaned up 79 empty switches.

10.2.12. Executing OPT_EXPR pass (perform const folding).
Optimizing module $paramod\LOBA_LOWER\N=s32'00000000000000000000000000001000.
<suppressed ~54 debug messages>
Optimizing module $paramod$fa799df0e717c308775c4f8dfa29494b0bf7198b\LOBA_SPLIT.
<suppressed ~72 debug messages>
Optimizing module $paramod$fa799df0e717c308775c4f8dfa29494b0bf7198b\LOBA0u.
Optimizing module neuron_intra_Nbits.
<suppressed ~1 debug messages>
Optimizing module $paramod$a07b09e41c3d89959fdd140bdec9a7cc3f3fd22e\LOBA0s.
Optimizing module $paramod\LOBA_LOB\N=s32'00000000000000000000000000010000.
Optimizing module $paramod$a07b09e41c3d89959fdd140bdec9a7cc3f3fd22e\LOBA_MUX.
Optimizing module $paramod\LOBA_LOWER\N=s32'00000000000000000000000000010000.
<suppressed ~120 debug messages>
Optimizing module $paramod$a07b09e41c3d89959fdd140bdec9a7cc3f3fd22e\LOBA_SPLIT.
<suppressed ~202 debug messages>
Optimizing module $paramod$a07b09e41c3d89959fdd140bdec9a7cc3f3fd22e\LOBA0u.
Optimizing module $paramod$fa799df0e717c308775c4f8dfa29494b0bf7198b\LOBA0s.
Optimizing module $paramod\LOBA_LOB\N=s32'00000000000000000000000000001000.
Optimizing module $paramod$fa799df0e717c308775c4f8dfa29494b0bf7198b\LOBA_MUX.

10.3. Executing OPT_EXPR pass (perform const folding).
Optimizing module $paramod\LOBA_LOWER\N=s32'00000000000000000000000000001000.
Optimizing module $paramod$fa799df0e717c308775c4f8dfa29494b0bf7198b\LOBA_SPLIT.
Optimizing module $paramod$fa799df0e717c308775c4f8dfa29494b0bf7198b\LOBA0u.
Optimizing module neuron_intra_Nbits.
Optimizing module $paramod$a07b09e41c3d89959fdd140bdec9a7cc3f3fd22e\LOBA0s.
Optimizing module $paramod\LOBA_LOB\N=s32'00000000000000000000000000010000.
Optimizing module $paramod$a07b09e41c3d89959fdd140bdec9a7cc3f3fd22e\LOBA_MUX.
Optimizing module $paramod\LOBA_LOWER\N=s32'00000000000000000000000000010000.
Optimizing module $paramod$a07b09e41c3d89959fdd140bdec9a7cc3f3fd22e\LOBA_SPLIT.
Optimizing module $paramod$a07b09e41c3d89959fdd140bdec9a7cc3f3fd22e\LOBA0u.
Optimizing module $paramod$fa799df0e717c308775c4f8dfa29494b0bf7198b\LOBA0s.
Optimizing module $paramod\LOBA_LOB\N=s32'00000000000000000000000000001000.
Optimizing module $paramod$fa799df0e717c308775c4f8dfa29494b0bf7198b\LOBA_MUX.

10.4. Executing OPT_CLEAN pass (remove unused cells and wires).
Finding unused cells or wires in module $paramod\LOBA_LOWER\N=s32'00000000000000000000000000001000..
Finding unused cells or wires in module $paramod$fa799df0e717c308775c4f8dfa29494b0bf7198b\LOBA_SPLIT..
Finding unused cells or wires in module $paramod$fa799df0e717c308775c4f8dfa29494b0bf7198b\LOBA0u..
Finding unused cells or wires in module \neuron_intra_Nbits..
Finding unused cells or wires in module $paramod$a07b09e41c3d89959fdd140bdec9a7cc3f3fd22e\LOBA0s..
Finding unused cells or wires in module $paramod\LOBA_LOB\N=s32'00000000000000000000000000010000..
Finding unused cells or wires in module $paramod$a07b09e41c3d89959fdd140bdec9a7cc3f3fd22e\LOBA_MUX..
Finding unused cells or wires in module $paramod\LOBA_LOWER\N=s32'00000000000000000000000000010000..
Finding unused cells or wires in module $paramod$a07b09e41c3d89959fdd140bdec9a7cc3f3fd22e\LOBA_SPLIT..
Finding unused cells or wires in module $paramod$a07b09e41c3d89959fdd140bdec9a7cc3f3fd22e\LOBA0u..
Finding unused cells or wires in module $paramod$fa799df0e717c308775c4f8dfa29494b0bf7198b\LOBA0s..
Finding unused cells or wires in module $paramod\LOBA_LOB\N=s32'00000000000000000000000000001000..
Finding unused cells or wires in module $paramod$fa799df0e717c308775c4f8dfa29494b0bf7198b\LOBA_MUX..
Removed 70 unused cells and 674 unused wires.
<suppressed ~118 debug messages>

10.5. Executing CHECK pass (checking for obvious problems).
Checking module $paramod$a07b09e41c3d89959fdd140bdec9a7cc3f3fd22e\LOBA0s...
Checking module $paramod$a07b09e41c3d89959fdd140bdec9a7cc3f3fd22e\LOBA0u...
Checking module $paramod$a07b09e41c3d89959fdd140bdec9a7cc3f3fd22e\LOBA_MUX...
Checking module $paramod$a07b09e41c3d89959fdd140bdec9a7cc3f3fd22e\LOBA_SPLIT...
Warning: multiple conflicting drivers for $paramod$a07b09e41c3d89959fdd140bdec9a7cc3f3fd22e\LOBA_SPLIT.\kl [3]:
    port Q[3] of cell $auto$proc_dlatch.cc:427:proc_dlatch$1435 ($dlatch)
    port Q[3] of cell $auto$proc_dlatch.cc:427:proc_dlatch$1457 ($dlatch)
    port Q[3] of cell $auto$proc_dlatch.cc:427:proc_dlatch$1479 ($dlatch)
    port Q[3] of cell $auto$proc_dlatch.cc:427:proc_dlatch$1501 ($dlatch)
    port Q[3] of cell $auto$proc_dlatch.cc:427:proc_dlatch$1523 ($dlatch)
    port Q[3] of cell $auto$proc_dlatch.cc:427:proc_dlatch$1545 ($dlatch)
    port Q[3] of cell $auto$proc_dlatch.cc:427:proc_dlatch$1567 ($dlatch)
    port Q[3] of cell $auto$proc_dlatch.cc:427:proc_dlatch$1589 ($dlatch)
    port Q[3] of cell $auto$proc_dlatch.cc:427:proc_dlatch$1611 ($dlatch)
    port Q[3] of cell $auto$proc_dlatch.cc:427:proc_dlatch$1633 ($dlatch)
    port Q[3] of cell $auto$proc_dlatch.cc:427:proc_dlatch$1655 ($dlatch)
    port Q[3] of cell $auto$proc_dlatch.cc:427:proc_dlatch$1677 ($dlatch)
    port Q[3] of cell $auto$proc_dlatch.cc:427:proc_dlatch$1699 ($dlatch)
Warning: multiple conflicting drivers for $paramod$a07b09e41c3d89959fdd140bdec9a7cc3f3fd22e\LOBA_SPLIT.\kl [2]:
    port Q[2] of cell $auto$proc_dlatch.cc:427:proc_dlatch$1435 ($dlatch)
    port Q[2] of cell $auto$proc_dlatch.cc:427:proc_dlatch$1457 ($dlatch)
    port Q[2] of cell $auto$proc_dlatch.cc:427:proc_dlatch$1479 ($dlatch)
    port Q[2] of cell $auto$proc_dlatch.cc:427:proc_dlatch$1501 ($dlatch)
    port Q[2] of cell $auto$proc_dlatch.cc:427:proc_dlatch$1523 ($dlatch)
    port Q[2] of cell $auto$proc_dlatch.cc:427:proc_dlatch$1545 ($dlatch)
    port Q[2] of cell $auto$proc_dlatch.cc:427:proc_dlatch$1567 ($dlatch)
    port Q[2] of cell $auto$proc_dlatch.cc:427:proc_dlatch$1589 ($dlatch)
    port Q[2] of cell $auto$proc_dlatch.cc:427:proc_dlatch$1611 ($dlatch)
    port Q[2] of cell $auto$proc_dlatch.cc:427:proc_dlatch$1633 ($dlatch)
    port Q[2] of cell $auto$proc_dlatch.cc:427:proc_dlatch$1655 ($dlatch)
    port Q[2] of cell $auto$proc_dlatch.cc:427:proc_dlatch$1677 ($dlatch)
    port Q[2] of cell $auto$proc_dlatch.cc:427:proc_dlatch$1699 ($dlatch)
Warning: multiple conflicting drivers for $paramod$a07b09e41c3d89959fdd140bdec9a7cc3f3fd22e\LOBA_SPLIT.\kl [1]:
    port Q[1] of cell $auto$proc_dlatch.cc:427:proc_dlatch$1435 ($dlatch)
    port Q[1] of cell $auto$proc_dlatch.cc:427:proc_dlatch$1457 ($dlatch)
    port Q[1] of cell $auto$proc_dlatch.cc:427:proc_dlatch$1479 ($dlatch)
    port Q[1] of cell $auto$proc_dlatch.cc:427:proc_dlatch$1501 ($dlatch)
    port Q[1] of cell $auto$proc_dlatch.cc:427:proc_dlatch$1523 ($dlatch)
    port Q[1] of cell $auto$proc_dlatch.cc:427:proc_dlatch$1545 ($dlatch)
    port Q[1] of cell $auto$proc_dlatch.cc:427:proc_dlatch$1567 ($dlatch)
    port Q[1] of cell $auto$proc_dlatch.cc:427:proc_dlatch$1589 ($dlatch)
    port Q[1] of cell $auto$proc_dlatch.cc:427:proc_dlatch$1611 ($dlatch)
    port Q[1] of cell $auto$proc_dlatch.cc:427:proc_dlatch$1633 ($dlatch)
    port Q[1] of cell $auto$proc_dlatch.cc:427:proc_dlatch$1655 ($dlatch)
    port Q[1] of cell $auto$proc_dlatch.cc:427:proc_dlatch$1677 ($dlatch)
    port Q[1] of cell $auto$proc_dlatch.cc:427:proc_dlatch$1699 ($dlatch)
Warning: multiple conflicting drivers for $paramod$a07b09e41c3d89959fdd140bdec9a7cc3f3fd22e\LOBA_SPLIT.\kl [0]:
    port Q[0] of cell $auto$proc_dlatch.cc:427:proc_dlatch$1435 ($dlatch)
    port Q[0] of cell $auto$proc_dlatch.cc:427:proc_dlatch$1457 ($dlatch)
    port Q[0] of cell $auto$proc_dlatch.cc:427:proc_dlatch$1479 ($dlatch)
    port Q[0] of cell $auto$proc_dlatch.cc:427:proc_dlatch$1501 ($dlatch)
    port Q[0] of cell $auto$proc_dlatch.cc:427:proc_dlatch$1523 ($dlatch)
    port Q[0] of cell $auto$proc_dlatch.cc:427:proc_dlatch$1545 ($dlatch)
    port Q[0] of cell $auto$proc_dlatch.cc:427:proc_dlatch$1567 ($dlatch)
    port Q[0] of cell $auto$proc_dlatch.cc:427:proc_dlatch$1589 ($dlatch)
    port Q[0] of cell $auto$proc_dlatch.cc:427:proc_dlatch$1611 ($dlatch)
    port Q[0] of cell $auto$proc_dlatch.cc:427:proc_dlatch$1633 ($dlatch)
    port Q[0] of cell $auto$proc_dlatch.cc:427:proc_dlatch$1655 ($dlatch)
    port Q[0] of cell $auto$proc_dlatch.cc:427:proc_dlatch$1677 ($dlatch)
    port Q[0] of cell $auto$proc_dlatch.cc:427:proc_dlatch$1699 ($dlatch)
Warning: multiple conflicting drivers for $paramod$a07b09e41c3d89959fdd140bdec9a7cc3f3fd22e\LOBA_SPLIT.\kh [3]:
    port Q[3] of cell $auto$proc_dlatch.cc:427:proc_dlatch$1424 ($dlatch)
    port Q[3] of cell $auto$proc_dlatch.cc:427:proc_dlatch$1446 ($dlatch)
    port Q[3] of cell $auto$proc_dlatch.cc:427:proc_dlatch$1468 ($dlatch)
    port Q[3] of cell $auto$proc_dlatch.cc:427:proc_dlatch$1490 ($dlatch)
    port Q[3] of cell $auto$proc_dlatch.cc:427:proc_dlatch$1512 ($dlatch)
    port Q[3] of cell $auto$proc_dlatch.cc:427:proc_dlatch$1534 ($dlatch)
    port Q[3] of cell $auto$proc_dlatch.cc:427:proc_dlatch$1556 ($dlatch)
    port Q[3] of cell $auto$proc_dlatch.cc:427:proc_dlatch$1578 ($dlatch)
    port Q[3] of cell $auto$proc_dlatch.cc:427:proc_dlatch$1600 ($dlatch)
    port Q[3] of cell $auto$proc_dlatch.cc:427:proc_dlatch$1622 ($dlatch)
    port Q[3] of cell $auto$proc_dlatch.cc:427:proc_dlatch$1644 ($dlatch)
    port Q[3] of cell $auto$proc_dlatch.cc:427:proc_dlatch$1666 ($dlatch)
    port Q[3] of cell $auto$proc_dlatch.cc:427:proc_dlatch$1688 ($dlatch)
Warning: multiple conflicting drivers for $paramod$a07b09e41c3d89959fdd140bdec9a7cc3f3fd22e\LOBA_SPLIT.\kh [2]:
    port Q[2] of cell $auto$proc_dlatch.cc:427:proc_dlatch$1424 ($dlatch)
    port Q[2] of cell $auto$proc_dlatch.cc:427:proc_dlatch$1446 ($dlatch)
    port Q[2] of cell $auto$proc_dlatch.cc:427:proc_dlatch$1468 ($dlatch)
    port Q[2] of cell $auto$proc_dlatch.cc:427:proc_dlatch$1490 ($dlatch)
    port Q[2] of cell $auto$proc_dlatch.cc:427:proc_dlatch$1512 ($dlatch)
    port Q[2] of cell $auto$proc_dlatch.cc:427:proc_dlatch$1534 ($dlatch)
    port Q[2] of cell $auto$proc_dlatch.cc:427:proc_dlatch$1556 ($dlatch)
    port Q[2] of cell $auto$proc_dlatch.cc:427:proc_dlatch$1578 ($dlatch)
    port Q[2] of cell $auto$proc_dlatch.cc:427:proc_dlatch$1600 ($dlatch)
    port Q[2] of cell $auto$proc_dlatch.cc:427:proc_dlatch$1622 ($dlatch)
    port Q[2] of cell $auto$proc_dlatch.cc:427:proc_dlatch$1644 ($dlatch)
    port Q[2] of cell $auto$proc_dlatch.cc:427:proc_dlatch$1666 ($dlatch)
    port Q[2] of cell $auto$proc_dlatch.cc:427:proc_dlatch$1688 ($dlatch)
Warning: multiple conflicting drivers for $paramod$a07b09e41c3d89959fdd140bdec9a7cc3f3fd22e\LOBA_SPLIT.\kh [1]:
    port Q[1] of cell $auto$proc_dlatch.cc:427:proc_dlatch$1424 ($dlatch)
    port Q[1] of cell $auto$proc_dlatch.cc:427:proc_dlatch$1446 ($dlatch)
    port Q[1] of cell $auto$proc_dlatch.cc:427:proc_dlatch$1468 ($dlatch)
    port Q[1] of cell $auto$proc_dlatch.cc:427:proc_dlatch$1490 ($dlatch)
    port Q[1] of cell $auto$proc_dlatch.cc:427:proc_dlatch$1512 ($dlatch)
    port Q[1] of cell $auto$proc_dlatch.cc:427:proc_dlatch$1534 ($dlatch)
    port Q[1] of cell $auto$proc_dlatch.cc:427:proc_dlatch$1556 ($dlatch)
    port Q[1] of cell $auto$proc_dlatch.cc:427:proc_dlatch$1578 ($dlatch)
    port Q[1] of cell $auto$proc_dlatch.cc:427:proc_dlatch$1600 ($dlatch)
    port Q[1] of cell $auto$proc_dlatch.cc:427:proc_dlatch$1622 ($dlatch)
    port Q[1] of cell $auto$proc_dlatch.cc:427:proc_dlatch$1644 ($dlatch)
    port Q[1] of cell $auto$proc_dlatch.cc:427:proc_dlatch$1666 ($dlatch)
    port Q[1] of cell $auto$proc_dlatch.cc:427:proc_dlatch$1688 ($dlatch)
Warning: multiple conflicting drivers for $paramod$a07b09e41c3d89959fdd140bdec9a7cc3f3fd22e\LOBA_SPLIT.\kh [0]:
    port Q[0] of cell $auto$proc_dlatch.cc:427:proc_dlatch$1424 ($dlatch)
    port Q[0] of cell $auto$proc_dlatch.cc:427:proc_dlatch$1446 ($dlatch)
    port Q[0] of cell $auto$proc_dlatch.cc:427:proc_dlatch$1468 ($dlatch)
    port Q[0] of cell $auto$proc_dlatch.cc:427:proc_dlatch$1490 ($dlatch)
    port Q[0] of cell $auto$proc_dlatch.cc:427:proc_dlatch$1512 ($dlatch)
    port Q[0] of cell $auto$proc_dlatch.cc:427:proc_dlatch$1534 ($dlatch)
    port Q[0] of cell $auto$proc_dlatch.cc:427:proc_dlatch$1556 ($dlatch)
    port Q[0] of cell $auto$proc_dlatch.cc:427:proc_dlatch$1578 ($dlatch)
    port Q[0] of cell $auto$proc_dlatch.cc:427:proc_dlatch$1600 ($dlatch)
    port Q[0] of cell $auto$proc_dlatch.cc:427:proc_dlatch$1622 ($dlatch)
    port Q[0] of cell $auto$proc_dlatch.cc:427:proc_dlatch$1644 ($dlatch)
    port Q[0] of cell $auto$proc_dlatch.cc:427:proc_dlatch$1666 ($dlatch)
    port Q[0] of cell $auto$proc_dlatch.cc:427:proc_dlatch$1688 ($dlatch)
Checking module $paramod$fa799df0e717c308775c4f8dfa29494b0bf7198b\LOBA0s...
Checking module $paramod$fa799df0e717c308775c4f8dfa29494b0bf7198b\LOBA0u...
Checking module $paramod$fa799df0e717c308775c4f8dfa29494b0bf7198b\LOBA_MUX...
Checking module $paramod$fa799df0e717c308775c4f8dfa29494b0bf7198b\LOBA_SPLIT...
Warning: multiple conflicting drivers for $paramod$fa799df0e717c308775c4f8dfa29494b0bf7198b\LOBA_SPLIT.\kl [2]:
    port Q[2] of cell $auto$proc_dlatch.cc:427:proc_dlatch$1149 ($dlatch)
    port Q[2] of cell $auto$proc_dlatch.cc:427:proc_dlatch$1171 ($dlatch)
    port Q[2] of cell $auto$proc_dlatch.cc:427:proc_dlatch$1193 ($dlatch)
    port Q[2] of cell $auto$proc_dlatch.cc:427:proc_dlatch$1215 ($dlatch)
    port Q[2] of cell $auto$proc_dlatch.cc:427:proc_dlatch$1237 ($dlatch)
Warning: multiple conflicting drivers for $paramod$fa799df0e717c308775c4f8dfa29494b0bf7198b\LOBA_SPLIT.\kl [1]:
    port Q[1] of cell $auto$proc_dlatch.cc:427:proc_dlatch$1149 ($dlatch)
    port Q[1] of cell $auto$proc_dlatch.cc:427:proc_dlatch$1171 ($dlatch)
    port Q[1] of cell $auto$proc_dlatch.cc:427:proc_dlatch$1193 ($dlatch)
    port Q[1] of cell $auto$proc_dlatch.cc:427:proc_dlatch$1215 ($dlatch)
    port Q[1] of cell $auto$proc_dlatch.cc:427:proc_dlatch$1237 ($dlatch)
Warning: multiple conflicting drivers for $paramod$fa799df0e717c308775c4f8dfa29494b0bf7198b\LOBA_SPLIT.\kl [0]:
    port Q[0] of cell $auto$proc_dlatch.cc:427:proc_dlatch$1149 ($dlatch)
    port Q[0] of cell $auto$proc_dlatch.cc:427:proc_dlatch$1171 ($dlatch)
    port Q[0] of cell $auto$proc_dlatch.cc:427:proc_dlatch$1193 ($dlatch)
    port Q[0] of cell $auto$proc_dlatch.cc:427:proc_dlatch$1215 ($dlatch)
    port Q[0] of cell $auto$proc_dlatch.cc:427:proc_dlatch$1237 ($dlatch)
Warning: multiple conflicting drivers for $paramod$fa799df0e717c308775c4f8dfa29494b0bf7198b\LOBA_SPLIT.\kh [2]:
    port Q[2] of cell $auto$proc_dlatch.cc:427:proc_dlatch$1138 ($dlatch)
    port Q[2] of cell $auto$proc_dlatch.cc:427:proc_dlatch$1160 ($dlatch)
    port Q[2] of cell $auto$proc_dlatch.cc:427:proc_dlatch$1182 ($dlatch)
    port Q[2] of cell $auto$proc_dlatch.cc:427:proc_dlatch$1204 ($dlatch)
    port Q[2] of cell $auto$proc_dlatch.cc:427:proc_dlatch$1226 ($dlatch)
Warning: multiple conflicting drivers for $paramod$fa799df0e717c308775c4f8dfa29494b0bf7198b\LOBA_SPLIT.\kh [1]:
    port Q[1] of cell $auto$proc_dlatch.cc:427:proc_dlatch$1138 ($dlatch)
    port Q[1] of cell $auto$proc_dlatch.cc:427:proc_dlatch$1160 ($dlatch)
    port Q[1] of cell $auto$proc_dlatch.cc:427:proc_dlatch$1182 ($dlatch)
    port Q[1] of cell $auto$proc_dlatch.cc:427:proc_dlatch$1204 ($dlatch)
    port Q[1] of cell $auto$proc_dlatch.cc:427:proc_dlatch$1226 ($dlatch)
Warning: multiple conflicting drivers for $paramod$fa799df0e717c308775c4f8dfa29494b0bf7198b\LOBA_SPLIT.\kh [0]:
    port Q[0] of cell $auto$proc_dlatch.cc:427:proc_dlatch$1138 ($dlatch)
    port Q[0] of cell $auto$proc_dlatch.cc:427:proc_dlatch$1160 ($dlatch)
    port Q[0] of cell $auto$proc_dlatch.cc:427:proc_dlatch$1182 ($dlatch)
    port Q[0] of cell $auto$proc_dlatch.cc:427:proc_dlatch$1204 ($dlatch)
    port Q[0] of cell $auto$proc_dlatch.cc:427:proc_dlatch$1226 ($dlatch)
Checking module $paramod\LOBA_LOB\N=s32'00000000000000000000000000001000...
Checking module $paramod\LOBA_LOB\N=s32'00000000000000000000000000010000...
Checking module $paramod\LOBA_LOWER\N=s32'00000000000000000000000000001000...
Warning: multiple conflicting drivers for $paramod\LOBA_LOWER\N=s32'00000000000000000000000000001000.\out [7]:
    port Q[7] of cell $auto$proc_dlatch.cc:427:proc_dlatch$1050 ($dlatch)
    port Q[7] of cell $auto$proc_dlatch.cc:427:proc_dlatch$1061 ($dlatch)
    port Q[7] of cell $auto$proc_dlatch.cc:427:proc_dlatch$1072 ($dlatch)
    port Q[7] of cell $auto$proc_dlatch.cc:427:proc_dlatch$1083 ($dlatch)
    port Q[7] of cell $auto$proc_dlatch.cc:427:proc_dlatch$1094 ($dlatch)
    port Q[7] of cell $auto$proc_dlatch.cc:427:proc_dlatch$1105 ($dlatch)
    port Q[7] of cell $auto$proc_dlatch.cc:427:proc_dlatch$1116 ($dlatch)
    port Q[7] of cell $auto$proc_dlatch.cc:427:proc_dlatch$1127 ($dlatch)
Warning: multiple conflicting drivers for $paramod\LOBA_LOWER\N=s32'00000000000000000000000000001000.\out [6]:
    port Q[6] of cell $auto$proc_dlatch.cc:427:proc_dlatch$1050 ($dlatch)
    port Q[6] of cell $auto$proc_dlatch.cc:427:proc_dlatch$1061 ($dlatch)
    port Q[6] of cell $auto$proc_dlatch.cc:427:proc_dlatch$1072 ($dlatch)
    port Q[6] of cell $auto$proc_dlatch.cc:427:proc_dlatch$1083 ($dlatch)
    port Q[6] of cell $auto$proc_dlatch.cc:427:proc_dlatch$1094 ($dlatch)
    port Q[6] of cell $auto$proc_dlatch.cc:427:proc_dlatch$1105 ($dlatch)
    port Q[6] of cell $auto$proc_dlatch.cc:427:proc_dlatch$1116 ($dlatch)
    port Q[6] of cell $auto$proc_dlatch.cc:427:proc_dlatch$1127 ($dlatch)
Warning: multiple conflicting drivers for $paramod\LOBA_LOWER\N=s32'00000000000000000000000000001000.\out [5]:
    port Q[5] of cell $auto$proc_dlatch.cc:427:proc_dlatch$1050 ($dlatch)
    port Q[5] of cell $auto$proc_dlatch.cc:427:proc_dlatch$1061 ($dlatch)
    port Q[5] of cell $auto$proc_dlatch.cc:427:proc_dlatch$1072 ($dlatch)
    port Q[5] of cell $auto$proc_dlatch.cc:427:proc_dlatch$1083 ($dlatch)
    port Q[5] of cell $auto$proc_dlatch.cc:427:proc_dlatch$1094 ($dlatch)
    port Q[5] of cell $auto$proc_dlatch.cc:427:proc_dlatch$1105 ($dlatch)
    port Q[5] of cell $auto$proc_dlatch.cc:427:proc_dlatch$1116 ($dlatch)
    port Q[5] of cell $auto$proc_dlatch.cc:427:proc_dlatch$1127 ($dlatch)
Warning: multiple conflicting drivers for $paramod\LOBA_LOWER\N=s32'00000000000000000000000000001000.\out [4]:
    port Q[4] of cell $auto$proc_dlatch.cc:427:proc_dlatch$1050 ($dlatch)
    port Q[4] of cell $auto$proc_dlatch.cc:427:proc_dlatch$1061 ($dlatch)
    port Q[4] of cell $auto$proc_dlatch.cc:427:proc_dlatch$1072 ($dlatch)
    port Q[4] of cell $auto$proc_dlatch.cc:427:proc_dlatch$1083 ($dlatch)
    port Q[4] of cell $auto$proc_dlatch.cc:427:proc_dlatch$1094 ($dlatch)
    port Q[4] of cell $auto$proc_dlatch.cc:427:proc_dlatch$1105 ($dlatch)
    port Q[4] of cell $auto$proc_dlatch.cc:427:proc_dlatch$1116 ($dlatch)
    port Q[4] of cell $auto$proc_dlatch.cc:427:proc_dlatch$1127 ($dlatch)
Warning: multiple conflicting drivers for $paramod\LOBA_LOWER\N=s32'00000000000000000000000000001000.\out [3]:
    port Q[3] of cell $auto$proc_dlatch.cc:427:proc_dlatch$1050 ($dlatch)
    port Q[3] of cell $auto$proc_dlatch.cc:427:proc_dlatch$1061 ($dlatch)
    port Q[3] of cell $auto$proc_dlatch.cc:427:proc_dlatch$1072 ($dlatch)
    port Q[3] of cell $auto$proc_dlatch.cc:427:proc_dlatch$1083 ($dlatch)
    port Q[3] of cell $auto$proc_dlatch.cc:427:proc_dlatch$1094 ($dlatch)
    port Q[3] of cell $auto$proc_dlatch.cc:427:proc_dlatch$1105 ($dlatch)
    port Q[3] of cell $auto$proc_dlatch.cc:427:proc_dlatch$1116 ($dlatch)
    port Q[3] of cell $auto$proc_dlatch.cc:427:proc_dlatch$1127 ($dlatch)
Warning: multiple conflicting drivers for $paramod\LOBA_LOWER\N=s32'00000000000000000000000000001000.\out [2]:
    port Q[2] of cell $auto$proc_dlatch.cc:427:proc_dlatch$1050 ($dlatch)
    port Q[2] of cell $auto$proc_dlatch.cc:427:proc_dlatch$1061 ($dlatch)
    port Q[2] of cell $auto$proc_dlatch.cc:427:proc_dlatch$1072 ($dlatch)
    port Q[2] of cell $auto$proc_dlatch.cc:427:proc_dlatch$1083 ($dlatch)
    port Q[2] of cell $auto$proc_dlatch.cc:427:proc_dlatch$1094 ($dlatch)
    port Q[2] of cell $auto$proc_dlatch.cc:427:proc_dlatch$1105 ($dlatch)
    port Q[2] of cell $auto$proc_dlatch.cc:427:proc_dlatch$1116 ($dlatch)
    port Q[2] of cell $auto$proc_dlatch.cc:427:proc_dlatch$1127 ($dlatch)
Warning: multiple conflicting drivers for $paramod\LOBA_LOWER\N=s32'00000000000000000000000000001000.\out [1]:
    port Q[1] of cell $auto$proc_dlatch.cc:427:proc_dlatch$1050 ($dlatch)
    port Q[1] of cell $auto$proc_dlatch.cc:427:proc_dlatch$1061 ($dlatch)
    port Q[1] of cell $auto$proc_dlatch.cc:427:proc_dlatch$1072 ($dlatch)
    port Q[1] of cell $auto$proc_dlatch.cc:427:proc_dlatch$1083 ($dlatch)
    port Q[1] of cell $auto$proc_dlatch.cc:427:proc_dlatch$1094 ($dlatch)
    port Q[1] of cell $auto$proc_dlatch.cc:427:proc_dlatch$1105 ($dlatch)
    port Q[1] of cell $auto$proc_dlatch.cc:427:proc_dlatch$1116 ($dlatch)
    port Q[1] of cell $auto$proc_dlatch.cc:427:proc_dlatch$1127 ($dlatch)
Warning: multiple conflicting drivers for $paramod\LOBA_LOWER\N=s32'00000000000000000000000000001000.\out [0]:
    port Q[0] of cell $auto$proc_dlatch.cc:427:proc_dlatch$1050 ($dlatch)
    port Q[0] of cell $auto$proc_dlatch.cc:427:proc_dlatch$1061 ($dlatch)
    port Q[0] of cell $auto$proc_dlatch.cc:427:proc_dlatch$1072 ($dlatch)
    port Q[0] of cell $auto$proc_dlatch.cc:427:proc_dlatch$1083 ($dlatch)
    port Q[0] of cell $auto$proc_dlatch.cc:427:proc_dlatch$1094 ($dlatch)
    port Q[0] of cell $auto$proc_dlatch.cc:427:proc_dlatch$1105 ($dlatch)
    port Q[0] of cell $auto$proc_dlatch.cc:427:proc_dlatch$1116 ($dlatch)
    port Q[0] of cell $auto$proc_dlatch.cc:427:proc_dlatch$1127 ($dlatch)
Checking module $paramod\LOBA_LOWER\N=s32'00000000000000000000000000010000...
Warning: multiple conflicting drivers for $paramod\LOBA_LOWER\N=s32'00000000000000000000000000010000.\out [15]:
    port Q[15] of cell $auto$proc_dlatch.cc:427:proc_dlatch$1248 ($dlatch)
    port Q[15] of cell $auto$proc_dlatch.cc:427:proc_dlatch$1259 ($dlatch)
    port Q[15] of cell $auto$proc_dlatch.cc:427:proc_dlatch$1270 ($dlatch)
    port Q[15] of cell $auto$proc_dlatch.cc:427:proc_dlatch$1281 ($dlatch)
    port Q[15] of cell $auto$proc_dlatch.cc:427:proc_dlatch$1292 ($dlatch)
    port Q[15] of cell $auto$proc_dlatch.cc:427:proc_dlatch$1303 ($dlatch)
    port Q[15] of cell $auto$proc_dlatch.cc:427:proc_dlatch$1314 ($dlatch)
    port Q[15] of cell $auto$proc_dlatch.cc:427:proc_dlatch$1325 ($dlatch)
    port Q[15] of cell $auto$proc_dlatch.cc:427:proc_dlatch$1336 ($dlatch)
    port Q[15] of cell $auto$proc_dlatch.cc:427:proc_dlatch$1347 ($dlatch)
    port Q[15] of cell $auto$proc_dlatch.cc:427:proc_dlatch$1358 ($dlatch)
    port Q[15] of cell $auto$proc_dlatch.cc:427:proc_dlatch$1369 ($dlatch)
    port Q[15] of cell $auto$proc_dlatch.cc:427:proc_dlatch$1380 ($dlatch)
    port Q[15] of cell $auto$proc_dlatch.cc:427:proc_dlatch$1391 ($dlatch)
    port Q[15] of cell $auto$proc_dlatch.cc:427:proc_dlatch$1402 ($dlatch)
    port Q[15] of cell $auto$proc_dlatch.cc:427:proc_dlatch$1413 ($dlatch)
Warning: multiple conflicting drivers for $paramod\LOBA_LOWER\N=s32'00000000000000000000000000010000.\out [14]:
    port Q[14] of cell $auto$proc_dlatch.cc:427:proc_dlatch$1248 ($dlatch)
    port Q[14] of cell $auto$proc_dlatch.cc:427:proc_dlatch$1259 ($dlatch)
    port Q[14] of cell $auto$proc_dlatch.cc:427:proc_dlatch$1270 ($dlatch)
    port Q[14] of cell $auto$proc_dlatch.cc:427:proc_dlatch$1281 ($dlatch)
    port Q[14] of cell $auto$proc_dlatch.cc:427:proc_dlatch$1292 ($dlatch)
    port Q[14] of cell $auto$proc_dlatch.cc:427:proc_dlatch$1303 ($dlatch)
    port Q[14] of cell $auto$proc_dlatch.cc:427:proc_dlatch$1314 ($dlatch)
    port Q[14] of cell $auto$proc_dlatch.cc:427:proc_dlatch$1325 ($dlatch)
    port Q[14] of cell $auto$proc_dlatch.cc:427:proc_dlatch$1336 ($dlatch)
    port Q[14] of cell $auto$proc_dlatch.cc:427:proc_dlatch$1347 ($dlatch)
    port Q[14] of cell $auto$proc_dlatch.cc:427:proc_dlatch$1358 ($dlatch)
    port Q[14] of cell $auto$proc_dlatch.cc:427:proc_dlatch$1369 ($dlatch)
    port Q[14] of cell $auto$proc_dlatch.cc:427:proc_dlatch$1380 ($dlatch)
    port Q[14] of cell $auto$proc_dlatch.cc:427:proc_dlatch$1391 ($dlatch)
    port Q[14] of cell $auto$proc_dlatch.cc:427:proc_dlatch$1402 ($dlatch)
    port Q[14] of cell $auto$proc_dlatch.cc:427:proc_dlatch$1413 ($dlatch)
Warning: multiple conflicting drivers for $paramod\LOBA_LOWER\N=s32'00000000000000000000000000010000.\out [13]:
    port Q[13] of cell $auto$proc_dlatch.cc:427:proc_dlatch$1248 ($dlatch)
    port Q[13] of cell $auto$proc_dlatch.cc:427:proc_dlatch$1259 ($dlatch)
    port Q[13] of cell $auto$proc_dlatch.cc:427:proc_dlatch$1270 ($dlatch)
    port Q[13] of cell $auto$proc_dlatch.cc:427:proc_dlatch$1281 ($dlatch)
    port Q[13] of cell $auto$proc_dlatch.cc:427:proc_dlatch$1292 ($dlatch)
    port Q[13] of cell $auto$proc_dlatch.cc:427:proc_dlatch$1303 ($dlatch)
    port Q[13] of cell $auto$proc_dlatch.cc:427:proc_dlatch$1314 ($dlatch)
    port Q[13] of cell $auto$proc_dlatch.cc:427:proc_dlatch$1325 ($dlatch)
    port Q[13] of cell $auto$proc_dlatch.cc:427:proc_dlatch$1336 ($dlatch)
    port Q[13] of cell $auto$proc_dlatch.cc:427:proc_dlatch$1347 ($dlatch)
    port Q[13] of cell $auto$proc_dlatch.cc:427:proc_dlatch$1358 ($dlatch)
    port Q[13] of cell $auto$proc_dlatch.cc:427:proc_dlatch$1369 ($dlatch)
    port Q[13] of cell $auto$proc_dlatch.cc:427:proc_dlatch$1380 ($dlatch)
    port Q[13] of cell $auto$proc_dlatch.cc:427:proc_dlatch$1391 ($dlatch)
    port Q[13] of cell $auto$proc_dlatch.cc:427:proc_dlatch$1402 ($dlatch)
    port Q[13] of cell $auto$proc_dlatch.cc:427:proc_dlatch$1413 ($dlatch)
Warning: multiple conflicting drivers for $paramod\LOBA_LOWER\N=s32'00000000000000000000000000010000.\out [12]:
    port Q[12] of cell $auto$proc_dlatch.cc:427:proc_dlatch$1248 ($dlatch)
    port Q[12] of cell $auto$proc_dlatch.cc:427:proc_dlatch$1259 ($dlatch)
    port Q[12] of cell $auto$proc_dlatch.cc:427:proc_dlatch$1270 ($dlatch)
    port Q[12] of cell $auto$proc_dlatch.cc:427:proc_dlatch$1281 ($dlatch)
    port Q[12] of cell $auto$proc_dlatch.cc:427:proc_dlatch$1292 ($dlatch)
    port Q[12] of cell $auto$proc_dlatch.cc:427:proc_dlatch$1303 ($dlatch)
    port Q[12] of cell $auto$proc_dlatch.cc:427:proc_dlatch$1314 ($dlatch)
    port Q[12] of cell $auto$proc_dlatch.cc:427:proc_dlatch$1325 ($dlatch)
    port Q[12] of cell $auto$proc_dlatch.cc:427:proc_dlatch$1336 ($dlatch)
    port Q[12] of cell $auto$proc_dlatch.cc:427:proc_dlatch$1347 ($dlatch)
    port Q[12] of cell $auto$proc_dlatch.cc:427:proc_dlatch$1358 ($dlatch)
    port Q[12] of cell $auto$proc_dlatch.cc:427:proc_dlatch$1369 ($dlatch)
    port Q[12] of cell $auto$proc_dlatch.cc:427:proc_dlatch$1380 ($dlatch)
    port Q[12] of cell $auto$proc_dlatch.cc:427:proc_dlatch$1391 ($dlatch)
    port Q[12] of cell $auto$proc_dlatch.cc:427:proc_dlatch$1402 ($dlatch)
    port Q[12] of cell $auto$proc_dlatch.cc:427:proc_dlatch$1413 ($dlatch)
Warning: multiple conflicting drivers for $paramod\LOBA_LOWER\N=s32'00000000000000000000000000010000.\out [11]:
    port Q[11] of cell $auto$proc_dlatch.cc:427:proc_dlatch$1248 ($dlatch)
    port Q[11] of cell $auto$proc_dlatch.cc:427:proc_dlatch$1259 ($dlatch)
    port Q[11] of cell $auto$proc_dlatch.cc:427:proc_dlatch$1270 ($dlatch)
    port Q[11] of cell $auto$proc_dlatch.cc:427:proc_dlatch$1281 ($dlatch)
    port Q[11] of cell $auto$proc_dlatch.cc:427:proc_dlatch$1292 ($dlatch)
    port Q[11] of cell $auto$proc_dlatch.cc:427:proc_dlatch$1303 ($dlatch)
    port Q[11] of cell $auto$proc_dlatch.cc:427:proc_dlatch$1314 ($dlatch)
    port Q[11] of cell $auto$proc_dlatch.cc:427:proc_dlatch$1325 ($dlatch)
    port Q[11] of cell $auto$proc_dlatch.cc:427:proc_dlatch$1336 ($dlatch)
    port Q[11] of cell $auto$proc_dlatch.cc:427:proc_dlatch$1347 ($dlatch)
    port Q[11] of cell $auto$proc_dlatch.cc:427:proc_dlatch$1358 ($dlatch)
    port Q[11] of cell $auto$proc_dlatch.cc:427:proc_dlatch$1369 ($dlatch)
    port Q[11] of cell $auto$proc_dlatch.cc:427:proc_dlatch$1380 ($dlatch)
    port Q[11] of cell $auto$proc_dlatch.cc:427:proc_dlatch$1391 ($dlatch)
    port Q[11] of cell $auto$proc_dlatch.cc:427:proc_dlatch$1402 ($dlatch)
    port Q[11] of cell $auto$proc_dlatch.cc:427:proc_dlatch$1413 ($dlatch)
Warning: multiple conflicting drivers for $paramod\LOBA_LOWER\N=s32'00000000000000000000000000010000.\out [10]:
    port Q[10] of cell $auto$proc_dlatch.cc:427:proc_dlatch$1248 ($dlatch)
    port Q[10] of cell $auto$proc_dlatch.cc:427:proc_dlatch$1259 ($dlatch)
    port Q[10] of cell $auto$proc_dlatch.cc:427:proc_dlatch$1270 ($dlatch)
    port Q[10] of cell $auto$proc_dlatch.cc:427:proc_dlatch$1281 ($dlatch)
    port Q[10] of cell $auto$proc_dlatch.cc:427:proc_dlatch$1292 ($dlatch)
    port Q[10] of cell $auto$proc_dlatch.cc:427:proc_dlatch$1303 ($dlatch)
    port Q[10] of cell $auto$proc_dlatch.cc:427:proc_dlatch$1314 ($dlatch)
    port Q[10] of cell $auto$proc_dlatch.cc:427:proc_dlatch$1325 ($dlatch)
    port Q[10] of cell $auto$proc_dlatch.cc:427:proc_dlatch$1336 ($dlatch)
    port Q[10] of cell $auto$proc_dlatch.cc:427:proc_dlatch$1347 ($dlatch)
    port Q[10] of cell $auto$proc_dlatch.cc:427:proc_dlatch$1358 ($dlatch)
    port Q[10] of cell $auto$proc_dlatch.cc:427:proc_dlatch$1369 ($dlatch)
    port Q[10] of cell $auto$proc_dlatch.cc:427:proc_dlatch$1380 ($dlatch)
    port Q[10] of cell $auto$proc_dlatch.cc:427:proc_dlatch$1391 ($dlatch)
    port Q[10] of cell $auto$proc_dlatch.cc:427:proc_dlatch$1402 ($dlatch)
    port Q[10] of cell $auto$proc_dlatch.cc:427:proc_dlatch$1413 ($dlatch)
Warning: multiple conflicting drivers for $paramod\LOBA_LOWER\N=s32'00000000000000000000000000010000.\out [9]:
    port Q[9] of cell $auto$proc_dlatch.cc:427:proc_dlatch$1248 ($dlatch)
    port Q[9] of cell $auto$proc_dlatch.cc:427:proc_dlatch$1259 ($dlatch)
    port Q[9] of cell $auto$proc_dlatch.cc:427:proc_dlatch$1270 ($dlatch)
    port Q[9] of cell $auto$proc_dlatch.cc:427:proc_dlatch$1281 ($dlatch)
    port Q[9] of cell $auto$proc_dlatch.cc:427:proc_dlatch$1292 ($dlatch)
    port Q[9] of cell $auto$proc_dlatch.cc:427:proc_dlatch$1303 ($dlatch)
    port Q[9] of cell $auto$proc_dlatch.cc:427:proc_dlatch$1314 ($dlatch)
    port Q[9] of cell $auto$proc_dlatch.cc:427:proc_dlatch$1325 ($dlatch)
    port Q[9] of cell $auto$proc_dlatch.cc:427:proc_dlatch$1336 ($dlatch)
    port Q[9] of cell $auto$proc_dlatch.cc:427:proc_dlatch$1347 ($dlatch)
    port Q[9] of cell $auto$proc_dlatch.cc:427:proc_dlatch$1358 ($dlatch)
    port Q[9] of cell $auto$proc_dlatch.cc:427:proc_dlatch$1369 ($dlatch)
    port Q[9] of cell $auto$proc_dlatch.cc:427:proc_dlatch$1380 ($dlatch)
    port Q[9] of cell $auto$proc_dlatch.cc:427:proc_dlatch$1391 ($dlatch)
    port Q[9] of cell $auto$proc_dlatch.cc:427:proc_dlatch$1402 ($dlatch)
    port Q[9] of cell $auto$proc_dlatch.cc:427:proc_dlatch$1413 ($dlatch)
Warning: multiple conflicting drivers for $paramod\LOBA_LOWER\N=s32'00000000000000000000000000010000.\out [8]:
    port Q[8] of cell $auto$proc_dlatch.cc:427:proc_dlatch$1248 ($dlatch)
    port Q[8] of cell $auto$proc_dlatch.cc:427:proc_dlatch$1259 ($dlatch)
    port Q[8] of cell $auto$proc_dlatch.cc:427:proc_dlatch$1270 ($dlatch)
    port Q[8] of cell $auto$proc_dlatch.cc:427:proc_dlatch$1281 ($dlatch)
    port Q[8] of cell $auto$proc_dlatch.cc:427:proc_dlatch$1292 ($dlatch)
    port Q[8] of cell $auto$proc_dlatch.cc:427:proc_dlatch$1303 ($dlatch)
    port Q[8] of cell $auto$proc_dlatch.cc:427:proc_dlatch$1314 ($dlatch)
    port Q[8] of cell $auto$proc_dlatch.cc:427:proc_dlatch$1325 ($dlatch)
    port Q[8] of cell $auto$proc_dlatch.cc:427:proc_dlatch$1336 ($dlatch)
    port Q[8] of cell $auto$proc_dlatch.cc:427:proc_dlatch$1347 ($dlatch)
    port Q[8] of cell $auto$proc_dlatch.cc:427:proc_dlatch$1358 ($dlatch)
    port Q[8] of cell $auto$proc_dlatch.cc:427:proc_dlatch$1369 ($dlatch)
    port Q[8] of cell $auto$proc_dlatch.cc:427:proc_dlatch$1380 ($dlatch)
    port Q[8] of cell $auto$proc_dlatch.cc:427:proc_dlatch$1391 ($dlatch)
    port Q[8] of cell $auto$proc_dlatch.cc:427:proc_dlatch$1402 ($dlatch)
    port Q[8] of cell $auto$proc_dlatch.cc:427:proc_dlatch$1413 ($dlatch)
Warning: multiple conflicting drivers for $paramod\LOBA_LOWER\N=s32'00000000000000000000000000010000.\out [7]:
    port Q[7] of cell $auto$proc_dlatch.cc:427:proc_dlatch$1248 ($dlatch)
    port Q[7] of cell $auto$proc_dlatch.cc:427:proc_dlatch$1259 ($dlatch)
    port Q[7] of cell $auto$proc_dlatch.cc:427:proc_dlatch$1270 ($dlatch)
    port Q[7] of cell $auto$proc_dlatch.cc:427:proc_dlatch$1281 ($dlatch)
    port Q[7] of cell $auto$proc_dlatch.cc:427:proc_dlatch$1292 ($dlatch)
    port Q[7] of cell $auto$proc_dlatch.cc:427:proc_dlatch$1303 ($dlatch)
    port Q[7] of cell $auto$proc_dlatch.cc:427:proc_dlatch$1314 ($dlatch)
    port Q[7] of cell $auto$proc_dlatch.cc:427:proc_dlatch$1325 ($dlatch)
    port Q[7] of cell $auto$proc_dlatch.cc:427:proc_dlatch$1336 ($dlatch)
    port Q[7] of cell $auto$proc_dlatch.cc:427:proc_dlatch$1347 ($dlatch)
    port Q[7] of cell $auto$proc_dlatch.cc:427:proc_dlatch$1358 ($dlatch)
    port Q[7] of cell $auto$proc_dlatch.cc:427:proc_dlatch$1369 ($dlatch)
    port Q[7] of cell $auto$proc_dlatch.cc:427:proc_dlatch$1380 ($dlatch)
    port Q[7] of cell $auto$proc_dlatch.cc:427:proc_dlatch$1391 ($dlatch)
    port Q[7] of cell $auto$proc_dlatch.cc:427:proc_dlatch$1402 ($dlatch)
    port Q[7] of cell $auto$proc_dlatch.cc:427:proc_dlatch$1413 ($dlatch)
Warning: multiple conflicting drivers for $paramod\LOBA_LOWER\N=s32'00000000000000000000000000010000.\out [6]:
    port Q[6] of cell $auto$proc_dlatch.cc:427:proc_dlatch$1248 ($dlatch)
    port Q[6] of cell $auto$proc_dlatch.cc:427:proc_dlatch$1259 ($dlatch)
    port Q[6] of cell $auto$proc_dlatch.cc:427:proc_dlatch$1270 ($dlatch)
    port Q[6] of cell $auto$proc_dlatch.cc:427:proc_dlatch$1281 ($dlatch)
    port Q[6] of cell $auto$proc_dlatch.cc:427:proc_dlatch$1292 ($dlatch)
    port Q[6] of cell $auto$proc_dlatch.cc:427:proc_dlatch$1303 ($dlatch)
    port Q[6] of cell $auto$proc_dlatch.cc:427:proc_dlatch$1314 ($dlatch)
    port Q[6] of cell $auto$proc_dlatch.cc:427:proc_dlatch$1325 ($dlatch)
    port Q[6] of cell $auto$proc_dlatch.cc:427:proc_dlatch$1336 ($dlatch)
    port Q[6] of cell $auto$proc_dlatch.cc:427:proc_dlatch$1347 ($dlatch)
    port Q[6] of cell $auto$proc_dlatch.cc:427:proc_dlatch$1358 ($dlatch)
    port Q[6] of cell $auto$proc_dlatch.cc:427:proc_dlatch$1369 ($dlatch)
    port Q[6] of cell $auto$proc_dlatch.cc:427:proc_dlatch$1380 ($dlatch)
    port Q[6] of cell $auto$proc_dlatch.cc:427:proc_dlatch$1391 ($dlatch)
    port Q[6] of cell $auto$proc_dlatch.cc:427:proc_dlatch$1402 ($dlatch)
    port Q[6] of cell $auto$proc_dlatch.cc:427:proc_dlatch$1413 ($dlatch)
Warning: multiple conflicting drivers for $paramod\LOBA_LOWER\N=s32'00000000000000000000000000010000.\out [5]:
    port Q[5] of cell $auto$proc_dlatch.cc:427:proc_dlatch$1248 ($dlatch)
    port Q[5] of cell $auto$proc_dlatch.cc:427:proc_dlatch$1259 ($dlatch)
    port Q[5] of cell $auto$proc_dlatch.cc:427:proc_dlatch$1270 ($dlatch)
    port Q[5] of cell $auto$proc_dlatch.cc:427:proc_dlatch$1281 ($dlatch)
    port Q[5] of cell $auto$proc_dlatch.cc:427:proc_dlatch$1292 ($dlatch)
    port Q[5] of cell $auto$proc_dlatch.cc:427:proc_dlatch$1303 ($dlatch)
    port Q[5] of cell $auto$proc_dlatch.cc:427:proc_dlatch$1314 ($dlatch)
    port Q[5] of cell $auto$proc_dlatch.cc:427:proc_dlatch$1325 ($dlatch)
    port Q[5] of cell $auto$proc_dlatch.cc:427:proc_dlatch$1336 ($dlatch)
    port Q[5] of cell $auto$proc_dlatch.cc:427:proc_dlatch$1347 ($dlatch)
    port Q[5] of cell $auto$proc_dlatch.cc:427:proc_dlatch$1358 ($dlatch)
    port Q[5] of cell $auto$proc_dlatch.cc:427:proc_dlatch$1369 ($dlatch)
    port Q[5] of cell $auto$proc_dlatch.cc:427:proc_dlatch$1380 ($dlatch)
    port Q[5] of cell $auto$proc_dlatch.cc:427:proc_dlatch$1391 ($dlatch)
    port Q[5] of cell $auto$proc_dlatch.cc:427:proc_dlatch$1402 ($dlatch)
    port Q[5] of cell $auto$proc_dlatch.cc:427:proc_dlatch$1413 ($dlatch)
Warning: multiple conflicting drivers for $paramod\LOBA_LOWER\N=s32'00000000000000000000000000010000.\out [4]:
    port Q[4] of cell $auto$proc_dlatch.cc:427:proc_dlatch$1248 ($dlatch)
    port Q[4] of cell $auto$proc_dlatch.cc:427:proc_dlatch$1259 ($dlatch)
    port Q[4] of cell $auto$proc_dlatch.cc:427:proc_dlatch$1270 ($dlatch)
    port Q[4] of cell $auto$proc_dlatch.cc:427:proc_dlatch$1281 ($dlatch)
    port Q[4] of cell $auto$proc_dlatch.cc:427:proc_dlatch$1292 ($dlatch)
    port Q[4] of cell $auto$proc_dlatch.cc:427:proc_dlatch$1303 ($dlatch)
    port Q[4] of cell $auto$proc_dlatch.cc:427:proc_dlatch$1314 ($dlatch)
    port Q[4] of cell $auto$proc_dlatch.cc:427:proc_dlatch$1325 ($dlatch)
    port Q[4] of cell $auto$proc_dlatch.cc:427:proc_dlatch$1336 ($dlatch)
    port Q[4] of cell $auto$proc_dlatch.cc:427:proc_dlatch$1347 ($dlatch)
    port Q[4] of cell $auto$proc_dlatch.cc:427:proc_dlatch$1358 ($dlatch)
    port Q[4] of cell $auto$proc_dlatch.cc:427:proc_dlatch$1369 ($dlatch)
    port Q[4] of cell $auto$proc_dlatch.cc:427:proc_dlatch$1380 ($dlatch)
    port Q[4] of cell $auto$proc_dlatch.cc:427:proc_dlatch$1391 ($dlatch)
    port Q[4] of cell $auto$proc_dlatch.cc:427:proc_dlatch$1402 ($dlatch)
    port Q[4] of cell $auto$proc_dlatch.cc:427:proc_dlatch$1413 ($dlatch)
Warning: multiple conflicting drivers for $paramod\LOBA_LOWER\N=s32'00000000000000000000000000010000.\out [3]:
    port Q[3] of cell $auto$proc_dlatch.cc:427:proc_dlatch$1248 ($dlatch)
    port Q[3] of cell $auto$proc_dlatch.cc:427:proc_dlatch$1259 ($dlatch)
    port Q[3] of cell $auto$proc_dlatch.cc:427:proc_dlatch$1270 ($dlatch)
    port Q[3] of cell $auto$proc_dlatch.cc:427:proc_dlatch$1281 ($dlatch)
    port Q[3] of cell $auto$proc_dlatch.cc:427:proc_dlatch$1292 ($dlatch)
    port Q[3] of cell $auto$proc_dlatch.cc:427:proc_dlatch$1303 ($dlatch)
    port Q[3] of cell $auto$proc_dlatch.cc:427:proc_dlatch$1314 ($dlatch)
    port Q[3] of cell $auto$proc_dlatch.cc:427:proc_dlatch$1325 ($dlatch)
    port Q[3] of cell $auto$proc_dlatch.cc:427:proc_dlatch$1336 ($dlatch)
    port Q[3] of cell $auto$proc_dlatch.cc:427:proc_dlatch$1347 ($dlatch)
    port Q[3] of cell $auto$proc_dlatch.cc:427:proc_dlatch$1358 ($dlatch)
    port Q[3] of cell $auto$proc_dlatch.cc:427:proc_dlatch$1369 ($dlatch)
    port Q[3] of cell $auto$proc_dlatch.cc:427:proc_dlatch$1380 ($dlatch)
    port Q[3] of cell $auto$proc_dlatch.cc:427:proc_dlatch$1391 ($dlatch)
    port Q[3] of cell $auto$proc_dlatch.cc:427:proc_dlatch$1402 ($dlatch)
    port Q[3] of cell $auto$proc_dlatch.cc:427:proc_dlatch$1413 ($dlatch)
Warning: multiple conflicting drivers for $paramod\LOBA_LOWER\N=s32'00000000000000000000000000010000.\out [2]:
    port Q[2] of cell $auto$proc_dlatch.cc:427:proc_dlatch$1248 ($dlatch)
    port Q[2] of cell $auto$proc_dlatch.cc:427:proc_dlatch$1259 ($dlatch)
    port Q[2] of cell $auto$proc_dlatch.cc:427:proc_dlatch$1270 ($dlatch)
    port Q[2] of cell $auto$proc_dlatch.cc:427:proc_dlatch$1281 ($dlatch)
    port Q[2] of cell $auto$proc_dlatch.cc:427:proc_dlatch$1292 ($dlatch)
    port Q[2] of cell $auto$proc_dlatch.cc:427:proc_dlatch$1303 ($dlatch)
    port Q[2] of cell $auto$proc_dlatch.cc:427:proc_dlatch$1314 ($dlatch)
    port Q[2] of cell $auto$proc_dlatch.cc:427:proc_dlatch$1325 ($dlatch)
    port Q[2] of cell $auto$proc_dlatch.cc:427:proc_dlatch$1336 ($dlatch)
    port Q[2] of cell $auto$proc_dlatch.cc:427:proc_dlatch$1347 ($dlatch)
    port Q[2] of cell $auto$proc_dlatch.cc:427:proc_dlatch$1358 ($dlatch)
    port Q[2] of cell $auto$proc_dlatch.cc:427:proc_dlatch$1369 ($dlatch)
    port Q[2] of cell $auto$proc_dlatch.cc:427:proc_dlatch$1380 ($dlatch)
    port Q[2] of cell $auto$proc_dlatch.cc:427:proc_dlatch$1391 ($dlatch)
    port Q[2] of cell $auto$proc_dlatch.cc:427:proc_dlatch$1402 ($dlatch)
    port Q[2] of cell $auto$proc_dlatch.cc:427:proc_dlatch$1413 ($dlatch)
Warning: multiple conflicting drivers for $paramod\LOBA_LOWER\N=s32'00000000000000000000000000010000.\out [1]:
    port Q[1] of cell $auto$proc_dlatch.cc:427:proc_dlatch$1248 ($dlatch)
    port Q[1] of cell $auto$proc_dlatch.cc:427:proc_dlatch$1259 ($dlatch)
    port Q[1] of cell $auto$proc_dlatch.cc:427:proc_dlatch$1270 ($dlatch)
    port Q[1] of cell $auto$proc_dlatch.cc:427:proc_dlatch$1281 ($dlatch)
    port Q[1] of cell $auto$proc_dlatch.cc:427:proc_dlatch$1292 ($dlatch)
    port Q[1] of cell $auto$proc_dlatch.cc:427:proc_dlatch$1303 ($dlatch)
    port Q[1] of cell $auto$proc_dlatch.cc:427:proc_dlatch$1314 ($dlatch)
    port Q[1] of cell $auto$proc_dlatch.cc:427:proc_dlatch$1325 ($dlatch)
    port Q[1] of cell $auto$proc_dlatch.cc:427:proc_dlatch$1336 ($dlatch)
    port Q[1] of cell $auto$proc_dlatch.cc:427:proc_dlatch$1347 ($dlatch)
    port Q[1] of cell $auto$proc_dlatch.cc:427:proc_dlatch$1358 ($dlatch)
    port Q[1] of cell $auto$proc_dlatch.cc:427:proc_dlatch$1369 ($dlatch)
    port Q[1] of cell $auto$proc_dlatch.cc:427:proc_dlatch$1380 ($dlatch)
    port Q[1] of cell $auto$proc_dlatch.cc:427:proc_dlatch$1391 ($dlatch)
    port Q[1] of cell $auto$proc_dlatch.cc:427:proc_dlatch$1402 ($dlatch)
    port Q[1] of cell $auto$proc_dlatch.cc:427:proc_dlatch$1413 ($dlatch)
Warning: multiple conflicting drivers for $paramod\LOBA_LOWER\N=s32'00000000000000000000000000010000.\out [0]:
    port Q[0] of cell $auto$proc_dlatch.cc:427:proc_dlatch$1248 ($dlatch)
    port Q[0] of cell $auto$proc_dlatch.cc:427:proc_dlatch$1259 ($dlatch)
    port Q[0] of cell $auto$proc_dlatch.cc:427:proc_dlatch$1270 ($dlatch)
    port Q[0] of cell $auto$proc_dlatch.cc:427:proc_dlatch$1281 ($dlatch)
    port Q[0] of cell $auto$proc_dlatch.cc:427:proc_dlatch$1292 ($dlatch)
    port Q[0] of cell $auto$proc_dlatch.cc:427:proc_dlatch$1303 ($dlatch)
    port Q[0] of cell $auto$proc_dlatch.cc:427:proc_dlatch$1314 ($dlatch)
    port Q[0] of cell $auto$proc_dlatch.cc:427:proc_dlatch$1325 ($dlatch)
    port Q[0] of cell $auto$proc_dlatch.cc:427:proc_dlatch$1336 ($dlatch)
    port Q[0] of cell $auto$proc_dlatch.cc:427:proc_dlatch$1347 ($dlatch)
    port Q[0] of cell $auto$proc_dlatch.cc:427:proc_dlatch$1358 ($dlatch)
    port Q[0] of cell $auto$proc_dlatch.cc:427:proc_dlatch$1369 ($dlatch)
    port Q[0] of cell $auto$proc_dlatch.cc:427:proc_dlatch$1380 ($dlatch)
    port Q[0] of cell $auto$proc_dlatch.cc:427:proc_dlatch$1391 ($dlatch)
    port Q[0] of cell $auto$proc_dlatch.cc:427:proc_dlatch$1402 ($dlatch)
    port Q[0] of cell $auto$proc_dlatch.cc:427:proc_dlatch$1413 ($dlatch)
Checking module neuron_intra_Nbits...
Found and reported 38 problems.

10.6. Executing OPT pass (performing simple optimizations).

10.6.1. Executing OPT_EXPR pass (perform const folding).
Optimizing module $paramod$a07b09e41c3d89959fdd140bdec9a7cc3f3fd22e\LOBA0s.
Optimizing module $paramod$a07b09e41c3d89959fdd140bdec9a7cc3f3fd22e\LOBA0u.
Optimizing module $paramod$a07b09e41c3d89959fdd140bdec9a7cc3f3fd22e\LOBA_MUX.
Optimizing module $paramod$a07b09e41c3d89959fdd140bdec9a7cc3f3fd22e\LOBA_SPLIT.
Optimizing module $paramod$fa799df0e717c308775c4f8dfa29494b0bf7198b\LOBA0s.
Optimizing module $paramod$fa799df0e717c308775c4f8dfa29494b0bf7198b\LOBA0u.
Optimizing module $paramod$fa799df0e717c308775c4f8dfa29494b0bf7198b\LOBA_MUX.
Optimizing module $paramod$fa799df0e717c308775c4f8dfa29494b0bf7198b\LOBA_SPLIT.
Optimizing module $paramod\LOBA_LOB\N=s32'00000000000000000000000000001000.
Optimizing module $paramod\LOBA_LOB\N=s32'00000000000000000000000000010000.
Optimizing module $paramod\LOBA_LOWER\N=s32'00000000000000000000000000001000.
Optimizing module $paramod\LOBA_LOWER\N=s32'00000000000000000000000000010000.
Optimizing module neuron_intra_Nbits.

10.6.2. Executing OPT_MERGE pass (detect identical cells).
Finding identical cells in module `$paramod$a07b09e41c3d89959fdd140bdec9a7cc3f3fd22e\LOBA0s'.
Finding identical cells in module `$paramod$a07b09e41c3d89959fdd140bdec9a7cc3f3fd22e\LOBA0u'.
Finding identical cells in module `$paramod$a07b09e41c3d89959fdd140bdec9a7cc3f3fd22e\LOBA_MUX'.
Finding identical cells in module `$paramod$a07b09e41c3d89959fdd140bdec9a7cc3f3fd22e\LOBA_SPLIT'.
Finding identical cells in module `$paramod$fa799df0e717c308775c4f8dfa29494b0bf7198b\LOBA0s'.
Finding identical cells in module `$paramod$fa799df0e717c308775c4f8dfa29494b0bf7198b\LOBA0u'.
Finding identical cells in module `$paramod$fa799df0e717c308775c4f8dfa29494b0bf7198b\LOBA_MUX'.
Finding identical cells in module `$paramod$fa799df0e717c308775c4f8dfa29494b0bf7198b\LOBA_SPLIT'.
Finding identical cells in module `$paramod\LOBA_LOB\N=s32'00000000000000000000000000001000'.
Finding identical cells in module `$paramod\LOBA_LOB\N=s32'00000000000000000000000000010000'.
Finding identical cells in module `$paramod\LOBA_LOWER\N=s32'00000000000000000000000000001000'.
Finding identical cells in module `$paramod\LOBA_LOWER\N=s32'00000000000000000000000000010000'.
Finding identical cells in module `\neuron_intra_Nbits'.
Removed a total of 0 cells.

10.6.3. Executing OPT_MUXTREE pass (detect dead branches in mux trees).
Running muxtree optimizer on module $paramod$a07b09e41c3d89959fdd140bdec9a7cc3f3fd22e\LOBA0s..
  Creating internal representation of mux trees.
  Evaluating internal representation of mux trees.
      Replacing known input bits on port A of cell $ternary$/home/juliana/venv_pytorch/lib/python3.12/site-packages/MAxPy/vlib/AxArith/multipliers/LOBA.v:18$718: { 16'0000000000000000 \a } -> { 17'00000000000000000 \a [14:0] }
      Replacing known input bits on port A of cell $ternary$/home/juliana/venv_pytorch/lib/python3.12/site-packages/MAxPy/vlib/AxArith/multipliers/LOBA.v:19$723: { 16'0000000000000000 \b } -> { 17'00000000000000000 \b [14:0] }
  Analyzing evaluation results.
Running muxtree optimizer on module $paramod$a07b09e41c3d89959fdd140bdec9a7cc3f3fd22e\LOBA0u..
  Creating internal representation of mux trees.
  No muxes found in this module.
Running muxtree optimizer on module $paramod$a07b09e41c3d89959fdd140bdec9a7cc3f3fd22e\LOBA_MUX..
  Creating internal representation of mux trees.
  Evaluating internal representation of mux trees.
  Analyzing evaluation results.
Running muxtree optimizer on module $paramod$a07b09e41c3d89959fdd140bdec9a7cc3f3fd22e\LOBA_SPLIT..
  Creating internal representation of mux trees.
  No muxes found in this module.
Running muxtree optimizer on module $paramod$fa799df0e717c308775c4f8dfa29494b0bf7198b\LOBA0s..
  Creating internal representation of mux trees.
  Evaluating internal representation of mux trees.
      Replacing known input bits on port A of cell $ternary$/home/juliana/venv_pytorch/lib/python3.12/site-packages/MAxPy/vlib/AxArith/multipliers/LOBA.v:18$732: { 24'000000000000000000000000 \a } -> { 25'0000000000000000000000000 \a [6:0] }
      Replacing known input bits on port A of cell $ternary$/home/juliana/venv_pytorch/lib/python3.12/site-packages/MAxPy/vlib/AxArith/multipliers/LOBA.v:19$737: { 24'000000000000000000000000 \b } -> { 25'0000000000000000000000000 \b [6:0] }
  Analyzing evaluation results.
Running muxtree optimizer on module $paramod$fa799df0e717c308775c4f8dfa29494b0bf7198b\LOBA0u..
  Creating internal representation of mux trees.
  No muxes found in this module.
Running muxtree optimizer on module $paramod$fa799df0e717c308775c4f8dfa29494b0bf7198b\LOBA_MUX..
  Creating internal representation of mux trees.
  Evaluating internal representation of mux trees.
  Analyzing evaluation results.
Running muxtree optimizer on module $paramod$fa799df0e717c308775c4f8dfa29494b0bf7198b\LOBA_SPLIT..
  Creating internal representation of mux trees.
  No muxes found in this module.
Running muxtree optimizer on module $paramod\LOBA_LOB\N=s32'00000000000000000000000000001000..
  Creating internal representation of mux trees.
  Evaluating internal representation of mux trees.
  Analyzing evaluation results.
Running muxtree optimizer on module $paramod\LOBA_LOB\N=s32'00000000000000000000000000010000..
  Creating internal representation of mux trees.
  Evaluating internal representation of mux trees.
  Analyzing evaluation results.
Running muxtree optimizer on module $paramod\LOBA_LOWER\N=s32'00000000000000000000000000001000..
  Creating internal representation of mux trees.
  No muxes found in this module.
Running muxtree optimizer on module $paramod\LOBA_LOWER\N=s32'00000000000000000000000000010000..
  Creating internal representation of mux trees.
  No muxes found in this module.
Running muxtree optimizer on module \neuron_intra_Nbits..
  Creating internal representation of mux trees.
  Evaluating internal representation of mux trees.
  Analyzing evaluation results.
Removed 0 multiplexer ports.
<suppressed ~32 debug messages>

10.6.4. Executing OPT_REDUCE pass (consolidate $*mux and $reduce_* inputs).
  Optimizing cells in module $paramod$a07b09e41c3d89959fdd140bdec9a7cc3f3fd22e\LOBA0s.
  Optimizing cells in module $paramod$a07b09e41c3d89959fdd140bdec9a7cc3f3fd22e\LOBA0u.
  Optimizing cells in module $paramod$a07b09e41c3d89959fdd140bdec9a7cc3f3fd22e\LOBA_MUX.
  Optimizing cells in module $paramod$a07b09e41c3d89959fdd140bdec9a7cc3f3fd22e\LOBA_SPLIT.
  Optimizing cells in module $paramod$fa799df0e717c308775c4f8dfa29494b0bf7198b\LOBA0s.
  Optimizing cells in module $paramod$fa799df0e717c308775c4f8dfa29494b0bf7198b\LOBA0u.
  Optimizing cells in module $paramod$fa799df0e717c308775c4f8dfa29494b0bf7198b\LOBA_MUX.
  Optimizing cells in module $paramod$fa799df0e717c308775c4f8dfa29494b0bf7198b\LOBA_SPLIT.
  Optimizing cells in module $paramod\LOBA_LOB\N=s32'00000000000000000000000000001000.
  Optimizing cells in module $paramod\LOBA_LOB\N=s32'00000000000000000000000000010000.
  Optimizing cells in module $paramod\LOBA_LOWER\N=s32'00000000000000000000000000001000.
  Optimizing cells in module $paramod\LOBA_LOWER\N=s32'00000000000000000000000000010000.
  Optimizing cells in module \neuron_intra_Nbits.
Performed a total of 0 changes.

10.6.5. Executing OPT_MERGE pass (detect identical cells).
Finding identical cells in module `$paramod$a07b09e41c3d89959fdd140bdec9a7cc3f3fd22e\LOBA0s'.
Finding identical cells in module `$paramod$a07b09e41c3d89959fdd140bdec9a7cc3f3fd22e\LOBA0u'.
Finding identical cells in module `$paramod$a07b09e41c3d89959fdd140bdec9a7cc3f3fd22e\LOBA_MUX'.
Finding identical cells in module `$paramod$a07b09e41c3d89959fdd140bdec9a7cc3f3fd22e\LOBA_SPLIT'.
Finding identical cells in module `$paramod$fa799df0e717c308775c4f8dfa29494b0bf7198b\LOBA0s'.
Finding identical cells in module `$paramod$fa799df0e717c308775c4f8dfa29494b0bf7198b\LOBA0u'.
Finding identical cells in module `$paramod$fa799df0e717c308775c4f8dfa29494b0bf7198b\LOBA_MUX'.
Finding identical cells in module `$paramod$fa799df0e717c308775c4f8dfa29494b0bf7198b\LOBA_SPLIT'.
Finding identical cells in module `$paramod\LOBA_LOB\N=s32'00000000000000000000000000001000'.
Finding identical cells in module `$paramod\LOBA_LOB\N=s32'00000000000000000000000000010000'.
Finding identical cells in module `$paramod\LOBA_LOWER\N=s32'00000000000000000000000000001000'.
Finding identical cells in module `$paramod\LOBA_LOWER\N=s32'00000000000000000000000000010000'.
Finding identical cells in module `\neuron_intra_Nbits'.
Removed a total of 0 cells.

10.6.6. Executing OPT_CLEAN pass (remove unused cells and wires).
Finding unused cells or wires in module $paramod$a07b09e41c3d89959fdd140bdec9a7cc3f3fd22e\LOBA0s..
Finding unused cells or wires in module $paramod$a07b09e41c3d89959fdd140bdec9a7cc3f3fd22e\LOBA0u..
Finding unused cells or wires in module $paramod$a07b09e41c3d89959fdd140bdec9a7cc3f3fd22e\LOBA_MUX..
Finding unused cells or wires in module $paramod$a07b09e41c3d89959fdd140bdec9a7cc3f3fd22e\LOBA_SPLIT..
Finding unused cells or wires in module $paramod$fa799df0e717c308775c4f8dfa29494b0bf7198b\LOBA0s..
Finding unused cells or wires in module $paramod$fa799df0e717c308775c4f8dfa29494b0bf7198b\LOBA0u..
Finding unused cells or wires in module $paramod$fa799df0e717c308775c4f8dfa29494b0bf7198b\LOBA_MUX..
Finding unused cells or wires in module $paramod$fa799df0e717c308775c4f8dfa29494b0bf7198b\LOBA_SPLIT..
Finding unused cells or wires in module $paramod\LOBA_LOB\N=s32'00000000000000000000000000001000..
Finding unused cells or wires in module $paramod\LOBA_LOB\N=s32'00000000000000000000000000010000..
Finding unused cells or wires in module $paramod\LOBA_LOWER\N=s32'00000000000000000000000000001000..
Finding unused cells or wires in module $paramod\LOBA_LOWER\N=s32'00000000000000000000000000010000..
Finding unused cells or wires in module \neuron_intra_Nbits..

10.6.7. Executing OPT_EXPR pass (perform const folding).
Optimizing module $paramod$a07b09e41c3d89959fdd140bdec9a7cc3f3fd22e\LOBA0s.
Optimizing module $paramod$a07b09e41c3d89959fdd140bdec9a7cc3f3fd22e\LOBA0u.
Optimizing module $paramod$a07b09e41c3d89959fdd140bdec9a7cc3f3fd22e\LOBA_MUX.
Optimizing module $paramod$a07b09e41c3d89959fdd140bdec9a7cc3f3fd22e\LOBA_SPLIT.
Optimizing module $paramod$fa799df0e717c308775c4f8dfa29494b0bf7198b\LOBA0s.
Optimizing module $paramod$fa799df0e717c308775c4f8dfa29494b0bf7198b\LOBA0u.
Optimizing module $paramod$fa799df0e717c308775c4f8dfa29494b0bf7198b\LOBA_MUX.
Optimizing module $paramod$fa799df0e717c308775c4f8dfa29494b0bf7198b\LOBA_SPLIT.
Optimizing module $paramod\LOBA_LOB\N=s32'00000000000000000000000000001000.
Optimizing module $paramod\LOBA_LOB\N=s32'00000000000000000000000000010000.
Optimizing module $paramod\LOBA_LOWER\N=s32'00000000000000000000000000001000.
Optimizing module $paramod\LOBA_LOWER\N=s32'00000000000000000000000000010000.
Optimizing module neuron_intra_Nbits.

10.6.8. Finished OPT passes. (There is nothing left to do.)

10.7. Executing WREDUCE pass (reducing word size of cells).
Removed top 16 bits (of 32) from port A of cell $paramod$a07b09e41c3d89959fdd140bdec9a7cc3f3fd22e\LOBA0s.$not$/home/juliana/venv_pytorch/lib/python3.12/site-packages/MAxPy/vlib/AxArith/multipliers/LOBA.v:18$715 ($not).
Removed top 31 bits (of 32) from port B of cell $paramod$a07b09e41c3d89959fdd140bdec9a7cc3f3fd22e\LOBA0s.$add$/home/juliana/venv_pytorch/lib/python3.12/site-packages/MAxPy/vlib/AxArith/multipliers/LOBA.v:18$716 ($add).
Removed top 16 bits (of 32) from mux cell $paramod$a07b09e41c3d89959fdd140bdec9a7cc3f3fd22e\LOBA0s.$ternary$/home/juliana/venv_pytorch/lib/python3.12/site-packages/MAxPy/vlib/AxArith/multipliers/LOBA.v:18$718 ($mux).
Removed top 16 bits (of 32) from port A of cell $paramod$a07b09e41c3d89959fdd140bdec9a7cc3f3fd22e\LOBA0s.$not$/home/juliana/venv_pytorch/lib/python3.12/site-packages/MAxPy/vlib/AxArith/multipliers/LOBA.v:19$720 ($not).
Removed top 31 bits (of 32) from port B of cell $paramod$a07b09e41c3d89959fdd140bdec9a7cc3f3fd22e\LOBA0s.$add$/home/juliana/venv_pytorch/lib/python3.12/site-packages/MAxPy/vlib/AxArith/multipliers/LOBA.v:19$721 ($add).
Removed top 16 bits (of 32) from mux cell $paramod$a07b09e41c3d89959fdd140bdec9a7cc3f3fd22e\LOBA0s.$ternary$/home/juliana/venv_pytorch/lib/python3.12/site-packages/MAxPy/vlib/AxArith/multipliers/LOBA.v:19$723 ($mux).
Removed top 31 bits (of 32) from port B of cell $paramod$a07b09e41c3d89959fdd140bdec9a7cc3f3fd22e\LOBA0s.$add$/home/juliana/venv_pytorch/lib/python3.12/site-packages/MAxPy/vlib/AxArith/multipliers/LOBA.v:21$726 ($add).
Removed top 16 bits (of 32) from port Y of cell $paramod$a07b09e41c3d89959fdd140bdec9a7cc3f3fd22e\LOBA0s.$add$/home/juliana/venv_pytorch/lib/python3.12/site-packages/MAxPy/vlib/AxArith/multipliers/LOBA.v:18$716 ($add).
Removed top 16 bits (of 32) from port A of cell $paramod$a07b09e41c3d89959fdd140bdec9a7cc3f3fd22e\LOBA0s.$add$/home/juliana/venv_pytorch/lib/python3.12/site-packages/MAxPy/vlib/AxArith/multipliers/LOBA.v:18$716 ($add).
Removed top 16 bits (of 32) from port Y of cell $paramod$a07b09e41c3d89959fdd140bdec9a7cc3f3fd22e\LOBA0s.$add$/home/juliana/venv_pytorch/lib/python3.12/site-packages/MAxPy/vlib/AxArith/multipliers/LOBA.v:19$721 ($add).
Removed top 16 bits (of 32) from port A of cell $paramod$a07b09e41c3d89959fdd140bdec9a7cc3f3fd22e\LOBA0s.$add$/home/juliana/venv_pytorch/lib/python3.12/site-packages/MAxPy/vlib/AxArith/multipliers/LOBA.v:19$721 ($add).
Removed top 16 bits (of 32) from port Y of cell $paramod$a07b09e41c3d89959fdd140bdec9a7cc3f3fd22e\LOBA0s.$not$/home/juliana/venv_pytorch/lib/python3.12/site-packages/MAxPy/vlib/AxArith/multipliers/LOBA.v:18$715 ($not).
Removed top 16 bits (of 32) from port Y of cell $paramod$a07b09e41c3d89959fdd140bdec9a7cc3f3fd22e\LOBA0s.$not$/home/juliana/venv_pytorch/lib/python3.12/site-packages/MAxPy/vlib/AxArith/multipliers/LOBA.v:19$720 ($not).
Removed top 16 bits (of 32) from wire $paramod$a07b09e41c3d89959fdd140bdec9a7cc3f3fd22e\LOBA0s.$add$/home/juliana/venv_pytorch/lib/python3.12/site-packages/MAxPy/vlib/AxArith/multipliers/LOBA.v:18$716_Y.
Removed top 16 bits (of 32) from wire $paramod$a07b09e41c3d89959fdd140bdec9a7cc3f3fd22e\LOBA0s.$add$/home/juliana/venv_pytorch/lib/python3.12/site-packages/MAxPy/vlib/AxArith/multipliers/LOBA.v:19$721_Y.
Removed top 16 bits (of 32) from wire $paramod$a07b09e41c3d89959fdd140bdec9a7cc3f3fd22e\LOBA0s.$not$/home/juliana/venv_pytorch/lib/python3.12/site-packages/MAxPy/vlib/AxArith/multipliers/LOBA.v:19$720_Y.
Removed top 24 bits (of 32) from port Y of cell $paramod$a07b09e41c3d89959fdd140bdec9a7cc3f3fd22e\LOBA0u.$mul$/home/juliana/venv_pytorch/lib/python3.12/site-packages/MAxPy/vlib/AxArith/multipliers/LOBA.v:48$577 ($mul).
Removed top 27 bits (of 32) from port Y of cell $paramod$a07b09e41c3d89959fdd140bdec9a7cc3f3fd22e\LOBA0u.$add$/home/juliana/venv_pytorch/lib/python3.12/site-packages/MAxPy/vlib/AxArith/multipliers/LOBA.v:48$578 ($add).
Removed top 27 bits (of 32) from port A of cell $paramod$a07b09e41c3d89959fdd140bdec9a7cc3f3fd22e\LOBA0u.$sub$/home/juliana/venv_pytorch/lib/python3.12/site-packages/MAxPy/vlib/AxArith/multipliers/LOBA.v:48$579 ($sub).
Removed top 29 bits (of 32) from port B of cell $paramod$a07b09e41c3d89959fdd140bdec9a7cc3f3fd22e\LOBA0u.$sub$/home/juliana/venv_pytorch/lib/python3.12/site-packages/MAxPy/vlib/AxArith/multipliers/LOBA.v:48$579 ($sub).
Removed top 26 bits (of 32) from port Y of cell $paramod$a07b09e41c3d89959fdd140bdec9a7cc3f3fd22e\LOBA0u.$sub$/home/juliana/venv_pytorch/lib/python3.12/site-packages/MAxPy/vlib/AxArith/multipliers/LOBA.v:48$579 ($sub).
Removed top 24 bits (of 32) from port A of cell $paramod$a07b09e41c3d89959fdd140bdec9a7cc3f3fd22e\LOBA0u.$shl$/home/juliana/venv_pytorch/lib/python3.12/site-packages/MAxPy/vlib/AxArith/multipliers/LOBA.v:48$580 ($shl).
Removed top 27 bits (of 32) from wire $paramod$a07b09e41c3d89959fdd140bdec9a7cc3f3fd22e\LOBA0u.$add$/home/juliana/venv_pytorch/lib/python3.12/site-packages/MAxPy/vlib/AxArith/multipliers/LOBA.v:48$578_Y.
Removed top 24 bits (of 32) from wire $paramod$a07b09e41c3d89959fdd140bdec9a7cc3f3fd22e\LOBA0u.$mul$/home/juliana/venv_pytorch/lib/python3.12/site-packages/MAxPy/vlib/AxArith/multipliers/LOBA.v:48$577_Y.
Removed top 2 bits (of 4) from port B of cell $paramod$a07b09e41c3d89959fdd140bdec9a7cc3f3fd22e\LOBA_MUX.$eq$/home/juliana/venv_pytorch/lib/python3.12/site-packages/MAxPy/vlib/AxArith/multipliers/LOBA.v:274$654 ($eq).
Removed top 1 bits (of 4) from port B of cell $paramod$a07b09e41c3d89959fdd140bdec9a7cc3f3fd22e\LOBA_MUX.$eq$/home/juliana/venv_pytorch/lib/python3.12/site-packages/MAxPy/vlib/AxArith/multipliers/LOBA.v:274$655 ($eq).
Removed top 1 bits (of 4) from port B of cell $paramod$a07b09e41c3d89959fdd140bdec9a7cc3f3fd22e\LOBA_MUX.$eq$/home/juliana/venv_pytorch/lib/python3.12/site-packages/MAxPy/vlib/AxArith/multipliers/LOBA.v:274$656 ($eq).
Removed top 1 bits (of 4) from port B of cell $paramod$a07b09e41c3d89959fdd140bdec9a7cc3f3fd22e\LOBA_MUX.$eq$/home/juliana/venv_pytorch/lib/python3.12/site-packages/MAxPy/vlib/AxArith/multipliers/LOBA.v:274$657 ($eq).
Removed top 1 bits (of 4) from port B of cell $paramod$a07b09e41c3d89959fdd140bdec9a7cc3f3fd22e\LOBA_MUX.$eq$/home/juliana/venv_pytorch/lib/python3.12/site-packages/MAxPy/vlib/AxArith/multipliers/LOBA.v:274$658 ($eq).
Removed top 29 bits (of 32) from port B of cell $paramod$a07b09e41c3d89959fdd140bdec9a7cc3f3fd22e\LOBA_SPLIT.$sub$/home/juliana/venv_pytorch/lib/python3.12/site-packages/MAxPy/vlib/AxArith/multipliers/LOBA.v:244$581 ($sub).
Removed top 28 bits (of 32) from port Y of cell $paramod$a07b09e41c3d89959fdd140bdec9a7cc3f3fd22e\LOBA_SPLIT.$sub$/home/juliana/venv_pytorch/lib/python3.12/site-packages/MAxPy/vlib/AxArith/multipliers/LOBA.v:244$581 ($sub).
Removed top 28 bits (of 32) from wire $paramod$a07b09e41c3d89959fdd140bdec9a7cc3f3fd22e\LOBA_SPLIT.$sub$/home/juliana/venv_pytorch/lib/python3.12/site-packages/MAxPy/vlib/AxArith/multipliers/LOBA.v:244$581_Y.
Removed top 4 bits (of 16) from wire $paramod$a07b09e41c3d89959fdd140bdec9a7cc3f3fd22e\LOBA_SPLIT.lobl.
Removed top 24 bits (of 32) from port A of cell $paramod$fa799df0e717c308775c4f8dfa29494b0bf7198b\LOBA0s.$not$/home/juliana/venv_pytorch/lib/python3.12/site-packages/MAxPy/vlib/AxArith/multipliers/LOBA.v:18$729 ($not).
Removed top 31 bits (of 32) from port B of cell $paramod$fa799df0e717c308775c4f8dfa29494b0bf7198b\LOBA0s.$add$/home/juliana/venv_pytorch/lib/python3.12/site-packages/MAxPy/vlib/AxArith/multipliers/LOBA.v:18$730 ($add).
Removed top 24 bits (of 32) from mux cell $paramod$fa799df0e717c308775c4f8dfa29494b0bf7198b\LOBA0s.$ternary$/home/juliana/venv_pytorch/lib/python3.12/site-packages/MAxPy/vlib/AxArith/multipliers/LOBA.v:18$732 ($mux).
Removed top 24 bits (of 32) from port A of cell $paramod$fa799df0e717c308775c4f8dfa29494b0bf7198b\LOBA0s.$not$/home/juliana/venv_pytorch/lib/python3.12/site-packages/MAxPy/vlib/AxArith/multipliers/LOBA.v:19$734 ($not).
Removed top 31 bits (of 32) from port B of cell $paramod$fa799df0e717c308775c4f8dfa29494b0bf7198b\LOBA0s.$add$/home/juliana/venv_pytorch/lib/python3.12/site-packages/MAxPy/vlib/AxArith/multipliers/LOBA.v:19$735 ($add).
Removed top 24 bits (of 32) from mux cell $paramod$fa799df0e717c308775c4f8dfa29494b0bf7198b\LOBA0s.$ternary$/home/juliana/venv_pytorch/lib/python3.12/site-packages/MAxPy/vlib/AxArith/multipliers/LOBA.v:19$737 ($mux).
Removed top 16 bits (of 32) from port A of cell $paramod$fa799df0e717c308775c4f8dfa29494b0bf7198b\LOBA0s.$not$/home/juliana/venv_pytorch/lib/python3.12/site-packages/MAxPy/vlib/AxArith/multipliers/LOBA.v:21$740 ($not).
Removed top 31 bits (of 32) from port B of cell $paramod$fa799df0e717c308775c4f8dfa29494b0bf7198b\LOBA0s.$add$/home/juliana/venv_pytorch/lib/python3.12/site-packages/MAxPy/vlib/AxArith/multipliers/LOBA.v:21$741 ($add).
Removed top 16 bits (of 32) from mux cell $paramod$fa799df0e717c308775c4f8dfa29494b0bf7198b\LOBA0s.$ternary$/home/juliana/venv_pytorch/lib/python3.12/site-packages/MAxPy/vlib/AxArith/multipliers/LOBA.v:21$743 ($mux).
Removed top 24 bits (of 32) from port Y of cell $paramod$fa799df0e717c308775c4f8dfa29494b0bf7198b\LOBA0s.$add$/home/juliana/venv_pytorch/lib/python3.12/site-packages/MAxPy/vlib/AxArith/multipliers/LOBA.v:18$730 ($add).
Removed top 24 bits (of 32) from port A of cell $paramod$fa799df0e717c308775c4f8dfa29494b0bf7198b\LOBA0s.$add$/home/juliana/venv_pytorch/lib/python3.12/site-packages/MAxPy/vlib/AxArith/multipliers/LOBA.v:18$730 ($add).
Removed top 24 bits (of 32) from port Y of cell $paramod$fa799df0e717c308775c4f8dfa29494b0bf7198b\LOBA0s.$add$/home/juliana/venv_pytorch/lib/python3.12/site-packages/MAxPy/vlib/AxArith/multipliers/LOBA.v:19$735 ($add).
Removed top 24 bits (of 32) from port A of cell $paramod$fa799df0e717c308775c4f8dfa29494b0bf7198b\LOBA0s.$add$/home/juliana/venv_pytorch/lib/python3.12/site-packages/MAxPy/vlib/AxArith/multipliers/LOBA.v:19$735 ($add).
Removed top 16 bits (of 32) from port Y of cell $paramod$fa799df0e717c308775c4f8dfa29494b0bf7198b\LOBA0s.$add$/home/juliana/venv_pytorch/lib/python3.12/site-packages/MAxPy/vlib/AxArith/multipliers/LOBA.v:21$741 ($add).
Removed top 16 bits (of 32) from port A of cell $paramod$fa799df0e717c308775c4f8dfa29494b0bf7198b\LOBA0s.$add$/home/juliana/venv_pytorch/lib/python3.12/site-packages/MAxPy/vlib/AxArith/multipliers/LOBA.v:21$741 ($add).
Removed top 24 bits (of 32) from port Y of cell $paramod$fa799df0e717c308775c4f8dfa29494b0bf7198b\LOBA0s.$not$/home/juliana/venv_pytorch/lib/python3.12/site-packages/MAxPy/vlib/AxArith/multipliers/LOBA.v:18$729 ($not).
Removed top 24 bits (of 32) from port Y of cell $paramod$fa799df0e717c308775c4f8dfa29494b0bf7198b\LOBA0s.$not$/home/juliana/venv_pytorch/lib/python3.12/site-packages/MAxPy/vlib/AxArith/multipliers/LOBA.v:19$734 ($not).
Removed top 16 bits (of 32) from port Y of cell $paramod$fa799df0e717c308775c4f8dfa29494b0bf7198b\LOBA0s.$not$/home/juliana/venv_pytorch/lib/python3.12/site-packages/MAxPy/vlib/AxArith/multipliers/LOBA.v:21$740 ($not).
Removed top 24 bits (of 32) from wire $paramod$fa799df0e717c308775c4f8dfa29494b0bf7198b\LOBA0s.$add$/home/juliana/venv_pytorch/lib/python3.12/site-packages/MAxPy/vlib/AxArith/multipliers/LOBA.v:18$730_Y.
Removed top 24 bits (of 32) from wire $paramod$fa799df0e717c308775c4f8dfa29494b0bf7198b\LOBA0s.$add$/home/juliana/venv_pytorch/lib/python3.12/site-packages/MAxPy/vlib/AxArith/multipliers/LOBA.v:19$735_Y.
Removed top 16 bits (of 32) from wire $paramod$fa799df0e717c308775c4f8dfa29494b0bf7198b\LOBA0s.$add$/home/juliana/venv_pytorch/lib/python3.12/site-packages/MAxPy/vlib/AxArith/multipliers/LOBA.v:21$741_Y.
Removed top 24 bits (of 32) from wire $paramod$fa799df0e717c308775c4f8dfa29494b0bf7198b\LOBA0s.$not$/home/juliana/venv_pytorch/lib/python3.12/site-packages/MAxPy/vlib/AxArith/multipliers/LOBA.v:18$729_Y.
Removed top 29 bits (of 32) from port B of cell $paramod$fa799df0e717c308775c4f8dfa29494b0bf7198b\LOBA0u.$sub$/home/juliana/venv_pytorch/lib/python3.12/site-packages/MAxPy/vlib/AxArith/multipliers/LOBA.v:48$765 ($sub).
Removed top 28 bits (of 32) from port Y of cell $paramod$fa799df0e717c308775c4f8dfa29494b0bf7198b\LOBA0u.$add$/home/juliana/venv_pytorch/lib/python3.12/site-packages/MAxPy/vlib/AxArith/multipliers/LOBA.v:48$764 ($add).
Removed top 8 bits (of 16) from port Y of cell $paramod$fa799df0e717c308775c4f8dfa29494b0bf7198b\LOBA0u.$mul$/home/juliana/venv_pytorch/lib/python3.12/site-packages/MAxPy/vlib/AxArith/multipliers/LOBA.v:48$763 ($mul).
Removed top 28 bits (of 32) from wire $paramod$fa799df0e717c308775c4f8dfa29494b0bf7198b\LOBA0u.$add$/home/juliana/venv_pytorch/lib/python3.12/site-packages/MAxPy/vlib/AxArith/multipliers/LOBA.v:48$764_Y.
Removed top 8 bits (of 16) from wire $paramod$fa799df0e717c308775c4f8dfa29494b0bf7198b\LOBA0u.$mul$/home/juliana/venv_pytorch/lib/python3.12/site-packages/MAxPy/vlib/AxArith/multipliers/LOBA.v:48$763_Y.
Removed top 1 bits (of 3) from port B of cell $paramod$fa799df0e717c308775c4f8dfa29494b0bf7198b\LOBA_MUX.$eq$/home/juliana/venv_pytorch/lib/python3.12/site-packages/MAxPy/vlib/AxArith/multipliers/LOBA.v:274$800 ($eq).
Removed top 29 bits (of 32) from port B of cell $paramod$fa799df0e717c308775c4f8dfa29494b0bf7198b\LOBA_SPLIT.$sub$/home/juliana/venv_pytorch/lib/python3.12/site-packages/MAxPy/vlib/AxArith/multipliers/LOBA.v:244$767 ($sub).
Removed top 29 bits (of 32) from port Y of cell $paramod$fa799df0e717c308775c4f8dfa29494b0bf7198b\LOBA_SPLIT.$sub$/home/juliana/venv_pytorch/lib/python3.12/site-packages/MAxPy/vlib/AxArith/multipliers/LOBA.v:244$767 ($sub).
Removed top 29 bits (of 32) from wire $paramod$fa799df0e717c308775c4f8dfa29494b0bf7198b\LOBA_SPLIT.$sub$/home/juliana/venv_pytorch/lib/python3.12/site-packages/MAxPy/vlib/AxArith/multipliers/LOBA.v:244$767_Y.
Removed top 31 bits (of 32) from mux cell $paramod\LOBA_LOB\N=s32'00000000000000000000000000001000.$ternary$/home/juliana/venv_pytorch/lib/python3.12/site-packages/MAxPy/vlib/AxArith/multipliers/LOBA.v:313$806 ($mux).
Removed top 31 bits (of 32) from mux cell $paramod\LOBA_LOB\N=s32'00000000000000000000000000001000.$ternary$/home/juliana/venv_pytorch/lib/python3.12/site-packages/MAxPy/vlib/AxArith/multipliers/LOBA.v:315$808 ($mux).
Removed top 31 bits (of 32) from mux cell $paramod\LOBA_LOB\N=s32'00000000000000000000000000001000.$ternary$/home/juliana/venv_pytorch/lib/python3.12/site-packages/MAxPy/vlib/AxArith/multipliers/LOBA.v:315$811 ($mux).
Removed top 31 bits (of 32) from mux cell $paramod\LOBA_LOB\N=s32'00000000000000000000000000001000.$ternary$/home/juliana/venv_pytorch/lib/python3.12/site-packages/MAxPy/vlib/AxArith/multipliers/LOBA.v:315$814 ($mux).
Removed top 31 bits (of 32) from mux cell $paramod\LOBA_LOB\N=s32'00000000000000000000000000001000.$ternary$/home/juliana/venv_pytorch/lib/python3.12/site-packages/MAxPy/vlib/AxArith/multipliers/LOBA.v:315$817 ($mux).
Removed top 31 bits (of 32) from mux cell $paramod\LOBA_LOB\N=s32'00000000000000000000000000001000.$ternary$/home/juliana/venv_pytorch/lib/python3.12/site-packages/MAxPy/vlib/AxArith/multipliers/LOBA.v:315$820 ($mux).
Removed top 31 bits (of 32) from mux cell $paramod\LOBA_LOB\N=s32'00000000000000000000000000001000.$ternary$/home/juliana/venv_pytorch/lib/python3.12/site-packages/MAxPy/vlib/AxArith/multipliers/LOBA.v:315$823 ($mux).
Removed top 31 bits (of 32) from wire $paramod\LOBA_LOB\N=s32'00000000000000000000000000001000.$ternary$/home/juliana/venv_pytorch/lib/python3.12/site-packages/MAxPy/vlib/AxArith/multipliers/LOBA.v:313$806_Y.
Removed top 31 bits (of 32) from wire $paramod\LOBA_LOB\N=s32'00000000000000000000000000001000.$ternary$/home/juliana/venv_pytorch/lib/python3.12/site-packages/MAxPy/vlib/AxArith/multipliers/LOBA.v:315$808_Y.
Removed top 31 bits (of 32) from wire $paramod\LOBA_LOB\N=s32'00000000000000000000000000001000.$ternary$/home/juliana/venv_pytorch/lib/python3.12/site-packages/MAxPy/vlib/AxArith/multipliers/LOBA.v:315$811_Y.
Removed top 31 bits (of 32) from wire $paramod\LOBA_LOB\N=s32'00000000000000000000000000001000.$ternary$/home/juliana/venv_pytorch/lib/python3.12/site-packages/MAxPy/vlib/AxArith/multipliers/LOBA.v:315$814_Y.
Removed top 31 bits (of 32) from wire $paramod\LOBA_LOB\N=s32'00000000000000000000000000001000.$ternary$/home/juliana/venv_pytorch/lib/python3.12/site-packages/MAxPy/vlib/AxArith/multipliers/LOBA.v:315$817_Y.
Removed top 31 bits (of 32) from wire $paramod\LOBA_LOB\N=s32'00000000000000000000000000001000.$ternary$/home/juliana/venv_pytorch/lib/python3.12/site-packages/MAxPy/vlib/AxArith/multipliers/LOBA.v:315$820_Y.
Removed top 31 bits (of 32) from wire $paramod\LOBA_LOB\N=s32'00000000000000000000000000001000.$ternary$/home/juliana/venv_pytorch/lib/python3.12/site-packages/MAxPy/vlib/AxArith/multipliers/LOBA.v:315$823_Y.
Removed top 31 bits (of 32) from mux cell $paramod\LOBA_LOB\N=s32'00000000000000000000000000010000.$ternary$/home/juliana/venv_pytorch/lib/python3.12/site-packages/MAxPy/vlib/AxArith/multipliers/LOBA.v:313$668 ($mux).
Removed top 31 bits (of 32) from mux cell $paramod\LOBA_LOB\N=s32'00000000000000000000000000010000.$ternary$/home/juliana/venv_pytorch/lib/python3.12/site-packages/MAxPy/vlib/AxArith/multipliers/LOBA.v:315$670 ($mux).
Removed top 31 bits (of 32) from mux cell $paramod\LOBA_LOB\N=s32'00000000000000000000000000010000.$ternary$/home/juliana/venv_pytorch/lib/python3.12/site-packages/MAxPy/vlib/AxArith/multipliers/LOBA.v:315$673 ($mux).
Removed top 31 bits (of 32) from mux cell $paramod\LOBA_LOB\N=s32'00000000000000000000000000010000.$ternary$/home/juliana/venv_pytorch/lib/python3.12/site-packages/MAxPy/vlib/AxArith/multipliers/LOBA.v:315$676 ($mux).
Removed top 31 bits (of 32) from mux cell $paramod\LOBA_LOB\N=s32'00000000000000000000000000010000.$ternary$/home/juliana/venv_pytorch/lib/python3.12/site-packages/MAxPy/vlib/AxArith/multipliers/LOBA.v:315$679 ($mux).
Removed top 31 bits (of 32) from mux cell $paramod\LOBA_LOB\N=s32'00000000000000000000000000010000.$ternary$/home/juliana/venv_pytorch/lib/python3.12/site-packages/MAxPy/vlib/AxArith/multipliers/LOBA.v:315$682 ($mux).
Removed top 31 bits (of 32) from mux cell $paramod\LOBA_LOB\N=s32'00000000000000000000000000010000.$ternary$/home/juliana/venv_pytorch/lib/python3.12/site-packages/MAxPy/vlib/AxArith/multipliers/LOBA.v:315$685 ($mux).
Removed top 31 bits (of 32) from mux cell $paramod\LOBA_LOB\N=s32'00000000000000000000000000010000.$ternary$/home/juliana/venv_pytorch/lib/python3.12/site-packages/MAxPy/vlib/AxArith/multipliers/LOBA.v:315$688 ($mux).
Removed top 31 bits (of 32) from mux cell $paramod\LOBA_LOB\N=s32'00000000000000000000000000010000.$ternary$/home/juliana/venv_pytorch/lib/python3.12/site-packages/MAxPy/vlib/AxArith/multipliers/LOBA.v:315$691 ($mux).
Removed top 31 bits (of 32) from mux cell $paramod\LOBA_LOB\N=s32'00000000000000000000000000010000.$ternary$/home/juliana/venv_pytorch/lib/python3.12/site-packages/MAxPy/vlib/AxArith/multipliers/LOBA.v:315$694 ($mux).
Removed top 31 bits (of 32) from mux cell $paramod\LOBA_LOB\N=s32'00000000000000000000000000010000.$ternary$/home/juliana/venv_pytorch/lib/python3.12/site-packages/MAxPy/vlib/AxArith/multipliers/LOBA.v:315$697 ($mux).
Removed top 31 bits (of 32) from mux cell $paramod\LOBA_LOB\N=s32'00000000000000000000000000010000.$ternary$/home/juliana/venv_pytorch/lib/python3.12/site-packages/MAxPy/vlib/AxArith/multipliers/LOBA.v:315$700 ($mux).
Removed top 31 bits (of 32) from mux cell $paramod\LOBA_LOB\N=s32'00000000000000000000000000010000.$ternary$/home/juliana/venv_pytorch/lib/python3.12/site-packages/MAxPy/vlib/AxArith/multipliers/LOBA.v:315$703 ($mux).
Removed top 31 bits (of 32) from mux cell $paramod\LOBA_LOB\N=s32'00000000000000000000000000010000.$ternary$/home/juliana/venv_pytorch/lib/python3.12/site-packages/MAxPy/vlib/AxArith/multipliers/LOBA.v:315$706 ($mux).
Removed top 31 bits (of 32) from mux cell $paramod\LOBA_LOB\N=s32'00000000000000000000000000010000.$ternary$/home/juliana/venv_pytorch/lib/python3.12/site-packages/MAxPy/vlib/AxArith/multipliers/LOBA.v:315$709 ($mux).
Removed top 31 bits (of 32) from wire $paramod\LOBA_LOB\N=s32'00000000000000000000000000010000.$ternary$/home/juliana/venv_pytorch/lib/python3.12/site-packages/MAxPy/vlib/AxArith/multipliers/LOBA.v:313$668_Y.
Removed top 31 bits (of 32) from wire $paramod\LOBA_LOB\N=s32'00000000000000000000000000010000.$ternary$/home/juliana/venv_pytorch/lib/python3.12/site-packages/MAxPy/vlib/AxArith/multipliers/LOBA.v:315$670_Y.
Removed top 31 bits (of 32) from wire $paramod\LOBA_LOB\N=s32'00000000000000000000000000010000.$ternary$/home/juliana/venv_pytorch/lib/python3.12/site-packages/MAxPy/vlib/AxArith/multipliers/LOBA.v:315$673_Y.
Removed top 31 bits (of 32) from wire $paramod\LOBA_LOB\N=s32'00000000000000000000000000010000.$ternary$/home/juliana/venv_pytorch/lib/python3.12/site-packages/MAxPy/vlib/AxArith/multipliers/LOBA.v:315$676_Y.
Removed top 31 bits (of 32) from wire $paramod\LOBA_LOB\N=s32'00000000000000000000000000010000.$ternary$/home/juliana/venv_pytorch/lib/python3.12/site-packages/MAxPy/vlib/AxArith/multipliers/LOBA.v:315$679_Y.
Removed top 31 bits (of 32) from wire $paramod\LOBA_LOB\N=s32'00000000000000000000000000010000.$ternary$/home/juliana/venv_pytorch/lib/python3.12/site-packages/MAxPy/vlib/AxArith/multipliers/LOBA.v:315$682_Y.
Removed top 31 bits (of 32) from wire $paramod\LOBA_LOB\N=s32'00000000000000000000000000010000.$ternary$/home/juliana/venv_pytorch/lib/python3.12/site-packages/MAxPy/vlib/AxArith/multipliers/LOBA.v:315$685_Y.
Removed top 31 bits (of 32) from wire $paramod\LOBA_LOB\N=s32'00000000000000000000000000010000.$ternary$/home/juliana/venv_pytorch/lib/python3.12/site-packages/MAxPy/vlib/AxArith/multipliers/LOBA.v:315$688_Y.
Removed top 31 bits (of 32) from wire $paramod\LOBA_LOB\N=s32'00000000000000000000000000010000.$ternary$/home/juliana/venv_pytorch/lib/python3.12/site-packages/MAxPy/vlib/AxArith/multipliers/LOBA.v:315$691_Y.
Removed top 31 bits (of 32) from wire $paramod\LOBA_LOB\N=s32'00000000000000000000000000010000.$ternary$/home/juliana/venv_pytorch/lib/python3.12/site-packages/MAxPy/vlib/AxArith/multipliers/LOBA.v:315$694_Y.
Removed top 31 bits (of 32) from wire $paramod\LOBA_LOB\N=s32'00000000000000000000000000010000.$ternary$/home/juliana/venv_pytorch/lib/python3.12/site-packages/MAxPy/vlib/AxArith/multipliers/LOBA.v:315$697_Y.
Removed top 31 bits (of 32) from wire $paramod\LOBA_LOB\N=s32'00000000000000000000000000010000.$ternary$/home/juliana/venv_pytorch/lib/python3.12/site-packages/MAxPy/vlib/AxArith/multipliers/LOBA.v:315$700_Y.
Removed top 31 bits (of 32) from wire $paramod\LOBA_LOB\N=s32'00000000000000000000000000010000.$ternary$/home/juliana/venv_pytorch/lib/python3.12/site-packages/MAxPy/vlib/AxArith/multipliers/LOBA.v:315$703_Y.
Removed top 31 bits (of 32) from wire $paramod\LOBA_LOB\N=s32'00000000000000000000000000010000.$ternary$/home/juliana/venv_pytorch/lib/python3.12/site-packages/MAxPy/vlib/AxArith/multipliers/LOBA.v:315$706_Y.
Removed top 31 bits (of 32) from wire $paramod\LOBA_LOB\N=s32'00000000000000000000000000010000.$ternary$/home/juliana/venv_pytorch/lib/python3.12/site-packages/MAxPy/vlib/AxArith/multipliers/LOBA.v:315$709_Y.
Removed top 1 bits (of 3) from port B of cell $paramod\LOBA_LOWER\N=s32'00000000000000000000000000001000.$eq$/home/juliana/venv_pytorch/lib/python3.12/site-packages/MAxPy/vlib/AxArith/multipliers/LOBA.v:294$792 ($eq).
Removed top 1 bits (of 3) from port B of cell $paramod\LOBA_LOWER\N=s32'00000000000000000000000000001000.$eq$/home/juliana/venv_pytorch/lib/python3.12/site-packages/MAxPy/vlib/AxArith/multipliers/LOBA.v:294$794 ($eq).
Removed top 2 bits (of 3) from port B of cell $paramod\LOBA_LOWER\N=s32'00000000000000000000000000001000.$eq$/home/juliana/venv_pytorch/lib/python3.12/site-packages/MAxPy/vlib/AxArith/multipliers/LOBA.v:294$796 ($eq).
Removed top 1 bits (of 4) from port B of cell $paramod\LOBA_LOWER\N=s32'00000000000000000000000000010000.$eq$/home/juliana/venv_pytorch/lib/python3.12/site-packages/MAxPy/vlib/AxArith/multipliers/LOBA.v:294$638 ($eq).
Removed top 1 bits (of 4) from port B of cell $paramod\LOBA_LOWER\N=s32'00000000000000000000000000010000.$eq$/home/juliana/venv_pytorch/lib/python3.12/site-packages/MAxPy/vlib/AxArith/multipliers/LOBA.v:294$640 ($eq).
Removed top 1 bits (of 4) from port B of cell $paramod\LOBA_LOWER\N=s32'00000000000000000000000000010000.$eq$/home/juliana/venv_pytorch/lib/python3.12/site-packages/MAxPy/vlib/AxArith/multipliers/LOBA.v:294$642 ($eq).
Removed top 1 bits (of 4) from port B of cell $paramod\LOBA_LOWER\N=s32'00000000000000000000000000010000.$eq$/home/juliana/venv_pytorch/lib/python3.12/site-packages/MAxPy/vlib/AxArith/multipliers/LOBA.v:294$644 ($eq).
Removed top 2 bits (of 4) from port B of cell $paramod\LOBA_LOWER\N=s32'00000000000000000000000000010000.$eq$/home/juliana/venv_pytorch/lib/python3.12/site-packages/MAxPy/vlib/AxArith/multipliers/LOBA.v:294$646 ($eq).
Removed top 2 bits (of 4) from port B of cell $paramod\LOBA_LOWER\N=s32'00000000000000000000000000010000.$eq$/home/juliana/venv_pytorch/lib/python3.12/site-packages/MAxPy/vlib/AxArith/multipliers/LOBA.v:294$648 ($eq).
Removed top 3 bits (of 4) from port B of cell $paramod\LOBA_LOWER\N=s32'00000000000000000000000000010000.$eq$/home/juliana/venv_pytorch/lib/python3.12/site-packages/MAxPy/vlib/AxArith/multipliers/LOBA.v:294$650 ($eq).
Removed top 4 bits (of 8) from mux cell neuron_intra_Nbits.$ternary$neuron_drums_4/neuron_intra_Nbits_LOBA0s_4/rtl/neuron_intra_Nbits.v:73$755 ($mux).

10.8. Executing OPT_CLEAN pass (remove unused cells and wires).
Finding unused cells or wires in module $paramod$a07b09e41c3d89959fdd140bdec9a7cc3f3fd22e\LOBA0s..
Finding unused cells or wires in module $paramod$a07b09e41c3d89959fdd140bdec9a7cc3f3fd22e\LOBA0u..
Finding unused cells or wires in module $paramod$a07b09e41c3d89959fdd140bdec9a7cc3f3fd22e\LOBA_MUX..
Finding unused cells or wires in module $paramod$a07b09e41c3d89959fdd140bdec9a7cc3f3fd22e\LOBA_SPLIT..
Finding unused cells or wires in module $paramod$fa799df0e717c308775c4f8dfa29494b0bf7198b\LOBA0s..
Finding unused cells or wires in module $paramod$fa799df0e717c308775c4f8dfa29494b0bf7198b\LOBA0u..
Finding unused cells or wires in module $paramod$fa799df0e717c308775c4f8dfa29494b0bf7198b\LOBA_MUX..
Finding unused cells or wires in module $paramod$fa799df0e717c308775c4f8dfa29494b0bf7198b\LOBA_SPLIT..
Finding unused cells or wires in module $paramod\LOBA_LOB\N=s32'00000000000000000000000000001000..
Finding unused cells or wires in module $paramod\LOBA_LOB\N=s32'00000000000000000000000000010000..
Finding unused cells or wires in module $paramod\LOBA_LOWER\N=s32'00000000000000000000000000001000..
Finding unused cells or wires in module $paramod\LOBA_LOWER\N=s32'00000000000000000000000000010000..
Finding unused cells or wires in module \neuron_intra_Nbits..
Removed 0 unused cells and 63 unused wires.
<suppressed ~9 debug messages>

10.9. Executing MEMORY_COLLECT pass (generating $mem cells).

10.10. Executing OPT pass (performing simple optimizations).

10.10.1. Executing OPT_EXPR pass (perform const folding).
Optimizing module $paramod$a07b09e41c3d89959fdd140bdec9a7cc3f3fd22e\LOBA0s.
Optimizing module $paramod$a07b09e41c3d89959fdd140bdec9a7cc3f3fd22e\LOBA0u.
Optimizing module $paramod$a07b09e41c3d89959fdd140bdec9a7cc3f3fd22e\LOBA_MUX.
Optimizing module $paramod$a07b09e41c3d89959fdd140bdec9a7cc3f3fd22e\LOBA_SPLIT.
Optimizing module $paramod$fa799df0e717c308775c4f8dfa29494b0bf7198b\LOBA0s.
Optimizing module $paramod$fa799df0e717c308775c4f8dfa29494b0bf7198b\LOBA0u.
Optimizing module $paramod$fa799df0e717c308775c4f8dfa29494b0bf7198b\LOBA_MUX.
Optimizing module $paramod$fa799df0e717c308775c4f8dfa29494b0bf7198b\LOBA_SPLIT.
Optimizing module $paramod\LOBA_LOB\N=s32'00000000000000000000000000001000.
Optimizing module $paramod\LOBA_LOB\N=s32'00000000000000000000000000010000.
Optimizing module $paramod\LOBA_LOWER\N=s32'00000000000000000000000000001000.
Optimizing module $paramod\LOBA_LOWER\N=s32'00000000000000000000000000010000.
Optimizing module neuron_intra_Nbits.

10.10.2. Executing OPT_MERGE pass (detect identical cells).
Finding identical cells in module `$paramod$a07b09e41c3d89959fdd140bdec9a7cc3f3fd22e\LOBA0s'.
Finding identical cells in module `$paramod$a07b09e41c3d89959fdd140bdec9a7cc3f3fd22e\LOBA0u'.
Finding identical cells in module `$paramod$a07b09e41c3d89959fdd140bdec9a7cc3f3fd22e\LOBA_MUX'.
Finding identical cells in module `$paramod$a07b09e41c3d89959fdd140bdec9a7cc3f3fd22e\LOBA_SPLIT'.
Finding identical cells in module `$paramod$fa799df0e717c308775c4f8dfa29494b0bf7198b\LOBA0s'.
Finding identical cells in module `$paramod$fa799df0e717c308775c4f8dfa29494b0bf7198b\LOBA0u'.
Finding identical cells in module `$paramod$fa799df0e717c308775c4f8dfa29494b0bf7198b\LOBA_MUX'.
Finding identical cells in module `$paramod$fa799df0e717c308775c4f8dfa29494b0bf7198b\LOBA_SPLIT'.
Finding identical cells in module `$paramod\LOBA_LOB\N=s32'00000000000000000000000000001000'.
Finding identical cells in module `$paramod\LOBA_LOB\N=s32'00000000000000000000000000010000'.
Finding identical cells in module `$paramod\LOBA_LOWER\N=s32'00000000000000000000000000001000'.
Finding identical cells in module `$paramod\LOBA_LOWER\N=s32'00000000000000000000000000010000'.
Finding identical cells in module `\neuron_intra_Nbits'.
Removed a total of 0 cells.

10.10.3. Executing OPT_CLEAN pass (remove unused cells and wires).
Finding unused cells or wires in module $paramod$a07b09e41c3d89959fdd140bdec9a7cc3f3fd22e\LOBA0s..
Finding unused cells or wires in module $paramod$a07b09e41c3d89959fdd140bdec9a7cc3f3fd22e\LOBA0u..
Finding unused cells or wires in module $paramod$a07b09e41c3d89959fdd140bdec9a7cc3f3fd22e\LOBA_MUX..
Finding unused cells or wires in module $paramod$a07b09e41c3d89959fdd140bdec9a7cc3f3fd22e\LOBA_SPLIT..
Finding unused cells or wires in module $paramod$fa799df0e717c308775c4f8dfa29494b0bf7198b\LOBA0s..
Finding unused cells or wires in module $paramod$fa799df0e717c308775c4f8dfa29494b0bf7198b\LOBA0u..
Finding unused cells or wires in module $paramod$fa799df0e717c308775c4f8dfa29494b0bf7198b\LOBA_MUX..
Finding unused cells or wires in module $paramod$fa799df0e717c308775c4f8dfa29494b0bf7198b\LOBA_SPLIT..
Finding unused cells or wires in module $paramod\LOBA_LOB\N=s32'00000000000000000000000000001000..
Finding unused cells or wires in module $paramod\LOBA_LOB\N=s32'00000000000000000000000000010000..
Finding unused cells or wires in module $paramod\LOBA_LOWER\N=s32'00000000000000000000000000001000..
Finding unused cells or wires in module $paramod\LOBA_LOWER\N=s32'00000000000000000000000000010000..
Finding unused cells or wires in module \neuron_intra_Nbits..

10.10.4. Finished fast OPT passes.

10.11. Printing statistics.

=== $paramod$a07b09e41c3d89959fdd140bdec9a7cc3f3fd22e\LOBA0s ===

   Number of wires:                 13
   Number of wire bits:            289
   Number of public wires:           7
   Number of public wire bits:     129
   Number of memories:               0
   Number of memory bits:            0
   Number of processes:              0
   Number of cells:                 11
     $add                            3
     $mux                            3
     $not                            3
     $paramod$a07b09e41c3d89959fdd140bdec9a7cc3f3fd22e\LOBA0u      1
     $xor                            1

=== $paramod$a07b09e41c3d89959fdd140bdec9a7cc3f3fd22e\LOBA0u ===

   Number of wires:                 14
   Number of wire bits:            165
   Number of public wires:          11
   Number of public wire bits:      96
   Number of memories:               0
   Number of memory bits:            0
   Number of processes:              0
   Number of cells:                  6
     $add                            1
     $mul                            1
     $paramod$a07b09e41c3d89959fdd140bdec9a7cc3f3fd22e\LOBA_SPLIT      2
     $shl                            1
     $sub                            1

=== $paramod$a07b09e41c3d89959fdd140bdec9a7cc3f3fd22e\LOBA_MUX ===

   Number of wires:                 29
   Number of wire bits:            117
   Number of public wires:           4
   Number of public wire bits:      56
   Number of memories:               0
   Number of memory bits:            0
   Number of processes:              0
   Number of cells:                 26
     $eq                            13
     $mux                           13

=== $paramod$a07b09e41c3d89959fdd140bdec9a7cc3f3fd22e\LOBA_SPLIT ===

   Number of wires:                 10
   Number of wire bits:            124
   Number of public wires:           8
   Number of public wire bits:      76
   Number of memories:               0
   Number of memory bits:            0
   Number of processes:              0
   Number of cells:                 32
     $dlatch                        26
     $paramod$a07b09e41c3d89959fdd140bdec9a7cc3f3fd22e\LOBA_MUX      2
     $paramod\LOBA_LOB\N=s32'00000000000000000000000000010000      2
     $paramod\LOBA_LOWER\N=s32'00000000000000000000000000010000      1
     $sub                            1

=== $paramod$fa799df0e717c308775c4f8dfa29494b0bf7198b\LOBA0s ===

   Number of wires:                 13
   Number of wire bits:            193
   Number of public wires:           7
   Number of public wire bits:      65
   Number of memories:               0
   Number of memory bits:            0
   Number of processes:              0
   Number of cells:                 11
     $add                            3
     $mux                            3
     $not                            3
     $paramod$fa799df0e717c308775c4f8dfa29494b0bf7198b\LOBA0u      1
     $xor                            1

=== $paramod$fa799df0e717c308775c4f8dfa29494b0bf7198b\LOBA0u ===

   Number of wires:                 14
   Number of wire bits:            112
   Number of public wires:          11
   Number of public wire bits:      60
   Number of memories:               0
   Number of memory bits:            0
   Number of processes:              0
   Number of cells:                  6
     $add                            1
     $mul                            1
     $paramod$fa799df0e717c308775c4f8dfa29494b0bf7198b\LOBA_SPLIT      2
     $shl                            1
     $sub                            1

=== $paramod$fa799df0e717c308775c4f8dfa29494b0bf7198b\LOBA_MUX ===

   Number of wires:                 13
   Number of wire bits:             68
   Number of public wires:           4
   Number of public wire bits:      47
   Number of memories:               0
   Number of memory bits:            0
   Number of processes:              0
   Number of cells:                 10
     $eq                             5
     $mux                            5

=== $paramod$fa799df0e717c308775c4f8dfa29494b0bf7198b\LOBA_SPLIT ===

   Number of wires:                  9
   Number of wire bits:             78
   Number of public wires:           8
   Number of public wire bits:      46
   Number of memories:               0
   Number of memory bits:            0
   Number of processes:              0
   Number of cells:                 16
     $dlatch                        10
     $paramod$fa799df0e717c308775c4f8dfa29494b0bf7198b\LOBA_MUX      2
     $paramod\LOBA_LOB\N=s32'00000000000000000000000000001000      2
     $paramod\LOBA_LOWER\N=s32'00000000000000000000000000001000      1
     $sub                            1

=== $paramod\LOBA_LOB\N=s32'00000000000000000000000000001000 ===

   Number of wires:                  4
   Number of wire bits:             56
   Number of public wires:           4
   Number of public wire bits:      56
   Number of memories:               0
   Number of memory bits:            0
   Number of processes:              0
   Number of cells:                 14
     $and                            7
     $mux                            7

=== $paramod\LOBA_LOB\N=s32'00000000000000000000000000010000 ===

   Number of wires:                  4
   Number of wire bits:             80
   Number of public wires:           4
   Number of public wire bits:      80
   Number of memories:               0
   Number of memory bits:            0
   Number of processes:              0
   Number of cells:                 30
     $and                           15
     $mux                           15

=== $paramod\LOBA_LOWER\N=s32'00000000000000000000000000001000 ===

   Number of wires:                 11
   Number of wire bits:             27
   Number of public wires:           3
   Number of public wire bits:      19
   Number of memories:               0
   Number of memory bits:            0
   Number of processes:              0
   Number of cells:                 16
     $dlatch                         8
     $eq                             7
     $logic_not                      1

=== $paramod\LOBA_LOWER\N=s32'00000000000000000000000000010000 ===

   Number of wires:                 19
   Number of wire bits:             52
   Number of public wires:           3
   Number of public wire bits:      36
   Number of memories:               0
   Number of memory bits:            0
   Number of processes:              0
   Number of cells:                 32
     $dlatch                        16
     $eq                            15
     $logic_not                      1

=== neuron_intra_Nbits ===

   Number of wires:                 40
   Number of wire bits:            416
   Number of public wires:          29
   Number of public wire bits:     275
   Number of memories:               0
   Number of memory bits:            0
   Number of processes:              0
   Number of cells:                 21
     $add                            7
     $adff                           2
     $gt                             1
     $mux                            3
     $paramod$fa799df0e717c308775c4f8dfa29494b0bf7198b\LOBA0s      8

=== design hierarchy ===

   neuron_intra_Nbits                1
     $paramod$fa799df0e717c308775c4f8dfa29494b0bf7198b\LOBA0s      8
       $paramod$fa799df0e717c308775c4f8dfa29494b0bf7198b\LOBA0u      1
         $paramod$fa799df0e717c308775c4f8dfa29494b0bf7198b\LOBA_SPLIT      2
           $paramod$fa799df0e717c308775c4f8dfa29494b0bf7198b\LOBA_MUX      2
           $paramod\LOBA_LOB\N=s32'00000000000000000000000000001000      2
           $paramod\LOBA_LOWER\N=s32'00000000000000000000000000001000      1

   Number of wires:               1120
   Number of wire bits:           8504
   Number of public wires:         605
   Number of public wire bits:    5611
   Number of memories:               0
   Number of memory bits:            0
   Number of processes:              0
   Number of cells:               1325
     $add                           39
     $adff                           2
     $and                          224
     $dlatch                       288
     $eq                           272
     $gt                             1
     $logic_not                     16
     $mul                            8
     $mux                          411
     $not                           24
     $shl                            8
     $sub                           24
     $xor                            8

10.12. Executing CHECK pass (checking for obvious problems).
Checking module $paramod$a07b09e41c3d89959fdd140bdec9a7cc3f3fd22e\LOBA0s...
Checking module $paramod$a07b09e41c3d89959fdd140bdec9a7cc3f3fd22e\LOBA0u...
Checking module $paramod$a07b09e41c3d89959fdd140bdec9a7cc3f3fd22e\LOBA_MUX...
Checking module $paramod$a07b09e41c3d89959fdd140bdec9a7cc3f3fd22e\LOBA_SPLIT...
Warning: multiple conflicting drivers for $paramod$a07b09e41c3d89959fdd140bdec9a7cc3f3fd22e\LOBA_SPLIT.\kl [3]:
    port Q[3] of cell $auto$proc_dlatch.cc:427:proc_dlatch$1435 ($dlatch)
    port Q[3] of cell $auto$proc_dlatch.cc:427:proc_dlatch$1457 ($dlatch)
    port Q[3] of cell $auto$proc_dlatch.cc:427:proc_dlatch$1479 ($dlatch)
    port Q[3] of cell $auto$proc_dlatch.cc:427:proc_dlatch$1501 ($dlatch)
    port Q[3] of cell $auto$proc_dlatch.cc:427:proc_dlatch$1523 ($dlatch)
    port Q[3] of cell $auto$proc_dlatch.cc:427:proc_dlatch$1545 ($dlatch)
    port Q[3] of cell $auto$proc_dlatch.cc:427:proc_dlatch$1567 ($dlatch)
    port Q[3] of cell $auto$proc_dlatch.cc:427:proc_dlatch$1589 ($dlatch)
    port Q[3] of cell $auto$proc_dlatch.cc:427:proc_dlatch$1611 ($dlatch)
    port Q[3] of cell $auto$proc_dlatch.cc:427:proc_dlatch$1633 ($dlatch)
    port Q[3] of cell $auto$proc_dlatch.cc:427:proc_dlatch$1655 ($dlatch)
    port Q[3] of cell $auto$proc_dlatch.cc:427:proc_dlatch$1677 ($dlatch)
    port Q[3] of cell $auto$proc_dlatch.cc:427:proc_dlatch$1699 ($dlatch)
Warning: multiple conflicting drivers for $paramod$a07b09e41c3d89959fdd140bdec9a7cc3f3fd22e\LOBA_SPLIT.\kl [2]:
    port Q[2] of cell $auto$proc_dlatch.cc:427:proc_dlatch$1435 ($dlatch)
    port Q[2] of cell $auto$proc_dlatch.cc:427:proc_dlatch$1457 ($dlatch)
    port Q[2] of cell $auto$proc_dlatch.cc:427:proc_dlatch$1479 ($dlatch)
    port Q[2] of cell $auto$proc_dlatch.cc:427:proc_dlatch$1501 ($dlatch)
    port Q[2] of cell $auto$proc_dlatch.cc:427:proc_dlatch$1523 ($dlatch)
    port Q[2] of cell $auto$proc_dlatch.cc:427:proc_dlatch$1545 ($dlatch)
    port Q[2] of cell $auto$proc_dlatch.cc:427:proc_dlatch$1567 ($dlatch)
    port Q[2] of cell $auto$proc_dlatch.cc:427:proc_dlatch$1589 ($dlatch)
    port Q[2] of cell $auto$proc_dlatch.cc:427:proc_dlatch$1611 ($dlatch)
    port Q[2] of cell $auto$proc_dlatch.cc:427:proc_dlatch$1633 ($dlatch)
    port Q[2] of cell $auto$proc_dlatch.cc:427:proc_dlatch$1655 ($dlatch)
    port Q[2] of cell $auto$proc_dlatch.cc:427:proc_dlatch$1677 ($dlatch)
    port Q[2] of cell $auto$proc_dlatch.cc:427:proc_dlatch$1699 ($dlatch)
Warning: multiple conflicting drivers for $paramod$a07b09e41c3d89959fdd140bdec9a7cc3f3fd22e\LOBA_SPLIT.\kl [1]:
    port Q[1] of cell $auto$proc_dlatch.cc:427:proc_dlatch$1435 ($dlatch)
    port Q[1] of cell $auto$proc_dlatch.cc:427:proc_dlatch$1457 ($dlatch)
    port Q[1] of cell $auto$proc_dlatch.cc:427:proc_dlatch$1479 ($dlatch)
    port Q[1] of cell $auto$proc_dlatch.cc:427:proc_dlatch$1501 ($dlatch)
    port Q[1] of cell $auto$proc_dlatch.cc:427:proc_dlatch$1523 ($dlatch)
    port Q[1] of cell $auto$proc_dlatch.cc:427:proc_dlatch$1545 ($dlatch)
    port Q[1] of cell $auto$proc_dlatch.cc:427:proc_dlatch$1567 ($dlatch)
    port Q[1] of cell $auto$proc_dlatch.cc:427:proc_dlatch$1589 ($dlatch)
    port Q[1] of cell $auto$proc_dlatch.cc:427:proc_dlatch$1611 ($dlatch)
    port Q[1] of cell $auto$proc_dlatch.cc:427:proc_dlatch$1633 ($dlatch)
    port Q[1] of cell $auto$proc_dlatch.cc:427:proc_dlatch$1655 ($dlatch)
    port Q[1] of cell $auto$proc_dlatch.cc:427:proc_dlatch$1677 ($dlatch)
    port Q[1] of cell $auto$proc_dlatch.cc:427:proc_dlatch$1699 ($dlatch)
Warning: multiple conflicting drivers for $paramod$a07b09e41c3d89959fdd140bdec9a7cc3f3fd22e\LOBA_SPLIT.\kl [0]:
    port Q[0] of cell $auto$proc_dlatch.cc:427:proc_dlatch$1435 ($dlatch)
    port Q[0] of cell $auto$proc_dlatch.cc:427:proc_dlatch$1457 ($dlatch)
    port Q[0] of cell $auto$proc_dlatch.cc:427:proc_dlatch$1479 ($dlatch)
    port Q[0] of cell $auto$proc_dlatch.cc:427:proc_dlatch$1501 ($dlatch)
    port Q[0] of cell $auto$proc_dlatch.cc:427:proc_dlatch$1523 ($dlatch)
    port Q[0] of cell $auto$proc_dlatch.cc:427:proc_dlatch$1545 ($dlatch)
    port Q[0] of cell $auto$proc_dlatch.cc:427:proc_dlatch$1567 ($dlatch)
    port Q[0] of cell $auto$proc_dlatch.cc:427:proc_dlatch$1589 ($dlatch)
    port Q[0] of cell $auto$proc_dlatch.cc:427:proc_dlatch$1611 ($dlatch)
    port Q[0] of cell $auto$proc_dlatch.cc:427:proc_dlatch$1633 ($dlatch)
    port Q[0] of cell $auto$proc_dlatch.cc:427:proc_dlatch$1655 ($dlatch)
    port Q[0] of cell $auto$proc_dlatch.cc:427:proc_dlatch$1677 ($dlatch)
    port Q[0] of cell $auto$proc_dlatch.cc:427:proc_dlatch$1699 ($dlatch)
Warning: multiple conflicting drivers for $paramod$a07b09e41c3d89959fdd140bdec9a7cc3f3fd22e\LOBA_SPLIT.\kh [3]:
    port Q[3] of cell $auto$proc_dlatch.cc:427:proc_dlatch$1424 ($dlatch)
    port Q[3] of cell $auto$proc_dlatch.cc:427:proc_dlatch$1446 ($dlatch)
    port Q[3] of cell $auto$proc_dlatch.cc:427:proc_dlatch$1468 ($dlatch)
    port Q[3] of cell $auto$proc_dlatch.cc:427:proc_dlatch$1490 ($dlatch)
    port Q[3] of cell $auto$proc_dlatch.cc:427:proc_dlatch$1512 ($dlatch)
    port Q[3] of cell $auto$proc_dlatch.cc:427:proc_dlatch$1534 ($dlatch)
    port Q[3] of cell $auto$proc_dlatch.cc:427:proc_dlatch$1556 ($dlatch)
    port Q[3] of cell $auto$proc_dlatch.cc:427:proc_dlatch$1578 ($dlatch)
    port Q[3] of cell $auto$proc_dlatch.cc:427:proc_dlatch$1600 ($dlatch)
    port Q[3] of cell $auto$proc_dlatch.cc:427:proc_dlatch$1622 ($dlatch)
    port Q[3] of cell $auto$proc_dlatch.cc:427:proc_dlatch$1644 ($dlatch)
    port Q[3] of cell $auto$proc_dlatch.cc:427:proc_dlatch$1666 ($dlatch)
    port Q[3] of cell $auto$proc_dlatch.cc:427:proc_dlatch$1688 ($dlatch)
Warning: multiple conflicting drivers for $paramod$a07b09e41c3d89959fdd140bdec9a7cc3f3fd22e\LOBA_SPLIT.\kh [2]:
    port Q[2] of cell $auto$proc_dlatch.cc:427:proc_dlatch$1424 ($dlatch)
    port Q[2] of cell $auto$proc_dlatch.cc:427:proc_dlatch$1446 ($dlatch)
    port Q[2] of cell $auto$proc_dlatch.cc:427:proc_dlatch$1468 ($dlatch)
    port Q[2] of cell $auto$proc_dlatch.cc:427:proc_dlatch$1490 ($dlatch)
    port Q[2] of cell $auto$proc_dlatch.cc:427:proc_dlatch$1512 ($dlatch)
    port Q[2] of cell $auto$proc_dlatch.cc:427:proc_dlatch$1534 ($dlatch)
    port Q[2] of cell $auto$proc_dlatch.cc:427:proc_dlatch$1556 ($dlatch)
    port Q[2] of cell $auto$proc_dlatch.cc:427:proc_dlatch$1578 ($dlatch)
    port Q[2] of cell $auto$proc_dlatch.cc:427:proc_dlatch$1600 ($dlatch)
    port Q[2] of cell $auto$proc_dlatch.cc:427:proc_dlatch$1622 ($dlatch)
    port Q[2] of cell $auto$proc_dlatch.cc:427:proc_dlatch$1644 ($dlatch)
    port Q[2] of cell $auto$proc_dlatch.cc:427:proc_dlatch$1666 ($dlatch)
    port Q[2] of cell $auto$proc_dlatch.cc:427:proc_dlatch$1688 ($dlatch)
Warning: multiple conflicting drivers for $paramod$a07b09e41c3d89959fdd140bdec9a7cc3f3fd22e\LOBA_SPLIT.\kh [1]:
    port Q[1] of cell $auto$proc_dlatch.cc:427:proc_dlatch$1424 ($dlatch)
    port Q[1] of cell $auto$proc_dlatch.cc:427:proc_dlatch$1446 ($dlatch)
    port Q[1] of cell $auto$proc_dlatch.cc:427:proc_dlatch$1468 ($dlatch)
    port Q[1] of cell $auto$proc_dlatch.cc:427:proc_dlatch$1490 ($dlatch)
    port Q[1] of cell $auto$proc_dlatch.cc:427:proc_dlatch$1512 ($dlatch)
    port Q[1] of cell $auto$proc_dlatch.cc:427:proc_dlatch$1534 ($dlatch)
    port Q[1] of cell $auto$proc_dlatch.cc:427:proc_dlatch$1556 ($dlatch)
    port Q[1] of cell $auto$proc_dlatch.cc:427:proc_dlatch$1578 ($dlatch)
    port Q[1] of cell $auto$proc_dlatch.cc:427:proc_dlatch$1600 ($dlatch)
    port Q[1] of cell $auto$proc_dlatch.cc:427:proc_dlatch$1622 ($dlatch)
    port Q[1] of cell $auto$proc_dlatch.cc:427:proc_dlatch$1644 ($dlatch)
    port Q[1] of cell $auto$proc_dlatch.cc:427:proc_dlatch$1666 ($dlatch)
    port Q[1] of cell $auto$proc_dlatch.cc:427:proc_dlatch$1688 ($dlatch)
Warning: multiple conflicting drivers for $paramod$a07b09e41c3d89959fdd140bdec9a7cc3f3fd22e\LOBA_SPLIT.\kh [0]:
    port Q[0] of cell $auto$proc_dlatch.cc:427:proc_dlatch$1424 ($dlatch)
    port Q[0] of cell $auto$proc_dlatch.cc:427:proc_dlatch$1446 ($dlatch)
    port Q[0] of cell $auto$proc_dlatch.cc:427:proc_dlatch$1468 ($dlatch)
    port Q[0] of cell $auto$proc_dlatch.cc:427:proc_dlatch$1490 ($dlatch)
    port Q[0] of cell $auto$proc_dlatch.cc:427:proc_dlatch$1512 ($dlatch)
    port Q[0] of cell $auto$proc_dlatch.cc:427:proc_dlatch$1534 ($dlatch)
    port Q[0] of cell $auto$proc_dlatch.cc:427:proc_dlatch$1556 ($dlatch)
    port Q[0] of cell $auto$proc_dlatch.cc:427:proc_dlatch$1578 ($dlatch)
    port Q[0] of cell $auto$proc_dlatch.cc:427:proc_dlatch$1600 ($dlatch)
    port Q[0] of cell $auto$proc_dlatch.cc:427:proc_dlatch$1622 ($dlatch)
    port Q[0] of cell $auto$proc_dlatch.cc:427:proc_dlatch$1644 ($dlatch)
    port Q[0] of cell $auto$proc_dlatch.cc:427:proc_dlatch$1666 ($dlatch)
    port Q[0] of cell $auto$proc_dlatch.cc:427:proc_dlatch$1688 ($dlatch)
Checking module $paramod$fa799df0e717c308775c4f8dfa29494b0bf7198b\LOBA0s...
Checking module $paramod$fa799df0e717c308775c4f8dfa29494b0bf7198b\LOBA0u...
Checking module $paramod$fa799df0e717c308775c4f8dfa29494b0bf7198b\LOBA_MUX...
Checking module $paramod$fa799df0e717c308775c4f8dfa29494b0bf7198b\LOBA_SPLIT...
Warning: multiple conflicting drivers for $paramod$fa799df0e717c308775c4f8dfa29494b0bf7198b\LOBA_SPLIT.\kl [2]:
    port Q[2] of cell $auto$proc_dlatch.cc:427:proc_dlatch$1149 ($dlatch)
    port Q[2] of cell $auto$proc_dlatch.cc:427:proc_dlatch$1171 ($dlatch)
    port Q[2] of cell $auto$proc_dlatch.cc:427:proc_dlatch$1193 ($dlatch)
    port Q[2] of cell $auto$proc_dlatch.cc:427:proc_dlatch$1215 ($dlatch)
    port Q[2] of cell $auto$proc_dlatch.cc:427:proc_dlatch$1237 ($dlatch)
Warning: multiple conflicting drivers for $paramod$fa799df0e717c308775c4f8dfa29494b0bf7198b\LOBA_SPLIT.\kl [1]:
    port Q[1] of cell $auto$proc_dlatch.cc:427:proc_dlatch$1149 ($dlatch)
    port Q[1] of cell $auto$proc_dlatch.cc:427:proc_dlatch$1171 ($dlatch)
    port Q[1] of cell $auto$proc_dlatch.cc:427:proc_dlatch$1193 ($dlatch)
    port Q[1] of cell $auto$proc_dlatch.cc:427:proc_dlatch$1215 ($dlatch)
    port Q[1] of cell $auto$proc_dlatch.cc:427:proc_dlatch$1237 ($dlatch)
Warning: multiple conflicting drivers for $paramod$fa799df0e717c308775c4f8dfa29494b0bf7198b\LOBA_SPLIT.\kl [0]:
    port Q[0] of cell $auto$proc_dlatch.cc:427:proc_dlatch$1149 ($dlatch)
    port Q[0] of cell $auto$proc_dlatch.cc:427:proc_dlatch$1171 ($dlatch)
    port Q[0] of cell $auto$proc_dlatch.cc:427:proc_dlatch$1193 ($dlatch)
    port Q[0] of cell $auto$proc_dlatch.cc:427:proc_dlatch$1215 ($dlatch)
    port Q[0] of cell $auto$proc_dlatch.cc:427:proc_dlatch$1237 ($dlatch)
Warning: multiple conflicting drivers for $paramod$fa799df0e717c308775c4f8dfa29494b0bf7198b\LOBA_SPLIT.\kh [2]:
    port Q[2] of cell $auto$proc_dlatch.cc:427:proc_dlatch$1138 ($dlatch)
    port Q[2] of cell $auto$proc_dlatch.cc:427:proc_dlatch$1160 ($dlatch)
    port Q[2] of cell $auto$proc_dlatch.cc:427:proc_dlatch$1182 ($dlatch)
    port Q[2] of cell $auto$proc_dlatch.cc:427:proc_dlatch$1204 ($dlatch)
    port Q[2] of cell $auto$proc_dlatch.cc:427:proc_dlatch$1226 ($dlatch)
Warning: multiple conflicting drivers for $paramod$fa799df0e717c308775c4f8dfa29494b0bf7198b\LOBA_SPLIT.\kh [1]:
    port Q[1] of cell $auto$proc_dlatch.cc:427:proc_dlatch$1138 ($dlatch)
    port Q[1] of cell $auto$proc_dlatch.cc:427:proc_dlatch$1160 ($dlatch)
    port Q[1] of cell $auto$proc_dlatch.cc:427:proc_dlatch$1182 ($dlatch)
    port Q[1] of cell $auto$proc_dlatch.cc:427:proc_dlatch$1204 ($dlatch)
    port Q[1] of cell $auto$proc_dlatch.cc:427:proc_dlatch$1226 ($dlatch)
Warning: multiple conflicting drivers for $paramod$fa799df0e717c308775c4f8dfa29494b0bf7198b\LOBA_SPLIT.\kh [0]:
    port Q[0] of cell $auto$proc_dlatch.cc:427:proc_dlatch$1138 ($dlatch)
    port Q[0] of cell $auto$proc_dlatch.cc:427:proc_dlatch$1160 ($dlatch)
    port Q[0] of cell $auto$proc_dlatch.cc:427:proc_dlatch$1182 ($dlatch)
    port Q[0] of cell $auto$proc_dlatch.cc:427:proc_dlatch$1204 ($dlatch)
    port Q[0] of cell $auto$proc_dlatch.cc:427:proc_dlatch$1226 ($dlatch)
Checking module $paramod\LOBA_LOB\N=s32'00000000000000000000000000001000...
Checking module $paramod\LOBA_LOB\N=s32'00000000000000000000000000010000...
Checking module $paramod\LOBA_LOWER\N=s32'00000000000000000000000000001000...
Warning: multiple conflicting drivers for $paramod\LOBA_LOWER\N=s32'00000000000000000000000000001000.\out [7]:
    port Q[7] of cell $auto$proc_dlatch.cc:427:proc_dlatch$1050 ($dlatch)
    port Q[7] of cell $auto$proc_dlatch.cc:427:proc_dlatch$1061 ($dlatch)
    port Q[7] of cell $auto$proc_dlatch.cc:427:proc_dlatch$1072 ($dlatch)
    port Q[7] of cell $auto$proc_dlatch.cc:427:proc_dlatch$1083 ($dlatch)
    port Q[7] of cell $auto$proc_dlatch.cc:427:proc_dlatch$1094 ($dlatch)
    port Q[7] of cell $auto$proc_dlatch.cc:427:proc_dlatch$1105 ($dlatch)
    port Q[7] of cell $auto$proc_dlatch.cc:427:proc_dlatch$1116 ($dlatch)
    port Q[7] of cell $auto$proc_dlatch.cc:427:proc_dlatch$1127 ($dlatch)
Warning: multiple conflicting drivers for $paramod\LOBA_LOWER\N=s32'00000000000000000000000000001000.\out [6]:
    port Q[6] of cell $auto$proc_dlatch.cc:427:proc_dlatch$1050 ($dlatch)
    port Q[6] of cell $auto$proc_dlatch.cc:427:proc_dlatch$1061 ($dlatch)
    port Q[6] of cell $auto$proc_dlatch.cc:427:proc_dlatch$1072 ($dlatch)
    port Q[6] of cell $auto$proc_dlatch.cc:427:proc_dlatch$1083 ($dlatch)
    port Q[6] of cell $auto$proc_dlatch.cc:427:proc_dlatch$1094 ($dlatch)
    port Q[6] of cell $auto$proc_dlatch.cc:427:proc_dlatch$1105 ($dlatch)
    port Q[6] of cell $auto$proc_dlatch.cc:427:proc_dlatch$1116 ($dlatch)
    port Q[6] of cell $auto$proc_dlatch.cc:427:proc_dlatch$1127 ($dlatch)
Warning: multiple conflicting drivers for $paramod\LOBA_LOWER\N=s32'00000000000000000000000000001000.\out [5]:
    port Q[5] of cell $auto$proc_dlatch.cc:427:proc_dlatch$1050 ($dlatch)
    port Q[5] of cell $auto$proc_dlatch.cc:427:proc_dlatch$1061 ($dlatch)
    port Q[5] of cell $auto$proc_dlatch.cc:427:proc_dlatch$1072 ($dlatch)
    port Q[5] of cell $auto$proc_dlatch.cc:427:proc_dlatch$1083 ($dlatch)
    port Q[5] of cell $auto$proc_dlatch.cc:427:proc_dlatch$1094 ($dlatch)
    port Q[5] of cell $auto$proc_dlatch.cc:427:proc_dlatch$1105 ($dlatch)
    port Q[5] of cell $auto$proc_dlatch.cc:427:proc_dlatch$1116 ($dlatch)
    port Q[5] of cell $auto$proc_dlatch.cc:427:proc_dlatch$1127 ($dlatch)
Warning: multiple conflicting drivers for $paramod\LOBA_LOWER\N=s32'00000000000000000000000000001000.\out [4]:
    port Q[4] of cell $auto$proc_dlatch.cc:427:proc_dlatch$1050 ($dlatch)
    port Q[4] of cell $auto$proc_dlatch.cc:427:proc_dlatch$1061 ($dlatch)
    port Q[4] of cell $auto$proc_dlatch.cc:427:proc_dlatch$1072 ($dlatch)
    port Q[4] of cell $auto$proc_dlatch.cc:427:proc_dlatch$1083 ($dlatch)
    port Q[4] of cell $auto$proc_dlatch.cc:427:proc_dlatch$1094 ($dlatch)
    port Q[4] of cell $auto$proc_dlatch.cc:427:proc_dlatch$1105 ($dlatch)
    port Q[4] of cell $auto$proc_dlatch.cc:427:proc_dlatch$1116 ($dlatch)
    port Q[4] of cell $auto$proc_dlatch.cc:427:proc_dlatch$1127 ($dlatch)
Warning: multiple conflicting drivers for $paramod\LOBA_LOWER\N=s32'00000000000000000000000000001000.\out [3]:
    port Q[3] of cell $auto$proc_dlatch.cc:427:proc_dlatch$1050 ($dlatch)
    port Q[3] of cell $auto$proc_dlatch.cc:427:proc_dlatch$1061 ($dlatch)
    port Q[3] of cell $auto$proc_dlatch.cc:427:proc_dlatch$1072 ($dlatch)
    port Q[3] of cell $auto$proc_dlatch.cc:427:proc_dlatch$1083 ($dlatch)
    port Q[3] of cell $auto$proc_dlatch.cc:427:proc_dlatch$1094 ($dlatch)
    port Q[3] of cell $auto$proc_dlatch.cc:427:proc_dlatch$1105 ($dlatch)
    port Q[3] of cell $auto$proc_dlatch.cc:427:proc_dlatch$1116 ($dlatch)
    port Q[3] of cell $auto$proc_dlatch.cc:427:proc_dlatch$1127 ($dlatch)
Warning: multiple conflicting drivers for $paramod\LOBA_LOWER\N=s32'00000000000000000000000000001000.\out [2]:
    port Q[2] of cell $auto$proc_dlatch.cc:427:proc_dlatch$1050 ($dlatch)
    port Q[2] of cell $auto$proc_dlatch.cc:427:proc_dlatch$1061 ($dlatch)
    port Q[2] of cell $auto$proc_dlatch.cc:427:proc_dlatch$1072 ($dlatch)
    port Q[2] of cell $auto$proc_dlatch.cc:427:proc_dlatch$1083 ($dlatch)
    port Q[2] of cell $auto$proc_dlatch.cc:427:proc_dlatch$1094 ($dlatch)
    port Q[2] of cell $auto$proc_dlatch.cc:427:proc_dlatch$1105 ($dlatch)
    port Q[2] of cell $auto$proc_dlatch.cc:427:proc_dlatch$1116 ($dlatch)
    port Q[2] of cell $auto$proc_dlatch.cc:427:proc_dlatch$1127 ($dlatch)
Warning: multiple conflicting drivers for $paramod\LOBA_LOWER\N=s32'00000000000000000000000000001000.\out [1]:
    port Q[1] of cell $auto$proc_dlatch.cc:427:proc_dlatch$1050 ($dlatch)
    port Q[1] of cell $auto$proc_dlatch.cc:427:proc_dlatch$1061 ($dlatch)
    port Q[1] of cell $auto$proc_dlatch.cc:427:proc_dlatch$1072 ($dlatch)
    port Q[1] of cell $auto$proc_dlatch.cc:427:proc_dlatch$1083 ($dlatch)
    port Q[1] of cell $auto$proc_dlatch.cc:427:proc_dlatch$1094 ($dlatch)
    port Q[1] of cell $auto$proc_dlatch.cc:427:proc_dlatch$1105 ($dlatch)
    port Q[1] of cell $auto$proc_dlatch.cc:427:proc_dlatch$1116 ($dlatch)
    port Q[1] of cell $auto$proc_dlatch.cc:427:proc_dlatch$1127 ($dlatch)
Warning: multiple conflicting drivers for $paramod\LOBA_LOWER\N=s32'00000000000000000000000000001000.\out [0]:
    port Q[0] of cell $auto$proc_dlatch.cc:427:proc_dlatch$1050 ($dlatch)
    port Q[0] of cell $auto$proc_dlatch.cc:427:proc_dlatch$1061 ($dlatch)
    port Q[0] of cell $auto$proc_dlatch.cc:427:proc_dlatch$1072 ($dlatch)
    port Q[0] of cell $auto$proc_dlatch.cc:427:proc_dlatch$1083 ($dlatch)
    port Q[0] of cell $auto$proc_dlatch.cc:427:proc_dlatch$1094 ($dlatch)
    port Q[0] of cell $auto$proc_dlatch.cc:427:proc_dlatch$1105 ($dlatch)
    port Q[0] of cell $auto$proc_dlatch.cc:427:proc_dlatch$1116 ($dlatch)
    port Q[0] of cell $auto$proc_dlatch.cc:427:proc_dlatch$1127 ($dlatch)
Checking module $paramod\LOBA_LOWER\N=s32'00000000000000000000000000010000...
Warning: multiple conflicting drivers for $paramod\LOBA_LOWER\N=s32'00000000000000000000000000010000.\out [15]:
    port Q[15] of cell $auto$proc_dlatch.cc:427:proc_dlatch$1248 ($dlatch)
    port Q[15] of cell $auto$proc_dlatch.cc:427:proc_dlatch$1259 ($dlatch)
    port Q[15] of cell $auto$proc_dlatch.cc:427:proc_dlatch$1270 ($dlatch)
    port Q[15] of cell $auto$proc_dlatch.cc:427:proc_dlatch$1281 ($dlatch)
    port Q[15] of cell $auto$proc_dlatch.cc:427:proc_dlatch$1292 ($dlatch)
    port Q[15] of cell $auto$proc_dlatch.cc:427:proc_dlatch$1303 ($dlatch)
    port Q[15] of cell $auto$proc_dlatch.cc:427:proc_dlatch$1314 ($dlatch)
    port Q[15] of cell $auto$proc_dlatch.cc:427:proc_dlatch$1325 ($dlatch)
    port Q[15] of cell $auto$proc_dlatch.cc:427:proc_dlatch$1336 ($dlatch)
    port Q[15] of cell $auto$proc_dlatch.cc:427:proc_dlatch$1347 ($dlatch)
    port Q[15] of cell $auto$proc_dlatch.cc:427:proc_dlatch$1358 ($dlatch)
    port Q[15] of cell $auto$proc_dlatch.cc:427:proc_dlatch$1369 ($dlatch)
    port Q[15] of cell $auto$proc_dlatch.cc:427:proc_dlatch$1380 ($dlatch)
    port Q[15] of cell $auto$proc_dlatch.cc:427:proc_dlatch$1391 ($dlatch)
    port Q[15] of cell $auto$proc_dlatch.cc:427:proc_dlatch$1402 ($dlatch)
    port Q[15] of cell $auto$proc_dlatch.cc:427:proc_dlatch$1413 ($dlatch)
Warning: multiple conflicting drivers for $paramod\LOBA_LOWER\N=s32'00000000000000000000000000010000.\out [14]:
    port Q[14] of cell $auto$proc_dlatch.cc:427:proc_dlatch$1248 ($dlatch)
    port Q[14] of cell $auto$proc_dlatch.cc:427:proc_dlatch$1259 ($dlatch)
    port Q[14] of cell $auto$proc_dlatch.cc:427:proc_dlatch$1270 ($dlatch)
    port Q[14] of cell $auto$proc_dlatch.cc:427:proc_dlatch$1281 ($dlatch)
    port Q[14] of cell $auto$proc_dlatch.cc:427:proc_dlatch$1292 ($dlatch)
    port Q[14] of cell $auto$proc_dlatch.cc:427:proc_dlatch$1303 ($dlatch)
    port Q[14] of cell $auto$proc_dlatch.cc:427:proc_dlatch$1314 ($dlatch)
    port Q[14] of cell $auto$proc_dlatch.cc:427:proc_dlatch$1325 ($dlatch)
    port Q[14] of cell $auto$proc_dlatch.cc:427:proc_dlatch$1336 ($dlatch)
    port Q[14] of cell $auto$proc_dlatch.cc:427:proc_dlatch$1347 ($dlatch)
    port Q[14] of cell $auto$proc_dlatch.cc:427:proc_dlatch$1358 ($dlatch)
    port Q[14] of cell $auto$proc_dlatch.cc:427:proc_dlatch$1369 ($dlatch)
    port Q[14] of cell $auto$proc_dlatch.cc:427:proc_dlatch$1380 ($dlatch)
    port Q[14] of cell $auto$proc_dlatch.cc:427:proc_dlatch$1391 ($dlatch)
    port Q[14] of cell $auto$proc_dlatch.cc:427:proc_dlatch$1402 ($dlatch)
    port Q[14] of cell $auto$proc_dlatch.cc:427:proc_dlatch$1413 ($dlatch)
Warning: multiple conflicting drivers for $paramod\LOBA_LOWER\N=s32'00000000000000000000000000010000.\out [13]:
    port Q[13] of cell $auto$proc_dlatch.cc:427:proc_dlatch$1248 ($dlatch)
    port Q[13] of cell $auto$proc_dlatch.cc:427:proc_dlatch$1259 ($dlatch)
    port Q[13] of cell $auto$proc_dlatch.cc:427:proc_dlatch$1270 ($dlatch)
    port Q[13] of cell $auto$proc_dlatch.cc:427:proc_dlatch$1281 ($dlatch)
    port Q[13] of cell $auto$proc_dlatch.cc:427:proc_dlatch$1292 ($dlatch)
    port Q[13] of cell $auto$proc_dlatch.cc:427:proc_dlatch$1303 ($dlatch)
    port Q[13] of cell $auto$proc_dlatch.cc:427:proc_dlatch$1314 ($dlatch)
    port Q[13] of cell $auto$proc_dlatch.cc:427:proc_dlatch$1325 ($dlatch)
    port Q[13] of cell $auto$proc_dlatch.cc:427:proc_dlatch$1336 ($dlatch)
    port Q[13] of cell $auto$proc_dlatch.cc:427:proc_dlatch$1347 ($dlatch)
    port Q[13] of cell $auto$proc_dlatch.cc:427:proc_dlatch$1358 ($dlatch)
    port Q[13] of cell $auto$proc_dlatch.cc:427:proc_dlatch$1369 ($dlatch)
    port Q[13] of cell $auto$proc_dlatch.cc:427:proc_dlatch$1380 ($dlatch)
    port Q[13] of cell $auto$proc_dlatch.cc:427:proc_dlatch$1391 ($dlatch)
    port Q[13] of cell $auto$proc_dlatch.cc:427:proc_dlatch$1402 ($dlatch)
    port Q[13] of cell $auto$proc_dlatch.cc:427:proc_dlatch$1413 ($dlatch)
Warning: multiple conflicting drivers for $paramod\LOBA_LOWER\N=s32'00000000000000000000000000010000.\out [12]:
    port Q[12] of cell $auto$proc_dlatch.cc:427:proc_dlatch$1248 ($dlatch)
    port Q[12] of cell $auto$proc_dlatch.cc:427:proc_dlatch$1259 ($dlatch)
    port Q[12] of cell $auto$proc_dlatch.cc:427:proc_dlatch$1270 ($dlatch)
    port Q[12] of cell $auto$proc_dlatch.cc:427:proc_dlatch$1281 ($dlatch)
    port Q[12] of cell $auto$proc_dlatch.cc:427:proc_dlatch$1292 ($dlatch)
    port Q[12] of cell $auto$proc_dlatch.cc:427:proc_dlatch$1303 ($dlatch)
    port Q[12] of cell $auto$proc_dlatch.cc:427:proc_dlatch$1314 ($dlatch)
    port Q[12] of cell $auto$proc_dlatch.cc:427:proc_dlatch$1325 ($dlatch)
    port Q[12] of cell $auto$proc_dlatch.cc:427:proc_dlatch$1336 ($dlatch)
    port Q[12] of cell $auto$proc_dlatch.cc:427:proc_dlatch$1347 ($dlatch)
    port Q[12] of cell $auto$proc_dlatch.cc:427:proc_dlatch$1358 ($dlatch)
    port Q[12] of cell $auto$proc_dlatch.cc:427:proc_dlatch$1369 ($dlatch)
    port Q[12] of cell $auto$proc_dlatch.cc:427:proc_dlatch$1380 ($dlatch)
    port Q[12] of cell $auto$proc_dlatch.cc:427:proc_dlatch$1391 ($dlatch)
    port Q[12] of cell $auto$proc_dlatch.cc:427:proc_dlatch$1402 ($dlatch)
    port Q[12] of cell $auto$proc_dlatch.cc:427:proc_dlatch$1413 ($dlatch)
Warning: multiple conflicting drivers for $paramod\LOBA_LOWER\N=s32'00000000000000000000000000010000.\out [11]:
    port Q[11] of cell $auto$proc_dlatch.cc:427:proc_dlatch$1248 ($dlatch)
    port Q[11] of cell $auto$proc_dlatch.cc:427:proc_dlatch$1259 ($dlatch)
    port Q[11] of cell $auto$proc_dlatch.cc:427:proc_dlatch$1270 ($dlatch)
    port Q[11] of cell $auto$proc_dlatch.cc:427:proc_dlatch$1281 ($dlatch)
    port Q[11] of cell $auto$proc_dlatch.cc:427:proc_dlatch$1292 ($dlatch)
    port Q[11] of cell $auto$proc_dlatch.cc:427:proc_dlatch$1303 ($dlatch)
    port Q[11] of cell $auto$proc_dlatch.cc:427:proc_dlatch$1314 ($dlatch)
    port Q[11] of cell $auto$proc_dlatch.cc:427:proc_dlatch$1325 ($dlatch)
    port Q[11] of cell $auto$proc_dlatch.cc:427:proc_dlatch$1336 ($dlatch)
    port Q[11] of cell $auto$proc_dlatch.cc:427:proc_dlatch$1347 ($dlatch)
    port Q[11] of cell $auto$proc_dlatch.cc:427:proc_dlatch$1358 ($dlatch)
    port Q[11] of cell $auto$proc_dlatch.cc:427:proc_dlatch$1369 ($dlatch)
    port Q[11] of cell $auto$proc_dlatch.cc:427:proc_dlatch$1380 ($dlatch)
    port Q[11] of cell $auto$proc_dlatch.cc:427:proc_dlatch$1391 ($dlatch)
    port Q[11] of cell $auto$proc_dlatch.cc:427:proc_dlatch$1402 ($dlatch)
    port Q[11] of cell $auto$proc_dlatch.cc:427:proc_dlatch$1413 ($dlatch)
Warning: multiple conflicting drivers for $paramod\LOBA_LOWER\N=s32'00000000000000000000000000010000.\out [10]:
    port Q[10] of cell $auto$proc_dlatch.cc:427:proc_dlatch$1248 ($dlatch)
    port Q[10] of cell $auto$proc_dlatch.cc:427:proc_dlatch$1259 ($dlatch)
    port Q[10] of cell $auto$proc_dlatch.cc:427:proc_dlatch$1270 ($dlatch)
    port Q[10] of cell $auto$proc_dlatch.cc:427:proc_dlatch$1281 ($dlatch)
    port Q[10] of cell $auto$proc_dlatch.cc:427:proc_dlatch$1292 ($dlatch)
    port Q[10] of cell $auto$proc_dlatch.cc:427:proc_dlatch$1303 ($dlatch)
    port Q[10] of cell $auto$proc_dlatch.cc:427:proc_dlatch$1314 ($dlatch)
    port Q[10] of cell $auto$proc_dlatch.cc:427:proc_dlatch$1325 ($dlatch)
    port Q[10] of cell $auto$proc_dlatch.cc:427:proc_dlatch$1336 ($dlatch)
    port Q[10] of cell $auto$proc_dlatch.cc:427:proc_dlatch$1347 ($dlatch)
    port Q[10] of cell $auto$proc_dlatch.cc:427:proc_dlatch$1358 ($dlatch)
    port Q[10] of cell $auto$proc_dlatch.cc:427:proc_dlatch$1369 ($dlatch)
    port Q[10] of cell $auto$proc_dlatch.cc:427:proc_dlatch$1380 ($dlatch)
    port Q[10] of cell $auto$proc_dlatch.cc:427:proc_dlatch$1391 ($dlatch)
    port Q[10] of cell $auto$proc_dlatch.cc:427:proc_dlatch$1402 ($dlatch)
    port Q[10] of cell $auto$proc_dlatch.cc:427:proc_dlatch$1413 ($dlatch)
Warning: multiple conflicting drivers for $paramod\LOBA_LOWER\N=s32'00000000000000000000000000010000.\out [9]:
    port Q[9] of cell $auto$proc_dlatch.cc:427:proc_dlatch$1248 ($dlatch)
    port Q[9] of cell $auto$proc_dlatch.cc:427:proc_dlatch$1259 ($dlatch)
    port Q[9] of cell $auto$proc_dlatch.cc:427:proc_dlatch$1270 ($dlatch)
    port Q[9] of cell $auto$proc_dlatch.cc:427:proc_dlatch$1281 ($dlatch)
    port Q[9] of cell $auto$proc_dlatch.cc:427:proc_dlatch$1292 ($dlatch)
    port Q[9] of cell $auto$proc_dlatch.cc:427:proc_dlatch$1303 ($dlatch)
    port Q[9] of cell $auto$proc_dlatch.cc:427:proc_dlatch$1314 ($dlatch)
    port Q[9] of cell $auto$proc_dlatch.cc:427:proc_dlatch$1325 ($dlatch)
    port Q[9] of cell $auto$proc_dlatch.cc:427:proc_dlatch$1336 ($dlatch)
    port Q[9] of cell $auto$proc_dlatch.cc:427:proc_dlatch$1347 ($dlatch)
    port Q[9] of cell $auto$proc_dlatch.cc:427:proc_dlatch$1358 ($dlatch)
    port Q[9] of cell $auto$proc_dlatch.cc:427:proc_dlatch$1369 ($dlatch)
    port Q[9] of cell $auto$proc_dlatch.cc:427:proc_dlatch$1380 ($dlatch)
    port Q[9] of cell $auto$proc_dlatch.cc:427:proc_dlatch$1391 ($dlatch)
    port Q[9] of cell $auto$proc_dlatch.cc:427:proc_dlatch$1402 ($dlatch)
    port Q[9] of cell $auto$proc_dlatch.cc:427:proc_dlatch$1413 ($dlatch)
Warning: multiple conflicting drivers for $paramod\LOBA_LOWER\N=s32'00000000000000000000000000010000.\out [8]:
    port Q[8] of cell $auto$proc_dlatch.cc:427:proc_dlatch$1248 ($dlatch)
    port Q[8] of cell $auto$proc_dlatch.cc:427:proc_dlatch$1259 ($dlatch)
    port Q[8] of cell $auto$proc_dlatch.cc:427:proc_dlatch$1270 ($dlatch)
    port Q[8] of cell $auto$proc_dlatch.cc:427:proc_dlatch$1281 ($dlatch)
    port Q[8] of cell $auto$proc_dlatch.cc:427:proc_dlatch$1292 ($dlatch)
    port Q[8] of cell $auto$proc_dlatch.cc:427:proc_dlatch$1303 ($dlatch)
    port Q[8] of cell $auto$proc_dlatch.cc:427:proc_dlatch$1314 ($dlatch)
    port Q[8] of cell $auto$proc_dlatch.cc:427:proc_dlatch$1325 ($dlatch)
    port Q[8] of cell $auto$proc_dlatch.cc:427:proc_dlatch$1336 ($dlatch)
    port Q[8] of cell $auto$proc_dlatch.cc:427:proc_dlatch$1347 ($dlatch)
    port Q[8] of cell $auto$proc_dlatch.cc:427:proc_dlatch$1358 ($dlatch)
    port Q[8] of cell $auto$proc_dlatch.cc:427:proc_dlatch$1369 ($dlatch)
    port Q[8] of cell $auto$proc_dlatch.cc:427:proc_dlatch$1380 ($dlatch)
    port Q[8] of cell $auto$proc_dlatch.cc:427:proc_dlatch$1391 ($dlatch)
    port Q[8] of cell $auto$proc_dlatch.cc:427:proc_dlatch$1402 ($dlatch)
    port Q[8] of cell $auto$proc_dlatch.cc:427:proc_dlatch$1413 ($dlatch)
Warning: multiple conflicting drivers for $paramod\LOBA_LOWER\N=s32'00000000000000000000000000010000.\out [7]:
    port Q[7] of cell $auto$proc_dlatch.cc:427:proc_dlatch$1248 ($dlatch)
    port Q[7] of cell $auto$proc_dlatch.cc:427:proc_dlatch$1259 ($dlatch)
    port Q[7] of cell $auto$proc_dlatch.cc:427:proc_dlatch$1270 ($dlatch)
    port Q[7] of cell $auto$proc_dlatch.cc:427:proc_dlatch$1281 ($dlatch)
    port Q[7] of cell $auto$proc_dlatch.cc:427:proc_dlatch$1292 ($dlatch)
    port Q[7] of cell $auto$proc_dlatch.cc:427:proc_dlatch$1303 ($dlatch)
    port Q[7] of cell $auto$proc_dlatch.cc:427:proc_dlatch$1314 ($dlatch)
    port Q[7] of cell $auto$proc_dlatch.cc:427:proc_dlatch$1325 ($dlatch)
    port Q[7] of cell $auto$proc_dlatch.cc:427:proc_dlatch$1336 ($dlatch)
    port Q[7] of cell $auto$proc_dlatch.cc:427:proc_dlatch$1347 ($dlatch)
    port Q[7] of cell $auto$proc_dlatch.cc:427:proc_dlatch$1358 ($dlatch)
    port Q[7] of cell $auto$proc_dlatch.cc:427:proc_dlatch$1369 ($dlatch)
    port Q[7] of cell $auto$proc_dlatch.cc:427:proc_dlatch$1380 ($dlatch)
    port Q[7] of cell $auto$proc_dlatch.cc:427:proc_dlatch$1391 ($dlatch)
    port Q[7] of cell $auto$proc_dlatch.cc:427:proc_dlatch$1402 ($dlatch)
    port Q[7] of cell $auto$proc_dlatch.cc:427:proc_dlatch$1413 ($dlatch)
Warning: multiple conflicting drivers for $paramod\LOBA_LOWER\N=s32'00000000000000000000000000010000.\out [6]:
    port Q[6] of cell $auto$proc_dlatch.cc:427:proc_dlatch$1248 ($dlatch)
    port Q[6] of cell $auto$proc_dlatch.cc:427:proc_dlatch$1259 ($dlatch)
    port Q[6] of cell $auto$proc_dlatch.cc:427:proc_dlatch$1270 ($dlatch)
    port Q[6] of cell $auto$proc_dlatch.cc:427:proc_dlatch$1281 ($dlatch)
    port Q[6] of cell $auto$proc_dlatch.cc:427:proc_dlatch$1292 ($dlatch)
    port Q[6] of cell $auto$proc_dlatch.cc:427:proc_dlatch$1303 ($dlatch)
    port Q[6] of cell $auto$proc_dlatch.cc:427:proc_dlatch$1314 ($dlatch)
    port Q[6] of cell $auto$proc_dlatch.cc:427:proc_dlatch$1325 ($dlatch)
    port Q[6] of cell $auto$proc_dlatch.cc:427:proc_dlatch$1336 ($dlatch)
    port Q[6] of cell $auto$proc_dlatch.cc:427:proc_dlatch$1347 ($dlatch)
    port Q[6] of cell $auto$proc_dlatch.cc:427:proc_dlatch$1358 ($dlatch)
    port Q[6] of cell $auto$proc_dlatch.cc:427:proc_dlatch$1369 ($dlatch)
    port Q[6] of cell $auto$proc_dlatch.cc:427:proc_dlatch$1380 ($dlatch)
    port Q[6] of cell $auto$proc_dlatch.cc:427:proc_dlatch$1391 ($dlatch)
    port Q[6] of cell $auto$proc_dlatch.cc:427:proc_dlatch$1402 ($dlatch)
    port Q[6] of cell $auto$proc_dlatch.cc:427:proc_dlatch$1413 ($dlatch)
Warning: multiple conflicting drivers for $paramod\LOBA_LOWER\N=s32'00000000000000000000000000010000.\out [5]:
    port Q[5] of cell $auto$proc_dlatch.cc:427:proc_dlatch$1248 ($dlatch)
    port Q[5] of cell $auto$proc_dlatch.cc:427:proc_dlatch$1259 ($dlatch)
    port Q[5] of cell $auto$proc_dlatch.cc:427:proc_dlatch$1270 ($dlatch)
    port Q[5] of cell $auto$proc_dlatch.cc:427:proc_dlatch$1281 ($dlatch)
    port Q[5] of cell $auto$proc_dlatch.cc:427:proc_dlatch$1292 ($dlatch)
    port Q[5] of cell $auto$proc_dlatch.cc:427:proc_dlatch$1303 ($dlatch)
    port Q[5] of cell $auto$proc_dlatch.cc:427:proc_dlatch$1314 ($dlatch)
    port Q[5] of cell $auto$proc_dlatch.cc:427:proc_dlatch$1325 ($dlatch)
    port Q[5] of cell $auto$proc_dlatch.cc:427:proc_dlatch$1336 ($dlatch)
    port Q[5] of cell $auto$proc_dlatch.cc:427:proc_dlatch$1347 ($dlatch)
    port Q[5] of cell $auto$proc_dlatch.cc:427:proc_dlatch$1358 ($dlatch)
    port Q[5] of cell $auto$proc_dlatch.cc:427:proc_dlatch$1369 ($dlatch)
    port Q[5] of cell $auto$proc_dlatch.cc:427:proc_dlatch$1380 ($dlatch)
    port Q[5] of cell $auto$proc_dlatch.cc:427:proc_dlatch$1391 ($dlatch)
    port Q[5] of cell $auto$proc_dlatch.cc:427:proc_dlatch$1402 ($dlatch)
    port Q[5] of cell $auto$proc_dlatch.cc:427:proc_dlatch$1413 ($dlatch)
Warning: multiple conflicting drivers for $paramod\LOBA_LOWER\N=s32'00000000000000000000000000010000.\out [4]:
    port Q[4] of cell $auto$proc_dlatch.cc:427:proc_dlatch$1248 ($dlatch)
    port Q[4] of cell $auto$proc_dlatch.cc:427:proc_dlatch$1259 ($dlatch)
    port Q[4] of cell $auto$proc_dlatch.cc:427:proc_dlatch$1270 ($dlatch)
    port Q[4] of cell $auto$proc_dlatch.cc:427:proc_dlatch$1281 ($dlatch)
    port Q[4] of cell $auto$proc_dlatch.cc:427:proc_dlatch$1292 ($dlatch)
    port Q[4] of cell $auto$proc_dlatch.cc:427:proc_dlatch$1303 ($dlatch)
    port Q[4] of cell $auto$proc_dlatch.cc:427:proc_dlatch$1314 ($dlatch)
    port Q[4] of cell $auto$proc_dlatch.cc:427:proc_dlatch$1325 ($dlatch)
    port Q[4] of cell $auto$proc_dlatch.cc:427:proc_dlatch$1336 ($dlatch)
    port Q[4] of cell $auto$proc_dlatch.cc:427:proc_dlatch$1347 ($dlatch)
    port Q[4] of cell $auto$proc_dlatch.cc:427:proc_dlatch$1358 ($dlatch)
    port Q[4] of cell $auto$proc_dlatch.cc:427:proc_dlatch$1369 ($dlatch)
    port Q[4] of cell $auto$proc_dlatch.cc:427:proc_dlatch$1380 ($dlatch)
    port Q[4] of cell $auto$proc_dlatch.cc:427:proc_dlatch$1391 ($dlatch)
    port Q[4] of cell $auto$proc_dlatch.cc:427:proc_dlatch$1402 ($dlatch)
    port Q[4] of cell $auto$proc_dlatch.cc:427:proc_dlatch$1413 ($dlatch)
Warning: multiple conflicting drivers for $paramod\LOBA_LOWER\N=s32'00000000000000000000000000010000.\out [3]:
    port Q[3] of cell $auto$proc_dlatch.cc:427:proc_dlatch$1248 ($dlatch)
    port Q[3] of cell $auto$proc_dlatch.cc:427:proc_dlatch$1259 ($dlatch)
    port Q[3] of cell $auto$proc_dlatch.cc:427:proc_dlatch$1270 ($dlatch)
    port Q[3] of cell $auto$proc_dlatch.cc:427:proc_dlatch$1281 ($dlatch)
    port Q[3] of cell $auto$proc_dlatch.cc:427:proc_dlatch$1292 ($dlatch)
    port Q[3] of cell $auto$proc_dlatch.cc:427:proc_dlatch$1303 ($dlatch)
    port Q[3] of cell $auto$proc_dlatch.cc:427:proc_dlatch$1314 ($dlatch)
    port Q[3] of cell $auto$proc_dlatch.cc:427:proc_dlatch$1325 ($dlatch)
    port Q[3] of cell $auto$proc_dlatch.cc:427:proc_dlatch$1336 ($dlatch)
    port Q[3] of cell $auto$proc_dlatch.cc:427:proc_dlatch$1347 ($dlatch)
    port Q[3] of cell $auto$proc_dlatch.cc:427:proc_dlatch$1358 ($dlatch)
    port Q[3] of cell $auto$proc_dlatch.cc:427:proc_dlatch$1369 ($dlatch)
    port Q[3] of cell $auto$proc_dlatch.cc:427:proc_dlatch$1380 ($dlatch)
    port Q[3] of cell $auto$proc_dlatch.cc:427:proc_dlatch$1391 ($dlatch)
    port Q[3] of cell $auto$proc_dlatch.cc:427:proc_dlatch$1402 ($dlatch)
    port Q[3] of cell $auto$proc_dlatch.cc:427:proc_dlatch$1413 ($dlatch)
Warning: multiple conflicting drivers for $paramod\LOBA_LOWER\N=s32'00000000000000000000000000010000.\out [2]:
    port Q[2] of cell $auto$proc_dlatch.cc:427:proc_dlatch$1248 ($dlatch)
    port Q[2] of cell $auto$proc_dlatch.cc:427:proc_dlatch$1259 ($dlatch)
    port Q[2] of cell $auto$proc_dlatch.cc:427:proc_dlatch$1270 ($dlatch)
    port Q[2] of cell $auto$proc_dlatch.cc:427:proc_dlatch$1281 ($dlatch)
    port Q[2] of cell $auto$proc_dlatch.cc:427:proc_dlatch$1292 ($dlatch)
    port Q[2] of cell $auto$proc_dlatch.cc:427:proc_dlatch$1303 ($dlatch)
    port Q[2] of cell $auto$proc_dlatch.cc:427:proc_dlatch$1314 ($dlatch)
    port Q[2] of cell $auto$proc_dlatch.cc:427:proc_dlatch$1325 ($dlatch)
    port Q[2] of cell $auto$proc_dlatch.cc:427:proc_dlatch$1336 ($dlatch)
    port Q[2] of cell $auto$proc_dlatch.cc:427:proc_dlatch$1347 ($dlatch)
    port Q[2] of cell $auto$proc_dlatch.cc:427:proc_dlatch$1358 ($dlatch)
    port Q[2] of cell $auto$proc_dlatch.cc:427:proc_dlatch$1369 ($dlatch)
    port Q[2] of cell $auto$proc_dlatch.cc:427:proc_dlatch$1380 ($dlatch)
    port Q[2] of cell $auto$proc_dlatch.cc:427:proc_dlatch$1391 ($dlatch)
    port Q[2] of cell $auto$proc_dlatch.cc:427:proc_dlatch$1402 ($dlatch)
    port Q[2] of cell $auto$proc_dlatch.cc:427:proc_dlatch$1413 ($dlatch)
Warning: multiple conflicting drivers for $paramod\LOBA_LOWER\N=s32'00000000000000000000000000010000.\out [1]:
    port Q[1] of cell $auto$proc_dlatch.cc:427:proc_dlatch$1248 ($dlatch)
    port Q[1] of cell $auto$proc_dlatch.cc:427:proc_dlatch$1259 ($dlatch)
    port Q[1] of cell $auto$proc_dlatch.cc:427:proc_dlatch$1270 ($dlatch)
    port Q[1] of cell $auto$proc_dlatch.cc:427:proc_dlatch$1281 ($dlatch)
    port Q[1] of cell $auto$proc_dlatch.cc:427:proc_dlatch$1292 ($dlatch)
    port Q[1] of cell $auto$proc_dlatch.cc:427:proc_dlatch$1303 ($dlatch)
    port Q[1] of cell $auto$proc_dlatch.cc:427:proc_dlatch$1314 ($dlatch)
    port Q[1] of cell $auto$proc_dlatch.cc:427:proc_dlatch$1325 ($dlatch)
    port Q[1] of cell $auto$proc_dlatch.cc:427:proc_dlatch$1336 ($dlatch)
    port Q[1] of cell $auto$proc_dlatch.cc:427:proc_dlatch$1347 ($dlatch)
    port Q[1] of cell $auto$proc_dlatch.cc:427:proc_dlatch$1358 ($dlatch)
    port Q[1] of cell $auto$proc_dlatch.cc:427:proc_dlatch$1369 ($dlatch)
    port Q[1] of cell $auto$proc_dlatch.cc:427:proc_dlatch$1380 ($dlatch)
    port Q[1] of cell $auto$proc_dlatch.cc:427:proc_dlatch$1391 ($dlatch)
    port Q[1] of cell $auto$proc_dlatch.cc:427:proc_dlatch$1402 ($dlatch)
    port Q[1] of cell $auto$proc_dlatch.cc:427:proc_dlatch$1413 ($dlatch)
Warning: multiple conflicting drivers for $paramod\LOBA_LOWER\N=s32'00000000000000000000000000010000.\out [0]:
    port Q[0] of cell $auto$proc_dlatch.cc:427:proc_dlatch$1248 ($dlatch)
    port Q[0] of cell $auto$proc_dlatch.cc:427:proc_dlatch$1259 ($dlatch)
    port Q[0] of cell $auto$proc_dlatch.cc:427:proc_dlatch$1270 ($dlatch)
    port Q[0] of cell $auto$proc_dlatch.cc:427:proc_dlatch$1281 ($dlatch)
    port Q[0] of cell $auto$proc_dlatch.cc:427:proc_dlatch$1292 ($dlatch)
    port Q[0] of cell $auto$proc_dlatch.cc:427:proc_dlatch$1303 ($dlatch)
    port Q[0] of cell $auto$proc_dlatch.cc:427:proc_dlatch$1314 ($dlatch)
    port Q[0] of cell $auto$proc_dlatch.cc:427:proc_dlatch$1325 ($dlatch)
    port Q[0] of cell $auto$proc_dlatch.cc:427:proc_dlatch$1336 ($dlatch)
    port Q[0] of cell $auto$proc_dlatch.cc:427:proc_dlatch$1347 ($dlatch)
    port Q[0] of cell $auto$proc_dlatch.cc:427:proc_dlatch$1358 ($dlatch)
    port Q[0] of cell $auto$proc_dlatch.cc:427:proc_dlatch$1369 ($dlatch)
    port Q[0] of cell $auto$proc_dlatch.cc:427:proc_dlatch$1380 ($dlatch)
    port Q[0] of cell $auto$proc_dlatch.cc:427:proc_dlatch$1391 ($dlatch)
    port Q[0] of cell $auto$proc_dlatch.cc:427:proc_dlatch$1402 ($dlatch)
    port Q[0] of cell $auto$proc_dlatch.cc:427:proc_dlatch$1413 ($dlatch)
Checking module neuron_intra_Nbits...
Found and reported 38 problems.

11. Executing FLATTEN pass (flatten design).
Deleting now unused module $paramod$a07b09e41c3d89959fdd140bdec9a7cc3f3fd22e\LOBA0s.
Deleting now unused module $paramod$a07b09e41c3d89959fdd140bdec9a7cc3f3fd22e\LOBA0u.
Deleting now unused module $paramod$a07b09e41c3d89959fdd140bdec9a7cc3f3fd22e\LOBA_MUX.
Deleting now unused module $paramod$a07b09e41c3d89959fdd140bdec9a7cc3f3fd22e\LOBA_SPLIT.
Deleting now unused module $paramod$fa799df0e717c308775c4f8dfa29494b0bf7198b\LOBA0s.
Deleting now unused module $paramod$fa799df0e717c308775c4f8dfa29494b0bf7198b\LOBA0u.
Deleting now unused module $paramod$fa799df0e717c308775c4f8dfa29494b0bf7198b\LOBA_MUX.
Deleting now unused module $paramod$fa799df0e717c308775c4f8dfa29494b0bf7198b\LOBA_SPLIT.
Deleting now unused module $paramod\LOBA_LOB\N=s32'00000000000000000000000000001000.
Deleting now unused module $paramod\LOBA_LOB\N=s32'00000000000000000000000000010000.
Deleting now unused module $paramod\LOBA_LOWER\N=s32'00000000000000000000000000001000.
Deleting now unused module $paramod\LOBA_LOWER\N=s32'00000000000000000000000000010000.
<suppressed ~16 debug messages>

12. Executing SYNTH pass.

12.1. Executing HIERARCHY pass (managing design hierarchy).

12.1.1. Analyzing design hierarchy..
Top module:  \neuron_intra_Nbits

12.1.2. Analyzing design hierarchy..
Top module:  \neuron_intra_Nbits
Removed 0 unused modules.

12.2. Executing PROC pass (convert processes to netlists).

12.2.1. Executing PROC_CLEAN pass (remove empty switches from decision trees).
Cleaned up 0 empty switches.

12.2.2. Executing PROC_RMDEAD pass (remove dead branches from decision trees).
Removed a total of 0 dead cases.

12.2.3. Executing PROC_PRUNE pass (remove redundant assignments in processes).
Removed 0 redundant assignments.
Promoted 0 assignments to connections.

12.2.4. Executing PROC_INIT pass (extract init attributes).

12.2.5. Executing PROC_ARST pass (detect async resets in processes).

12.2.6. Executing PROC_ROM pass (convert switches to ROMs).
Converted 0 switches.

12.2.7. Executing PROC_MUX pass (convert decision trees to multiplexers).

12.2.8. Executing PROC_DLATCH pass (convert process syncs to latches).

12.2.9. Executing PROC_DFF pass (convert process syncs to FFs).

12.2.10. Executing PROC_MEMWR pass (convert process memory writes to cells).

12.2.11. Executing PROC_CLEAN pass (remove empty switches from decision trees).
Cleaned up 0 empty switches.

12.2.12. Executing OPT_EXPR pass (perform const folding).
Optimizing module neuron_intra_Nbits.

12.3. Executing OPT_EXPR pass (perform const folding).
Optimizing module neuron_intra_Nbits.

12.4. Executing OPT_CLEAN pass (remove unused cells and wires).
Finding unused cells or wires in module \neuron_intra_Nbits..
Removed 832 unused cells and 360 unused wires.
<suppressed ~897 debug messages>

12.5. Executing CHECK pass (checking for obvious problems).
Checking module neuron_intra_Nbits...
Warning: multiple conflicting drivers for neuron_intra_Nbits.\mults[7].mult_i.u1.u2.kh [2]:
    port Q[2] of cell $flatten\mults[7].mult_i.\u1.\u2.$auto$proc_dlatch.cc:427:proc_dlatch$1138 ($dlatch)
    port Q[2] of cell $flatten\mults[7].mult_i.\u1.\u2.$auto$proc_dlatch.cc:427:proc_dlatch$1160 ($dlatch)
    port Q[2] of cell $flatten\mults[7].mult_i.\u1.\u2.$auto$proc_dlatch.cc:427:proc_dlatch$1182 ($dlatch)
    port Q[2] of cell $flatten\mults[7].mult_i.\u1.\u2.$auto$proc_dlatch.cc:427:proc_dlatch$1204 ($dlatch)
    port Q[2] of cell $flatten\mults[7].mult_i.\u1.\u2.$auto$proc_dlatch.cc:427:proc_dlatch$1226 ($dlatch)
Warning: multiple conflicting drivers for neuron_intra_Nbits.\mults[7].mult_i.u1.u2.kh [1]:
    port Q[1] of cell $flatten\mults[7].mult_i.\u1.\u2.$auto$proc_dlatch.cc:427:proc_dlatch$1138 ($dlatch)
    port Q[1] of cell $flatten\mults[7].mult_i.\u1.\u2.$auto$proc_dlatch.cc:427:proc_dlatch$1160 ($dlatch)
    port Q[1] of cell $flatten\mults[7].mult_i.\u1.\u2.$auto$proc_dlatch.cc:427:proc_dlatch$1182 ($dlatch)
    port Q[1] of cell $flatten\mults[7].mult_i.\u1.\u2.$auto$proc_dlatch.cc:427:proc_dlatch$1204 ($dlatch)
    port Q[1] of cell $flatten\mults[7].mult_i.\u1.\u2.$auto$proc_dlatch.cc:427:proc_dlatch$1226 ($dlatch)
Warning: multiple conflicting drivers for neuron_intra_Nbits.\mults[7].mult_i.u1.u2.kh [0]:
    port Q[0] of cell $flatten\mults[7].mult_i.\u1.\u2.$auto$proc_dlatch.cc:427:proc_dlatch$1138 ($dlatch)
    port Q[0] of cell $flatten\mults[7].mult_i.\u1.\u2.$auto$proc_dlatch.cc:427:proc_dlatch$1160 ($dlatch)
    port Q[0] of cell $flatten\mults[7].mult_i.\u1.\u2.$auto$proc_dlatch.cc:427:proc_dlatch$1182 ($dlatch)
    port Q[0] of cell $flatten\mults[7].mult_i.\u1.\u2.$auto$proc_dlatch.cc:427:proc_dlatch$1204 ($dlatch)
    port Q[0] of cell $flatten\mults[7].mult_i.\u1.\u2.$auto$proc_dlatch.cc:427:proc_dlatch$1226 ($dlatch)
Warning: multiple conflicting drivers for neuron_intra_Nbits.\mults[7].mult_i.u1.u1.kh [2]:
    port Q[2] of cell $flatten\mults[7].mult_i.\u1.\u1.$auto$proc_dlatch.cc:427:proc_dlatch$1138 ($dlatch)
    port Q[2] of cell $flatten\mults[7].mult_i.\u1.\u1.$auto$proc_dlatch.cc:427:proc_dlatch$1160 ($dlatch)
    port Q[2] of cell $flatten\mults[7].mult_i.\u1.\u1.$auto$proc_dlatch.cc:427:proc_dlatch$1182 ($dlatch)
    port Q[2] of cell $flatten\mults[7].mult_i.\u1.\u1.$auto$proc_dlatch.cc:427:proc_dlatch$1204 ($dlatch)
    port Q[2] of cell $flatten\mults[7].mult_i.\u1.\u1.$auto$proc_dlatch.cc:427:proc_dlatch$1226 ($dlatch)
Warning: multiple conflicting drivers for neuron_intra_Nbits.\mults[7].mult_i.u1.u1.kh [1]:
    port Q[1] of cell $flatten\mults[7].mult_i.\u1.\u1.$auto$proc_dlatch.cc:427:proc_dlatch$1138 ($dlatch)
    port Q[1] of cell $flatten\mults[7].mult_i.\u1.\u1.$auto$proc_dlatch.cc:427:proc_dlatch$1160 ($dlatch)
    port Q[1] of cell $flatten\mults[7].mult_i.\u1.\u1.$auto$proc_dlatch.cc:427:proc_dlatch$1182 ($dlatch)
    port Q[1] of cell $flatten\mults[7].mult_i.\u1.\u1.$auto$proc_dlatch.cc:427:proc_dlatch$1204 ($dlatch)
    port Q[1] of cell $flatten\mults[7].mult_i.\u1.\u1.$auto$proc_dlatch.cc:427:proc_dlatch$1226 ($dlatch)
Warning: multiple conflicting drivers for neuron_intra_Nbits.\mults[7].mult_i.u1.u1.kh [0]:
    port Q[0] of cell $flatten\mults[7].mult_i.\u1.\u1.$auto$proc_dlatch.cc:427:proc_dlatch$1138 ($dlatch)
    port Q[0] of cell $flatten\mults[7].mult_i.\u1.\u1.$auto$proc_dlatch.cc:427:proc_dlatch$1160 ($dlatch)
    port Q[0] of cell $flatten\mults[7].mult_i.\u1.\u1.$auto$proc_dlatch.cc:427:proc_dlatch$1182 ($dlatch)
    port Q[0] of cell $flatten\mults[7].mult_i.\u1.\u1.$auto$proc_dlatch.cc:427:proc_dlatch$1204 ($dlatch)
    port Q[0] of cell $flatten\mults[7].mult_i.\u1.\u1.$auto$proc_dlatch.cc:427:proc_dlatch$1226 ($dlatch)
Warning: multiple conflicting drivers for neuron_intra_Nbits.\mults[6].mult_i.u1.u2.kh [2]:
    port Q[2] of cell $flatten\mults[6].mult_i.\u1.\u2.$auto$proc_dlatch.cc:427:proc_dlatch$1138 ($dlatch)
    port Q[2] of cell $flatten\mults[6].mult_i.\u1.\u2.$auto$proc_dlatch.cc:427:proc_dlatch$1160 ($dlatch)
    port Q[2] of cell $flatten\mults[6].mult_i.\u1.\u2.$auto$proc_dlatch.cc:427:proc_dlatch$1182 ($dlatch)
    port Q[2] of cell $flatten\mults[6].mult_i.\u1.\u2.$auto$proc_dlatch.cc:427:proc_dlatch$1204 ($dlatch)
    port Q[2] of cell $flatten\mults[6].mult_i.\u1.\u2.$auto$proc_dlatch.cc:427:proc_dlatch$1226 ($dlatch)
Warning: multiple conflicting drivers for neuron_intra_Nbits.\mults[6].mult_i.u1.u2.kh [1]:
    port Q[1] of cell $flatten\mults[6].mult_i.\u1.\u2.$auto$proc_dlatch.cc:427:proc_dlatch$1138 ($dlatch)
    port Q[1] of cell $flatten\mults[6].mult_i.\u1.\u2.$auto$proc_dlatch.cc:427:proc_dlatch$1160 ($dlatch)
    port Q[1] of cell $flatten\mults[6].mult_i.\u1.\u2.$auto$proc_dlatch.cc:427:proc_dlatch$1182 ($dlatch)
    port Q[1] of cell $flatten\mults[6].mult_i.\u1.\u2.$auto$proc_dlatch.cc:427:proc_dlatch$1204 ($dlatch)
    port Q[1] of cell $flatten\mults[6].mult_i.\u1.\u2.$auto$proc_dlatch.cc:427:proc_dlatch$1226 ($dlatch)
Warning: multiple conflicting drivers for neuron_intra_Nbits.\mults[6].mult_i.u1.u2.kh [0]:
    port Q[0] of cell $flatten\mults[6].mult_i.\u1.\u2.$auto$proc_dlatch.cc:427:proc_dlatch$1138 ($dlatch)
    port Q[0] of cell $flatten\mults[6].mult_i.\u1.\u2.$auto$proc_dlatch.cc:427:proc_dlatch$1160 ($dlatch)
    port Q[0] of cell $flatten\mults[6].mult_i.\u1.\u2.$auto$proc_dlatch.cc:427:proc_dlatch$1182 ($dlatch)
    port Q[0] of cell $flatten\mults[6].mult_i.\u1.\u2.$auto$proc_dlatch.cc:427:proc_dlatch$1204 ($dlatch)
    port Q[0] of cell $flatten\mults[6].mult_i.\u1.\u2.$auto$proc_dlatch.cc:427:proc_dlatch$1226 ($dlatch)
Warning: multiple conflicting drivers for neuron_intra_Nbits.\mults[6].mult_i.u1.u1.kh [2]:
    port Q[2] of cell $flatten\mults[6].mult_i.\u1.\u1.$auto$proc_dlatch.cc:427:proc_dlatch$1138 ($dlatch)
    port Q[2] of cell $flatten\mults[6].mult_i.\u1.\u1.$auto$proc_dlatch.cc:427:proc_dlatch$1160 ($dlatch)
    port Q[2] of cell $flatten\mults[6].mult_i.\u1.\u1.$auto$proc_dlatch.cc:427:proc_dlatch$1182 ($dlatch)
    port Q[2] of cell $flatten\mults[6].mult_i.\u1.\u1.$auto$proc_dlatch.cc:427:proc_dlatch$1204 ($dlatch)
    port Q[2] of cell $flatten\mults[6].mult_i.\u1.\u1.$auto$proc_dlatch.cc:427:proc_dlatch$1226 ($dlatch)
Warning: multiple conflicting drivers for neuron_intra_Nbits.\mults[6].mult_i.u1.u1.kh [1]:
    port Q[1] of cell $flatten\mults[6].mult_i.\u1.\u1.$auto$proc_dlatch.cc:427:proc_dlatch$1138 ($dlatch)
    port Q[1] of cell $flatten\mults[6].mult_i.\u1.\u1.$auto$proc_dlatch.cc:427:proc_dlatch$1160 ($dlatch)
    port Q[1] of cell $flatten\mults[6].mult_i.\u1.\u1.$auto$proc_dlatch.cc:427:proc_dlatch$1182 ($dlatch)
    port Q[1] of cell $flatten\mults[6].mult_i.\u1.\u1.$auto$proc_dlatch.cc:427:proc_dlatch$1204 ($dlatch)
    port Q[1] of cell $flatten\mults[6].mult_i.\u1.\u1.$auto$proc_dlatch.cc:427:proc_dlatch$1226 ($dlatch)
Warning: multiple conflicting drivers for neuron_intra_Nbits.\mults[6].mult_i.u1.u1.kh [0]:
    port Q[0] of cell $flatten\mults[6].mult_i.\u1.\u1.$auto$proc_dlatch.cc:427:proc_dlatch$1138 ($dlatch)
    port Q[0] of cell $flatten\mults[6].mult_i.\u1.\u1.$auto$proc_dlatch.cc:427:proc_dlatch$1160 ($dlatch)
    port Q[0] of cell $flatten\mults[6].mult_i.\u1.\u1.$auto$proc_dlatch.cc:427:proc_dlatch$1182 ($dlatch)
    port Q[0] of cell $flatten\mults[6].mult_i.\u1.\u1.$auto$proc_dlatch.cc:427:proc_dlatch$1204 ($dlatch)
    port Q[0] of cell $flatten\mults[6].mult_i.\u1.\u1.$auto$proc_dlatch.cc:427:proc_dlatch$1226 ($dlatch)
Warning: multiple conflicting drivers for neuron_intra_Nbits.\mults[5].mult_i.u1.u2.kh [2]:
    port Q[2] of cell $flatten\mults[5].mult_i.\u1.\u2.$auto$proc_dlatch.cc:427:proc_dlatch$1138 ($dlatch)
    port Q[2] of cell $flatten\mults[5].mult_i.\u1.\u2.$auto$proc_dlatch.cc:427:proc_dlatch$1160 ($dlatch)
    port Q[2] of cell $flatten\mults[5].mult_i.\u1.\u2.$auto$proc_dlatch.cc:427:proc_dlatch$1182 ($dlatch)
    port Q[2] of cell $flatten\mults[5].mult_i.\u1.\u2.$auto$proc_dlatch.cc:427:proc_dlatch$1204 ($dlatch)
    port Q[2] of cell $flatten\mults[5].mult_i.\u1.\u2.$auto$proc_dlatch.cc:427:proc_dlatch$1226 ($dlatch)
Warning: multiple conflicting drivers for neuron_intra_Nbits.\mults[5].mult_i.u1.u2.kh [1]:
    port Q[1] of cell $flatten\mults[5].mult_i.\u1.\u2.$auto$proc_dlatch.cc:427:proc_dlatch$1138 ($dlatch)
    port Q[1] of cell $flatten\mults[5].mult_i.\u1.\u2.$auto$proc_dlatch.cc:427:proc_dlatch$1160 ($dlatch)
    port Q[1] of cell $flatten\mults[5].mult_i.\u1.\u2.$auto$proc_dlatch.cc:427:proc_dlatch$1182 ($dlatch)
    port Q[1] of cell $flatten\mults[5].mult_i.\u1.\u2.$auto$proc_dlatch.cc:427:proc_dlatch$1204 ($dlatch)
    port Q[1] of cell $flatten\mults[5].mult_i.\u1.\u2.$auto$proc_dlatch.cc:427:proc_dlatch$1226 ($dlatch)
Warning: multiple conflicting drivers for neuron_intra_Nbits.\mults[5].mult_i.u1.u2.kh [0]:
    port Q[0] of cell $flatten\mults[5].mult_i.\u1.\u2.$auto$proc_dlatch.cc:427:proc_dlatch$1138 ($dlatch)
    port Q[0] of cell $flatten\mults[5].mult_i.\u1.\u2.$auto$proc_dlatch.cc:427:proc_dlatch$1160 ($dlatch)
    port Q[0] of cell $flatten\mults[5].mult_i.\u1.\u2.$auto$proc_dlatch.cc:427:proc_dlatch$1182 ($dlatch)
    port Q[0] of cell $flatten\mults[5].mult_i.\u1.\u2.$auto$proc_dlatch.cc:427:proc_dlatch$1204 ($dlatch)
    port Q[0] of cell $flatten\mults[5].mult_i.\u1.\u2.$auto$proc_dlatch.cc:427:proc_dlatch$1226 ($dlatch)
Warning: multiple conflicting drivers for neuron_intra_Nbits.\mults[5].mult_i.u1.u1.kh [2]:
    port Q[2] of cell $flatten\mults[5].mult_i.\u1.\u1.$auto$proc_dlatch.cc:427:proc_dlatch$1138 ($dlatch)
    port Q[2] of cell $flatten\mults[5].mult_i.\u1.\u1.$auto$proc_dlatch.cc:427:proc_dlatch$1160 ($dlatch)
    port Q[2] of cell $flatten\mults[5].mult_i.\u1.\u1.$auto$proc_dlatch.cc:427:proc_dlatch$1182 ($dlatch)
    port Q[2] of cell $flatten\mults[5].mult_i.\u1.\u1.$auto$proc_dlatch.cc:427:proc_dlatch$1204 ($dlatch)
    port Q[2] of cell $flatten\mults[5].mult_i.\u1.\u1.$auto$proc_dlatch.cc:427:proc_dlatch$1226 ($dlatch)
Warning: multiple conflicting drivers for neuron_intra_Nbits.\mults[5].mult_i.u1.u1.kh [1]:
    port Q[1] of cell $flatten\mults[5].mult_i.\u1.\u1.$auto$proc_dlatch.cc:427:proc_dlatch$1138 ($dlatch)
    port Q[1] of cell $flatten\mults[5].mult_i.\u1.\u1.$auto$proc_dlatch.cc:427:proc_dlatch$1160 ($dlatch)
    port Q[1] of cell $flatten\mults[5].mult_i.\u1.\u1.$auto$proc_dlatch.cc:427:proc_dlatch$1182 ($dlatch)
    port Q[1] of cell $flatten\mults[5].mult_i.\u1.\u1.$auto$proc_dlatch.cc:427:proc_dlatch$1204 ($dlatch)
    port Q[1] of cell $flatten\mults[5].mult_i.\u1.\u1.$auto$proc_dlatch.cc:427:proc_dlatch$1226 ($dlatch)
Warning: multiple conflicting drivers for neuron_intra_Nbits.\mults[5].mult_i.u1.u1.kh [0]:
    port Q[0] of cell $flatten\mults[5].mult_i.\u1.\u1.$auto$proc_dlatch.cc:427:proc_dlatch$1138 ($dlatch)
    port Q[0] of cell $flatten\mults[5].mult_i.\u1.\u1.$auto$proc_dlatch.cc:427:proc_dlatch$1160 ($dlatch)
    port Q[0] of cell $flatten\mults[5].mult_i.\u1.\u1.$auto$proc_dlatch.cc:427:proc_dlatch$1182 ($dlatch)
    port Q[0] of cell $flatten\mults[5].mult_i.\u1.\u1.$auto$proc_dlatch.cc:427:proc_dlatch$1204 ($dlatch)
    port Q[0] of cell $flatten\mults[5].mult_i.\u1.\u1.$auto$proc_dlatch.cc:427:proc_dlatch$1226 ($dlatch)
Warning: multiple conflicting drivers for neuron_intra_Nbits.\mults[4].mult_i.u1.u2.kh [2]:
    port Q[2] of cell $flatten\mults[4].mult_i.\u1.\u2.$auto$proc_dlatch.cc:427:proc_dlatch$1138 ($dlatch)
    port Q[2] of cell $flatten\mults[4].mult_i.\u1.\u2.$auto$proc_dlatch.cc:427:proc_dlatch$1160 ($dlatch)
    port Q[2] of cell $flatten\mults[4].mult_i.\u1.\u2.$auto$proc_dlatch.cc:427:proc_dlatch$1182 ($dlatch)
    port Q[2] of cell $flatten\mults[4].mult_i.\u1.\u2.$auto$proc_dlatch.cc:427:proc_dlatch$1204 ($dlatch)
    port Q[2] of cell $flatten\mults[4].mult_i.\u1.\u2.$auto$proc_dlatch.cc:427:proc_dlatch$1226 ($dlatch)
Warning: multiple conflicting drivers for neuron_intra_Nbits.\mults[4].mult_i.u1.u2.kh [1]:
    port Q[1] of cell $flatten\mults[4].mult_i.\u1.\u2.$auto$proc_dlatch.cc:427:proc_dlatch$1138 ($dlatch)
    port Q[1] of cell $flatten\mults[4].mult_i.\u1.\u2.$auto$proc_dlatch.cc:427:proc_dlatch$1160 ($dlatch)
    port Q[1] of cell $flatten\mults[4].mult_i.\u1.\u2.$auto$proc_dlatch.cc:427:proc_dlatch$1182 ($dlatch)
    port Q[1] of cell $flatten\mults[4].mult_i.\u1.\u2.$auto$proc_dlatch.cc:427:proc_dlatch$1204 ($dlatch)
    port Q[1] of cell $flatten\mults[4].mult_i.\u1.\u2.$auto$proc_dlatch.cc:427:proc_dlatch$1226 ($dlatch)
Warning: multiple conflicting drivers for neuron_intra_Nbits.\mults[4].mult_i.u1.u2.kh [0]:
    port Q[0] of cell $flatten\mults[4].mult_i.\u1.\u2.$auto$proc_dlatch.cc:427:proc_dlatch$1138 ($dlatch)
    port Q[0] of cell $flatten\mults[4].mult_i.\u1.\u2.$auto$proc_dlatch.cc:427:proc_dlatch$1160 ($dlatch)
    port Q[0] of cell $flatten\mults[4].mult_i.\u1.\u2.$auto$proc_dlatch.cc:427:proc_dlatch$1182 ($dlatch)
    port Q[0] of cell $flatten\mults[4].mult_i.\u1.\u2.$auto$proc_dlatch.cc:427:proc_dlatch$1204 ($dlatch)
    port Q[0] of cell $flatten\mults[4].mult_i.\u1.\u2.$auto$proc_dlatch.cc:427:proc_dlatch$1226 ($dlatch)
Warning: multiple conflicting drivers for neuron_intra_Nbits.\mults[4].mult_i.u1.u1.kh [2]:
    port Q[2] of cell $flatten\mults[4].mult_i.\u1.\u1.$auto$proc_dlatch.cc:427:proc_dlatch$1138 ($dlatch)
    port Q[2] of cell $flatten\mults[4].mult_i.\u1.\u1.$auto$proc_dlatch.cc:427:proc_dlatch$1160 ($dlatch)
    port Q[2] of cell $flatten\mults[4].mult_i.\u1.\u1.$auto$proc_dlatch.cc:427:proc_dlatch$1182 ($dlatch)
    port Q[2] of cell $flatten\mults[4].mult_i.\u1.\u1.$auto$proc_dlatch.cc:427:proc_dlatch$1204 ($dlatch)
    port Q[2] of cell $flatten\mults[4].mult_i.\u1.\u1.$auto$proc_dlatch.cc:427:proc_dlatch$1226 ($dlatch)
Warning: multiple conflicting drivers for neuron_intra_Nbits.\mults[4].mult_i.u1.u1.kh [1]:
    port Q[1] of cell $flatten\mults[4].mult_i.\u1.\u1.$auto$proc_dlatch.cc:427:proc_dlatch$1138 ($dlatch)
    port Q[1] of cell $flatten\mults[4].mult_i.\u1.\u1.$auto$proc_dlatch.cc:427:proc_dlatch$1160 ($dlatch)
    port Q[1] of cell $flatten\mults[4].mult_i.\u1.\u1.$auto$proc_dlatch.cc:427:proc_dlatch$1182 ($dlatch)
    port Q[1] of cell $flatten\mults[4].mult_i.\u1.\u1.$auto$proc_dlatch.cc:427:proc_dlatch$1204 ($dlatch)
    port Q[1] of cell $flatten\mults[4].mult_i.\u1.\u1.$auto$proc_dlatch.cc:427:proc_dlatch$1226 ($dlatch)
Warning: multiple conflicting drivers for neuron_intra_Nbits.\mults[4].mult_i.u1.u1.kh [0]:
    port Q[0] of cell $flatten\mults[4].mult_i.\u1.\u1.$auto$proc_dlatch.cc:427:proc_dlatch$1138 ($dlatch)
    port Q[0] of cell $flatten\mults[4].mult_i.\u1.\u1.$auto$proc_dlatch.cc:427:proc_dlatch$1160 ($dlatch)
    port Q[0] of cell $flatten\mults[4].mult_i.\u1.\u1.$auto$proc_dlatch.cc:427:proc_dlatch$1182 ($dlatch)
    port Q[0] of cell $flatten\mults[4].mult_i.\u1.\u1.$auto$proc_dlatch.cc:427:proc_dlatch$1204 ($dlatch)
    port Q[0] of cell $flatten\mults[4].mult_i.\u1.\u1.$auto$proc_dlatch.cc:427:proc_dlatch$1226 ($dlatch)
Warning: multiple conflicting drivers for neuron_intra_Nbits.\mults[3].mult_i.u1.u2.kh [2]:
    port Q[2] of cell $flatten\mults[3].mult_i.\u1.\u2.$auto$proc_dlatch.cc:427:proc_dlatch$1138 ($dlatch)
    port Q[2] of cell $flatten\mults[3].mult_i.\u1.\u2.$auto$proc_dlatch.cc:427:proc_dlatch$1160 ($dlatch)
    port Q[2] of cell $flatten\mults[3].mult_i.\u1.\u2.$auto$proc_dlatch.cc:427:proc_dlatch$1182 ($dlatch)
    port Q[2] of cell $flatten\mults[3].mult_i.\u1.\u2.$auto$proc_dlatch.cc:427:proc_dlatch$1204 ($dlatch)
    port Q[2] of cell $flatten\mults[3].mult_i.\u1.\u2.$auto$proc_dlatch.cc:427:proc_dlatch$1226 ($dlatch)
Warning: multiple conflicting drivers for neuron_intra_Nbits.\mults[3].mult_i.u1.u2.kh [1]:
    port Q[1] of cell $flatten\mults[3].mult_i.\u1.\u2.$auto$proc_dlatch.cc:427:proc_dlatch$1138 ($dlatch)
    port Q[1] of cell $flatten\mults[3].mult_i.\u1.\u2.$auto$proc_dlatch.cc:427:proc_dlatch$1160 ($dlatch)
    port Q[1] of cell $flatten\mults[3].mult_i.\u1.\u2.$auto$proc_dlatch.cc:427:proc_dlatch$1182 ($dlatch)
    port Q[1] of cell $flatten\mults[3].mult_i.\u1.\u2.$auto$proc_dlatch.cc:427:proc_dlatch$1204 ($dlatch)
    port Q[1] of cell $flatten\mults[3].mult_i.\u1.\u2.$auto$proc_dlatch.cc:427:proc_dlatch$1226 ($dlatch)
Warning: multiple conflicting drivers for neuron_intra_Nbits.\mults[3].mult_i.u1.u2.kh [0]:
    port Q[0] of cell $flatten\mults[3].mult_i.\u1.\u2.$auto$proc_dlatch.cc:427:proc_dlatch$1138 ($dlatch)
    port Q[0] of cell $flatten\mults[3].mult_i.\u1.\u2.$auto$proc_dlatch.cc:427:proc_dlatch$1160 ($dlatch)
    port Q[0] of cell $flatten\mults[3].mult_i.\u1.\u2.$auto$proc_dlatch.cc:427:proc_dlatch$1182 ($dlatch)
    port Q[0] of cell $flatten\mults[3].mult_i.\u1.\u2.$auto$proc_dlatch.cc:427:proc_dlatch$1204 ($dlatch)
    port Q[0] of cell $flatten\mults[3].mult_i.\u1.\u2.$auto$proc_dlatch.cc:427:proc_dlatch$1226 ($dlatch)
Warning: multiple conflicting drivers for neuron_intra_Nbits.\mults[3].mult_i.u1.u1.kh [2]:
    port Q[2] of cell $flatten\mults[3].mult_i.\u1.\u1.$auto$proc_dlatch.cc:427:proc_dlatch$1138 ($dlatch)
    port Q[2] of cell $flatten\mults[3].mult_i.\u1.\u1.$auto$proc_dlatch.cc:427:proc_dlatch$1160 ($dlatch)
    port Q[2] of cell $flatten\mults[3].mult_i.\u1.\u1.$auto$proc_dlatch.cc:427:proc_dlatch$1182 ($dlatch)
    port Q[2] of cell $flatten\mults[3].mult_i.\u1.\u1.$auto$proc_dlatch.cc:427:proc_dlatch$1204 ($dlatch)
    port Q[2] of cell $flatten\mults[3].mult_i.\u1.\u1.$auto$proc_dlatch.cc:427:proc_dlatch$1226 ($dlatch)
Warning: multiple conflicting drivers for neuron_intra_Nbits.\mults[3].mult_i.u1.u1.kh [1]:
    port Q[1] of cell $flatten\mults[3].mult_i.\u1.\u1.$auto$proc_dlatch.cc:427:proc_dlatch$1138 ($dlatch)
    port Q[1] of cell $flatten\mults[3].mult_i.\u1.\u1.$auto$proc_dlatch.cc:427:proc_dlatch$1160 ($dlatch)
    port Q[1] of cell $flatten\mults[3].mult_i.\u1.\u1.$auto$proc_dlatch.cc:427:proc_dlatch$1182 ($dlatch)
    port Q[1] of cell $flatten\mults[3].mult_i.\u1.\u1.$auto$proc_dlatch.cc:427:proc_dlatch$1204 ($dlatch)
    port Q[1] of cell $flatten\mults[3].mult_i.\u1.\u1.$auto$proc_dlatch.cc:427:proc_dlatch$1226 ($dlatch)
Warning: multiple conflicting drivers for neuron_intra_Nbits.\mults[3].mult_i.u1.u1.kh [0]:
    port Q[0] of cell $flatten\mults[3].mult_i.\u1.\u1.$auto$proc_dlatch.cc:427:proc_dlatch$1138 ($dlatch)
    port Q[0] of cell $flatten\mults[3].mult_i.\u1.\u1.$auto$proc_dlatch.cc:427:proc_dlatch$1160 ($dlatch)
    port Q[0] of cell $flatten\mults[3].mult_i.\u1.\u1.$auto$proc_dlatch.cc:427:proc_dlatch$1182 ($dlatch)
    port Q[0] of cell $flatten\mults[3].mult_i.\u1.\u1.$auto$proc_dlatch.cc:427:proc_dlatch$1204 ($dlatch)
    port Q[0] of cell $flatten\mults[3].mult_i.\u1.\u1.$auto$proc_dlatch.cc:427:proc_dlatch$1226 ($dlatch)
Warning: multiple conflicting drivers for neuron_intra_Nbits.\mults[2].mult_i.u1.u2.kh [2]:
    port Q[2] of cell $flatten\mults[2].mult_i.\u1.\u2.$auto$proc_dlatch.cc:427:proc_dlatch$1138 ($dlatch)
    port Q[2] of cell $flatten\mults[2].mult_i.\u1.\u2.$auto$proc_dlatch.cc:427:proc_dlatch$1160 ($dlatch)
    port Q[2] of cell $flatten\mults[2].mult_i.\u1.\u2.$auto$proc_dlatch.cc:427:proc_dlatch$1182 ($dlatch)
    port Q[2] of cell $flatten\mults[2].mult_i.\u1.\u2.$auto$proc_dlatch.cc:427:proc_dlatch$1204 ($dlatch)
    port Q[2] of cell $flatten\mults[2].mult_i.\u1.\u2.$auto$proc_dlatch.cc:427:proc_dlatch$1226 ($dlatch)
Warning: multiple conflicting drivers for neuron_intra_Nbits.\mults[2].mult_i.u1.u2.kh [1]:
    port Q[1] of cell $flatten\mults[2].mult_i.\u1.\u2.$auto$proc_dlatch.cc:427:proc_dlatch$1138 ($dlatch)
    port Q[1] of cell $flatten\mults[2].mult_i.\u1.\u2.$auto$proc_dlatch.cc:427:proc_dlatch$1160 ($dlatch)
    port Q[1] of cell $flatten\mults[2].mult_i.\u1.\u2.$auto$proc_dlatch.cc:427:proc_dlatch$1182 ($dlatch)
    port Q[1] of cell $flatten\mults[2].mult_i.\u1.\u2.$auto$proc_dlatch.cc:427:proc_dlatch$1204 ($dlatch)
    port Q[1] of cell $flatten\mults[2].mult_i.\u1.\u2.$auto$proc_dlatch.cc:427:proc_dlatch$1226 ($dlatch)
Warning: multiple conflicting drivers for neuron_intra_Nbits.\mults[2].mult_i.u1.u2.kh [0]:
    port Q[0] of cell $flatten\mults[2].mult_i.\u1.\u2.$auto$proc_dlatch.cc:427:proc_dlatch$1138 ($dlatch)
    port Q[0] of cell $flatten\mults[2].mult_i.\u1.\u2.$auto$proc_dlatch.cc:427:proc_dlatch$1160 ($dlatch)
    port Q[0] of cell $flatten\mults[2].mult_i.\u1.\u2.$auto$proc_dlatch.cc:427:proc_dlatch$1182 ($dlatch)
    port Q[0] of cell $flatten\mults[2].mult_i.\u1.\u2.$auto$proc_dlatch.cc:427:proc_dlatch$1204 ($dlatch)
    port Q[0] of cell $flatten\mults[2].mult_i.\u1.\u2.$auto$proc_dlatch.cc:427:proc_dlatch$1226 ($dlatch)
Warning: multiple conflicting drivers for neuron_intra_Nbits.\mults[2].mult_i.u1.u1.kh [2]:
    port Q[2] of cell $flatten\mults[2].mult_i.\u1.\u1.$auto$proc_dlatch.cc:427:proc_dlatch$1138 ($dlatch)
    port Q[2] of cell $flatten\mults[2].mult_i.\u1.\u1.$auto$proc_dlatch.cc:427:proc_dlatch$1160 ($dlatch)
    port Q[2] of cell $flatten\mults[2].mult_i.\u1.\u1.$auto$proc_dlatch.cc:427:proc_dlatch$1182 ($dlatch)
    port Q[2] of cell $flatten\mults[2].mult_i.\u1.\u1.$auto$proc_dlatch.cc:427:proc_dlatch$1204 ($dlatch)
    port Q[2] of cell $flatten\mults[2].mult_i.\u1.\u1.$auto$proc_dlatch.cc:427:proc_dlatch$1226 ($dlatch)
Warning: multiple conflicting drivers for neuron_intra_Nbits.\mults[2].mult_i.u1.u1.kh [1]:
    port Q[1] of cell $flatten\mults[2].mult_i.\u1.\u1.$auto$proc_dlatch.cc:427:proc_dlatch$1138 ($dlatch)
    port Q[1] of cell $flatten\mults[2].mult_i.\u1.\u1.$auto$proc_dlatch.cc:427:proc_dlatch$1160 ($dlatch)
    port Q[1] of cell $flatten\mults[2].mult_i.\u1.\u1.$auto$proc_dlatch.cc:427:proc_dlatch$1182 ($dlatch)
    port Q[1] of cell $flatten\mults[2].mult_i.\u1.\u1.$auto$proc_dlatch.cc:427:proc_dlatch$1204 ($dlatch)
    port Q[1] of cell $flatten\mults[2].mult_i.\u1.\u1.$auto$proc_dlatch.cc:427:proc_dlatch$1226 ($dlatch)
Warning: multiple conflicting drivers for neuron_intra_Nbits.\mults[2].mult_i.u1.u1.kh [0]:
    port Q[0] of cell $flatten\mults[2].mult_i.\u1.\u1.$auto$proc_dlatch.cc:427:proc_dlatch$1138 ($dlatch)
    port Q[0] of cell $flatten\mults[2].mult_i.\u1.\u1.$auto$proc_dlatch.cc:427:proc_dlatch$1160 ($dlatch)
    port Q[0] of cell $flatten\mults[2].mult_i.\u1.\u1.$auto$proc_dlatch.cc:427:proc_dlatch$1182 ($dlatch)
    port Q[0] of cell $flatten\mults[2].mult_i.\u1.\u1.$auto$proc_dlatch.cc:427:proc_dlatch$1204 ($dlatch)
    port Q[0] of cell $flatten\mults[2].mult_i.\u1.\u1.$auto$proc_dlatch.cc:427:proc_dlatch$1226 ($dlatch)
Warning: multiple conflicting drivers for neuron_intra_Nbits.\mults[1].mult_i.u1.u2.kh [2]:
    port Q[2] of cell $flatten\mults[1].mult_i.\u1.\u2.$auto$proc_dlatch.cc:427:proc_dlatch$1138 ($dlatch)
    port Q[2] of cell $flatten\mults[1].mult_i.\u1.\u2.$auto$proc_dlatch.cc:427:proc_dlatch$1160 ($dlatch)
    port Q[2] of cell $flatten\mults[1].mult_i.\u1.\u2.$auto$proc_dlatch.cc:427:proc_dlatch$1182 ($dlatch)
    port Q[2] of cell $flatten\mults[1].mult_i.\u1.\u2.$auto$proc_dlatch.cc:427:proc_dlatch$1204 ($dlatch)
    port Q[2] of cell $flatten\mults[1].mult_i.\u1.\u2.$auto$proc_dlatch.cc:427:proc_dlatch$1226 ($dlatch)
Warning: multiple conflicting drivers for neuron_intra_Nbits.\mults[1].mult_i.u1.u2.kh [1]:
    port Q[1] of cell $flatten\mults[1].mult_i.\u1.\u2.$auto$proc_dlatch.cc:427:proc_dlatch$1138 ($dlatch)
    port Q[1] of cell $flatten\mults[1].mult_i.\u1.\u2.$auto$proc_dlatch.cc:427:proc_dlatch$1160 ($dlatch)
    port Q[1] of cell $flatten\mults[1].mult_i.\u1.\u2.$auto$proc_dlatch.cc:427:proc_dlatch$1182 ($dlatch)
    port Q[1] of cell $flatten\mults[1].mult_i.\u1.\u2.$auto$proc_dlatch.cc:427:proc_dlatch$1204 ($dlatch)
    port Q[1] of cell $flatten\mults[1].mult_i.\u1.\u2.$auto$proc_dlatch.cc:427:proc_dlatch$1226 ($dlatch)
Warning: multiple conflicting drivers for neuron_intra_Nbits.\mults[1].mult_i.u1.u2.kh [0]:
    port Q[0] of cell $flatten\mults[1].mult_i.\u1.\u2.$auto$proc_dlatch.cc:427:proc_dlatch$1138 ($dlatch)
    port Q[0] of cell $flatten\mults[1].mult_i.\u1.\u2.$auto$proc_dlatch.cc:427:proc_dlatch$1160 ($dlatch)
    port Q[0] of cell $flatten\mults[1].mult_i.\u1.\u2.$auto$proc_dlatch.cc:427:proc_dlatch$1182 ($dlatch)
    port Q[0] of cell $flatten\mults[1].mult_i.\u1.\u2.$auto$proc_dlatch.cc:427:proc_dlatch$1204 ($dlatch)
    port Q[0] of cell $flatten\mults[1].mult_i.\u1.\u2.$auto$proc_dlatch.cc:427:proc_dlatch$1226 ($dlatch)
Warning: multiple conflicting drivers for neuron_intra_Nbits.\mults[1].mult_i.u1.u1.kh [2]:
    port Q[2] of cell $flatten\mults[1].mult_i.\u1.\u1.$auto$proc_dlatch.cc:427:proc_dlatch$1138 ($dlatch)
    port Q[2] of cell $flatten\mults[1].mult_i.\u1.\u1.$auto$proc_dlatch.cc:427:proc_dlatch$1160 ($dlatch)
    port Q[2] of cell $flatten\mults[1].mult_i.\u1.\u1.$auto$proc_dlatch.cc:427:proc_dlatch$1182 ($dlatch)
    port Q[2] of cell $flatten\mults[1].mult_i.\u1.\u1.$auto$proc_dlatch.cc:427:proc_dlatch$1204 ($dlatch)
    port Q[2] of cell $flatten\mults[1].mult_i.\u1.\u1.$auto$proc_dlatch.cc:427:proc_dlatch$1226 ($dlatch)
Warning: multiple conflicting drivers for neuron_intra_Nbits.\mults[1].mult_i.u1.u1.kh [1]:
    port Q[1] of cell $flatten\mults[1].mult_i.\u1.\u1.$auto$proc_dlatch.cc:427:proc_dlatch$1138 ($dlatch)
    port Q[1] of cell $flatten\mults[1].mult_i.\u1.\u1.$auto$proc_dlatch.cc:427:proc_dlatch$1160 ($dlatch)
    port Q[1] of cell $flatten\mults[1].mult_i.\u1.\u1.$auto$proc_dlatch.cc:427:proc_dlatch$1182 ($dlatch)
    port Q[1] of cell $flatten\mults[1].mult_i.\u1.\u1.$auto$proc_dlatch.cc:427:proc_dlatch$1204 ($dlatch)
    port Q[1] of cell $flatten\mults[1].mult_i.\u1.\u1.$auto$proc_dlatch.cc:427:proc_dlatch$1226 ($dlatch)
Warning: multiple conflicting drivers for neuron_intra_Nbits.\mults[1].mult_i.u1.u1.kh [0]:
    port Q[0] of cell $flatten\mults[1].mult_i.\u1.\u1.$auto$proc_dlatch.cc:427:proc_dlatch$1138 ($dlatch)
    port Q[0] of cell $flatten\mults[1].mult_i.\u1.\u1.$auto$proc_dlatch.cc:427:proc_dlatch$1160 ($dlatch)
    port Q[0] of cell $flatten\mults[1].mult_i.\u1.\u1.$auto$proc_dlatch.cc:427:proc_dlatch$1182 ($dlatch)
    port Q[0] of cell $flatten\mults[1].mult_i.\u1.\u1.$auto$proc_dlatch.cc:427:proc_dlatch$1204 ($dlatch)
    port Q[0] of cell $flatten\mults[1].mult_i.\u1.\u1.$auto$proc_dlatch.cc:427:proc_dlatch$1226 ($dlatch)
Warning: multiple conflicting drivers for neuron_intra_Nbits.\mults[0].mult_i.u1.u2.kh [2]:
    port Q[2] of cell $flatten\mults[0].mult_i.\u1.\u2.$auto$proc_dlatch.cc:427:proc_dlatch$1138 ($dlatch)
    port Q[2] of cell $flatten\mults[0].mult_i.\u1.\u2.$auto$proc_dlatch.cc:427:proc_dlatch$1160 ($dlatch)
    port Q[2] of cell $flatten\mults[0].mult_i.\u1.\u2.$auto$proc_dlatch.cc:427:proc_dlatch$1182 ($dlatch)
    port Q[2] of cell $flatten\mults[0].mult_i.\u1.\u2.$auto$proc_dlatch.cc:427:proc_dlatch$1204 ($dlatch)
    port Q[2] of cell $flatten\mults[0].mult_i.\u1.\u2.$auto$proc_dlatch.cc:427:proc_dlatch$1226 ($dlatch)
Warning: multiple conflicting drivers for neuron_intra_Nbits.\mults[0].mult_i.u1.u2.kh [1]:
    port Q[1] of cell $flatten\mults[0].mult_i.\u1.\u2.$auto$proc_dlatch.cc:427:proc_dlatch$1138 ($dlatch)
    port Q[1] of cell $flatten\mults[0].mult_i.\u1.\u2.$auto$proc_dlatch.cc:427:proc_dlatch$1160 ($dlatch)
    port Q[1] of cell $flatten\mults[0].mult_i.\u1.\u2.$auto$proc_dlatch.cc:427:proc_dlatch$1182 ($dlatch)
    port Q[1] of cell $flatten\mults[0].mult_i.\u1.\u2.$auto$proc_dlatch.cc:427:proc_dlatch$1204 ($dlatch)
    port Q[1] of cell $flatten\mults[0].mult_i.\u1.\u2.$auto$proc_dlatch.cc:427:proc_dlatch$1226 ($dlatch)
Warning: multiple conflicting drivers for neuron_intra_Nbits.\mults[0].mult_i.u1.u2.kh [0]:
    port Q[0] of cell $flatten\mults[0].mult_i.\u1.\u2.$auto$proc_dlatch.cc:427:proc_dlatch$1138 ($dlatch)
    port Q[0] of cell $flatten\mults[0].mult_i.\u1.\u2.$auto$proc_dlatch.cc:427:proc_dlatch$1160 ($dlatch)
    port Q[0] of cell $flatten\mults[0].mult_i.\u1.\u2.$auto$proc_dlatch.cc:427:proc_dlatch$1182 ($dlatch)
    port Q[0] of cell $flatten\mults[0].mult_i.\u1.\u2.$auto$proc_dlatch.cc:427:proc_dlatch$1204 ($dlatch)
    port Q[0] of cell $flatten\mults[0].mult_i.\u1.\u2.$auto$proc_dlatch.cc:427:proc_dlatch$1226 ($dlatch)
Warning: multiple conflicting drivers for neuron_intra_Nbits.\mults[0].mult_i.u1.u1.kh [2]:
    port Q[2] of cell $flatten\mults[0].mult_i.\u1.\u1.$auto$proc_dlatch.cc:427:proc_dlatch$1138 ($dlatch)
    port Q[2] of cell $flatten\mults[0].mult_i.\u1.\u1.$auto$proc_dlatch.cc:427:proc_dlatch$1160 ($dlatch)
    port Q[2] of cell $flatten\mults[0].mult_i.\u1.\u1.$auto$proc_dlatch.cc:427:proc_dlatch$1182 ($dlatch)
    port Q[2] of cell $flatten\mults[0].mult_i.\u1.\u1.$auto$proc_dlatch.cc:427:proc_dlatch$1204 ($dlatch)
    port Q[2] of cell $flatten\mults[0].mult_i.\u1.\u1.$auto$proc_dlatch.cc:427:proc_dlatch$1226 ($dlatch)
Warning: multiple conflicting drivers for neuron_intra_Nbits.\mults[0].mult_i.u1.u1.kh [1]:
    port Q[1] of cell $flatten\mults[0].mult_i.\u1.\u1.$auto$proc_dlatch.cc:427:proc_dlatch$1138 ($dlatch)
    port Q[1] of cell $flatten\mults[0].mult_i.\u1.\u1.$auto$proc_dlatch.cc:427:proc_dlatch$1160 ($dlatch)
    port Q[1] of cell $flatten\mults[0].mult_i.\u1.\u1.$auto$proc_dlatch.cc:427:proc_dlatch$1182 ($dlatch)
    port Q[1] of cell $flatten\mults[0].mult_i.\u1.\u1.$auto$proc_dlatch.cc:427:proc_dlatch$1204 ($dlatch)
    port Q[1] of cell $flatten\mults[0].mult_i.\u1.\u1.$auto$proc_dlatch.cc:427:proc_dlatch$1226 ($dlatch)
Warning: multiple conflicting drivers for neuron_intra_Nbits.\mults[0].mult_i.u1.u1.kh [0]:
    port Q[0] of cell $flatten\mults[0].mult_i.\u1.\u1.$auto$proc_dlatch.cc:427:proc_dlatch$1138 ($dlatch)
    port Q[0] of cell $flatten\mults[0].mult_i.\u1.\u1.$auto$proc_dlatch.cc:427:proc_dlatch$1160 ($dlatch)
    port Q[0] of cell $flatten\mults[0].mult_i.\u1.\u1.$auto$proc_dlatch.cc:427:proc_dlatch$1182 ($dlatch)
    port Q[0] of cell $flatten\mults[0].mult_i.\u1.\u1.$auto$proc_dlatch.cc:427:proc_dlatch$1204 ($dlatch)
    port Q[0] of cell $flatten\mults[0].mult_i.\u1.\u1.$auto$proc_dlatch.cc:427:proc_dlatch$1226 ($dlatch)
Found and reported 48 problems.

12.6. Executing OPT pass (performing simple optimizations).

12.6.1. Executing OPT_EXPR pass (perform const folding).
Optimizing module neuron_intra_Nbits.

12.6.2. Executing OPT_MERGE pass (detect identical cells).
Finding identical cells in module `\neuron_intra_Nbits'.
Removed a total of 0 cells.

12.6.3. Executing OPT_MUXTREE pass (detect dead branches in mux trees).
Running muxtree optimizer on module \neuron_intra_Nbits..
  Creating internal representation of mux trees.
  Evaluating internal representation of mux trees.
      Replacing known input bits on port A of cell $flatten\mults[0].mult_i.$ternary$/home/juliana/venv_pytorch/lib/python3.12/site-packages/MAxPy/vlib/AxArith/multipliers/LOBA.v:18$732: { 1'0 \W [3] \W [3] \W [3] \W [3:0] } -> { 5'00000 \W [2:0] }
      Replacing known input bits on port A of cell $flatten\mults[0].mult_i.$ternary$/home/juliana/venv_pytorch/lib/python3.12/site-packages/MAxPy/vlib/AxArith/multipliers/LOBA.v:19$737: { 1'0 \X_N [3] \X_N [3] \X_N [3] \X_N [3:0] } -> { 5'00000 \X_N [2:0] }
      Replacing known input bits on port A of cell $flatten\mults[1].mult_i.$ternary$/home/juliana/venv_pytorch/lib/python3.12/site-packages/MAxPy/vlib/AxArith/multipliers/LOBA.v:18$732: { 1'0 \W [7] \W [7] \W [7] \W [7:4] } -> { 5'00000 \W [6:4] }
      Replacing known input bits on port A of cell $flatten\mults[1].mult_i.$ternary$/home/juliana/venv_pytorch/lib/python3.12/site-packages/MAxPy/vlib/AxArith/multipliers/LOBA.v:19$737: { 1'0 \X_N [7] \X_N [7] \X_N [7] \X_N [7:4] } -> { 5'00000 \X_N [6:4] }
      Replacing known input bits on port A of cell $flatten\mults[2].mult_i.$ternary$/home/juliana/venv_pytorch/lib/python3.12/site-packages/MAxPy/vlib/AxArith/multipliers/LOBA.v:18$732: { 1'0 \W [11] \W [11] \W [11] \W [11:8] } -> { 5'00000 \W [10:8] }
      Replacing known input bits on port A of cell $flatten\mults[2].mult_i.$ternary$/home/juliana/venv_pytorch/lib/python3.12/site-packages/MAxPy/vlib/AxArith/multipliers/LOBA.v:19$737: { 1'0 \X_N [11] \X_N [11] \X_N [11] \X_N [11:8] } -> { 5'00000 \X_N [10:8] }
      Replacing known input bits on port A of cell $flatten\mults[3].mult_i.$ternary$/home/juliana/venv_pytorch/lib/python3.12/site-packages/MAxPy/vlib/AxArith/multipliers/LOBA.v:18$732: { 1'0 \W [15] \W [15] \W [15] \W [15:12] } -> { 5'00000 \W [14:12] }
      Replacing known input bits on port A of cell $flatten\mults[3].mult_i.$ternary$/home/juliana/venv_pytorch/lib/python3.12/site-packages/MAxPy/vlib/AxArith/multipliers/LOBA.v:19$737: { 1'0 \X_N [15] \X_N [15] \X_N [15] \X_N [15:12] } -> { 5'00000 \X_N [14:12] }
      Replacing known input bits on port A of cell $flatten\mults[4].mult_i.$ternary$/home/juliana/venv_pytorch/lib/python3.12/site-packages/MAxPy/vlib/AxArith/multipliers/LOBA.v:18$732: { 1'0 \W [19] \W [19] \W [19] \W [19:16] } -> { 5'00000 \W [18:16] }
      Replacing known input bits on port A of cell $flatten\mults[4].mult_i.$ternary$/home/juliana/venv_pytorch/lib/python3.12/site-packages/MAxPy/vlib/AxArith/multipliers/LOBA.v:19$737: { 1'0 \X_N [19] \X_N [19] \X_N [19] \X_N [19:16] } -> { 5'00000 \X_N [18:16] }
      Replacing known input bits on port A of cell $flatten\mults[5].mult_i.$ternary$/home/juliana/venv_pytorch/lib/python3.12/site-packages/MAxPy/vlib/AxArith/multipliers/LOBA.v:18$732: { 1'0 \W [23] \W [23] \W [23] \W [23:20] } -> { 5'00000 \W [22:20] }
      Replacing known input bits on port A of cell $flatten\mults[5].mult_i.$ternary$/home/juliana/venv_pytorch/lib/python3.12/site-packages/MAxPy/vlib/AxArith/multipliers/LOBA.v:19$737: { 1'0 \X_N [23] \X_N [23] \X_N [23] \X_N [23:20] } -> { 5'00000 \X_N [22:20] }
      Replacing known input bits on port A of cell $flatten\mults[6].mult_i.$ternary$/home/juliana/venv_pytorch/lib/python3.12/site-packages/MAxPy/vlib/AxArith/multipliers/LOBA.v:18$732: { 1'0 \W [27] \W [27] \W [27] \W [27:24] } -> { 5'00000 \W [26:24] }
      Replacing known input bits on port A of cell $flatten\mults[6].mult_i.$ternary$/home/juliana/venv_pytorch/lib/python3.12/site-packages/MAxPy/vlib/AxArith/multipliers/LOBA.v:19$737: { 1'0 \X_N [27] \X_N [27] \X_N [27] \X_N [27:24] } -> { 5'00000 \X_N [26:24] }
      Replacing known input bits on port A of cell $flatten\mults[7].mult_i.$ternary$/home/juliana/venv_pytorch/lib/python3.12/site-packages/MAxPy/vlib/AxArith/multipliers/LOBA.v:18$732: { 1'0 \W [31] \W [31] \W [31] \W [31:28] } -> { 5'00000 \W [30:28] }
      Replacing known input bits on port A of cell $flatten\mults[7].mult_i.$ternary$/home/juliana/venv_pytorch/lib/python3.12/site-packages/MAxPy/vlib/AxArith/multipliers/LOBA.v:19$737: { 1'0 \X_N [31] \X_N [31] \X_N [31] \X_N [31:28] } -> { 5'00000 \X_N [30:28] }
  Analyzing evaluation results.
Removed 0 multiplexer ports.
<suppressed ~106 debug messages>

12.6.4. Executing OPT_REDUCE pass (consolidate $*mux and $reduce_* inputs).
  Optimizing cells in module \neuron_intra_Nbits.
Performed a total of 0 changes.

12.6.5. Executing OPT_MERGE pass (detect identical cells).
Finding identical cells in module `\neuron_intra_Nbits'.
Removed a total of 0 cells.

12.6.6. Executing OPT_DFF pass (perform DFF optimizations).
Setting constant 1-bit at position 0 on $flatten\mults[0].mult_i.\u1.\u1.$auto$proc_dlatch.cc:427:proc_dlatch$1138 ($dlatch) from module neuron_intra_Nbits.
Setting constant 1-bit at position 1 on $flatten\mults[0].mult_i.\u1.\u1.$auto$proc_dlatch.cc:427:proc_dlatch$1138 ($dlatch) from module neuron_intra_Nbits.
Setting constant 0-bit at position 2 on $flatten\mults[0].mult_i.\u1.\u1.$auto$proc_dlatch.cc:427:proc_dlatch$1138 ($dlatch) from module neuron_intra_Nbits.
Setting constant 0-bit at position 0 on $flatten\mults[0].mult_i.\u1.\u1.$auto$proc_dlatch.cc:427:proc_dlatch$1160 ($dlatch) from module neuron_intra_Nbits.
Setting constant 0-bit at position 1 on $flatten\mults[0].mult_i.\u1.\u1.$auto$proc_dlatch.cc:427:proc_dlatch$1160 ($dlatch) from module neuron_intra_Nbits.
Setting constant 1-bit at position 2 on $flatten\mults[0].mult_i.\u1.\u1.$auto$proc_dlatch.cc:427:proc_dlatch$1160 ($dlatch) from module neuron_intra_Nbits.
Setting constant 1-bit at position 0 on $flatten\mults[0].mult_i.\u1.\u1.$auto$proc_dlatch.cc:427:proc_dlatch$1182 ($dlatch) from module neuron_intra_Nbits.
Setting constant 0-bit at position 1 on $flatten\mults[0].mult_i.\u1.\u1.$auto$proc_dlatch.cc:427:proc_dlatch$1182 ($dlatch) from module neuron_intra_Nbits.
Setting constant 1-bit at position 2 on $flatten\mults[0].mult_i.\u1.\u1.$auto$proc_dlatch.cc:427:proc_dlatch$1182 ($dlatch) from module neuron_intra_Nbits.
Setting constant 0-bit at position 0 on $flatten\mults[0].mult_i.\u1.\u1.$auto$proc_dlatch.cc:427:proc_dlatch$1204 ($dlatch) from module neuron_intra_Nbits.
Setting constant 1-bit at position 1 on $flatten\mults[0].mult_i.\u1.\u1.$auto$proc_dlatch.cc:427:proc_dlatch$1204 ($dlatch) from module neuron_intra_Nbits.
Setting constant 1-bit at position 2 on $flatten\mults[0].mult_i.\u1.\u1.$auto$proc_dlatch.cc:427:proc_dlatch$1204 ($dlatch) from module neuron_intra_Nbits.
Setting constant 1-bit at position 0 on $flatten\mults[0].mult_i.\u1.\u1.$auto$proc_dlatch.cc:427:proc_dlatch$1226 ($dlatch) from module neuron_intra_Nbits.
Setting constant 1-bit at position 1 on $flatten\mults[0].mult_i.\u1.\u1.$auto$proc_dlatch.cc:427:proc_dlatch$1226 ($dlatch) from module neuron_intra_Nbits.
Setting constant 1-bit at position 2 on $flatten\mults[0].mult_i.\u1.\u1.$auto$proc_dlatch.cc:427:proc_dlatch$1226 ($dlatch) from module neuron_intra_Nbits.
Setting constant 1-bit at position 0 on $flatten\mults[0].mult_i.\u1.\u2.$auto$proc_dlatch.cc:427:proc_dlatch$1138 ($dlatch) from module neuron_intra_Nbits.
Setting constant 1-bit at position 1 on $flatten\mults[0].mult_i.\u1.\u2.$auto$proc_dlatch.cc:427:proc_dlatch$1138 ($dlatch) from module neuron_intra_Nbits.
Setting constant 0-bit at position 2 on $flatten\mults[0].mult_i.\u1.\u2.$auto$proc_dlatch.cc:427:proc_dlatch$1138 ($dlatch) from module neuron_intra_Nbits.
Setting constant 0-bit at position 0 on $flatten\mults[0].mult_i.\u1.\u2.$auto$proc_dlatch.cc:427:proc_dlatch$1160 ($dlatch) from module neuron_intra_Nbits.
Setting constant 0-bit at position 1 on $flatten\mults[0].mult_i.\u1.\u2.$auto$proc_dlatch.cc:427:proc_dlatch$1160 ($dlatch) from module neuron_intra_Nbits.
Setting constant 1-bit at position 2 on $flatten\mults[0].mult_i.\u1.\u2.$auto$proc_dlatch.cc:427:proc_dlatch$1160 ($dlatch) from module neuron_intra_Nbits.
Setting constant 1-bit at position 0 on $flatten\mults[0].mult_i.\u1.\u2.$auto$proc_dlatch.cc:427:proc_dlatch$1182 ($dlatch) from module neuron_intra_Nbits.
Setting constant 0-bit at position 1 on $flatten\mults[0].mult_i.\u1.\u2.$auto$proc_dlatch.cc:427:proc_dlatch$1182 ($dlatch) from module neuron_intra_Nbits.
Setting constant 1-bit at position 2 on $flatten\mults[0].mult_i.\u1.\u2.$auto$proc_dlatch.cc:427:proc_dlatch$1182 ($dlatch) from module neuron_intra_Nbits.
Setting constant 0-bit at position 0 on $flatten\mults[0].mult_i.\u1.\u2.$auto$proc_dlatch.cc:427:proc_dlatch$1204 ($dlatch) from module neuron_intra_Nbits.
Setting constant 1-bit at position 1 on $flatten\mults[0].mult_i.\u1.\u2.$auto$proc_dlatch.cc:427:proc_dlatch$1204 ($dlatch) from module neuron_intra_Nbits.
Setting constant 1-bit at position 2 on $flatten\mults[0].mult_i.\u1.\u2.$auto$proc_dlatch.cc:427:proc_dlatch$1204 ($dlatch) from module neuron_intra_Nbits.
Setting constant 1-bit at position 0 on $flatten\mults[0].mult_i.\u1.\u2.$auto$proc_dlatch.cc:427:proc_dlatch$1226 ($dlatch) from module neuron_intra_Nbits.
Setting constant 1-bit at position 1 on $flatten\mults[0].mult_i.\u1.\u2.$auto$proc_dlatch.cc:427:proc_dlatch$1226 ($dlatch) from module neuron_intra_Nbits.
Setting constant 1-bit at position 2 on $flatten\mults[0].mult_i.\u1.\u2.$auto$proc_dlatch.cc:427:proc_dlatch$1226 ($dlatch) from module neuron_intra_Nbits.
Setting constant 1-bit at position 0 on $flatten\mults[1].mult_i.\u1.\u1.$auto$proc_dlatch.cc:427:proc_dlatch$1138 ($dlatch) from module neuron_intra_Nbits.
Setting constant 1-bit at position 1 on $flatten\mults[1].mult_i.\u1.\u1.$auto$proc_dlatch.cc:427:proc_dlatch$1138 ($dlatch) from module neuron_intra_Nbits.
Setting constant 0-bit at position 2 on $flatten\mults[1].mult_i.\u1.\u1.$auto$proc_dlatch.cc:427:proc_dlatch$1138 ($dlatch) from module neuron_intra_Nbits.
Setting constant 0-bit at position 0 on $flatten\mults[1].mult_i.\u1.\u1.$auto$proc_dlatch.cc:427:proc_dlatch$1160 ($dlatch) from module neuron_intra_Nbits.
Setting constant 0-bit at position 1 on $flatten\mults[1].mult_i.\u1.\u1.$auto$proc_dlatch.cc:427:proc_dlatch$1160 ($dlatch) from module neuron_intra_Nbits.
Setting constant 1-bit at position 2 on $flatten\mults[1].mult_i.\u1.\u1.$auto$proc_dlatch.cc:427:proc_dlatch$1160 ($dlatch) from module neuron_intra_Nbits.
Setting constant 1-bit at position 0 on $flatten\mults[1].mult_i.\u1.\u1.$auto$proc_dlatch.cc:427:proc_dlatch$1182 ($dlatch) from module neuron_intra_Nbits.
Setting constant 0-bit at position 1 on $flatten\mults[1].mult_i.\u1.\u1.$auto$proc_dlatch.cc:427:proc_dlatch$1182 ($dlatch) from module neuron_intra_Nbits.
Setting constant 1-bit at position 2 on $flatten\mults[1].mult_i.\u1.\u1.$auto$proc_dlatch.cc:427:proc_dlatch$1182 ($dlatch) from module neuron_intra_Nbits.
Setting constant 0-bit at position 0 on $flatten\mults[1].mult_i.\u1.\u1.$auto$proc_dlatch.cc:427:proc_dlatch$1204 ($dlatch) from module neuron_intra_Nbits.
Setting constant 1-bit at position 1 on $flatten\mults[1].mult_i.\u1.\u1.$auto$proc_dlatch.cc:427:proc_dlatch$1204 ($dlatch) from module neuron_intra_Nbits.
Setting constant 1-bit at position 2 on $flatten\mults[1].mult_i.\u1.\u1.$auto$proc_dlatch.cc:427:proc_dlatch$1204 ($dlatch) from module neuron_intra_Nbits.
Setting constant 1-bit at position 0 on $flatten\mults[1].mult_i.\u1.\u1.$auto$proc_dlatch.cc:427:proc_dlatch$1226 ($dlatch) from module neuron_intra_Nbits.
Setting constant 1-bit at position 1 on $flatten\mults[1].mult_i.\u1.\u1.$auto$proc_dlatch.cc:427:proc_dlatch$1226 ($dlatch) from module neuron_intra_Nbits.
Setting constant 1-bit at position 2 on $flatten\mults[1].mult_i.\u1.\u1.$auto$proc_dlatch.cc:427:proc_dlatch$1226 ($dlatch) from module neuron_intra_Nbits.
Setting constant 1-bit at position 0 on $flatten\mults[1].mult_i.\u1.\u2.$auto$proc_dlatch.cc:427:proc_dlatch$1138 ($dlatch) from module neuron_intra_Nbits.
Setting constant 1-bit at position 1 on $flatten\mults[1].mult_i.\u1.\u2.$auto$proc_dlatch.cc:427:proc_dlatch$1138 ($dlatch) from module neuron_intra_Nbits.
Setting constant 0-bit at position 2 on $flatten\mults[1].mult_i.\u1.\u2.$auto$proc_dlatch.cc:427:proc_dlatch$1138 ($dlatch) from module neuron_intra_Nbits.
Setting constant 0-bit at position 0 on $flatten\mults[1].mult_i.\u1.\u2.$auto$proc_dlatch.cc:427:proc_dlatch$1160 ($dlatch) from module neuron_intra_Nbits.
Setting constant 0-bit at position 1 on $flatten\mults[1].mult_i.\u1.\u2.$auto$proc_dlatch.cc:427:proc_dlatch$1160 ($dlatch) from module neuron_intra_Nbits.
Setting constant 1-bit at position 2 on $flatten\mults[1].mult_i.\u1.\u2.$auto$proc_dlatch.cc:427:proc_dlatch$1160 ($dlatch) from module neuron_intra_Nbits.
Setting constant 1-bit at position 0 on $flatten\mults[1].mult_i.\u1.\u2.$auto$proc_dlatch.cc:427:proc_dlatch$1182 ($dlatch) from module neuron_intra_Nbits.
Setting constant 0-bit at position 1 on $flatten\mults[1].mult_i.\u1.\u2.$auto$proc_dlatch.cc:427:proc_dlatch$1182 ($dlatch) from module neuron_intra_Nbits.
Setting constant 1-bit at position 2 on $flatten\mults[1].mult_i.\u1.\u2.$auto$proc_dlatch.cc:427:proc_dlatch$1182 ($dlatch) from module neuron_intra_Nbits.
Setting constant 0-bit at position 0 on $flatten\mults[1].mult_i.\u1.\u2.$auto$proc_dlatch.cc:427:proc_dlatch$1204 ($dlatch) from module neuron_intra_Nbits.
Setting constant 1-bit at position 1 on $flatten\mults[1].mult_i.\u1.\u2.$auto$proc_dlatch.cc:427:proc_dlatch$1204 ($dlatch) from module neuron_intra_Nbits.
Setting constant 1-bit at position 2 on $flatten\mults[1].mult_i.\u1.\u2.$auto$proc_dlatch.cc:427:proc_dlatch$1204 ($dlatch) from module neuron_intra_Nbits.
Setting constant 1-bit at position 0 on $flatten\mults[1].mult_i.\u1.\u2.$auto$proc_dlatch.cc:427:proc_dlatch$1226 ($dlatch) from module neuron_intra_Nbits.
Setting constant 1-bit at position 1 on $flatten\mults[1].mult_i.\u1.\u2.$auto$proc_dlatch.cc:427:proc_dlatch$1226 ($dlatch) from module neuron_intra_Nbits.
Setting constant 1-bit at position 2 on $flatten\mults[1].mult_i.\u1.\u2.$auto$proc_dlatch.cc:427:proc_dlatch$1226 ($dlatch) from module neuron_intra_Nbits.
Setting constant 1-bit at position 0 on $flatten\mults[2].mult_i.\u1.\u1.$auto$proc_dlatch.cc:427:proc_dlatch$1138 ($dlatch) from module neuron_intra_Nbits.
Setting constant 1-bit at position 1 on $flatten\mults[2].mult_i.\u1.\u1.$auto$proc_dlatch.cc:427:proc_dlatch$1138 ($dlatch) from module neuron_intra_Nbits.
Setting constant 0-bit at position 2 on $flatten\mults[2].mult_i.\u1.\u1.$auto$proc_dlatch.cc:427:proc_dlatch$1138 ($dlatch) from module neuron_intra_Nbits.
Setting constant 0-bit at position 0 on $flatten\mults[2].mult_i.\u1.\u1.$auto$proc_dlatch.cc:427:proc_dlatch$1160 ($dlatch) from module neuron_intra_Nbits.
Setting constant 0-bit at position 1 on $flatten\mults[2].mult_i.\u1.\u1.$auto$proc_dlatch.cc:427:proc_dlatch$1160 ($dlatch) from module neuron_intra_Nbits.
Setting constant 1-bit at position 2 on $flatten\mults[2].mult_i.\u1.\u1.$auto$proc_dlatch.cc:427:proc_dlatch$1160 ($dlatch) from module neuron_intra_Nbits.
Setting constant 1-bit at position 0 on $flatten\mults[2].mult_i.\u1.\u1.$auto$proc_dlatch.cc:427:proc_dlatch$1182 ($dlatch) from module neuron_intra_Nbits.
Setting constant 0-bit at position 1 on $flatten\mults[2].mult_i.\u1.\u1.$auto$proc_dlatch.cc:427:proc_dlatch$1182 ($dlatch) from module neuron_intra_Nbits.
Setting constant 1-bit at position 2 on $flatten\mults[2].mult_i.\u1.\u1.$auto$proc_dlatch.cc:427:proc_dlatch$1182 ($dlatch) from module neuron_intra_Nbits.
Setting constant 0-bit at position 0 on $flatten\mults[2].mult_i.\u1.\u1.$auto$proc_dlatch.cc:427:proc_dlatch$1204 ($dlatch) from module neuron_intra_Nbits.
Setting constant 1-bit at position 1 on $flatten\mults[2].mult_i.\u1.\u1.$auto$proc_dlatch.cc:427:proc_dlatch$1204 ($dlatch) from module neuron_intra_Nbits.
Setting constant 1-bit at position 2 on $flatten\mults[2].mult_i.\u1.\u1.$auto$proc_dlatch.cc:427:proc_dlatch$1204 ($dlatch) from module neuron_intra_Nbits.
Setting constant 1-bit at position 0 on $flatten\mults[2].mult_i.\u1.\u1.$auto$proc_dlatch.cc:427:proc_dlatch$1226 ($dlatch) from module neuron_intra_Nbits.
Setting constant 1-bit at position 1 on $flatten\mults[2].mult_i.\u1.\u1.$auto$proc_dlatch.cc:427:proc_dlatch$1226 ($dlatch) from module neuron_intra_Nbits.
Setting constant 1-bit at position 2 on $flatten\mults[2].mult_i.\u1.\u1.$auto$proc_dlatch.cc:427:proc_dlatch$1226 ($dlatch) from module neuron_intra_Nbits.
Setting constant 1-bit at position 0 on $flatten\mults[2].mult_i.\u1.\u2.$auto$proc_dlatch.cc:427:proc_dlatch$1138 ($dlatch) from module neuron_intra_Nbits.
Setting constant 1-bit at position 1 on $flatten\mults[2].mult_i.\u1.\u2.$auto$proc_dlatch.cc:427:proc_dlatch$1138 ($dlatch) from module neuron_intra_Nbits.
Setting constant 0-bit at position 2 on $flatten\mults[2].mult_i.\u1.\u2.$auto$proc_dlatch.cc:427:proc_dlatch$1138 ($dlatch) from module neuron_intra_Nbits.
Setting constant 0-bit at position 0 on $flatten\mults[2].mult_i.\u1.\u2.$auto$proc_dlatch.cc:427:proc_dlatch$1160 ($dlatch) from module neuron_intra_Nbits.
Setting constant 0-bit at position 1 on $flatten\mults[2].mult_i.\u1.\u2.$auto$proc_dlatch.cc:427:proc_dlatch$1160 ($dlatch) from module neuron_intra_Nbits.
Setting constant 1-bit at position 2 on $flatten\mults[2].mult_i.\u1.\u2.$auto$proc_dlatch.cc:427:proc_dlatch$1160 ($dlatch) from module neuron_intra_Nbits.
Setting constant 1-bit at position 0 on $flatten\mults[2].mult_i.\u1.\u2.$auto$proc_dlatch.cc:427:proc_dlatch$1182 ($dlatch) from module neuron_intra_Nbits.
Setting constant 0-bit at position 1 on $flatten\mults[2].mult_i.\u1.\u2.$auto$proc_dlatch.cc:427:proc_dlatch$1182 ($dlatch) from module neuron_intra_Nbits.
Setting constant 1-bit at position 2 on $flatten\mults[2].mult_i.\u1.\u2.$auto$proc_dlatch.cc:427:proc_dlatch$1182 ($dlatch) from module neuron_intra_Nbits.
Setting constant 0-bit at position 0 on $flatten\mults[2].mult_i.\u1.\u2.$auto$proc_dlatch.cc:427:proc_dlatch$1204 ($dlatch) from module neuron_intra_Nbits.
Setting constant 1-bit at position 1 on $flatten\mults[2].mult_i.\u1.\u2.$auto$proc_dlatch.cc:427:proc_dlatch$1204 ($dlatch) from module neuron_intra_Nbits.
Setting constant 1-bit at position 2 on $flatten\mults[2].mult_i.\u1.\u2.$auto$proc_dlatch.cc:427:proc_dlatch$1204 ($dlatch) from module neuron_intra_Nbits.
Setting constant 1-bit at position 0 on $flatten\mults[2].mult_i.\u1.\u2.$auto$proc_dlatch.cc:427:proc_dlatch$1226 ($dlatch) from module neuron_intra_Nbits.
Setting constant 1-bit at position 1 on $flatten\mults[2].mult_i.\u1.\u2.$auto$proc_dlatch.cc:427:proc_dlatch$1226 ($dlatch) from module neuron_intra_Nbits.
Setting constant 1-bit at position 2 on $flatten\mults[2].mult_i.\u1.\u2.$auto$proc_dlatch.cc:427:proc_dlatch$1226 ($dlatch) from module neuron_intra_Nbits.
Setting constant 1-bit at position 0 on $flatten\mults[3].mult_i.\u1.\u1.$auto$proc_dlatch.cc:427:proc_dlatch$1138 ($dlatch) from module neuron_intra_Nbits.
Setting constant 1-bit at position 1 on $flatten\mults[3].mult_i.\u1.\u1.$auto$proc_dlatch.cc:427:proc_dlatch$1138 ($dlatch) from module neuron_intra_Nbits.
Setting constant 0-bit at position 2 on $flatten\mults[3].mult_i.\u1.\u1.$auto$proc_dlatch.cc:427:proc_dlatch$1138 ($dlatch) from module neuron_intra_Nbits.
Setting constant 0-bit at position 0 on $flatten\mults[3].mult_i.\u1.\u1.$auto$proc_dlatch.cc:427:proc_dlatch$1160 ($dlatch) from module neuron_intra_Nbits.
Setting constant 0-bit at position 1 on $flatten\mults[3].mult_i.\u1.\u1.$auto$proc_dlatch.cc:427:proc_dlatch$1160 ($dlatch) from module neuron_intra_Nbits.
Setting constant 1-bit at position 2 on $flatten\mults[3].mult_i.\u1.\u1.$auto$proc_dlatch.cc:427:proc_dlatch$1160 ($dlatch) from module neuron_intra_Nbits.
Setting constant 1-bit at position 0 on $flatten\mults[3].mult_i.\u1.\u1.$auto$proc_dlatch.cc:427:proc_dlatch$1182 ($dlatch) from module neuron_intra_Nbits.
Setting constant 0-bit at position 1 on $flatten\mults[3].mult_i.\u1.\u1.$auto$proc_dlatch.cc:427:proc_dlatch$1182 ($dlatch) from module neuron_intra_Nbits.
Setting constant 1-bit at position 2 on $flatten\mults[3].mult_i.\u1.\u1.$auto$proc_dlatch.cc:427:proc_dlatch$1182 ($dlatch) from module neuron_intra_Nbits.
Setting constant 0-bit at position 0 on $flatten\mults[3].mult_i.\u1.\u1.$auto$proc_dlatch.cc:427:proc_dlatch$1204 ($dlatch) from module neuron_intra_Nbits.
Setting constant 1-bit at position 1 on $flatten\mults[3].mult_i.\u1.\u1.$auto$proc_dlatch.cc:427:proc_dlatch$1204 ($dlatch) from module neuron_intra_Nbits.
Setting constant 1-bit at position 2 on $flatten\mults[3].mult_i.\u1.\u1.$auto$proc_dlatch.cc:427:proc_dlatch$1204 ($dlatch) from module neuron_intra_Nbits.
Setting constant 1-bit at position 0 on $flatten\mults[3].mult_i.\u1.\u1.$auto$proc_dlatch.cc:427:proc_dlatch$1226 ($dlatch) from module neuron_intra_Nbits.
Setting constant 1-bit at position 1 on $flatten\mults[3].mult_i.\u1.\u1.$auto$proc_dlatch.cc:427:proc_dlatch$1226 ($dlatch) from module neuron_intra_Nbits.
Setting constant 1-bit at position 2 on $flatten\mults[3].mult_i.\u1.\u1.$auto$proc_dlatch.cc:427:proc_dlatch$1226 ($dlatch) from module neuron_intra_Nbits.
Setting constant 1-bit at position 0 on $flatten\mults[3].mult_i.\u1.\u2.$auto$proc_dlatch.cc:427:proc_dlatch$1138 ($dlatch) from module neuron_intra_Nbits.
Setting constant 1-bit at position 1 on $flatten\mults[3].mult_i.\u1.\u2.$auto$proc_dlatch.cc:427:proc_dlatch$1138 ($dlatch) from module neuron_intra_Nbits.
Setting constant 0-bit at position 2 on $flatten\mults[3].mult_i.\u1.\u2.$auto$proc_dlatch.cc:427:proc_dlatch$1138 ($dlatch) from module neuron_intra_Nbits.
Setting constant 0-bit at position 0 on $flatten\mults[3].mult_i.\u1.\u2.$auto$proc_dlatch.cc:427:proc_dlatch$1160 ($dlatch) from module neuron_intra_Nbits.
Setting constant 0-bit at position 1 on $flatten\mults[3].mult_i.\u1.\u2.$auto$proc_dlatch.cc:427:proc_dlatch$1160 ($dlatch) from module neuron_intra_Nbits.
Setting constant 1-bit at position 2 on $flatten\mults[3].mult_i.\u1.\u2.$auto$proc_dlatch.cc:427:proc_dlatch$1160 ($dlatch) from module neuron_intra_Nbits.
Setting constant 1-bit at position 0 on $flatten\mults[3].mult_i.\u1.\u2.$auto$proc_dlatch.cc:427:proc_dlatch$1182 ($dlatch) from module neuron_intra_Nbits.
Setting constant 0-bit at position 1 on $flatten\mults[3].mult_i.\u1.\u2.$auto$proc_dlatch.cc:427:proc_dlatch$1182 ($dlatch) from module neuron_intra_Nbits.
Setting constant 1-bit at position 2 on $flatten\mults[3].mult_i.\u1.\u2.$auto$proc_dlatch.cc:427:proc_dlatch$1182 ($dlatch) from module neuron_intra_Nbits.
Setting constant 0-bit at position 0 on $flatten\mults[3].mult_i.\u1.\u2.$auto$proc_dlatch.cc:427:proc_dlatch$1204 ($dlatch) from module neuron_intra_Nbits.
Setting constant 1-bit at position 1 on $flatten\mults[3].mult_i.\u1.\u2.$auto$proc_dlatch.cc:427:proc_dlatch$1204 ($dlatch) from module neuron_intra_Nbits.
Setting constant 1-bit at position 2 on $flatten\mults[3].mult_i.\u1.\u2.$auto$proc_dlatch.cc:427:proc_dlatch$1204 ($dlatch) from module neuron_intra_Nbits.
Setting constant 1-bit at position 0 on $flatten\mults[3].mult_i.\u1.\u2.$auto$proc_dlatch.cc:427:proc_dlatch$1226 ($dlatch) from module neuron_intra_Nbits.
Setting constant 1-bit at position 1 on $flatten\mults[3].mult_i.\u1.\u2.$auto$proc_dlatch.cc:427:proc_dlatch$1226 ($dlatch) from module neuron_intra_Nbits.
Setting constant 1-bit at position 2 on $flatten\mults[3].mult_i.\u1.\u2.$auto$proc_dlatch.cc:427:proc_dlatch$1226 ($dlatch) from module neuron_intra_Nbits.
Setting constant 1-bit at position 0 on $flatten\mults[4].mult_i.\u1.\u1.$auto$proc_dlatch.cc:427:proc_dlatch$1138 ($dlatch) from module neuron_intra_Nbits.
Setting constant 1-bit at position 1 on $flatten\mults[4].mult_i.\u1.\u1.$auto$proc_dlatch.cc:427:proc_dlatch$1138 ($dlatch) from module neuron_intra_Nbits.
Setting constant 0-bit at position 2 on $flatten\mults[4].mult_i.\u1.\u1.$auto$proc_dlatch.cc:427:proc_dlatch$1138 ($dlatch) from module neuron_intra_Nbits.
Setting constant 0-bit at position 0 on $flatten\mults[4].mult_i.\u1.\u1.$auto$proc_dlatch.cc:427:proc_dlatch$1160 ($dlatch) from module neuron_intra_Nbits.
Setting constant 0-bit at position 1 on $flatten\mults[4].mult_i.\u1.\u1.$auto$proc_dlatch.cc:427:proc_dlatch$1160 ($dlatch) from module neuron_intra_Nbits.
Setting constant 1-bit at position 2 on $flatten\mults[4].mult_i.\u1.\u1.$auto$proc_dlatch.cc:427:proc_dlatch$1160 ($dlatch) from module neuron_intra_Nbits.
Setting constant 1-bit at position 0 on $flatten\mults[4].mult_i.\u1.\u1.$auto$proc_dlatch.cc:427:proc_dlatch$1182 ($dlatch) from module neuron_intra_Nbits.
Setting constant 0-bit at position 1 on $flatten\mults[4].mult_i.\u1.\u1.$auto$proc_dlatch.cc:427:proc_dlatch$1182 ($dlatch) from module neuron_intra_Nbits.
Setting constant 1-bit at position 2 on $flatten\mults[4].mult_i.\u1.\u1.$auto$proc_dlatch.cc:427:proc_dlatch$1182 ($dlatch) from module neuron_intra_Nbits.
Setting constant 0-bit at position 0 on $flatten\mults[4].mult_i.\u1.\u1.$auto$proc_dlatch.cc:427:proc_dlatch$1204 ($dlatch) from module neuron_intra_Nbits.
Setting constant 1-bit at position 1 on $flatten\mults[4].mult_i.\u1.\u1.$auto$proc_dlatch.cc:427:proc_dlatch$1204 ($dlatch) from module neuron_intra_Nbits.
Setting constant 1-bit at position 2 on $flatten\mults[4].mult_i.\u1.\u1.$auto$proc_dlatch.cc:427:proc_dlatch$1204 ($dlatch) from module neuron_intra_Nbits.
Setting constant 1-bit at position 0 on $flatten\mults[4].mult_i.\u1.\u1.$auto$proc_dlatch.cc:427:proc_dlatch$1226 ($dlatch) from module neuron_intra_Nbits.
Setting constant 1-bit at position 1 on $flatten\mults[4].mult_i.\u1.\u1.$auto$proc_dlatch.cc:427:proc_dlatch$1226 ($dlatch) from module neuron_intra_Nbits.
Setting constant 1-bit at position 2 on $flatten\mults[4].mult_i.\u1.\u1.$auto$proc_dlatch.cc:427:proc_dlatch$1226 ($dlatch) from module neuron_intra_Nbits.
Setting constant 1-bit at position 0 on $flatten\mults[4].mult_i.\u1.\u2.$auto$proc_dlatch.cc:427:proc_dlatch$1138 ($dlatch) from module neuron_intra_Nbits.
Setting constant 1-bit at position 1 on $flatten\mults[4].mult_i.\u1.\u2.$auto$proc_dlatch.cc:427:proc_dlatch$1138 ($dlatch) from module neuron_intra_Nbits.
Setting constant 0-bit at position 2 on $flatten\mults[4].mult_i.\u1.\u2.$auto$proc_dlatch.cc:427:proc_dlatch$1138 ($dlatch) from module neuron_intra_Nbits.
Setting constant 0-bit at position 0 on $flatten\mults[4].mult_i.\u1.\u2.$auto$proc_dlatch.cc:427:proc_dlatch$1160 ($dlatch) from module neuron_intra_Nbits.
Setting constant 0-bit at position 1 on $flatten\mults[4].mult_i.\u1.\u2.$auto$proc_dlatch.cc:427:proc_dlatch$1160 ($dlatch) from module neuron_intra_Nbits.
Setting constant 1-bit at position 2 on $flatten\mults[4].mult_i.\u1.\u2.$auto$proc_dlatch.cc:427:proc_dlatch$1160 ($dlatch) from module neuron_intra_Nbits.
Setting constant 1-bit at position 0 on $flatten\mults[4].mult_i.\u1.\u2.$auto$proc_dlatch.cc:427:proc_dlatch$1182 ($dlatch) from module neuron_intra_Nbits.
Setting constant 0-bit at position 1 on $flatten\mults[4].mult_i.\u1.\u2.$auto$proc_dlatch.cc:427:proc_dlatch$1182 ($dlatch) from module neuron_intra_Nbits.
Setting constant 1-bit at position 2 on $flatten\mults[4].mult_i.\u1.\u2.$auto$proc_dlatch.cc:427:proc_dlatch$1182 ($dlatch) from module neuron_intra_Nbits.
Setting constant 0-bit at position 0 on $flatten\mults[4].mult_i.\u1.\u2.$auto$proc_dlatch.cc:427:proc_dlatch$1204 ($dlatch) from module neuron_intra_Nbits.
Setting constant 1-bit at position 1 on $flatten\mults[4].mult_i.\u1.\u2.$auto$proc_dlatch.cc:427:proc_dlatch$1204 ($dlatch) from module neuron_intra_Nbits.
Setting constant 1-bit at position 2 on $flatten\mults[4].mult_i.\u1.\u2.$auto$proc_dlatch.cc:427:proc_dlatch$1204 ($dlatch) from module neuron_intra_Nbits.
Setting constant 1-bit at position 0 on $flatten\mults[4].mult_i.\u1.\u2.$auto$proc_dlatch.cc:427:proc_dlatch$1226 ($dlatch) from module neuron_intra_Nbits.
Setting constant 1-bit at position 1 on $flatten\mults[4].mult_i.\u1.\u2.$auto$proc_dlatch.cc:427:proc_dlatch$1226 ($dlatch) from module neuron_intra_Nbits.
Setting constant 1-bit at position 2 on $flatten\mults[4].mult_i.\u1.\u2.$auto$proc_dlatch.cc:427:proc_dlatch$1226 ($dlatch) from module neuron_intra_Nbits.
Setting constant 1-bit at position 0 on $flatten\mults[5].mult_i.\u1.\u1.$auto$proc_dlatch.cc:427:proc_dlatch$1138 ($dlatch) from module neuron_intra_Nbits.
Setting constant 1-bit at position 1 on $flatten\mults[5].mult_i.\u1.\u1.$auto$proc_dlatch.cc:427:proc_dlatch$1138 ($dlatch) from module neuron_intra_Nbits.
Setting constant 0-bit at position 2 on $flatten\mults[5].mult_i.\u1.\u1.$auto$proc_dlatch.cc:427:proc_dlatch$1138 ($dlatch) from module neuron_intra_Nbits.
Setting constant 0-bit at position 0 on $flatten\mults[5].mult_i.\u1.\u1.$auto$proc_dlatch.cc:427:proc_dlatch$1160 ($dlatch) from module neuron_intra_Nbits.
Setting constant 0-bit at position 1 on $flatten\mults[5].mult_i.\u1.\u1.$auto$proc_dlatch.cc:427:proc_dlatch$1160 ($dlatch) from module neuron_intra_Nbits.
Setting constant 1-bit at position 2 on $flatten\mults[5].mult_i.\u1.\u1.$auto$proc_dlatch.cc:427:proc_dlatch$1160 ($dlatch) from module neuron_intra_Nbits.
Setting constant 1-bit at position 0 on $flatten\mults[5].mult_i.\u1.\u1.$auto$proc_dlatch.cc:427:proc_dlatch$1182 ($dlatch) from module neuron_intra_Nbits.
Setting constant 0-bit at position 1 on $flatten\mults[5].mult_i.\u1.\u1.$auto$proc_dlatch.cc:427:proc_dlatch$1182 ($dlatch) from module neuron_intra_Nbits.
Setting constant 1-bit at position 2 on $flatten\mults[5].mult_i.\u1.\u1.$auto$proc_dlatch.cc:427:proc_dlatch$1182 ($dlatch) from module neuron_intra_Nbits.
Setting constant 0-bit at position 0 on $flatten\mults[5].mult_i.\u1.\u1.$auto$proc_dlatch.cc:427:proc_dlatch$1204 ($dlatch) from module neuron_intra_Nbits.
Setting constant 1-bit at position 1 on $flatten\mults[5].mult_i.\u1.\u1.$auto$proc_dlatch.cc:427:proc_dlatch$1204 ($dlatch) from module neuron_intra_Nbits.
Setting constant 1-bit at position 2 on $flatten\mults[5].mult_i.\u1.\u1.$auto$proc_dlatch.cc:427:proc_dlatch$1204 ($dlatch) from module neuron_intra_Nbits.
Setting constant 1-bit at position 0 on $flatten\mults[5].mult_i.\u1.\u1.$auto$proc_dlatch.cc:427:proc_dlatch$1226 ($dlatch) from module neuron_intra_Nbits.
Setting constant 1-bit at position 1 on $flatten\mults[5].mult_i.\u1.\u1.$auto$proc_dlatch.cc:427:proc_dlatch$1226 ($dlatch) from module neuron_intra_Nbits.
Setting constant 1-bit at position 2 on $flatten\mults[5].mult_i.\u1.\u1.$auto$proc_dlatch.cc:427:proc_dlatch$1226 ($dlatch) from module neuron_intra_Nbits.
Setting constant 1-bit at position 0 on $flatten\mults[5].mult_i.\u1.\u2.$auto$proc_dlatch.cc:427:proc_dlatch$1138 ($dlatch) from module neuron_intra_Nbits.
Setting constant 1-bit at position 1 on $flatten\mults[5].mult_i.\u1.\u2.$auto$proc_dlatch.cc:427:proc_dlatch$1138 ($dlatch) from module neuron_intra_Nbits.
Setting constant 0-bit at position 2 on $flatten\mults[5].mult_i.\u1.\u2.$auto$proc_dlatch.cc:427:proc_dlatch$1138 ($dlatch) from module neuron_intra_Nbits.
Setting constant 0-bit at position 0 on $flatten\mults[5].mult_i.\u1.\u2.$auto$proc_dlatch.cc:427:proc_dlatch$1160 ($dlatch) from module neuron_intra_Nbits.
Setting constant 0-bit at position 1 on $flatten\mults[5].mult_i.\u1.\u2.$auto$proc_dlatch.cc:427:proc_dlatch$1160 ($dlatch) from module neuron_intra_Nbits.
Setting constant 1-bit at position 2 on $flatten\mults[5].mult_i.\u1.\u2.$auto$proc_dlatch.cc:427:proc_dlatch$1160 ($dlatch) from module neuron_intra_Nbits.
Setting constant 1-bit at position 0 on $flatten\mults[5].mult_i.\u1.\u2.$auto$proc_dlatch.cc:427:proc_dlatch$1182 ($dlatch) from module neuron_intra_Nbits.
Setting constant 0-bit at position 1 on $flatten\mults[5].mult_i.\u1.\u2.$auto$proc_dlatch.cc:427:proc_dlatch$1182 ($dlatch) from module neuron_intra_Nbits.
Setting constant 1-bit at position 2 on $flatten\mults[5].mult_i.\u1.\u2.$auto$proc_dlatch.cc:427:proc_dlatch$1182 ($dlatch) from module neuron_intra_Nbits.
Setting constant 0-bit at position 0 on $flatten\mults[5].mult_i.\u1.\u2.$auto$proc_dlatch.cc:427:proc_dlatch$1204 ($dlatch) from module neuron_intra_Nbits.
Setting constant 1-bit at position 1 on $flatten\mults[5].mult_i.\u1.\u2.$auto$proc_dlatch.cc:427:proc_dlatch$1204 ($dlatch) from module neuron_intra_Nbits.
Setting constant 1-bit at position 2 on $flatten\mults[5].mult_i.\u1.\u2.$auto$proc_dlatch.cc:427:proc_dlatch$1204 ($dlatch) from module neuron_intra_Nbits.
Setting constant 1-bit at position 0 on $flatten\mults[5].mult_i.\u1.\u2.$auto$proc_dlatch.cc:427:proc_dlatch$1226 ($dlatch) from module neuron_intra_Nbits.
Setting constant 1-bit at position 1 on $flatten\mults[5].mult_i.\u1.\u2.$auto$proc_dlatch.cc:427:proc_dlatch$1226 ($dlatch) from module neuron_intra_Nbits.
Setting constant 1-bit at position 2 on $flatten\mults[5].mult_i.\u1.\u2.$auto$proc_dlatch.cc:427:proc_dlatch$1226 ($dlatch) from module neuron_intra_Nbits.
Setting constant 1-bit at position 0 on $flatten\mults[6].mult_i.\u1.\u1.$auto$proc_dlatch.cc:427:proc_dlatch$1138 ($dlatch) from module neuron_intra_Nbits.
Setting constant 1-bit at position 1 on $flatten\mults[6].mult_i.\u1.\u1.$auto$proc_dlatch.cc:427:proc_dlatch$1138 ($dlatch) from module neuron_intra_Nbits.
Setting constant 0-bit at position 2 on $flatten\mults[6].mult_i.\u1.\u1.$auto$proc_dlatch.cc:427:proc_dlatch$1138 ($dlatch) from module neuron_intra_Nbits.
Setting constant 0-bit at position 0 on $flatten\mults[6].mult_i.\u1.\u1.$auto$proc_dlatch.cc:427:proc_dlatch$1160 ($dlatch) from module neuron_intra_Nbits.
Setting constant 0-bit at position 1 on $flatten\mults[6].mult_i.\u1.\u1.$auto$proc_dlatch.cc:427:proc_dlatch$1160 ($dlatch) from module neuron_intra_Nbits.
Setting constant 1-bit at position 2 on $flatten\mults[6].mult_i.\u1.\u1.$auto$proc_dlatch.cc:427:proc_dlatch$1160 ($dlatch) from module neuron_intra_Nbits.
Setting constant 1-bit at position 0 on $flatten\mults[6].mult_i.\u1.\u1.$auto$proc_dlatch.cc:427:proc_dlatch$1182 ($dlatch) from module neuron_intra_Nbits.
Setting constant 0-bit at position 1 on $flatten\mults[6].mult_i.\u1.\u1.$auto$proc_dlatch.cc:427:proc_dlatch$1182 ($dlatch) from module neuron_intra_Nbits.
Setting constant 1-bit at position 2 on $flatten\mults[6].mult_i.\u1.\u1.$auto$proc_dlatch.cc:427:proc_dlatch$1182 ($dlatch) from module neuron_intra_Nbits.
Setting constant 0-bit at position 0 on $flatten\mults[6].mult_i.\u1.\u1.$auto$proc_dlatch.cc:427:proc_dlatch$1204 ($dlatch) from module neuron_intra_Nbits.
Setting constant 1-bit at position 1 on $flatten\mults[6].mult_i.\u1.\u1.$auto$proc_dlatch.cc:427:proc_dlatch$1204 ($dlatch) from module neuron_intra_Nbits.
Setting constant 1-bit at position 2 on $flatten\mults[6].mult_i.\u1.\u1.$auto$proc_dlatch.cc:427:proc_dlatch$1204 ($dlatch) from module neuron_intra_Nbits.
Setting constant 1-bit at position 0 on $flatten\mults[6].mult_i.\u1.\u1.$auto$proc_dlatch.cc:427:proc_dlatch$1226 ($dlatch) from module neuron_intra_Nbits.
Setting constant 1-bit at position 1 on $flatten\mults[6].mult_i.\u1.\u1.$auto$proc_dlatch.cc:427:proc_dlatch$1226 ($dlatch) from module neuron_intra_Nbits.
Setting constant 1-bit at position 2 on $flatten\mults[6].mult_i.\u1.\u1.$auto$proc_dlatch.cc:427:proc_dlatch$1226 ($dlatch) from module neuron_intra_Nbits.
Setting constant 1-bit at position 0 on $flatten\mults[6].mult_i.\u1.\u2.$auto$proc_dlatch.cc:427:proc_dlatch$1138 ($dlatch) from module neuron_intra_Nbits.
Setting constant 1-bit at position 1 on $flatten\mults[6].mult_i.\u1.\u2.$auto$proc_dlatch.cc:427:proc_dlatch$1138 ($dlatch) from module neuron_intra_Nbits.
Setting constant 0-bit at position 2 on $flatten\mults[6].mult_i.\u1.\u2.$auto$proc_dlatch.cc:427:proc_dlatch$1138 ($dlatch) from module neuron_intra_Nbits.
Setting constant 0-bit at position 0 on $flatten\mults[6].mult_i.\u1.\u2.$auto$proc_dlatch.cc:427:proc_dlatch$1160 ($dlatch) from module neuron_intra_Nbits.
Setting constant 0-bit at position 1 on $flatten\mults[6].mult_i.\u1.\u2.$auto$proc_dlatch.cc:427:proc_dlatch$1160 ($dlatch) from module neuron_intra_Nbits.
Setting constant 1-bit at position 2 on $flatten\mults[6].mult_i.\u1.\u2.$auto$proc_dlatch.cc:427:proc_dlatch$1160 ($dlatch) from module neuron_intra_Nbits.
Setting constant 1-bit at position 0 on $flatten\mults[6].mult_i.\u1.\u2.$auto$proc_dlatch.cc:427:proc_dlatch$1182 ($dlatch) from module neuron_intra_Nbits.
Setting constant 0-bit at position 1 on $flatten\mults[6].mult_i.\u1.\u2.$auto$proc_dlatch.cc:427:proc_dlatch$1182 ($dlatch) from module neuron_intra_Nbits.
Setting constant 1-bit at position 2 on $flatten\mults[6].mult_i.\u1.\u2.$auto$proc_dlatch.cc:427:proc_dlatch$1182 ($dlatch) from module neuron_intra_Nbits.
Setting constant 0-bit at position 0 on $flatten\mults[6].mult_i.\u1.\u2.$auto$proc_dlatch.cc:427:proc_dlatch$1204 ($dlatch) from module neuron_intra_Nbits.
Setting constant 1-bit at position 1 on $flatten\mults[6].mult_i.\u1.\u2.$auto$proc_dlatch.cc:427:proc_dlatch$1204 ($dlatch) from module neuron_intra_Nbits.
Setting constant 1-bit at position 2 on $flatten\mults[6].mult_i.\u1.\u2.$auto$proc_dlatch.cc:427:proc_dlatch$1204 ($dlatch) from module neuron_intra_Nbits.
Setting constant 1-bit at position 0 on $flatten\mults[6].mult_i.\u1.\u2.$auto$proc_dlatch.cc:427:proc_dlatch$1226 ($dlatch) from module neuron_intra_Nbits.
Setting constant 1-bit at position 1 on $flatten\mults[6].mult_i.\u1.\u2.$auto$proc_dlatch.cc:427:proc_dlatch$1226 ($dlatch) from module neuron_intra_Nbits.
Setting constant 1-bit at position 2 on $flatten\mults[6].mult_i.\u1.\u2.$auto$proc_dlatch.cc:427:proc_dlatch$1226 ($dlatch) from module neuron_intra_Nbits.
Setting constant 1-bit at position 0 on $flatten\mults[7].mult_i.\u1.\u1.$auto$proc_dlatch.cc:427:proc_dlatch$1138 ($dlatch) from module neuron_intra_Nbits.
Setting constant 1-bit at position 1 on $flatten\mults[7].mult_i.\u1.\u1.$auto$proc_dlatch.cc:427:proc_dlatch$1138 ($dlatch) from module neuron_intra_Nbits.
Setting constant 0-bit at position 2 on $flatten\mults[7].mult_i.\u1.\u1.$auto$proc_dlatch.cc:427:proc_dlatch$1138 ($dlatch) from module neuron_intra_Nbits.
Setting constant 0-bit at position 0 on $flatten\mults[7].mult_i.\u1.\u1.$auto$proc_dlatch.cc:427:proc_dlatch$1160 ($dlatch) from module neuron_intra_Nbits.
Setting constant 0-bit at position 1 on $flatten\mults[7].mult_i.\u1.\u1.$auto$proc_dlatch.cc:427:proc_dlatch$1160 ($dlatch) from module neuron_intra_Nbits.
Setting constant 1-bit at position 2 on $flatten\mults[7].mult_i.\u1.\u1.$auto$proc_dlatch.cc:427:proc_dlatch$1160 ($dlatch) from module neuron_intra_Nbits.
Setting constant 1-bit at position 0 on $flatten\mults[7].mult_i.\u1.\u1.$auto$proc_dlatch.cc:427:proc_dlatch$1182 ($dlatch) from module neuron_intra_Nbits.
Setting constant 0-bit at position 1 on $flatten\mults[7].mult_i.\u1.\u1.$auto$proc_dlatch.cc:427:proc_dlatch$1182 ($dlatch) from module neuron_intra_Nbits.
Setting constant 1-bit at position 2 on $flatten\mults[7].mult_i.\u1.\u1.$auto$proc_dlatch.cc:427:proc_dlatch$1182 ($dlatch) from module neuron_intra_Nbits.
Setting constant 0-bit at position 0 on $flatten\mults[7].mult_i.\u1.\u1.$auto$proc_dlatch.cc:427:proc_dlatch$1204 ($dlatch) from module neuron_intra_Nbits.
Setting constant 1-bit at position 1 on $flatten\mults[7].mult_i.\u1.\u1.$auto$proc_dlatch.cc:427:proc_dlatch$1204 ($dlatch) from module neuron_intra_Nbits.
Setting constant 1-bit at position 2 on $flatten\mults[7].mult_i.\u1.\u1.$auto$proc_dlatch.cc:427:proc_dlatch$1204 ($dlatch) from module neuron_intra_Nbits.
Setting constant 1-bit at position 0 on $flatten\mults[7].mult_i.\u1.\u1.$auto$proc_dlatch.cc:427:proc_dlatch$1226 ($dlatch) from module neuron_intra_Nbits.
Setting constant 1-bit at position 1 on $flatten\mults[7].mult_i.\u1.\u1.$auto$proc_dlatch.cc:427:proc_dlatch$1226 ($dlatch) from module neuron_intra_Nbits.
Setting constant 1-bit at position 2 on $flatten\mults[7].mult_i.\u1.\u1.$auto$proc_dlatch.cc:427:proc_dlatch$1226 ($dlatch) from module neuron_intra_Nbits.
Setting constant 1-bit at position 0 on $flatten\mults[7].mult_i.\u1.\u2.$auto$proc_dlatch.cc:427:proc_dlatch$1138 ($dlatch) from module neuron_intra_Nbits.
Setting constant 1-bit at position 1 on $flatten\mults[7].mult_i.\u1.\u2.$auto$proc_dlatch.cc:427:proc_dlatch$1138 ($dlatch) from module neuron_intra_Nbits.
Setting constant 0-bit at position 2 on $flatten\mults[7].mult_i.\u1.\u2.$auto$proc_dlatch.cc:427:proc_dlatch$1138 ($dlatch) from module neuron_intra_Nbits.
Setting constant 0-bit at position 0 on $flatten\mults[7].mult_i.\u1.\u2.$auto$proc_dlatch.cc:427:proc_dlatch$1160 ($dlatch) from module neuron_intra_Nbits.
Setting constant 0-bit at position 1 on $flatten\mults[7].mult_i.\u1.\u2.$auto$proc_dlatch.cc:427:proc_dlatch$1160 ($dlatch) from module neuron_intra_Nbits.
Setting constant 1-bit at position 2 on $flatten\mults[7].mult_i.\u1.\u2.$auto$proc_dlatch.cc:427:proc_dlatch$1160 ($dlatch) from module neuron_intra_Nbits.
Setting constant 1-bit at position 0 on $flatten\mults[7].mult_i.\u1.\u2.$auto$proc_dlatch.cc:427:proc_dlatch$1182 ($dlatch) from module neuron_intra_Nbits.
Setting constant 0-bit at position 1 on $flatten\mults[7].mult_i.\u1.\u2.$auto$proc_dlatch.cc:427:proc_dlatch$1182 ($dlatch) from module neuron_intra_Nbits.
Setting constant 1-bit at position 2 on $flatten\mults[7].mult_i.\u1.\u2.$auto$proc_dlatch.cc:427:proc_dlatch$1182 ($dlatch) from module neuron_intra_Nbits.
Setting constant 0-bit at position 0 on $flatten\mults[7].mult_i.\u1.\u2.$auto$proc_dlatch.cc:427:proc_dlatch$1204 ($dlatch) from module neuron_intra_Nbits.
Setting constant 1-bit at position 1 on $flatten\mults[7].mult_i.\u1.\u2.$auto$proc_dlatch.cc:427:proc_dlatch$1204 ($dlatch) from module neuron_intra_Nbits.
Setting constant 1-bit at position 2 on $flatten\mults[7].mult_i.\u1.\u2.$auto$proc_dlatch.cc:427:proc_dlatch$1204 ($dlatch) from module neuron_intra_Nbits.
Setting constant 1-bit at position 0 on $flatten\mults[7].mult_i.\u1.\u2.$auto$proc_dlatch.cc:427:proc_dlatch$1226 ($dlatch) from module neuron_intra_Nbits.
Setting constant 1-bit at position 1 on $flatten\mults[7].mult_i.\u1.\u2.$auto$proc_dlatch.cc:427:proc_dlatch$1226 ($dlatch) from module neuron_intra_Nbits.
Setting constant 1-bit at position 2 on $flatten\mults[7].mult_i.\u1.\u2.$auto$proc_dlatch.cc:427:proc_dlatch$1226 ($dlatch) from module neuron_intra_Nbits.

12.6.7. Executing OPT_CLEAN pass (remove unused cells and wires).
Finding unused cells or wires in module \neuron_intra_Nbits..
Removed 128 unused cells and 160 unused wires.
<suppressed ~288 debug messages>

12.6.8. Executing OPT_EXPR pass (perform const folding).
Optimizing module neuron_intra_Nbits.
<suppressed ~184 debug messages>

12.6.9. Rerunning OPT passes. (Maybe there is more to do..)

12.6.10. Executing OPT_MUXTREE pass (detect dead branches in mux trees).
Running muxtree optimizer on module \neuron_intra_Nbits..
  Creating internal representation of mux trees.
  Evaluating internal representation of mux trees.
  Analyzing evaluation results.
Removed 0 multiplexer ports.
<suppressed ~26 debug messages>

12.6.11. Executing OPT_REDUCE pass (consolidate $*mux and $reduce_* inputs).
  Optimizing cells in module \neuron_intra_Nbits.
Performed a total of 0 changes.

12.6.12. Executing OPT_MERGE pass (detect identical cells).
Finding identical cells in module `\neuron_intra_Nbits'.
Removed a total of 0 cells.

12.6.13. Executing OPT_DFF pass (perform DFF optimizations).

12.6.14. Executing OPT_CLEAN pass (remove unused cells and wires).
Finding unused cells or wires in module \neuron_intra_Nbits..
Removed 0 unused cells and 168 unused wires.
<suppressed ~1 debug messages>

12.6.15. Executing OPT_EXPR pass (perform const folding).
Optimizing module neuron_intra_Nbits.

12.6.16. Rerunning OPT passes. (Maybe there is more to do..)

12.6.17. Executing OPT_MUXTREE pass (detect dead branches in mux trees).
Running muxtree optimizer on module \neuron_intra_Nbits..
  Creating internal representation of mux trees.
  Evaluating internal representation of mux trees.
  Analyzing evaluation results.
Removed 0 multiplexer ports.
<suppressed ~26 debug messages>

12.6.18. Executing OPT_REDUCE pass (consolidate $*mux and $reduce_* inputs).
  Optimizing cells in module \neuron_intra_Nbits.
Performed a total of 0 changes.

12.6.19. Executing OPT_MERGE pass (detect identical cells).
Finding identical cells in module `\neuron_intra_Nbits'.
Removed a total of 0 cells.

12.6.20. Executing OPT_DFF pass (perform DFF optimizations).

12.6.21. Executing OPT_CLEAN pass (remove unused cells and wires).
Finding unused cells or wires in module \neuron_intra_Nbits..

12.6.22. Executing OPT_EXPR pass (perform const folding).
Optimizing module neuron_intra_Nbits.

12.6.23. Finished OPT passes. (There is nothing left to do.)

12.7. Executing FSM pass (extract and optimize FSM).

12.7.1. Executing FSM_DETECT pass (finding FSMs in design).

12.7.2. Executing FSM_EXTRACT pass (extracting FSM from design).

12.7.3. Executing FSM_OPT pass (simple optimizations of FSMs).

12.7.4. Executing OPT_CLEAN pass (remove unused cells and wires).
Finding unused cells or wires in module \neuron_intra_Nbits..

12.7.5. Executing FSM_OPT pass (simple optimizations of FSMs).

12.7.6. Executing FSM_RECODE pass (re-assigning FSM state encoding).

12.7.7. Executing FSM_INFO pass (dumping all available information on FSM cells).

12.7.8. Executing FSM_MAP pass (mapping FSMs to basic logic).

12.8. Executing OPT pass (performing simple optimizations).

12.8.1. Executing OPT_EXPR pass (perform const folding).
Optimizing module neuron_intra_Nbits.

12.8.2. Executing OPT_MERGE pass (detect identical cells).
Finding identical cells in module `\neuron_intra_Nbits'.
Removed a total of 0 cells.

12.8.3. Executing OPT_MUXTREE pass (detect dead branches in mux trees).
Running muxtree optimizer on module \neuron_intra_Nbits..
  Creating internal representation of mux trees.
  Evaluating internal representation of mux trees.
  Analyzing evaluation results.
Removed 0 multiplexer ports.
<suppressed ~26 debug messages>

12.8.4. Executing OPT_REDUCE pass (consolidate $*mux and $reduce_* inputs).
  Optimizing cells in module \neuron_intra_Nbits.
Performed a total of 0 changes.

12.8.5. Executing OPT_MERGE pass (detect identical cells).
Finding identical cells in module `\neuron_intra_Nbits'.
Removed a total of 0 cells.

12.8.6. Executing OPT_DFF pass (perform DFF optimizations).
Adding EN signal on $procdff$1701 ($adff) from module neuron_intra_Nbits (D = \ADDER_TREE[2].sum_stage, Q = \acc).
Adding EN signal on $procdff$1700 ($adff) from module neuron_intra_Nbits (D = \act_out, Q = \Out).

12.8.7. Executing OPT_CLEAN pass (remove unused cells and wires).
Finding unused cells or wires in module \neuron_intra_Nbits..
Removed 2 unused cells and 2 unused wires.
<suppressed ~3 debug messages>

12.8.8. Executing OPT_EXPR pass (perform const folding).
Optimizing module neuron_intra_Nbits.

12.8.9. Rerunning OPT passes. (Maybe there is more to do..)

12.8.10. Executing OPT_MUXTREE pass (detect dead branches in mux trees).
Running muxtree optimizer on module \neuron_intra_Nbits..
  Creating internal representation of mux trees.
  Evaluating internal representation of mux trees.
  Analyzing evaluation results.
Removed 0 multiplexer ports.
<suppressed ~25 debug messages>

12.8.11. Executing OPT_REDUCE pass (consolidate $*mux and $reduce_* inputs).
  Optimizing cells in module \neuron_intra_Nbits.
Performed a total of 0 changes.

12.8.12. Executing OPT_MERGE pass (detect identical cells).
Finding identical cells in module `\neuron_intra_Nbits'.
Removed a total of 0 cells.

12.8.13. Executing OPT_DFF pass (perform DFF optimizations).

12.8.14. Executing OPT_CLEAN pass (remove unused cells and wires).
Finding unused cells or wires in module \neuron_intra_Nbits..

12.8.15. Executing OPT_EXPR pass (perform const folding).
Optimizing module neuron_intra_Nbits.

12.8.16. Finished OPT passes. (There is nothing left to do.)

12.9. Executing WREDUCE pass (reducing word size of cells).
Removed top 4 bits (of 8) from mux cell neuron_intra_Nbits.$flatten\mults[7].mult_i.$ternary$/home/juliana/venv_pytorch/lib/python3.12/site-packages/MAxPy/vlib/AxArith/multipliers/LOBA.v:19$737 ($mux).
Removed top 8 bits (of 16) from port A of cell neuron_intra_Nbits.$flatten\mults[7].mult_i.$not$/home/juliana/venv_pytorch/lib/python3.12/site-packages/MAxPy/vlib/AxArith/multipliers/LOBA.v:21$740 ($not).
Removed top 4 bits (of 8) from port Y of cell neuron_intra_Nbits.$flatten\mults[7].mult_i.$add$/home/juliana/venv_pytorch/lib/python3.12/site-packages/MAxPy/vlib/AxArith/multipliers/LOBA.v:19$735 ($add).
Removed top 4 bits (of 8) from port A of cell neuron_intra_Nbits.$flatten\mults[7].mult_i.$add$/home/juliana/venv_pytorch/lib/python3.12/site-packages/MAxPy/vlib/AxArith/multipliers/LOBA.v:19$735 ($add).
Removed top 8 bits (of 16) from mux cell neuron_intra_Nbits.$flatten\mults[6].mult_i.$ternary$/home/juliana/venv_pytorch/lib/python3.12/site-packages/MAxPy/vlib/AxArith/multipliers/LOBA.v:21$743 ($mux).
Removed top 4 bits (of 8) from mux cell neuron_intra_Nbits.$flatten\mults[6].mult_i.$ternary$/home/juliana/venv_pytorch/lib/python3.12/site-packages/MAxPy/vlib/AxArith/multipliers/LOBA.v:19$737 ($mux).
Removed top 4 bits (of 8) from mux cell neuron_intra_Nbits.$flatten\mults[6].mult_i.$ternary$/home/juliana/venv_pytorch/lib/python3.12/site-packages/MAxPy/vlib/AxArith/multipliers/LOBA.v:18$732 ($mux).
Removed top 8 bits (of 16) from port A of cell neuron_intra_Nbits.$flatten\mults[6].mult_i.$not$/home/juliana/venv_pytorch/lib/python3.12/site-packages/MAxPy/vlib/AxArith/multipliers/LOBA.v:21$740 ($not).
Removed top 8 bits (of 16) from port Y of cell neuron_intra_Nbits.$flatten\mults[6].mult_i.$add$/home/juliana/venv_pytorch/lib/python3.12/site-packages/MAxPy/vlib/AxArith/multipliers/LOBA.v:21$741 ($add).
Removed top 8 bits (of 16) from port A of cell neuron_intra_Nbits.$flatten\mults[6].mult_i.$add$/home/juliana/venv_pytorch/lib/python3.12/site-packages/MAxPy/vlib/AxArith/multipliers/LOBA.v:21$741 ($add).
Removed top 4 bits (of 8) from port Y of cell neuron_intra_Nbits.$flatten\mults[6].mult_i.$add$/home/juliana/venv_pytorch/lib/python3.12/site-packages/MAxPy/vlib/AxArith/multipliers/LOBA.v:19$735 ($add).
Removed top 4 bits (of 8) from port A of cell neuron_intra_Nbits.$flatten\mults[6].mult_i.$add$/home/juliana/venv_pytorch/lib/python3.12/site-packages/MAxPy/vlib/AxArith/multipliers/LOBA.v:19$735 ($add).
Removed top 4 bits (of 8) from port Y of cell neuron_intra_Nbits.$flatten\mults[6].mult_i.$add$/home/juliana/venv_pytorch/lib/python3.12/site-packages/MAxPy/vlib/AxArith/multipliers/LOBA.v:18$730 ($add).
Removed top 4 bits (of 8) from port A of cell neuron_intra_Nbits.$flatten\mults[6].mult_i.$add$/home/juliana/venv_pytorch/lib/python3.12/site-packages/MAxPy/vlib/AxArith/multipliers/LOBA.v:18$730 ($add).
Removed top 8 bits (of 16) from port A of cell neuron_intra_Nbits.$flatten\mults[5].mult_i.$not$/home/juliana/venv_pytorch/lib/python3.12/site-packages/MAxPy/vlib/AxArith/multipliers/LOBA.v:21$740 ($not).
Removed top 4 bits (of 8) from mux cell neuron_intra_Nbits.$flatten\mults[5].mult_i.$ternary$/home/juliana/venv_pytorch/lib/python3.12/site-packages/MAxPy/vlib/AxArith/multipliers/LOBA.v:18$732 ($mux).
Removed top 4 bits (of 8) from port Y of cell neuron_intra_Nbits.$flatten\mults[5].mult_i.$add$/home/juliana/venv_pytorch/lib/python3.12/site-packages/MAxPy/vlib/AxArith/multipliers/LOBA.v:18$730 ($add).
Removed top 4 bits (of 8) from port A of cell neuron_intra_Nbits.$flatten\mults[5].mult_i.$add$/home/juliana/venv_pytorch/lib/python3.12/site-packages/MAxPy/vlib/AxArith/multipliers/LOBA.v:18$730 ($add).
Removed top 4 bits (of 8) from mux cell neuron_intra_Nbits.$flatten\mults[7].mult_i.$ternary$/home/juliana/venv_pytorch/lib/python3.12/site-packages/MAxPy/vlib/AxArith/multipliers/LOBA.v:18$732 ($mux).
Removed top 4 bits (of 8) from port Y of cell neuron_intra_Nbits.$flatten\mults[7].mult_i.$add$/home/juliana/venv_pytorch/lib/python3.12/site-packages/MAxPy/vlib/AxArith/multipliers/LOBA.v:18$730 ($add).
Removed top 4 bits (of 8) from port A of cell neuron_intra_Nbits.$flatten\mults[7].mult_i.$add$/home/juliana/venv_pytorch/lib/python3.12/site-packages/MAxPy/vlib/AxArith/multipliers/LOBA.v:18$730 ($add).
Removed top 8 bits (of 16) from mux cell neuron_intra_Nbits.$flatten\mults[7].mult_i.$ternary$/home/juliana/venv_pytorch/lib/python3.12/site-packages/MAxPy/vlib/AxArith/multipliers/LOBA.v:21$743 ($mux).
Removed top 4 bits (of 8) from port Y of cell neuron_intra_Nbits.$flatten\mults[7].mult_i.$not$/home/juliana/venv_pytorch/lib/python3.12/site-packages/MAxPy/vlib/AxArith/multipliers/LOBA.v:19$734 ($not).
Removed top 4 bits (of 8) from port A of cell neuron_intra_Nbits.$flatten\mults[7].mult_i.$not$/home/juliana/venv_pytorch/lib/python3.12/site-packages/MAxPy/vlib/AxArith/multipliers/LOBA.v:19$734 ($not).
Removed top 4 bits (of 8) from mux cell neuron_intra_Nbits.$flatten\mults[5].mult_i.$ternary$/home/juliana/venv_pytorch/lib/python3.12/site-packages/MAxPy/vlib/AxArith/multipliers/LOBA.v:19$737 ($mux).
Removed top 8 bits (of 16) from mux cell neuron_intra_Nbits.$flatten\mults[5].mult_i.$ternary$/home/juliana/venv_pytorch/lib/python3.12/site-packages/MAxPy/vlib/AxArith/multipliers/LOBA.v:21$743 ($mux).
Removed top 8 bits (of 16) from port A of cell neuron_intra_Nbits.$flatten\mults[4].mult_i.$not$/home/juliana/venv_pytorch/lib/python3.12/site-packages/MAxPy/vlib/AxArith/multipliers/LOBA.v:21$740 ($not).
Removed top 4 bits (of 8) from mux cell neuron_intra_Nbits.$flatten\mults[4].mult_i.$ternary$/home/juliana/venv_pytorch/lib/python3.12/site-packages/MAxPy/vlib/AxArith/multipliers/LOBA.v:18$732 ($mux).
Removed top 4 bits (of 8) from mux cell neuron_intra_Nbits.$flatten\mults[4].mult_i.$ternary$/home/juliana/venv_pytorch/lib/python3.12/site-packages/MAxPy/vlib/AxArith/multipliers/LOBA.v:19$737 ($mux).
Removed top 8 bits (of 16) from mux cell neuron_intra_Nbits.$flatten\mults[4].mult_i.$ternary$/home/juliana/venv_pytorch/lib/python3.12/site-packages/MAxPy/vlib/AxArith/multipliers/LOBA.v:21$743 ($mux).
Removed top 8 bits (of 16) from port A of cell neuron_intra_Nbits.$flatten\mults[3].mult_i.$not$/home/juliana/venv_pytorch/lib/python3.12/site-packages/MAxPy/vlib/AxArith/multipliers/LOBA.v:21$740 ($not).
Removed top 4 bits (of 8) from mux cell neuron_intra_Nbits.$flatten\mults[3].mult_i.$ternary$/home/juliana/venv_pytorch/lib/python3.12/site-packages/MAxPy/vlib/AxArith/multipliers/LOBA.v:18$732 ($mux).
Removed top 4 bits (of 8) from mux cell neuron_intra_Nbits.$flatten\mults[3].mult_i.$ternary$/home/juliana/venv_pytorch/lib/python3.12/site-packages/MAxPy/vlib/AxArith/multipliers/LOBA.v:19$737 ($mux).
Removed top 8 bits (of 16) from mux cell neuron_intra_Nbits.$flatten\mults[3].mult_i.$ternary$/home/juliana/venv_pytorch/lib/python3.12/site-packages/MAxPy/vlib/AxArith/multipliers/LOBA.v:21$743 ($mux).
Removed top 8 bits (of 16) from port A of cell neuron_intra_Nbits.$flatten\mults[2].mult_i.$not$/home/juliana/venv_pytorch/lib/python3.12/site-packages/MAxPy/vlib/AxArith/multipliers/LOBA.v:21$740 ($not).
Removed top 4 bits (of 8) from mux cell neuron_intra_Nbits.$flatten\mults[2].mult_i.$ternary$/home/juliana/venv_pytorch/lib/python3.12/site-packages/MAxPy/vlib/AxArith/multipliers/LOBA.v:18$732 ($mux).
Removed top 4 bits (of 8) from mux cell neuron_intra_Nbits.$flatten\mults[2].mult_i.$ternary$/home/juliana/venv_pytorch/lib/python3.12/site-packages/MAxPy/vlib/AxArith/multipliers/LOBA.v:19$737 ($mux).
Removed top 8 bits (of 16) from mux cell neuron_intra_Nbits.$flatten\mults[2].mult_i.$ternary$/home/juliana/venv_pytorch/lib/python3.12/site-packages/MAxPy/vlib/AxArith/multipliers/LOBA.v:21$743 ($mux).
Removed top 8 bits (of 16) from port A of cell neuron_intra_Nbits.$flatten\mults[1].mult_i.$not$/home/juliana/venv_pytorch/lib/python3.12/site-packages/MAxPy/vlib/AxArith/multipliers/LOBA.v:21$740 ($not).
Removed top 4 bits (of 8) from mux cell neuron_intra_Nbits.$flatten\mults[1].mult_i.$ternary$/home/juliana/venv_pytorch/lib/python3.12/site-packages/MAxPy/vlib/AxArith/multipliers/LOBA.v:18$732 ($mux).
Removed top 4 bits (of 8) from mux cell neuron_intra_Nbits.$flatten\mults[1].mult_i.$ternary$/home/juliana/venv_pytorch/lib/python3.12/site-packages/MAxPy/vlib/AxArith/multipliers/LOBA.v:19$737 ($mux).
Removed top 8 bits (of 16) from mux cell neuron_intra_Nbits.$flatten\mults[1].mult_i.$ternary$/home/juliana/venv_pytorch/lib/python3.12/site-packages/MAxPy/vlib/AxArith/multipliers/LOBA.v:21$743 ($mux).
Removed top 8 bits (of 16) from port A of cell neuron_intra_Nbits.$flatten\mults[0].mult_i.$not$/home/juliana/venv_pytorch/lib/python3.12/site-packages/MAxPy/vlib/AxArith/multipliers/LOBA.v:21$740 ($not).
Removed top 4 bits (of 8) from mux cell neuron_intra_Nbits.$flatten\mults[0].mult_i.$ternary$/home/juliana/venv_pytorch/lib/python3.12/site-packages/MAxPy/vlib/AxArith/multipliers/LOBA.v:18$732 ($mux).
Removed top 4 bits (of 8) from mux cell neuron_intra_Nbits.$flatten\mults[0].mult_i.$ternary$/home/juliana/venv_pytorch/lib/python3.12/site-packages/MAxPy/vlib/AxArith/multipliers/LOBA.v:19$737 ($mux).
Removed top 8 bits (of 16) from mux cell neuron_intra_Nbits.$flatten\mults[0].mult_i.$ternary$/home/juliana/venv_pytorch/lib/python3.12/site-packages/MAxPy/vlib/AxArith/multipliers/LOBA.v:21$743 ($mux).
Removed top 4 bits (of 8) from port Y of cell neuron_intra_Nbits.$flatten\mults[7].mult_i.$not$/home/juliana/venv_pytorch/lib/python3.12/site-packages/MAxPy/vlib/AxArith/multipliers/LOBA.v:18$729 ($not).
Removed top 4 bits (of 8) from port A of cell neuron_intra_Nbits.$flatten\mults[7].mult_i.$not$/home/juliana/venv_pytorch/lib/python3.12/site-packages/MAxPy/vlib/AxArith/multipliers/LOBA.v:18$729 ($not).
Removed top 8 bits (of 16) from port Y of cell neuron_intra_Nbits.$flatten\mults[6].mult_i.$not$/home/juliana/venv_pytorch/lib/python3.12/site-packages/MAxPy/vlib/AxArith/multipliers/LOBA.v:21$740 ($not).
Removed top 4 bits (of 8) from port Y of cell neuron_intra_Nbits.$flatten\mults[6].mult_i.$not$/home/juliana/venv_pytorch/lib/python3.12/site-packages/MAxPy/vlib/AxArith/multipliers/LOBA.v:19$734 ($not).
Removed top 4 bits (of 8) from port A of cell neuron_intra_Nbits.$flatten\mults[6].mult_i.$not$/home/juliana/venv_pytorch/lib/python3.12/site-packages/MAxPy/vlib/AxArith/multipliers/LOBA.v:19$734 ($not).
Removed top 4 bits (of 8) from port Y of cell neuron_intra_Nbits.$flatten\mults[6].mult_i.$not$/home/juliana/venv_pytorch/lib/python3.12/site-packages/MAxPy/vlib/AxArith/multipliers/LOBA.v:18$729 ($not).
Removed top 4 bits (of 8) from port A of cell neuron_intra_Nbits.$flatten\mults[6].mult_i.$not$/home/juliana/venv_pytorch/lib/python3.12/site-packages/MAxPy/vlib/AxArith/multipliers/LOBA.v:18$729 ($not).
Removed top 4 bits (of 8) from port Y of cell neuron_intra_Nbits.$flatten\mults[5].mult_i.$not$/home/juliana/venv_pytorch/lib/python3.12/site-packages/MAxPy/vlib/AxArith/multipliers/LOBA.v:18$729 ($not).
Removed top 4 bits (of 8) from port A of cell neuron_intra_Nbits.$flatten\mults[5].mult_i.$not$/home/juliana/venv_pytorch/lib/python3.12/site-packages/MAxPy/vlib/AxArith/multipliers/LOBA.v:18$729 ($not).
Removed top 8 bits (of 16) from port Y of cell neuron_intra_Nbits.$flatten\mults[5].mult_i.$add$/home/juliana/venv_pytorch/lib/python3.12/site-packages/MAxPy/vlib/AxArith/multipliers/LOBA.v:21$741 ($add).
Removed top 8 bits (of 16) from port A of cell neuron_intra_Nbits.$flatten\mults[5].mult_i.$add$/home/juliana/venv_pytorch/lib/python3.12/site-packages/MAxPy/vlib/AxArith/multipliers/LOBA.v:21$741 ($add).
Removed top 4 bits (of 8) from port Y of cell neuron_intra_Nbits.$flatten\mults[5].mult_i.$add$/home/juliana/venv_pytorch/lib/python3.12/site-packages/MAxPy/vlib/AxArith/multipliers/LOBA.v:19$735 ($add).
Removed top 4 bits (of 8) from port A of cell neuron_intra_Nbits.$flatten\mults[5].mult_i.$add$/home/juliana/venv_pytorch/lib/python3.12/site-packages/MAxPy/vlib/AxArith/multipliers/LOBA.v:19$735 ($add).
Removed top 8 bits (of 16) from port Y of cell neuron_intra_Nbits.$flatten\mults[7].mult_i.$add$/home/juliana/venv_pytorch/lib/python3.12/site-packages/MAxPy/vlib/AxArith/multipliers/LOBA.v:21$741 ($add).
Removed top 8 bits (of 16) from port A of cell neuron_intra_Nbits.$flatten\mults[7].mult_i.$add$/home/juliana/venv_pytorch/lib/python3.12/site-packages/MAxPy/vlib/AxArith/multipliers/LOBA.v:21$741 ($add).
Removed top 4 bits (of 8) from port Y of cell neuron_intra_Nbits.$flatten\mults[4].mult_i.$add$/home/juliana/venv_pytorch/lib/python3.12/site-packages/MAxPy/vlib/AxArith/multipliers/LOBA.v:18$730 ($add).
Removed top 4 bits (of 8) from port A of cell neuron_intra_Nbits.$flatten\mults[4].mult_i.$add$/home/juliana/venv_pytorch/lib/python3.12/site-packages/MAxPy/vlib/AxArith/multipliers/LOBA.v:18$730 ($add).
Removed top 4 bits (of 8) from port Y of cell neuron_intra_Nbits.$flatten\mults[4].mult_i.$add$/home/juliana/venv_pytorch/lib/python3.12/site-packages/MAxPy/vlib/AxArith/multipliers/LOBA.v:19$735 ($add).
Removed top 4 bits (of 8) from port A of cell neuron_intra_Nbits.$flatten\mults[4].mult_i.$add$/home/juliana/venv_pytorch/lib/python3.12/site-packages/MAxPy/vlib/AxArith/multipliers/LOBA.v:19$735 ($add).
Removed top 8 bits (of 16) from port Y of cell neuron_intra_Nbits.$flatten\mults[4].mult_i.$add$/home/juliana/venv_pytorch/lib/python3.12/site-packages/MAxPy/vlib/AxArith/multipliers/LOBA.v:21$741 ($add).
Removed top 8 bits (of 16) from port A of cell neuron_intra_Nbits.$flatten\mults[4].mult_i.$add$/home/juliana/venv_pytorch/lib/python3.12/site-packages/MAxPy/vlib/AxArith/multipliers/LOBA.v:21$741 ($add).
Removed top 4 bits (of 8) from port Y of cell neuron_intra_Nbits.$flatten\mults[3].mult_i.$add$/home/juliana/venv_pytorch/lib/python3.12/site-packages/MAxPy/vlib/AxArith/multipliers/LOBA.v:18$730 ($add).
Removed top 4 bits (of 8) from port A of cell neuron_intra_Nbits.$flatten\mults[3].mult_i.$add$/home/juliana/venv_pytorch/lib/python3.12/site-packages/MAxPy/vlib/AxArith/multipliers/LOBA.v:18$730 ($add).
Removed top 4 bits (of 8) from port Y of cell neuron_intra_Nbits.$flatten\mults[3].mult_i.$add$/home/juliana/venv_pytorch/lib/python3.12/site-packages/MAxPy/vlib/AxArith/multipliers/LOBA.v:19$735 ($add).
Removed top 4 bits (of 8) from port A of cell neuron_intra_Nbits.$flatten\mults[3].mult_i.$add$/home/juliana/venv_pytorch/lib/python3.12/site-packages/MAxPy/vlib/AxArith/multipliers/LOBA.v:19$735 ($add).
Removed top 8 bits (of 16) from port Y of cell neuron_intra_Nbits.$flatten\mults[3].mult_i.$add$/home/juliana/venv_pytorch/lib/python3.12/site-packages/MAxPy/vlib/AxArith/multipliers/LOBA.v:21$741 ($add).
Removed top 8 bits (of 16) from port A of cell neuron_intra_Nbits.$flatten\mults[3].mult_i.$add$/home/juliana/venv_pytorch/lib/python3.12/site-packages/MAxPy/vlib/AxArith/multipliers/LOBA.v:21$741 ($add).
Removed top 4 bits (of 8) from port Y of cell neuron_intra_Nbits.$flatten\mults[2].mult_i.$add$/home/juliana/venv_pytorch/lib/python3.12/site-packages/MAxPy/vlib/AxArith/multipliers/LOBA.v:18$730 ($add).
Removed top 4 bits (of 8) from port A of cell neuron_intra_Nbits.$flatten\mults[2].mult_i.$add$/home/juliana/venv_pytorch/lib/python3.12/site-packages/MAxPy/vlib/AxArith/multipliers/LOBA.v:18$730 ($add).
Removed top 4 bits (of 8) from port Y of cell neuron_intra_Nbits.$flatten\mults[2].mult_i.$add$/home/juliana/venv_pytorch/lib/python3.12/site-packages/MAxPy/vlib/AxArith/multipliers/LOBA.v:19$735 ($add).
Removed top 4 bits (of 8) from port A of cell neuron_intra_Nbits.$flatten\mults[2].mult_i.$add$/home/juliana/venv_pytorch/lib/python3.12/site-packages/MAxPy/vlib/AxArith/multipliers/LOBA.v:19$735 ($add).
Removed top 8 bits (of 16) from port Y of cell neuron_intra_Nbits.$flatten\mults[2].mult_i.$add$/home/juliana/venv_pytorch/lib/python3.12/site-packages/MAxPy/vlib/AxArith/multipliers/LOBA.v:21$741 ($add).
Removed top 8 bits (of 16) from port A of cell neuron_intra_Nbits.$flatten\mults[2].mult_i.$add$/home/juliana/venv_pytorch/lib/python3.12/site-packages/MAxPy/vlib/AxArith/multipliers/LOBA.v:21$741 ($add).
Removed top 4 bits (of 8) from port Y of cell neuron_intra_Nbits.$flatten\mults[1].mult_i.$add$/home/juliana/venv_pytorch/lib/python3.12/site-packages/MAxPy/vlib/AxArith/multipliers/LOBA.v:18$730 ($add).
Removed top 4 bits (of 8) from port A of cell neuron_intra_Nbits.$flatten\mults[1].mult_i.$add$/home/juliana/venv_pytorch/lib/python3.12/site-packages/MAxPy/vlib/AxArith/multipliers/LOBA.v:18$730 ($add).
Removed top 4 bits (of 8) from port Y of cell neuron_intra_Nbits.$flatten\mults[1].mult_i.$add$/home/juliana/venv_pytorch/lib/python3.12/site-packages/MAxPy/vlib/AxArith/multipliers/LOBA.v:19$735 ($add).
Removed top 4 bits (of 8) from port A of cell neuron_intra_Nbits.$flatten\mults[1].mult_i.$add$/home/juliana/venv_pytorch/lib/python3.12/site-packages/MAxPy/vlib/AxArith/multipliers/LOBA.v:19$735 ($add).
Removed top 8 bits (of 16) from port Y of cell neuron_intra_Nbits.$flatten\mults[1].mult_i.$add$/home/juliana/venv_pytorch/lib/python3.12/site-packages/MAxPy/vlib/AxArith/multipliers/LOBA.v:21$741 ($add).
Removed top 8 bits (of 16) from port A of cell neuron_intra_Nbits.$flatten\mults[1].mult_i.$add$/home/juliana/venv_pytorch/lib/python3.12/site-packages/MAxPy/vlib/AxArith/multipliers/LOBA.v:21$741 ($add).
Removed top 4 bits (of 8) from port Y of cell neuron_intra_Nbits.$flatten\mults[0].mult_i.$add$/home/juliana/venv_pytorch/lib/python3.12/site-packages/MAxPy/vlib/AxArith/multipliers/LOBA.v:18$730 ($add).
Removed top 4 bits (of 8) from port A of cell neuron_intra_Nbits.$flatten\mults[0].mult_i.$add$/home/juliana/venv_pytorch/lib/python3.12/site-packages/MAxPy/vlib/AxArith/multipliers/LOBA.v:18$730 ($add).
Removed top 4 bits (of 8) from port Y of cell neuron_intra_Nbits.$flatten\mults[0].mult_i.$add$/home/juliana/venv_pytorch/lib/python3.12/site-packages/MAxPy/vlib/AxArith/multipliers/LOBA.v:19$735 ($add).
Removed top 4 bits (of 8) from port A of cell neuron_intra_Nbits.$flatten\mults[0].mult_i.$add$/home/juliana/venv_pytorch/lib/python3.12/site-packages/MAxPy/vlib/AxArith/multipliers/LOBA.v:19$735 ($add).
Removed top 8 bits (of 16) from port Y of cell neuron_intra_Nbits.$flatten\mults[0].mult_i.$add$/home/juliana/venv_pytorch/lib/python3.12/site-packages/MAxPy/vlib/AxArith/multipliers/LOBA.v:21$741 ($add).
Removed top 8 bits (of 16) from port A of cell neuron_intra_Nbits.$flatten\mults[0].mult_i.$add$/home/juliana/venv_pytorch/lib/python3.12/site-packages/MAxPy/vlib/AxArith/multipliers/LOBA.v:21$741 ($add).
Removed top 8 bits (of 16) from port Y of cell neuron_intra_Nbits.$flatten\mults[7].mult_i.$not$/home/juliana/venv_pytorch/lib/python3.12/site-packages/MAxPy/vlib/AxArith/multipliers/LOBA.v:21$740 ($not).
Removed top 8 bits (of 16) from port Y of cell neuron_intra_Nbits.$flatten\mults[5].mult_i.$not$/home/juliana/venv_pytorch/lib/python3.12/site-packages/MAxPy/vlib/AxArith/multipliers/LOBA.v:21$740 ($not).
Removed top 4 bits (of 8) from port Y of cell neuron_intra_Nbits.$flatten\mults[5].mult_i.$not$/home/juliana/venv_pytorch/lib/python3.12/site-packages/MAxPy/vlib/AxArith/multipliers/LOBA.v:19$734 ($not).
Removed top 4 bits (of 8) from port A of cell neuron_intra_Nbits.$flatten\mults[5].mult_i.$not$/home/juliana/venv_pytorch/lib/python3.12/site-packages/MAxPy/vlib/AxArith/multipliers/LOBA.v:19$734 ($not).
Removed top 4 bits (of 8) from port Y of cell neuron_intra_Nbits.$flatten\mults[4].mult_i.$not$/home/juliana/venv_pytorch/lib/python3.12/site-packages/MAxPy/vlib/AxArith/multipliers/LOBA.v:18$729 ($not).
Removed top 4 bits (of 8) from port A of cell neuron_intra_Nbits.$flatten\mults[4].mult_i.$not$/home/juliana/venv_pytorch/lib/python3.12/site-packages/MAxPy/vlib/AxArith/multipliers/LOBA.v:18$729 ($not).
Removed top 4 bits (of 8) from port Y of cell neuron_intra_Nbits.$flatten\mults[4].mult_i.$not$/home/juliana/venv_pytorch/lib/python3.12/site-packages/MAxPy/vlib/AxArith/multipliers/LOBA.v:19$734 ($not).
Removed top 4 bits (of 8) from port A of cell neuron_intra_Nbits.$flatten\mults[4].mult_i.$not$/home/juliana/venv_pytorch/lib/python3.12/site-packages/MAxPy/vlib/AxArith/multipliers/LOBA.v:19$734 ($not).
Removed top 8 bits (of 16) from port Y of cell neuron_intra_Nbits.$flatten\mults[4].mult_i.$not$/home/juliana/venv_pytorch/lib/python3.12/site-packages/MAxPy/vlib/AxArith/multipliers/LOBA.v:21$740 ($not).
Removed top 4 bits (of 8) from port Y of cell neuron_intra_Nbits.$flatten\mults[3].mult_i.$not$/home/juliana/venv_pytorch/lib/python3.12/site-packages/MAxPy/vlib/AxArith/multipliers/LOBA.v:18$729 ($not).
Removed top 4 bits (of 8) from port A of cell neuron_intra_Nbits.$flatten\mults[3].mult_i.$not$/home/juliana/venv_pytorch/lib/python3.12/site-packages/MAxPy/vlib/AxArith/multipliers/LOBA.v:18$729 ($not).
Removed top 4 bits (of 8) from port Y of cell neuron_intra_Nbits.$flatten\mults[3].mult_i.$not$/home/juliana/venv_pytorch/lib/python3.12/site-packages/MAxPy/vlib/AxArith/multipliers/LOBA.v:19$734 ($not).
Removed top 4 bits (of 8) from port A of cell neuron_intra_Nbits.$flatten\mults[3].mult_i.$not$/home/juliana/venv_pytorch/lib/python3.12/site-packages/MAxPy/vlib/AxArith/multipliers/LOBA.v:19$734 ($not).
Removed top 8 bits (of 16) from port Y of cell neuron_intra_Nbits.$flatten\mults[3].mult_i.$not$/home/juliana/venv_pytorch/lib/python3.12/site-packages/MAxPy/vlib/AxArith/multipliers/LOBA.v:21$740 ($not).
Removed top 4 bits (of 8) from port Y of cell neuron_intra_Nbits.$flatten\mults[2].mult_i.$not$/home/juliana/venv_pytorch/lib/python3.12/site-packages/MAxPy/vlib/AxArith/multipliers/LOBA.v:18$729 ($not).
Removed top 4 bits (of 8) from port A of cell neuron_intra_Nbits.$flatten\mults[2].mult_i.$not$/home/juliana/venv_pytorch/lib/python3.12/site-packages/MAxPy/vlib/AxArith/multipliers/LOBA.v:18$729 ($not).
Removed top 4 bits (of 8) from port Y of cell neuron_intra_Nbits.$flatten\mults[2].mult_i.$not$/home/juliana/venv_pytorch/lib/python3.12/site-packages/MAxPy/vlib/AxArith/multipliers/LOBA.v:19$734 ($not).
Removed top 4 bits (of 8) from port A of cell neuron_intra_Nbits.$flatten\mults[2].mult_i.$not$/home/juliana/venv_pytorch/lib/python3.12/site-packages/MAxPy/vlib/AxArith/multipliers/LOBA.v:19$734 ($not).
Removed top 8 bits (of 16) from port Y of cell neuron_intra_Nbits.$flatten\mults[2].mult_i.$not$/home/juliana/venv_pytorch/lib/python3.12/site-packages/MAxPy/vlib/AxArith/multipliers/LOBA.v:21$740 ($not).
Removed top 4 bits (of 8) from port Y of cell neuron_intra_Nbits.$flatten\mults[1].mult_i.$not$/home/juliana/venv_pytorch/lib/python3.12/site-packages/MAxPy/vlib/AxArith/multipliers/LOBA.v:18$729 ($not).
Removed top 4 bits (of 8) from port A of cell neuron_intra_Nbits.$flatten\mults[1].mult_i.$not$/home/juliana/venv_pytorch/lib/python3.12/site-packages/MAxPy/vlib/AxArith/multipliers/LOBA.v:18$729 ($not).
Removed top 4 bits (of 8) from port Y of cell neuron_intra_Nbits.$flatten\mults[1].mult_i.$not$/home/juliana/venv_pytorch/lib/python3.12/site-packages/MAxPy/vlib/AxArith/multipliers/LOBA.v:19$734 ($not).
Removed top 4 bits (of 8) from port A of cell neuron_intra_Nbits.$flatten\mults[1].mult_i.$not$/home/juliana/venv_pytorch/lib/python3.12/site-packages/MAxPy/vlib/AxArith/multipliers/LOBA.v:19$734 ($not).
Removed top 8 bits (of 16) from port Y of cell neuron_intra_Nbits.$flatten\mults[1].mult_i.$not$/home/juliana/venv_pytorch/lib/python3.12/site-packages/MAxPy/vlib/AxArith/multipliers/LOBA.v:21$740 ($not).
Removed top 4 bits (of 8) from port Y of cell neuron_intra_Nbits.$flatten\mults[0].mult_i.$not$/home/juliana/venv_pytorch/lib/python3.12/site-packages/MAxPy/vlib/AxArith/multipliers/LOBA.v:18$729 ($not).
Removed top 4 bits (of 8) from port A of cell neuron_intra_Nbits.$flatten\mults[0].mult_i.$not$/home/juliana/venv_pytorch/lib/python3.12/site-packages/MAxPy/vlib/AxArith/multipliers/LOBA.v:18$729 ($not).
Removed top 4 bits (of 8) from port Y of cell neuron_intra_Nbits.$flatten\mults[0].mult_i.$not$/home/juliana/venv_pytorch/lib/python3.12/site-packages/MAxPy/vlib/AxArith/multipliers/LOBA.v:19$734 ($not).
Removed top 4 bits (of 8) from port A of cell neuron_intra_Nbits.$flatten\mults[0].mult_i.$not$/home/juliana/venv_pytorch/lib/python3.12/site-packages/MAxPy/vlib/AxArith/multipliers/LOBA.v:19$734 ($not).
Removed top 8 bits (of 16) from port Y of cell neuron_intra_Nbits.$flatten\mults[0].mult_i.$not$/home/juliana/venv_pytorch/lib/python3.12/site-packages/MAxPy/vlib/AxArith/multipliers/LOBA.v:21$740 ($not).
Removed top 4 bits (of 8) from wire neuron_intra_Nbits.$flatten\mults[0].mult_i.$add$/home/juliana/venv_pytorch/lib/python3.12/site-packages/MAxPy/vlib/AxArith/multipliers/LOBA.v:18$730_Y.
Removed top 4 bits (of 8) from wire neuron_intra_Nbits.$flatten\mults[0].mult_i.$add$/home/juliana/venv_pytorch/lib/python3.12/site-packages/MAxPy/vlib/AxArith/multipliers/LOBA.v:19$735_Y.
Removed top 8 bits (of 16) from wire neuron_intra_Nbits.$flatten\mults[0].mult_i.$add$/home/juliana/venv_pytorch/lib/python3.12/site-packages/MAxPy/vlib/AxArith/multipliers/LOBA.v:21$741_Y.
Removed top 28 bits (of 32) from wire neuron_intra_Nbits.$flatten\mults[0].mult_i.$auto$wreduce.cc:461:run$1712.
Removed top 28 bits (of 32) from wire neuron_intra_Nbits.$flatten\mults[0].mult_i.$not$/home/juliana/venv_pytorch/lib/python3.12/site-packages/MAxPy/vlib/AxArith/multipliers/LOBA.v:19$734_Y.
Removed top 24 bits (of 32) from wire neuron_intra_Nbits.$flatten\mults[0].mult_i.$not$/home/juliana/venv_pytorch/lib/python3.12/site-packages/MAxPy/vlib/AxArith/multipliers/LOBA.v:21$740_Y.
Removed top 4 bits (of 8) from wire neuron_intra_Nbits.$flatten\mults[1].mult_i.$add$/home/juliana/venv_pytorch/lib/python3.12/site-packages/MAxPy/vlib/AxArith/multipliers/LOBA.v:18$730_Y.
Removed top 4 bits (of 8) from wire neuron_intra_Nbits.$flatten\mults[2].mult_i.$add$/home/juliana/venv_pytorch/lib/python3.12/site-packages/MAxPy/vlib/AxArith/multipliers/LOBA.v:18$730_Y.
Removed top 4 bits (of 8) from wire neuron_intra_Nbits.$flatten\mults[2].mult_i.$add$/home/juliana/venv_pytorch/lib/python3.12/site-packages/MAxPy/vlib/AxArith/multipliers/LOBA.v:19$735_Y.
Removed top 28 bits (of 32) from wire neuron_intra_Nbits.$flatten\mults[2].mult_i.$auto$wreduce.cc:461:run$1712.
Removed top 4 bits (of 8) from wire neuron_intra_Nbits.$flatten\mults[3].mult_i.$add$/home/juliana/venv_pytorch/lib/python3.12/site-packages/MAxPy/vlib/AxArith/multipliers/LOBA.v:18$730_Y.
Removed top 28 bits (of 32) from wire neuron_intra_Nbits.$flatten\mults[3].mult_i.$auto$wreduce.cc:461:run$1712.
Removed top 4 bits (of 8) from wire neuron_intra_Nbits.$flatten\mults[4].mult_i.$add$/home/juliana/venv_pytorch/lib/python3.12/site-packages/MAxPy/vlib/AxArith/multipliers/LOBA.v:18$730_Y.
Removed top 4 bits (of 8) from wire neuron_intra_Nbits.$flatten\mults[4].mult_i.$add$/home/juliana/venv_pytorch/lib/python3.12/site-packages/MAxPy/vlib/AxArith/multipliers/LOBA.v:19$735_Y.
Removed top 28 bits (of 32) from wire neuron_intra_Nbits.$flatten\mults[4].mult_i.$auto$wreduce.cc:461:run$1712.
Removed top 4 bits (of 8) from wire neuron_intra_Nbits.$flatten\mults[5].mult_i.$add$/home/juliana/venv_pytorch/lib/python3.12/site-packages/MAxPy/vlib/AxArith/multipliers/LOBA.v:18$730_Y.
Removed top 4 bits (of 8) from wire neuron_intra_Nbits.$flatten\mults[5].mult_i.$add$/home/juliana/venv_pytorch/lib/python3.12/site-packages/MAxPy/vlib/AxArith/multipliers/LOBA.v:19$735_Y.
Removed top 8 bits (of 16) from wire neuron_intra_Nbits.$flatten\mults[5].mult_i.$add$/home/juliana/venv_pytorch/lib/python3.12/site-packages/MAxPy/vlib/AxArith/multipliers/LOBA.v:21$741_Y.
Removed top 28 bits (of 32) from wire neuron_intra_Nbits.$flatten\mults[5].mult_i.$auto$wreduce.cc:461:run$1712.
Removed top 28 bits (of 32) from wire neuron_intra_Nbits.$flatten\mults[5].mult_i.$not$/home/juliana/venv_pytorch/lib/python3.12/site-packages/MAxPy/vlib/AxArith/multipliers/LOBA.v:19$734_Y.
Removed top 4 bits (of 8) from wire neuron_intra_Nbits.$flatten\mults[6].mult_i.$add$/home/juliana/venv_pytorch/lib/python3.12/site-packages/MAxPy/vlib/AxArith/multipliers/LOBA.v:18$730_Y.
Removed top 8 bits (of 16) from wire neuron_intra_Nbits.$flatten\mults[6].mult_i.$add$/home/juliana/venv_pytorch/lib/python3.12/site-packages/MAxPy/vlib/AxArith/multipliers/LOBA.v:21$741_Y.
Removed top 4 bits (of 8) from wire neuron_intra_Nbits.$flatten\mults[7].mult_i.$add$/home/juliana/venv_pytorch/lib/python3.12/site-packages/MAxPy/vlib/AxArith/multipliers/LOBA.v:18$730_Y.
Removed top 4 bits (of 8) from wire neuron_intra_Nbits.$flatten\mults[7].mult_i.$add$/home/juliana/venv_pytorch/lib/python3.12/site-packages/MAxPy/vlib/AxArith/multipliers/LOBA.v:19$735_Y.
Removed top 8 bits (of 16) from wire neuron_intra_Nbits.$flatten\mults[7].mult_i.$add$/home/juliana/venv_pytorch/lib/python3.12/site-packages/MAxPy/vlib/AxArith/multipliers/LOBA.v:21$741_Y.
Removed top 28 bits (of 32) from wire neuron_intra_Nbits.$flatten\mults[7].mult_i.$not$/home/juliana/venv_pytorch/lib/python3.12/site-packages/MAxPy/vlib/AxArith/multipliers/LOBA.v:19$734_Y.

12.10. Executing PEEPOPT pass (run peephole optimizers).

12.11. Executing OPT_CLEAN pass (remove unused cells and wires).
Finding unused cells or wires in module \neuron_intra_Nbits..
Removed 0 unused cells and 26 unused wires.
<suppressed ~1 debug messages>

12.12. Executing ALUMACC pass (create $alu and $macc cells).
Extracting $alu and $macc cells in module neuron_intra_Nbits:
  creating $macc model for $add$neuron_drums_4/neuron_intra_Nbits_LOBA0s_4/rtl/neuron_intra_Nbits.v:47$756 ($add).
  creating $macc model for $add$neuron_drums_4/neuron_intra_Nbits_LOBA0s_4/rtl/neuron_intra_Nbits.v:47$757 ($add).
  creating $macc model for $add$neuron_drums_4/neuron_intra_Nbits_LOBA0s_4/rtl/neuron_intra_Nbits.v:47$758 ($add).
  creating $macc model for $add$neuron_drums_4/neuron_intra_Nbits_LOBA0s_4/rtl/neuron_intra_Nbits.v:47$759 ($add).
  creating $macc model for $add$neuron_drums_4/neuron_intra_Nbits_LOBA0s_4/rtl/neuron_intra_Nbits.v:51$760 ($add).
  creating $macc model for $add$neuron_drums_4/neuron_intra_Nbits_LOBA0s_4/rtl/neuron_intra_Nbits.v:51$761 ($add).
  creating $macc model for $add$neuron_drums_4/neuron_intra_Nbits_LOBA0s_4/rtl/neuron_intra_Nbits.v:51$762 ($add).
  creating $macc model for $flatten\mults[0].mult_i.$add$/home/juliana/venv_pytorch/lib/python3.12/site-packages/MAxPy/vlib/AxArith/multipliers/LOBA.v:18$730 ($add).
  creating $macc model for $flatten\mults[0].mult_i.$add$/home/juliana/venv_pytorch/lib/python3.12/site-packages/MAxPy/vlib/AxArith/multipliers/LOBA.v:19$735 ($add).
  creating $macc model for $flatten\mults[0].mult_i.$add$/home/juliana/venv_pytorch/lib/python3.12/site-packages/MAxPy/vlib/AxArith/multipliers/LOBA.v:21$741 ($add).
  creating $macc model for $flatten\mults[0].mult_i.\u1.$mul$/home/juliana/venv_pytorch/lib/python3.12/site-packages/MAxPy/vlib/AxArith/multipliers/LOBA.v:48$763 ($mul).
  creating $macc model for $flatten\mults[1].mult_i.$add$/home/juliana/venv_pytorch/lib/python3.12/site-packages/MAxPy/vlib/AxArith/multipliers/LOBA.v:18$730 ($add).
  creating $macc model for $flatten\mults[1].mult_i.$add$/home/juliana/venv_pytorch/lib/python3.12/site-packages/MAxPy/vlib/AxArith/multipliers/LOBA.v:19$735 ($add).
  creating $macc model for $flatten\mults[1].mult_i.$add$/home/juliana/venv_pytorch/lib/python3.12/site-packages/MAxPy/vlib/AxArith/multipliers/LOBA.v:21$741 ($add).
  creating $macc model for $flatten\mults[1].mult_i.\u1.$mul$/home/juliana/venv_pytorch/lib/python3.12/site-packages/MAxPy/vlib/AxArith/multipliers/LOBA.v:48$763 ($mul).
  creating $macc model for $flatten\mults[2].mult_i.$add$/home/juliana/venv_pytorch/lib/python3.12/site-packages/MAxPy/vlib/AxArith/multipliers/LOBA.v:18$730 ($add).
  creating $macc model for $flatten\mults[2].mult_i.$add$/home/juliana/venv_pytorch/lib/python3.12/site-packages/MAxPy/vlib/AxArith/multipliers/LOBA.v:19$735 ($add).
  creating $macc model for $flatten\mults[2].mult_i.$add$/home/juliana/venv_pytorch/lib/python3.12/site-packages/MAxPy/vlib/AxArith/multipliers/LOBA.v:21$741 ($add).
  creating $macc model for $flatten\mults[2].mult_i.\u1.$mul$/home/juliana/venv_pytorch/lib/python3.12/site-packages/MAxPy/vlib/AxArith/multipliers/LOBA.v:48$763 ($mul).
  creating $macc model for $flatten\mults[3].mult_i.$add$/home/juliana/venv_pytorch/lib/python3.12/site-packages/MAxPy/vlib/AxArith/multipliers/LOBA.v:18$730 ($add).
  creating $macc model for $flatten\mults[3].mult_i.$add$/home/juliana/venv_pytorch/lib/python3.12/site-packages/MAxPy/vlib/AxArith/multipliers/LOBA.v:19$735 ($add).
  creating $macc model for $flatten\mults[3].mult_i.$add$/home/juliana/venv_pytorch/lib/python3.12/site-packages/MAxPy/vlib/AxArith/multipliers/LOBA.v:21$741 ($add).
  creating $macc model for $flatten\mults[3].mult_i.\u1.$mul$/home/juliana/venv_pytorch/lib/python3.12/site-packages/MAxPy/vlib/AxArith/multipliers/LOBA.v:48$763 ($mul).
  creating $macc model for $flatten\mults[4].mult_i.$add$/home/juliana/venv_pytorch/lib/python3.12/site-packages/MAxPy/vlib/AxArith/multipliers/LOBA.v:18$730 ($add).
  creating $macc model for $flatten\mults[4].mult_i.$add$/home/juliana/venv_pytorch/lib/python3.12/site-packages/MAxPy/vlib/AxArith/multipliers/LOBA.v:19$735 ($add).
  creating $macc model for $flatten\mults[4].mult_i.$add$/home/juliana/venv_pytorch/lib/python3.12/site-packages/MAxPy/vlib/AxArith/multipliers/LOBA.v:21$741 ($add).
  creating $macc model for $flatten\mults[4].mult_i.\u1.$mul$/home/juliana/venv_pytorch/lib/python3.12/site-packages/MAxPy/vlib/AxArith/multipliers/LOBA.v:48$763 ($mul).
  creating $macc model for $flatten\mults[5].mult_i.$add$/home/juliana/venv_pytorch/lib/python3.12/site-packages/MAxPy/vlib/AxArith/multipliers/LOBA.v:18$730 ($add).
  creating $macc model for $flatten\mults[5].mult_i.$add$/home/juliana/venv_pytorch/lib/python3.12/site-packages/MAxPy/vlib/AxArith/multipliers/LOBA.v:19$735 ($add).
  creating $macc model for $flatten\mults[5].mult_i.$add$/home/juliana/venv_pytorch/lib/python3.12/site-packages/MAxPy/vlib/AxArith/multipliers/LOBA.v:21$741 ($add).
  creating $macc model for $flatten\mults[5].mult_i.\u1.$mul$/home/juliana/venv_pytorch/lib/python3.12/site-packages/MAxPy/vlib/AxArith/multipliers/LOBA.v:48$763 ($mul).
  creating $macc model for $flatten\mults[6].mult_i.$add$/home/juliana/venv_pytorch/lib/python3.12/site-packages/MAxPy/vlib/AxArith/multipliers/LOBA.v:18$730 ($add).
  creating $macc model for $flatten\mults[6].mult_i.$add$/home/juliana/venv_pytorch/lib/python3.12/site-packages/MAxPy/vlib/AxArith/multipliers/LOBA.v:19$735 ($add).
  creating $macc model for $flatten\mults[6].mult_i.$add$/home/juliana/venv_pytorch/lib/python3.12/site-packages/MAxPy/vlib/AxArith/multipliers/LOBA.v:21$741 ($add).
  creating $macc model for $flatten\mults[6].mult_i.\u1.$mul$/home/juliana/venv_pytorch/lib/python3.12/site-packages/MAxPy/vlib/AxArith/multipliers/LOBA.v:48$763 ($mul).
  creating $macc model for $flatten\mults[7].mult_i.$add$/home/juliana/venv_pytorch/lib/python3.12/site-packages/MAxPy/vlib/AxArith/multipliers/LOBA.v:18$730 ($add).
  creating $macc model for $flatten\mults[7].mult_i.$add$/home/juliana/venv_pytorch/lib/python3.12/site-packages/MAxPy/vlib/AxArith/multipliers/LOBA.v:19$735 ($add).
  creating $macc model for $flatten\mults[7].mult_i.$add$/home/juliana/venv_pytorch/lib/python3.12/site-packages/MAxPy/vlib/AxArith/multipliers/LOBA.v:21$741 ($add).
  creating $macc model for $flatten\mults[7].mult_i.\u1.$mul$/home/juliana/venv_pytorch/lib/python3.12/site-packages/MAxPy/vlib/AxArith/multipliers/LOBA.v:48$763 ($mul).
  merging $macc model for $add$neuron_drums_4/neuron_intra_Nbits_LOBA0s_4/rtl/neuron_intra_Nbits.v:51$760 into $add$neuron_drums_4/neuron_intra_Nbits_LOBA0s_4/rtl/neuron_intra_Nbits.v:51$762.
  merging $macc model for $add$neuron_drums_4/neuron_intra_Nbits_LOBA0s_4/rtl/neuron_intra_Nbits.v:47$756 into $add$neuron_drums_4/neuron_intra_Nbits_LOBA0s_4/rtl/neuron_intra_Nbits.v:51$762.
  merging $macc model for $add$neuron_drums_4/neuron_intra_Nbits_LOBA0s_4/rtl/neuron_intra_Nbits.v:51$761 into $add$neuron_drums_4/neuron_intra_Nbits_LOBA0s_4/rtl/neuron_intra_Nbits.v:51$762.
  merging $macc model for $add$neuron_drums_4/neuron_intra_Nbits_LOBA0s_4/rtl/neuron_intra_Nbits.v:47$758 into $add$neuron_drums_4/neuron_intra_Nbits_LOBA0s_4/rtl/neuron_intra_Nbits.v:51$762.
  merging $macc model for $add$neuron_drums_4/neuron_intra_Nbits_LOBA0s_4/rtl/neuron_intra_Nbits.v:47$757 into $add$neuron_drums_4/neuron_intra_Nbits_LOBA0s_4/rtl/neuron_intra_Nbits.v:51$762.
  merging $macc model for $add$neuron_drums_4/neuron_intra_Nbits_LOBA0s_4/rtl/neuron_intra_Nbits.v:47$759 into $add$neuron_drums_4/neuron_intra_Nbits_LOBA0s_4/rtl/neuron_intra_Nbits.v:51$762.
  creating $alu model for $macc $flatten\mults[6].mult_i.$add$/home/juliana/venv_pytorch/lib/python3.12/site-packages/MAxPy/vlib/AxArith/multipliers/LOBA.v:19$735.
  creating $alu model for $macc $flatten\mults[6].mult_i.$add$/home/juliana/venv_pytorch/lib/python3.12/site-packages/MAxPy/vlib/AxArith/multipliers/LOBA.v:18$730.
  creating $alu model for $macc $flatten\mults[5].mult_i.$add$/home/juliana/venv_pytorch/lib/python3.12/site-packages/MAxPy/vlib/AxArith/multipliers/LOBA.v:21$741.
  creating $alu model for $macc $flatten\mults[5].mult_i.$add$/home/juliana/venv_pytorch/lib/python3.12/site-packages/MAxPy/vlib/AxArith/multipliers/LOBA.v:19$735.
  creating $alu model for $macc $flatten\mults[5].mult_i.$add$/home/juliana/venv_pytorch/lib/python3.12/site-packages/MAxPy/vlib/AxArith/multipliers/LOBA.v:18$730.
  creating $alu model for $macc $flatten\mults[4].mult_i.$add$/home/juliana/venv_pytorch/lib/python3.12/site-packages/MAxPy/vlib/AxArith/multipliers/LOBA.v:21$741.
  creating $alu model for $macc $flatten\mults[4].mult_i.$add$/home/juliana/venv_pytorch/lib/python3.12/site-packages/MAxPy/vlib/AxArith/multipliers/LOBA.v:19$735.
  creating $alu model for $macc $flatten\mults[4].mult_i.$add$/home/juliana/venv_pytorch/lib/python3.12/site-packages/MAxPy/vlib/AxArith/multipliers/LOBA.v:18$730.
  creating $alu model for $macc $flatten\mults[3].mult_i.$add$/home/juliana/venv_pytorch/lib/python3.12/site-packages/MAxPy/vlib/AxArith/multipliers/LOBA.v:21$741.
  creating $alu model for $macc $flatten\mults[3].mult_i.$add$/home/juliana/venv_pytorch/lib/python3.12/site-packages/MAxPy/vlib/AxArith/multipliers/LOBA.v:19$735.
  creating $alu model for $macc $flatten\mults[3].mult_i.$add$/home/juliana/venv_pytorch/lib/python3.12/site-packages/MAxPy/vlib/AxArith/multipliers/LOBA.v:18$730.
  creating $alu model for $macc $flatten\mults[2].mult_i.$add$/home/juliana/venv_pytorch/lib/python3.12/site-packages/MAxPy/vlib/AxArith/multipliers/LOBA.v:21$741.
  creating $alu model for $macc $flatten\mults[2].mult_i.$add$/home/juliana/venv_pytorch/lib/python3.12/site-packages/MAxPy/vlib/AxArith/multipliers/LOBA.v:19$735.
  creating $alu model for $macc $flatten\mults[2].mult_i.$add$/home/juliana/venv_pytorch/lib/python3.12/site-packages/MAxPy/vlib/AxArith/multipliers/LOBA.v:18$730.
  creating $alu model for $macc $flatten\mults[1].mult_i.$add$/home/juliana/venv_pytorch/lib/python3.12/site-packages/MAxPy/vlib/AxArith/multipliers/LOBA.v:21$741.
  creating $alu model for $macc $flatten\mults[1].mult_i.$add$/home/juliana/venv_pytorch/lib/python3.12/site-packages/MAxPy/vlib/AxArith/multipliers/LOBA.v:19$735.
  creating $alu model for $macc $flatten\mults[1].mult_i.$add$/home/juliana/venv_pytorch/lib/python3.12/site-packages/MAxPy/vlib/AxArith/multipliers/LOBA.v:18$730.
  creating $alu model for $macc $flatten\mults[0].mult_i.$add$/home/juliana/venv_pytorch/lib/python3.12/site-packages/MAxPy/vlib/AxArith/multipliers/LOBA.v:21$741.
  creating $alu model for $macc $flatten\mults[0].mult_i.$add$/home/juliana/venv_pytorch/lib/python3.12/site-packages/MAxPy/vlib/AxArith/multipliers/LOBA.v:19$735.
  creating $alu model for $macc $flatten\mults[0].mult_i.$add$/home/juliana/venv_pytorch/lib/python3.12/site-packages/MAxPy/vlib/AxArith/multipliers/LOBA.v:18$730.
  creating $alu model for $macc $flatten\mults[7].mult_i.$add$/home/juliana/venv_pytorch/lib/python3.12/site-packages/MAxPy/vlib/AxArith/multipliers/LOBA.v:18$730.
  creating $alu model for $macc $flatten\mults[6].mult_i.$add$/home/juliana/venv_pytorch/lib/python3.12/site-packages/MAxPy/vlib/AxArith/multipliers/LOBA.v:21$741.
  creating $alu model for $macc $flatten\mults[7].mult_i.$add$/home/juliana/venv_pytorch/lib/python3.12/site-packages/MAxPy/vlib/AxArith/multipliers/LOBA.v:19$735.
  creating $alu model for $macc $flatten\mults[7].mult_i.$add$/home/juliana/venv_pytorch/lib/python3.12/site-packages/MAxPy/vlib/AxArith/multipliers/LOBA.v:21$741.
  creating $macc cell for $flatten\mults[2].mult_i.\u1.$mul$/home/juliana/venv_pytorch/lib/python3.12/site-packages/MAxPy/vlib/AxArith/multipliers/LOBA.v:48$763: $auto$alumacc.cc:365:replace_macc$1766
  creating $macc cell for $flatten\mults[3].mult_i.\u1.$mul$/home/juliana/venv_pytorch/lib/python3.12/site-packages/MAxPy/vlib/AxArith/multipliers/LOBA.v:48$763: $auto$alumacc.cc:365:replace_macc$1767
  creating $macc cell for $add$neuron_drums_4/neuron_intra_Nbits_LOBA0s_4/rtl/neuron_intra_Nbits.v:51$762: $auto$alumacc.cc:365:replace_macc$1768
  creating $macc cell for $flatten\mults[1].mult_i.\u1.$mul$/home/juliana/venv_pytorch/lib/python3.12/site-packages/MAxPy/vlib/AxArith/multipliers/LOBA.v:48$763: $auto$alumacc.cc:365:replace_macc$1769
  creating $macc cell for $flatten\mults[5].mult_i.\u1.$mul$/home/juliana/venv_pytorch/lib/python3.12/site-packages/MAxPy/vlib/AxArith/multipliers/LOBA.v:48$763: $auto$alumacc.cc:365:replace_macc$1770
  creating $macc cell for $flatten\mults[7].mult_i.\u1.$mul$/home/juliana/venv_pytorch/lib/python3.12/site-packages/MAxPy/vlib/AxArith/multipliers/LOBA.v:48$763: $auto$alumacc.cc:365:replace_macc$1771
  creating $macc cell for $flatten\mults[0].mult_i.\u1.$mul$/home/juliana/venv_pytorch/lib/python3.12/site-packages/MAxPy/vlib/AxArith/multipliers/LOBA.v:48$763: $auto$alumacc.cc:365:replace_macc$1772
  creating $macc cell for $flatten\mults[4].mult_i.\u1.$mul$/home/juliana/venv_pytorch/lib/python3.12/site-packages/MAxPy/vlib/AxArith/multipliers/LOBA.v:48$763: $auto$alumacc.cc:365:replace_macc$1773
  creating $macc cell for $flatten\mults[6].mult_i.\u1.$mul$/home/juliana/venv_pytorch/lib/python3.12/site-packages/MAxPy/vlib/AxArith/multipliers/LOBA.v:48$763: $auto$alumacc.cc:365:replace_macc$1774
  creating $alu model for $gt$neuron_drums_4/neuron_intra_Nbits_LOBA0s_4/rtl/neuron_intra_Nbits.v:73$753 ($gt): new $alu
  creating $alu cell for $gt$neuron_drums_4/neuron_intra_Nbits_LOBA0s_4/rtl/neuron_intra_Nbits.v:73$753: $auto$alumacc.cc:485:replace_alu$1776
  creating $alu cell for $flatten\mults[7].mult_i.$add$/home/juliana/venv_pytorch/lib/python3.12/site-packages/MAxPy/vlib/AxArith/multipliers/LOBA.v:21$741: $auto$alumacc.cc:485:replace_alu$1783
  creating $alu cell for $flatten\mults[7].mult_i.$add$/home/juliana/venv_pytorch/lib/python3.12/site-packages/MAxPy/vlib/AxArith/multipliers/LOBA.v:19$735: $auto$alumacc.cc:485:replace_alu$1786
  creating $alu cell for $flatten\mults[6].mult_i.$add$/home/juliana/venv_pytorch/lib/python3.12/site-packages/MAxPy/vlib/AxArith/multipliers/LOBA.v:21$741: $auto$alumacc.cc:485:replace_alu$1789
  creating $alu cell for $flatten\mults[7].mult_i.$add$/home/juliana/venv_pytorch/lib/python3.12/site-packages/MAxPy/vlib/AxArith/multipliers/LOBA.v:18$730: $auto$alumacc.cc:485:replace_alu$1792
  creating $alu cell for $flatten\mults[0].mult_i.$add$/home/juliana/venv_pytorch/lib/python3.12/site-packages/MAxPy/vlib/AxArith/multipliers/LOBA.v:18$730: $auto$alumacc.cc:485:replace_alu$1795
  creating $alu cell for $flatten\mults[0].mult_i.$add$/home/juliana/venv_pytorch/lib/python3.12/site-packages/MAxPy/vlib/AxArith/multipliers/LOBA.v:19$735: $auto$alumacc.cc:485:replace_alu$1798
  creating $alu cell for $flatten\mults[0].mult_i.$add$/home/juliana/venv_pytorch/lib/python3.12/site-packages/MAxPy/vlib/AxArith/multipliers/LOBA.v:21$741: $auto$alumacc.cc:485:replace_alu$1801
  creating $alu cell for $flatten\mults[1].mult_i.$add$/home/juliana/venv_pytorch/lib/python3.12/site-packages/MAxPy/vlib/AxArith/multipliers/LOBA.v:18$730: $auto$alumacc.cc:485:replace_alu$1804
  creating $alu cell for $flatten\mults[1].mult_i.$add$/home/juliana/venv_pytorch/lib/python3.12/site-packages/MAxPy/vlib/AxArith/multipliers/LOBA.v:19$735: $auto$alumacc.cc:485:replace_alu$1807
  creating $alu cell for $flatten\mults[1].mult_i.$add$/home/juliana/venv_pytorch/lib/python3.12/site-packages/MAxPy/vlib/AxArith/multipliers/LOBA.v:21$741: $auto$alumacc.cc:485:replace_alu$1810
  creating $alu cell for $flatten\mults[2].mult_i.$add$/home/juliana/venv_pytorch/lib/python3.12/site-packages/MAxPy/vlib/AxArith/multipliers/LOBA.v:18$730: $auto$alumacc.cc:485:replace_alu$1813
  creating $alu cell for $flatten\mults[2].mult_i.$add$/home/juliana/venv_pytorch/lib/python3.12/site-packages/MAxPy/vlib/AxArith/multipliers/LOBA.v:19$735: $auto$alumacc.cc:485:replace_alu$1816
  creating $alu cell for $flatten\mults[2].mult_i.$add$/home/juliana/venv_pytorch/lib/python3.12/site-packages/MAxPy/vlib/AxArith/multipliers/LOBA.v:21$741: $auto$alumacc.cc:485:replace_alu$1819
  creating $alu cell for $flatten\mults[3].mult_i.$add$/home/juliana/venv_pytorch/lib/python3.12/site-packages/MAxPy/vlib/AxArith/multipliers/LOBA.v:18$730: $auto$alumacc.cc:485:replace_alu$1822
  creating $alu cell for $flatten\mults[3].mult_i.$add$/home/juliana/venv_pytorch/lib/python3.12/site-packages/MAxPy/vlib/AxArith/multipliers/LOBA.v:19$735: $auto$alumacc.cc:485:replace_alu$1825
  creating $alu cell for $flatten\mults[3].mult_i.$add$/home/juliana/venv_pytorch/lib/python3.12/site-packages/MAxPy/vlib/AxArith/multipliers/LOBA.v:21$741: $auto$alumacc.cc:485:replace_alu$1828
  creating $alu cell for $flatten\mults[4].mult_i.$add$/home/juliana/venv_pytorch/lib/python3.12/site-packages/MAxPy/vlib/AxArith/multipliers/LOBA.v:18$730: $auto$alumacc.cc:485:replace_alu$1831
  creating $alu cell for $flatten\mults[4].mult_i.$add$/home/juliana/venv_pytorch/lib/python3.12/site-packages/MAxPy/vlib/AxArith/multipliers/LOBA.v:19$735: $auto$alumacc.cc:485:replace_alu$1834
  creating $alu cell for $flatten\mults[4].mult_i.$add$/home/juliana/venv_pytorch/lib/python3.12/site-packages/MAxPy/vlib/AxArith/multipliers/LOBA.v:21$741: $auto$alumacc.cc:485:replace_alu$1837
  creating $alu cell for $flatten\mults[5].mult_i.$add$/home/juliana/venv_pytorch/lib/python3.12/site-packages/MAxPy/vlib/AxArith/multipliers/LOBA.v:18$730: $auto$alumacc.cc:485:replace_alu$1840
  creating $alu cell for $flatten\mults[5].mult_i.$add$/home/juliana/venv_pytorch/lib/python3.12/site-packages/MAxPy/vlib/AxArith/multipliers/LOBA.v:19$735: $auto$alumacc.cc:485:replace_alu$1843
  creating $alu cell for $flatten\mults[5].mult_i.$add$/home/juliana/venv_pytorch/lib/python3.12/site-packages/MAxPy/vlib/AxArith/multipliers/LOBA.v:21$741: $auto$alumacc.cc:485:replace_alu$1846
  creating $alu cell for $flatten\mults[6].mult_i.$add$/home/juliana/venv_pytorch/lib/python3.12/site-packages/MAxPy/vlib/AxArith/multipliers/LOBA.v:18$730: $auto$alumacc.cc:485:replace_alu$1849
  creating $alu cell for $flatten\mults[6].mult_i.$add$/home/juliana/venv_pytorch/lib/python3.12/site-packages/MAxPy/vlib/AxArith/multipliers/LOBA.v:19$735: $auto$alumacc.cc:485:replace_alu$1852
  created 25 $alu and 9 $macc cells.

12.13. Executing SHARE pass (SAT-based resource sharing).

12.14. Executing OPT pass (performing simple optimizations).

12.14.1. Executing OPT_EXPR pass (perform const folding).
Optimizing module neuron_intra_Nbits.

12.14.2. Executing OPT_MERGE pass (detect identical cells).
Finding identical cells in module `\neuron_intra_Nbits'.
Removed a total of 0 cells.

12.14.3. Executing OPT_MUXTREE pass (detect dead branches in mux trees).
Running muxtree optimizer on module \neuron_intra_Nbits..
  Creating internal representation of mux trees.
  Evaluating internal representation of mux trees.
  Analyzing evaluation results.
Removed 0 multiplexer ports.
<suppressed ~25 debug messages>

12.14.4. Executing OPT_REDUCE pass (consolidate $*mux and $reduce_* inputs).
  Optimizing cells in module \neuron_intra_Nbits.
Performed a total of 0 changes.

12.14.5. Executing OPT_MERGE pass (detect identical cells).
Finding identical cells in module `\neuron_intra_Nbits'.
Removed a total of 0 cells.

12.14.6. Executing OPT_DFF pass (perform DFF optimizations).

12.14.7. Executing OPT_CLEAN pass (remove unused cells and wires).
Finding unused cells or wires in module \neuron_intra_Nbits..
Removed 6 unused cells and 3 unused wires.
<suppressed ~9 debug messages>

12.14.8. Executing OPT_EXPR pass (perform const folding).
Optimizing module neuron_intra_Nbits.

12.14.9. Rerunning OPT passes. (Maybe there is more to do..)

12.14.10. Executing OPT_MUXTREE pass (detect dead branches in mux trees).
Running muxtree optimizer on module \neuron_intra_Nbits..
  Creating internal representation of mux trees.
  Evaluating internal representation of mux trees.
  Analyzing evaluation results.
Removed 0 multiplexer ports.
<suppressed ~25 debug messages>

12.14.11. Executing OPT_REDUCE pass (consolidate $*mux and $reduce_* inputs).
  Optimizing cells in module \neuron_intra_Nbits.
Performed a total of 0 changes.

12.14.12. Executing OPT_MERGE pass (detect identical cells).
Finding identical cells in module `\neuron_intra_Nbits'.
Removed a total of 0 cells.

12.14.13. Executing OPT_DFF pass (perform DFF optimizations).

12.14.14. Executing OPT_CLEAN pass (remove unused cells and wires).
Finding unused cells or wires in module \neuron_intra_Nbits..

12.14.15. Executing OPT_EXPR pass (perform const folding).
Optimizing module neuron_intra_Nbits.

12.14.16. Finished OPT passes. (There is nothing left to do.)

12.15. Executing MEMORY pass.

12.15.1. Executing OPT_MEM pass (optimize memories).
Performed a total of 0 transformations.

12.15.2. Executing OPT_MEM_PRIORITY pass (removing unnecessary memory write priority relations).
Performed a total of 0 transformations.

12.15.3. Executing OPT_MEM_FEEDBACK pass (finding memory read-to-write feedback paths).

12.15.4. Executing MEMORY_BMUX2ROM pass (converting muxes to ROMs).

12.15.5. Executing MEMORY_DFF pass (merging $dff cells to $memrd).

12.15.6. Executing OPT_CLEAN pass (remove unused cells and wires).
Finding unused cells or wires in module \neuron_intra_Nbits..

12.15.7. Executing MEMORY_SHARE pass (consolidating $memrd/$memwr cells).

12.15.8. Executing OPT_MEM_WIDEN pass (optimize memories where all ports are wide).
Performed a total of 0 transformations.

12.15.9. Executing OPT_CLEAN pass (remove unused cells and wires).
Finding unused cells or wires in module \neuron_intra_Nbits..

12.15.10. Executing MEMORY_COLLECT pass (generating $mem cells).

12.16. Executing OPT_CLEAN pass (remove unused cells and wires).
Finding unused cells or wires in module \neuron_intra_Nbits..

12.17. Executing OPT pass (performing simple optimizations).

12.17.1. Executing OPT_EXPR pass (perform const folding).
Optimizing module neuron_intra_Nbits.
<suppressed ~58 debug messages>

12.17.2. Executing OPT_MERGE pass (detect identical cells).
Finding identical cells in module `\neuron_intra_Nbits'.
Removed a total of 0 cells.

12.17.3. Executing OPT_DFF pass (perform DFF optimizations).

12.17.4. Executing OPT_CLEAN pass (remove unused cells and wires).
Finding unused cells or wires in module \neuron_intra_Nbits..
Removed 3 unused cells and 3 unused wires.
<suppressed ~4 debug messages>

12.17.5. Finished fast OPT passes.

12.18. Executing MEMORY_MAP pass (converting memories to logic and flip-flops).

12.19. Executing OPT pass (performing simple optimizations).

12.19.1. Executing OPT_EXPR pass (perform const folding).
Optimizing module neuron_intra_Nbits.

12.19.2. Executing OPT_MERGE pass (detect identical cells).
Finding identical cells in module `\neuron_intra_Nbits'.
Removed a total of 0 cells.

12.19.3. Executing OPT_MUXTREE pass (detect dead branches in mux trees).
Running muxtree optimizer on module \neuron_intra_Nbits..
  Creating internal representation of mux trees.
  Evaluating internal representation of mux trees.
  Analyzing evaluation results.
Removed 0 multiplexer ports.
<suppressed ~25 debug messages>

12.19.4. Executing OPT_REDUCE pass (consolidate $*mux and $reduce_* inputs).
  Optimizing cells in module \neuron_intra_Nbits.
Performed a total of 0 changes.

12.19.5. Executing OPT_MERGE pass (detect identical cells).
Finding identical cells in module `\neuron_intra_Nbits'.
Removed a total of 0 cells.

12.19.6. Executing OPT_SHARE pass.

12.19.7. Executing OPT_DFF pass (perform DFF optimizations).

12.19.8. Executing OPT_CLEAN pass (remove unused cells and wires).
Finding unused cells or wires in module \neuron_intra_Nbits..

12.19.9. Executing OPT_EXPR pass (perform const folding).
Optimizing module neuron_intra_Nbits.

12.19.10. Finished OPT passes. (There is nothing left to do.)

12.20. Executing TECHMAP pass (map to technology primitives).

12.20.1. Executing Verilog-2005 frontend: /usr/bin/../share/yosys/techmap.v
Parsing Verilog input from `/usr/bin/../share/yosys/techmap.v' to AST representation.
Generating RTLIL representation for module `\_90_simplemap_bool_ops'.
Generating RTLIL representation for module `\_90_simplemap_reduce_ops'.
Generating RTLIL representation for module `\_90_simplemap_logic_ops'.
Generating RTLIL representation for module `\_90_simplemap_compare_ops'.
Generating RTLIL representation for module `\_90_simplemap_various'.
Generating RTLIL representation for module `\_90_simplemap_registers'.
Generating RTLIL representation for module `\_90_shift_ops_shr_shl_sshl_sshr'.
Generating RTLIL representation for module `\_90_shift_shiftx'.
Generating RTLIL representation for module `\_90_fa'.
Generating RTLIL representation for module `\_90_lcu'.
Generating RTLIL representation for module `\_90_alu'.
Generating RTLIL representation for module `\_90_macc'.
Generating RTLIL representation for module `\_90_alumacc'.
Generating RTLIL representation for module `\$__div_mod_u'.
Generating RTLIL representation for module `\$__div_mod_trunc'.
Generating RTLIL representation for module `\_90_div'.
Generating RTLIL representation for module `\_90_mod'.
Generating RTLIL representation for module `\$__div_mod_floor'.
Generating RTLIL representation for module `\_90_divfloor'.
Generating RTLIL representation for module `\_90_modfloor'.
Generating RTLIL representation for module `\_90_pow'.
Generating RTLIL representation for module `\_90_pmux'.
Generating RTLIL representation for module `\_90_demux'.
Generating RTLIL representation for module `\_90_lut'.
Successfully finished Verilog frontend.

12.20.2. Continuing TECHMAP pass.
Using extmapper maccmap for cells of type $macc.
  add \mults[2].mult_i.u1.Ah * \mults[2].mult_i.u1.Bh (4x4 bits, unsigned)
Using extmapper simplemap for cells of type $xor.
Using extmapper simplemap for cells of type $mux.
Using extmapper simplemap for cells of type $not.
Using template $paramod$c3cd1564c35d873179656addd6052d7ea8b6d991\_90_alu for cells of type $alu.
Using extmapper simplemap for cells of type $adffe.
Using template $paramod$32a7b7b86c07519b7537abc18e96f0331f97914d\_90_alu for cells of type $alu.
  add \mults[7].mult_i.u1.Ah * \mults[7].mult_i.u1.Bh (4x4 bits, unsigned)
  add \mults[1].mult_i.u1.Ah * \mults[1].mult_i.u1.Bh (4x4 bits, unsigned)
  add \mults[0].mult_i.u1.Ah * \mults[0].mult_i.u1.Bh (4x4 bits, unsigned)
  add \mults[6].mult_i.u1.Ah * \mults[6].mult_i.u1.Bh (4x4 bits, unsigned)
  add \mults[0].mult_i.r [7:0] (8 bits, unsigned)
  add \mults[4].mult_i.r [7:0] (8 bits, unsigned)
  add \mults[2].mult_i.r [7:0] (8 bits, unsigned)
  add \mults[1].mult_i.r [7:0] (8 bits, unsigned)
  add \mults[6].mult_i.r [7:0] (8 bits, unsigned)
  add \mults[5].mult_i.r [7:0] (8 bits, unsigned)
  add \mults[3].mult_i.r [7:0] (8 bits, unsigned)
  add \mults[7].mult_i.r [7:0] (8 bits, unsigned)
  add \mults[3].mult_i.u1.Ah * \mults[3].mult_i.u1.Bh (4x4 bits, unsigned)
  add \mults[5].mult_i.u1.Ah * \mults[5].mult_i.u1.Bh (4x4 bits, unsigned)
Using template $paramod$2b92fd785475f42ae19f23311007c6c03080291e\_90_alu for cells of type $alu.
  add \mults[4].mult_i.u1.Ah * \mults[4].mult_i.u1.Bh (4x4 bits, unsigned)
Using extmapper simplemap for cells of type $pos.
Using extmapper simplemap for cells of type $and.
Using template $paramod\_90_lcu\WIDTH=32'00000000000000000000000000001000 for cells of type $lcu.
Using template $paramod\_90_fa\WIDTH=32'00000000000000000000000000001000 for cells of type $fa.
Using template $paramod$a1bc51c02ce12ac21eb18988e83292af48ed7d72\_90_alu for cells of type $alu.
Using template $paramod\_90_lcu\WIDTH=32'00000000000000000000000000000100 for cells of type $lcu.
Using template $paramod\_90_lcu\WIDTH=32'00000000000000000000000000000101 for cells of type $lcu.
Using extmapper simplemap for cells of type $or.
No more expansions possible.
<suppressed ~1697 debug messages>

12.21. Executing OPT pass (performing simple optimizations).

12.21.1. Executing OPT_EXPR pass (perform const folding).
Optimizing module neuron_intra_Nbits.
<suppressed ~1716 debug messages>

12.21.2. Executing OPT_MERGE pass (detect identical cells).
Finding identical cells in module `\neuron_intra_Nbits'.
Removed a total of 0 cells.

12.21.3. Executing OPT_DFF pass (perform DFF optimizations).

12.21.4. Executing OPT_CLEAN pass (remove unused cells and wires).
Finding unused cells or wires in module \neuron_intra_Nbits..
Removed 188 unused cells and 1501 unused wires.
<suppressed ~189 debug messages>

12.21.5. Finished fast OPT passes.

12.22. Executing ABC pass (technology mapping using ABC).

12.22.1. Extracting gate netlist of module `\neuron_intra_Nbits' to `<abc-temp-dir>/input.blif'..
Extracted 1251 gates and 1325 wires to a netlist network with 72 inputs and 12 outputs.

12.22.1.1. Executing ABC.
Running ABC command: "<yosys-exe-dir>/yosys-abc" -s -f <abc-temp-dir>/abc.script 2>&1
ABC: ABC command line: "source <abc-temp-dir>/abc.script".
ABC: 
ABC: + read_blif <abc-temp-dir>/input.blif 
ABC: + read_library <abc-temp-dir>/stdcells.genlib 
ABC: Entered genlib library with 13 gates from file "<abc-temp-dir>/stdcells.genlib".
ABC: + strash 
ABC: + dretime 
ABC: + map 
ABC: + write_blif <abc-temp-dir>/output.blif 

12.22.1.2. Re-integrating ABC results.
ABC RESULTS:               AND cells:       39
ABC RESULTS:               NOT cells:      126
ABC RESULTS:               NOR cells:       89
ABC RESULTS:              XNOR cells:       90
ABC RESULTS:             ORNOT cells:       35
ABC RESULTS:              NAND cells:       31
ABC RESULTS:               MUX cells:       88
ABC RESULTS:                OR cells:      164
ABC RESULTS:            ANDNOT cells:      277
ABC RESULTS:               XOR cells:      288
ABC RESULTS:        internal signals:     1241
ABC RESULTS:           input signals:       72
ABC RESULTS:          output signals:       12
Removing temp directory.

12.23. Executing OPT pass (performing simple optimizations).

12.23.1. Executing OPT_EXPR pass (perform const folding).
Optimizing module neuron_intra_Nbits.
<suppressed ~32 debug messages>

12.23.2. Executing OPT_MERGE pass (detect identical cells).
Finding identical cells in module `\neuron_intra_Nbits'.
Removed a total of 0 cells.

12.23.3. Executing OPT_DFF pass (perform DFF optimizations).

12.23.4. Executing OPT_CLEAN pass (remove unused cells and wires).
Finding unused cells or wires in module \neuron_intra_Nbits..
Removed 0 unused cells and 416 unused wires.
<suppressed ~9 debug messages>

12.23.5. Finished fast OPT passes.

12.24. Executing HIERARCHY pass (managing design hierarchy).

12.24.1. Analyzing design hierarchy..
Top module:  \neuron_intra_Nbits

12.24.2. Analyzing design hierarchy..
Top module:  \neuron_intra_Nbits
Removed 0 unused modules.

12.25. Printing statistics.

=== neuron_intra_Nbits ===

   Number of wires:               1586
   Number of wire bits:           5490
   Number of public wires:         371
   Number of public wire bits:    4275
   Number of memories:               0
   Number of memory bits:            0
   Number of processes:              0
   Number of cells:               1239
     $_ANDNOT_                     277
     $_AND_                         39
     $_DFFE_PP0P_                   12
     $_MUX_                         88
     $_NAND_                        31
     $_NOR_                         89
     $_NOT_                        126
     $_ORNOT_                       35
     $_OR_                         164
     $_XNOR_                        90
     $_XOR_                        288

12.26. Executing CHECK pass (checking for obvious problems).
Checking module neuron_intra_Nbits...
Found and reported 0 problems.
Removed 0 unused cells and 362 unused wires.

13. Executing DFFLIBMAP pass (mapping DFF cells to sequential cells from liberty file).
Warning: Found unsupported expression 'SE*SI+!SE*D' in pin attribute of cell 'SDFFRNQ_X1' - skipping.
Warning: Found unsupported expression 'SE*SI+!SE*D' in pin attribute of cell 'SDFFSNQ_X1' - skipping.
Warning: Found unsupported expression 'SE*SI+!SE*D' in pin attribute of cell 'SDFFRNQ_X1' - skipping.
Warning: Found unsupported expression 'SE*SI+!SE*D' in pin attribute of cell 'SDFFSNQ_X1' - skipping.
  cell DFFRNQ_X1 (noninv, pins=4, area=1.28) is a direct match for cell type $_DFF_PN0_.
Warning: Found unsupported expression 'SE*SI+!SE*D' in pin attribute of cell 'SDFFRNQ_X1' - skipping.
Warning: Found unsupported expression 'SE*SI+!SE*D' in pin attribute of cell 'SDFFSNQ_X1' - skipping.
  cell DFFSNQ_X1 (noninv, pins=4, area=1.28) is a direct match for cell type $_DFF_PN1_.
Warning: Found unsupported expression 'SE*SI+!SE*D' in pin attribute of cell 'SDFFRNQ_X1' - skipping.
Warning: Found unsupported expression 'SE*SI+!SE*D' in pin attribute of cell 'SDFFSNQ_X1' - skipping.
Warning: Found unsupported expression 'SE*SI+!SE*D' in pin attribute of cell 'SDFFRNQ_X1' - skipping.
Warning: Found unsupported expression 'SE*SI+!SE*D' in pin attribute of cell 'SDFFSNQ_X1' - skipping.
Warning: Found unsupported expression 'SE*SI+!SE*D' in pin attribute of cell 'SDFFRNQ_X1' - skipping.
Warning: Found unsupported expression 'SE*SI+!SE*D' in pin attribute of cell 'SDFFSNQ_X1' - skipping.
Warning: Found unsupported expression 'SE*SI+!SE*D' in pin attribute of cell 'SDFFRNQ_X1' - skipping.
Warning: Found unsupported expression 'SE*SI+!SE*D' in pin attribute of cell 'SDFFSNQ_X1' - skipping.
Warning: Found unsupported expression 'SE*SI+!SE*D' in pin attribute of cell 'SDFFRNQ_X1' - skipping.
Warning: Found unsupported expression 'SE*SI+!SE*D' in pin attribute of cell 'SDFFSNQ_X1' - skipping.
Warning: Found unsupported expression 'SE*SI+!SE*D' in pin attribute of cell 'SDFFRNQ_X1' - skipping.
Warning: Found unsupported expression 'SE*SI+!SE*D' in pin attribute of cell 'SDFFSNQ_X1' - skipping.
  final dff cell mappings:
    unmapped dff cell: $_DFF_N_
    unmapped dff cell: $_DFF_P_
    unmapped dff cell: $_DFF_NN0_
    unmapped dff cell: $_DFF_NN1_
    unmapped dff cell: $_DFF_NP0_
    unmapped dff cell: $_DFF_NP1_
    \DFFRNQ_X1 _DFF_PN0_ (.CLK( C), .D( D), .Q( Q), .RN( R));
    \DFFSNQ_X1 _DFF_PN1_ (.CLK( C), .D( D), .Q( Q), .SN( R));
    unmapped dff cell: $_DFF_PP0_
    unmapped dff cell: $_DFF_PP1_
    unmapped dff cell: $_DFFSR_NNN_
    unmapped dff cell: $_DFFSR_NNP_
    unmapped dff cell: $_DFFSR_NPN_
    unmapped dff cell: $_DFFSR_NPP_
    unmapped dff cell: $_DFFSR_PNN_
    unmapped dff cell: $_DFFSR_PNP_
    unmapped dff cell: $_DFFSR_PPN_
    unmapped dff cell: $_DFFSR_PPP_

13.1. Executing DFFLEGALIZE pass (convert FFs to types supported by the target).
Mapping DFF cells in module `\neuron_intra_Nbits':
  mapped 12 $_DFF_PN0_ cells to \DFFRNQ_X1 cells.

14. Executing ABC pass (technology mapping using ABC).

14.1. Extracting gate netlist of module `\neuron_intra_Nbits' to `<abc-temp-dir>/input.blif'..
Extracted 1251 gates and 1329 wires to a netlist network with 78 inputs and 24 outputs.

14.1.1. Executing ABC.
Running ABC command: "<yosys-exe-dir>/yosys-abc" -s -f <abc-temp-dir>/abc.script 2>&1
ABC: ABC command line: "source <abc-temp-dir>/abc.script".
ABC: 
ABC: + read_blif <abc-temp-dir>/input.blif 
ABC: + read_lib -w /home/juliana/venv_pytorch/lib/python3.12/site-packages/MAxPy/pdk/NanGate15nm.lib 
ABC: Parsing finished successfully.  Parsing time =     0.02 sec
ABC: Scl_LibertyReadGenlib() skipped cell "ANTENNA" due to dont_use attribute.
ABC: Scl_LibertyReadGenlib() skipped cell "CLKGATETST_X1" without logic function.
ABC: Scl_LibertyReadGenlib() skipped sequential cell "DFFRNQ_X1".
ABC: Scl_LibertyReadGenlib() skipped sequential cell "DFFSNQ_X1".
ABC: Scl_LibertyReadGenlib() skipped cell "FILLTIE" due to dont_use attribute.
ABC: Scl_LibertyReadGenlib() skipped cell "FILL_X1" due to dont_use attribute.
ABC: Scl_LibertyReadGenlib() skipped cell "FILL_X2" due to dont_use attribute.
ABC: Scl_LibertyReadGenlib() skipped cell "FILL_X4" due to dont_use attribute.
ABC: Scl_LibertyReadGenlib() skipped cell "FILL_X8" due to dont_use attribute.
ABC: Scl_LibertyReadGenlib() skipped cell "FILL_X16" due to dont_use attribute.
ABC: Scl_LibertyReadGenlib() skipped sequential cell "LHQ_X1".
ABC: Scl_LibertyReadGenlib() skipped sequential cell "SDFFRNQ_X1".
ABC: Scl_LibertyReadGenlib() skipped sequential cell "SDFFSNQ_X1".
ABC: Scl_LibertyReadGenlib() skipped three-state cell "TBUF_X1".
ABC: Scl_LibertyReadGenlib() skipped three-state cell "TBUF_X2".
ABC: Scl_LibertyReadGenlib() skipped three-state cell "TBUF_X4".
ABC: Scl_LibertyReadGenlib() skipped three-state cell "TBUF_X8".
ABC: Scl_LibertyReadGenlib() skipped three-state cell "TBUF_X12".
ABC: Scl_LibertyReadGenlib() skipped three-state cell "TBUF_X16".
ABC: Scl_LibertyReadGenlib() skipped cell "TIEH" due to dont_use attribute.
ABC: Scl_LibertyReadGenlib() skipped cell "TIEL" due to dont_use attribute.
ABC: Library "NanGate_15nm_OCL" from "/home/juliana/venv_pytorch/lib/python3.12/site-packages/MAxPy/pdk/NanGate15nm.lib" has 55 cells (12 skipped: 5 seq; 6 tri-state; 1 no func; 9 dont_use).  Time =     0.04 sec
ABC: Memory =    3.72 MB. Time =     0.04 sec
ABC: Warning: Detected 2 multi-output gates (for example, "FA_X1").
ABC: + strash 
ABC: + &get -n 
ABC: + &fraig -x 
ABC: + &put 
ABC: + scorr 
ABC: Warning: The network is combinational (run "fraig" or "fraig_sweep").
ABC: + dc2 
ABC: + dretime 
ABC: + strash 
ABC: + &get -n 
ABC: + &dch -f 
ABC: + &nf 
ABC: + &put 
ABC: + write_blif <abc-temp-dir>/output.blif 

14.1.2. Re-integrating ABC results.
ABC RESULTS:          NAND4_X1 cells:        9
ABC RESULTS:          OAI22_X1 cells:       18
ABC RESULTS:          AOI22_X1 cells:       32
ABC RESULTS:           AND4_X1 cells:        9
ABC RESULTS:           AND3_X1 cells:       17
ABC RESULTS:            OR3_X1 cells:       11
ABC RESULTS:           NOR3_X1 cells:       20
ABC RESULTS:            OR2_X1 cells:       15
ABC RESULTS:           XOR2_X1 cells:       64
ABC RESULTS:          XNOR2_X1 cells:      127
ABC RESULTS:           MUX2_X1 cells:        1
ABC RESULTS:           AND2_X1 cells:       42
ABC RESULTS:          NAND3_X1 cells:       18
ABC RESULTS:           NOR4_X1 cells:       15
ABC RESULTS:           NOR2_X1 cells:      112
ABC RESULTS:          AOI21_X1 cells:       71
ABC RESULTS:          OAI21_X1 cells:       71
ABC RESULTS:          NAND2_X1 cells:      111
ABC RESULTS:            INV_X1 cells:       77
ABC RESULTS:        internal signals:     1227
ABC RESULTS:           input signals:       78
ABC RESULTS:          output signals:       24
Removing temp directory.
Removed 0 unused cells and 1319 unused wires.

15. Executing Verilog backend.
Dumping module `\neuron_intra_Nbits'.

Warnings: 169 unique messages, 316 total
End of script. Logfile hash: dfe94c9aa7, CPU: user 1.38s system 0.03s, MEM: 33.26 MB peak
Yosys 0.33 (git sha1 2584903a060)
Time spent: 25% 2x abc (0 sec), 18% 24x opt_clean (0 sec), ...
Synth command exit code: 0