MAxPy: SYNTHESIS USING YOSYS

Command line:

yosys synth.ys;

Synth file:

read_verilog /home/juliana/venv_pytorch/lib/python3.12/site-packages/MAxPy/pdk/NanGate15nm.v /home/juliana/venv_pytorch/lib/python3.12/site-packages/MAxPy/vlib/AxArith/*/*.v study_no_1/poly1_LOBA0s_6_copyA_1/rtl/poly1.v 
hierarchy -top poly1
prep; flatten; synth
clean -purge

dfflibmap -liberty /home/juliana/venv_pytorch/lib/python3.12/site-packages/MAxPy/pdk/NanGate15nm.lib
abc -liberty /home/juliana/venv_pytorch/lib/python3.12/site-packages/MAxPy/pdk/NanGate15nm.lib
clean -purge

write_verilog -noattr -noexpr  study_no_1/poly1_LOBA0s_6_copyA_1/netlist_yosys/poly1.v


Log from stdout and stderr:


 /----------------------------------------------------------------------------\
 |                                                                            |
 |  yosys -- Yosys Open SYnthesis Suite                                       |
 |                                                                            |
 |  Copyright (C) 2012 - 2020  Claire Xenia Wolf <claire@yosyshq.com>         |
 |                                                                            |
 |  Permission to use, copy, modify, and/or distribute this software for any  |
 |  purpose with or without fee is hereby granted, provided that the above    |
 |  copyright notice and this permission notice appear in all copies.         |
 |                                                                            |
 |  THE SOFTWARE IS PROVIDED "AS IS" AND THE AUTHOR DISCLAIMS ALL WARRANTIES  |
 |  WITH REGARD TO THIS SOFTWARE INCLUDING ALL IMPLIED WARRANTIES OF          |
 |  MERCHANTABILITY AND FITNESS. IN NO EVENT SHALL THE AUTHOR BE LIABLE FOR   |
 |  ANY SPECIAL, DIRECT, INDIRECT, OR CONSEQUENTIAL DAMAGES OR ANY DAMAGES    |
 |  WHATSOEVER RESULTING FROM LOSS OF USE, DATA OR PROFITS, WHETHER IN AN     |
 |  ACTION OF CONTRACT, NEGLIGENCE OR OTHER TORTIOUS ACTION, ARISING OUT OF   |
 |  OR IN CONNECTION WITH THE USE OR PERFORMANCE OF THIS SOFTWARE.            |
 |                                                                            |
 \----------------------------------------------------------------------------/

 Yosys 0.33 (git sha1 2584903a060)


-- Executing script file `synth.ys' --

1. Executing Verilog-2005 frontend: /home/juliana/venv_pytorch/lib/python3.12/site-packages/MAxPy/pdk/NanGate15nm.v
Parsing Verilog input from `/home/juliana/venv_pytorch/lib/python3.12/site-packages/MAxPy/pdk/NanGate15nm.v' to AST representation.
Generating RTLIL representation for module `\AND2_X1'.
Generating RTLIL representation for module `\AND2_X2'.
Generating RTLIL representation for module `\AND3_X1'.
/home/juliana/venv_pytorch/lib/python3.12/site-packages/MAxPy/pdk/NanGate15nm.v:23: Warning: Identifier `\i_12' is implicitly declared.
Generating RTLIL representation for module `\AND3_X2'.
/home/juliana/venv_pytorch/lib/python3.12/site-packages/MAxPy/pdk/NanGate15nm.v:33: Warning: Identifier `\i_18' is implicitly declared.
Generating RTLIL representation for module `\AND4_X1'.
/home/juliana/venv_pytorch/lib/python3.12/site-packages/MAxPy/pdk/NanGate15nm.v:44: Warning: Identifier `\i_0' is implicitly declared.
/home/juliana/venv_pytorch/lib/python3.12/site-packages/MAxPy/pdk/NanGate15nm.v:45: Warning: Identifier `\i_1' is implicitly declared.
Generating RTLIL representation for module `\AND4_X2'.
/home/juliana/venv_pytorch/lib/python3.12/site-packages/MAxPy/pdk/NanGate15nm.v:56: Warning: Identifier `\i_0' is implicitly declared.
/home/juliana/venv_pytorch/lib/python3.12/site-packages/MAxPy/pdk/NanGate15nm.v:57: Warning: Identifier `\i_1' is implicitly declared.
Generating RTLIL representation for module `\ANTENNA'.
Generating RTLIL representation for module `\AOI21_X1'.
/home/juliana/venv_pytorch/lib/python3.12/site-packages/MAxPy/pdk/NanGate15nm.v:73: Warning: Identifier `\i_18' is implicitly declared.
/home/juliana/venv_pytorch/lib/python3.12/site-packages/MAxPy/pdk/NanGate15nm.v:73: Warning: Identifier `\i_19' is implicitly declared.
Generating RTLIL representation for module `\AOI21_X2'.
/home/juliana/venv_pytorch/lib/python3.12/site-packages/MAxPy/pdk/NanGate15nm.v:84: Warning: Identifier `\i_12' is implicitly declared.
/home/juliana/venv_pytorch/lib/python3.12/site-packages/MAxPy/pdk/NanGate15nm.v:84: Warning: Identifier `\i_13' is implicitly declared.
Generating RTLIL representation for module `\AOI22_X1'.
/home/juliana/venv_pytorch/lib/python3.12/site-packages/MAxPy/pdk/NanGate15nm.v:96: Warning: Identifier `\i_0' is implicitly declared.
/home/juliana/venv_pytorch/lib/python3.12/site-packages/MAxPy/pdk/NanGate15nm.v:96: Warning: Identifier `\i_1' is implicitly declared.
/home/juliana/venv_pytorch/lib/python3.12/site-packages/MAxPy/pdk/NanGate15nm.v:96: Warning: Identifier `\i_2' is implicitly declared.
Generating RTLIL representation for module `\AOI22_X2'.
/home/juliana/venv_pytorch/lib/python3.12/site-packages/MAxPy/pdk/NanGate15nm.v:109: Warning: Identifier `\i_0' is implicitly declared.
/home/juliana/venv_pytorch/lib/python3.12/site-packages/MAxPy/pdk/NanGate15nm.v:109: Warning: Identifier `\i_1' is implicitly declared.
/home/juliana/venv_pytorch/lib/python3.12/site-packages/MAxPy/pdk/NanGate15nm.v:109: Warning: Identifier `\i_2' is implicitly declared.
Generating RTLIL representation for module `\BUF_X1'.
Generating RTLIL representation for module `\BUF_X2'.
Generating RTLIL representation for module `\BUF_X4'.
Generating RTLIL representation for module `\BUF_X8'.
Generating RTLIL representation for module `\BUF_X12'.
Generating RTLIL representation for module `\BUF_X16'.
Generating RTLIL representation for module `\CLKBUF_X1'.
Generating RTLIL representation for module `\CLKBUF_X2'.
Generating RTLIL representation for module `\CLKBUF_X4'.
Generating RTLIL representation for module `\CLKBUF_X8'.
Generating RTLIL representation for module `\CLKBUF_X12'.
Generating RTLIL representation for module `\CLKBUF_X16'.
Generating RTLIL representation for module `\CLKGATETST_X1'.
/home/juliana/venv_pytorch/lib/python3.12/site-packages/MAxPy/pdk/NanGate15nm.v:238: Warning: Identifier `\QD' is implicitly declared.
/home/juliana/venv_pytorch/lib/python3.12/site-packages/MAxPy/pdk/NanGate15nm.v:239: Warning: Identifier `\nextstate' is implicitly declared.
/home/juliana/venv_pytorch/lib/python3.12/site-packages/MAxPy/pdk/NanGate15nm.v:240: Warning: Identifier `\QDn' is implicitly declared.
Generating RTLIL representation for module `\seq_CLKGATETST_X1'.
Generating RTLIL representation for module `\DFFRNQ_X1'.
/home/juliana/venv_pytorch/lib/python3.12/site-packages/MAxPy/pdk/NanGate15nm.v:350: Warning: Identifier `\IQ' is implicitly declared.
/home/juliana/venv_pytorch/lib/python3.12/site-packages/MAxPy/pdk/NanGate15nm.v:350: Warning: Identifier `\nextstate' is implicitly declared.
/home/juliana/venv_pytorch/lib/python3.12/site-packages/MAxPy/pdk/NanGate15nm.v:351: Warning: Identifier `\IQN' is implicitly declared.
Generating RTLIL representation for module `\seq_DFFRNQ_X1'.
Generating RTLIL representation for module `\DFFSNQ_X1'.
/home/juliana/venv_pytorch/lib/python3.12/site-packages/MAxPy/pdk/NanGate15nm.v:484: Warning: Identifier `\IQ' is implicitly declared.
/home/juliana/venv_pytorch/lib/python3.12/site-packages/MAxPy/pdk/NanGate15nm.v:484: Warning: Identifier `\nextstate' is implicitly declared.
/home/juliana/venv_pytorch/lib/python3.12/site-packages/MAxPy/pdk/NanGate15nm.v:485: Warning: Identifier `\IQN' is implicitly declared.
Generating RTLIL representation for module `\seq_DFFSNQ_X1'.
Generating RTLIL representation for module `\FA_X1'.
/home/juliana/venv_pytorch/lib/python3.12/site-packages/MAxPy/pdk/NanGate15nm.v:580: Warning: Identifier `\i_12' is implicitly declared.
/home/juliana/venv_pytorch/lib/python3.12/site-packages/MAxPy/pdk/NanGate15nm.v:580: Warning: Identifier `\i_15' is implicitly declared.
/home/juliana/venv_pytorch/lib/python3.12/site-packages/MAxPy/pdk/NanGate15nm.v:581: Warning: Identifier `\i_13' is implicitly declared.
/home/juliana/venv_pytorch/lib/python3.12/site-packages/MAxPy/pdk/NanGate15nm.v:581: Warning: Identifier `\i_14' is implicitly declared.
/home/juliana/venv_pytorch/lib/python3.12/site-packages/MAxPy/pdk/NanGate15nm.v:586: Warning: Identifier `\i_20' is implicitly declared.
/home/juliana/venv_pytorch/lib/python3.12/site-packages/MAxPy/pdk/NanGate15nm.v:586: Warning: Identifier `\i_21' is implicitly declared.
/home/juliana/venv_pytorch/lib/python3.12/site-packages/MAxPy/pdk/NanGate15nm.v:586: Warning: Identifier `\i_27' is implicitly declared.
/home/juliana/venv_pytorch/lib/python3.12/site-packages/MAxPy/pdk/NanGate15nm.v:587: Warning: Identifier `\i_22' is implicitly declared.
/home/juliana/venv_pytorch/lib/python3.12/site-packages/MAxPy/pdk/NanGate15nm.v:589: Warning: Identifier `\i_23' is implicitly declared.
/home/juliana/venv_pytorch/lib/python3.12/site-packages/MAxPy/pdk/NanGate15nm.v:589: Warning: Identifier `\i_24' is implicitly declared.
/home/juliana/venv_pytorch/lib/python3.12/site-packages/MAxPy/pdk/NanGate15nm.v:589: Warning: Identifier `\i_25' is implicitly declared.
/home/juliana/venv_pytorch/lib/python3.12/site-packages/MAxPy/pdk/NanGate15nm.v:592: Warning: Identifier `\i_26' is implicitly declared.
/home/juliana/venv_pytorch/lib/python3.12/site-packages/MAxPy/pdk/NanGate15nm.v:594: Warning: Identifier `\i_28' is implicitly declared.
/home/juliana/venv_pytorch/lib/python3.12/site-packages/MAxPy/pdk/NanGate15nm.v:594: Warning: Identifier `\i_29' is implicitly declared.
/home/juliana/venv_pytorch/lib/python3.12/site-packages/MAxPy/pdk/NanGate15nm.v:596: Warning: Identifier `\i_30' is implicitly declared.
/home/juliana/venv_pytorch/lib/python3.12/site-packages/MAxPy/pdk/NanGate15nm.v:596: Warning: Identifier `\i_31' is implicitly declared.
/home/juliana/venv_pytorch/lib/python3.12/site-packages/MAxPy/pdk/NanGate15nm.v:596: Warning: Identifier `\i_32' is implicitly declared.
/home/juliana/venv_pytorch/lib/python3.12/site-packages/MAxPy/pdk/NanGate15nm.v:599: Warning: Identifier `\i_33' is implicitly declared.
Generating RTLIL representation for module `\FILLTIE'.
Generating RTLIL representation for module `\FILL_X1'.
Generating RTLIL representation for module `\FILL_X2'.
Generating RTLIL representation for module `\FILL_X4'.
Generating RTLIL representation for module `\FILL_X8'.
Generating RTLIL representation for module `\FILL_X16'.
Generating RTLIL representation for module `\HA_X1'.
/home/juliana/venv_pytorch/lib/python3.12/site-packages/MAxPy/pdk/NanGate15nm.v:634: Warning: Identifier `\i_42' is implicitly declared.
/home/juliana/venv_pytorch/lib/python3.12/site-packages/MAxPy/pdk/NanGate15nm.v:634: Warning: Identifier `\i_43' is implicitly declared.
/home/juliana/venv_pytorch/lib/python3.12/site-packages/MAxPy/pdk/NanGate15nm.v:634: Warning: Identifier `\i_44' is implicitly declared.
/home/juliana/venv_pytorch/lib/python3.12/site-packages/MAxPy/pdk/NanGate15nm.v:637: Warning: Identifier `\i_45' is implicitly declared.
Generating RTLIL representation for module `\INV_X1'.
Generating RTLIL representation for module `\INV_X2'.
Generating RTLIL representation for module `\INV_X4'.
Generating RTLIL representation for module `\INV_X8'.
Generating RTLIL representation for module `\INV_X12'.
Generating RTLIL representation for module `\INV_X16'.
Generating RTLIL representation for module `\LHQ_X1'.
/home/juliana/venv_pytorch/lib/python3.12/site-packages/MAxPy/pdk/NanGate15nm.v:720: Warning: Identifier `\IQ' is implicitly declared.
/home/juliana/venv_pytorch/lib/python3.12/site-packages/MAxPy/pdk/NanGate15nm.v:720: Warning: Identifier `\nextstate' is implicitly declared.
/home/juliana/venv_pytorch/lib/python3.12/site-packages/MAxPy/pdk/NanGate15nm.v:721: Warning: Identifier `\IQN' is implicitly declared.
Generating RTLIL representation for module `\seq_LHQ_X1'.
Generating RTLIL representation for module `\MUX2_X1'.
/home/juliana/venv_pytorch/lib/python3.12/site-packages/MAxPy/pdk/NanGate15nm.v:793: Warning: Identifier `\i_12' is implicitly declared.
/home/juliana/venv_pytorch/lib/python3.12/site-packages/MAxPy/pdk/NanGate15nm.v:793: Warning: Identifier `\i_13' is implicitly declared.
/home/juliana/venv_pytorch/lib/python3.12/site-packages/MAxPy/pdk/NanGate15nm.v:795: Warning: Identifier `\i_14' is implicitly declared.
Generating RTLIL representation for module `\NAND2_X1'.
/home/juliana/venv_pytorch/lib/python3.12/site-packages/MAxPy/pdk/NanGate15nm.v:805: Warning: Identifier `\i_24' is implicitly declared.
Generating RTLIL representation for module `\NAND2_X2'.
/home/juliana/venv_pytorch/lib/python3.12/site-packages/MAxPy/pdk/NanGate15nm.v:814: Warning: Identifier `\i_18' is implicitly declared.
Generating RTLIL representation for module `\NAND3_X1'.
/home/juliana/venv_pytorch/lib/python3.12/site-packages/MAxPy/pdk/NanGate15nm.v:824: Warning: Identifier `\i_6' is implicitly declared.
/home/juliana/venv_pytorch/lib/python3.12/site-packages/MAxPy/pdk/NanGate15nm.v:824: Warning: Identifier `\i_7' is implicitly declared.
Generating RTLIL representation for module `\NAND3_X2'.
/home/juliana/venv_pytorch/lib/python3.12/site-packages/MAxPy/pdk/NanGate15nm.v:835: Warning: Identifier `\i_6' is implicitly declared.
/home/juliana/venv_pytorch/lib/python3.12/site-packages/MAxPy/pdk/NanGate15nm.v:835: Warning: Identifier `\i_7' is implicitly declared.
Generating RTLIL representation for module `\NAND4_X1'.
/home/juliana/venv_pytorch/lib/python3.12/site-packages/MAxPy/pdk/NanGate15nm.v:847: Warning: Identifier `\i_0' is implicitly declared.
/home/juliana/venv_pytorch/lib/python3.12/site-packages/MAxPy/pdk/NanGate15nm.v:847: Warning: Identifier `\i_1' is implicitly declared.
/home/juliana/venv_pytorch/lib/python3.12/site-packages/MAxPy/pdk/NanGate15nm.v:848: Warning: Identifier `\i_2' is implicitly declared.
Generating RTLIL representation for module `\NAND4_X2'.
/home/juliana/venv_pytorch/lib/python3.12/site-packages/MAxPy/pdk/NanGate15nm.v:860: Warning: Identifier `\i_0' is implicitly declared.
/home/juliana/venv_pytorch/lib/python3.12/site-packages/MAxPy/pdk/NanGate15nm.v:860: Warning: Identifier `\i_1' is implicitly declared.
/home/juliana/venv_pytorch/lib/python3.12/site-packages/MAxPy/pdk/NanGate15nm.v:861: Warning: Identifier `\i_2' is implicitly declared.
Generating RTLIL representation for module `\NOR2_X1'.
/home/juliana/venv_pytorch/lib/python3.12/site-packages/MAxPy/pdk/NanGate15nm.v:871: Warning: Identifier `\i_12' is implicitly declared.
Generating RTLIL representation for module `\NOR2_X2'.
/home/juliana/venv_pytorch/lib/python3.12/site-packages/MAxPy/pdk/NanGate15nm.v:880: Warning: Identifier `\i_12' is implicitly declared.
Generating RTLIL representation for module `\NOR3_X1'.
/home/juliana/venv_pytorch/lib/python3.12/site-packages/MAxPy/pdk/NanGate15nm.v:890: Warning: Identifier `\i_0' is implicitly declared.
/home/juliana/venv_pytorch/lib/python3.12/site-packages/MAxPy/pdk/NanGate15nm.v:890: Warning: Identifier `\i_1' is implicitly declared.
Generating RTLIL representation for module `\NOR3_X2'.
/home/juliana/venv_pytorch/lib/python3.12/site-packages/MAxPy/pdk/NanGate15nm.v:901: Warning: Identifier `\i_0' is implicitly declared.
/home/juliana/venv_pytorch/lib/python3.12/site-packages/MAxPy/pdk/NanGate15nm.v:901: Warning: Identifier `\i_1' is implicitly declared.
Generating RTLIL representation for module `\NOR4_X1'.
/home/juliana/venv_pytorch/lib/python3.12/site-packages/MAxPy/pdk/NanGate15nm.v:913: Warning: Identifier `\i_0' is implicitly declared.
/home/juliana/venv_pytorch/lib/python3.12/site-packages/MAxPy/pdk/NanGate15nm.v:913: Warning: Identifier `\i_1' is implicitly declared.
/home/juliana/venv_pytorch/lib/python3.12/site-packages/MAxPy/pdk/NanGate15nm.v:914: Warning: Identifier `\i_2' is implicitly declared.
Generating RTLIL representation for module `\NOR4_X2'.
/home/juliana/venv_pytorch/lib/python3.12/site-packages/MAxPy/pdk/NanGate15nm.v:926: Warning: Identifier `\i_0' is implicitly declared.
/home/juliana/venv_pytorch/lib/python3.12/site-packages/MAxPy/pdk/NanGate15nm.v:926: Warning: Identifier `\i_1' is implicitly declared.
/home/juliana/venv_pytorch/lib/python3.12/site-packages/MAxPy/pdk/NanGate15nm.v:927: Warning: Identifier `\i_2' is implicitly declared.
Generating RTLIL representation for module `\OAI21_X1'.
/home/juliana/venv_pytorch/lib/python3.12/site-packages/MAxPy/pdk/NanGate15nm.v:938: Warning: Identifier `\i_0' is implicitly declared.
/home/juliana/venv_pytorch/lib/python3.12/site-packages/MAxPy/pdk/NanGate15nm.v:938: Warning: Identifier `\i_1' is implicitly declared.
Generating RTLIL representation for module `\OAI21_X2'.
/home/juliana/venv_pytorch/lib/python3.12/site-packages/MAxPy/pdk/NanGate15nm.v:949: Warning: Identifier `\i_0' is implicitly declared.
/home/juliana/venv_pytorch/lib/python3.12/site-packages/MAxPy/pdk/NanGate15nm.v:949: Warning: Identifier `\i_1' is implicitly declared.
Generating RTLIL representation for module `\OAI22_X1'.
/home/juliana/venv_pytorch/lib/python3.12/site-packages/MAxPy/pdk/NanGate15nm.v:961: Warning: Identifier `\i_0' is implicitly declared.
/home/juliana/venv_pytorch/lib/python3.12/site-packages/MAxPy/pdk/NanGate15nm.v:961: Warning: Identifier `\i_1' is implicitly declared.
/home/juliana/venv_pytorch/lib/python3.12/site-packages/MAxPy/pdk/NanGate15nm.v:961: Warning: Identifier `\i_2' is implicitly declared.
Generating RTLIL representation for module `\OAI22_X2'.
/home/juliana/venv_pytorch/lib/python3.12/site-packages/MAxPy/pdk/NanGate15nm.v:974: Warning: Identifier `\i_0' is implicitly declared.
/home/juliana/venv_pytorch/lib/python3.12/site-packages/MAxPy/pdk/NanGate15nm.v:974: Warning: Identifier `\i_1' is implicitly declared.
/home/juliana/venv_pytorch/lib/python3.12/site-packages/MAxPy/pdk/NanGate15nm.v:974: Warning: Identifier `\i_2' is implicitly declared.
Generating RTLIL representation for module `\OR2_X1'.
Generating RTLIL representation for module `\OR2_X2'.
Generating RTLIL representation for module `\OR3_X1'.
/home/juliana/venv_pytorch/lib/python3.12/site-packages/MAxPy/pdk/NanGate15nm.v:1001: Warning: Identifier `\i_0' is implicitly declared.
Generating RTLIL representation for module `\OR3_X2'.
/home/juliana/venv_pytorch/lib/python3.12/site-packages/MAxPy/pdk/NanGate15nm.v:1011: Warning: Identifier `\i_0' is implicitly declared.
Generating RTLIL representation for module `\OR4_X1'.
/home/juliana/venv_pytorch/lib/python3.12/site-packages/MAxPy/pdk/NanGate15nm.v:1022: Warning: Identifier `\i_0' is implicitly declared.
/home/juliana/venv_pytorch/lib/python3.12/site-packages/MAxPy/pdk/NanGate15nm.v:1023: Warning: Identifier `\i_1' is implicitly declared.
Generating RTLIL representation for module `\OR4_X2'.
/home/juliana/venv_pytorch/lib/python3.12/site-packages/MAxPy/pdk/NanGate15nm.v:1034: Warning: Identifier `\i_0' is implicitly declared.
/home/juliana/venv_pytorch/lib/python3.12/site-packages/MAxPy/pdk/NanGate15nm.v:1035: Warning: Identifier `\i_1' is implicitly declared.
Generating RTLIL representation for module `\SDFFRNQ_X1'.
/home/juliana/venv_pytorch/lib/python3.12/site-packages/MAxPy/pdk/NanGate15nm.v:1091: Warning: Identifier `\IQ' is implicitly declared.
/home/juliana/venv_pytorch/lib/python3.12/site-packages/MAxPy/pdk/NanGate15nm.v:1091: Warning: Identifier `\nextstate' is implicitly declared.
/home/juliana/venv_pytorch/lib/python3.12/site-packages/MAxPy/pdk/NanGate15nm.v:1094: Warning: Identifier `\i_0' is implicitly declared.
/home/juliana/venv_pytorch/lib/python3.12/site-packages/MAxPy/pdk/NanGate15nm.v:1094: Warning: Identifier `\i_1' is implicitly declared.
/home/juliana/venv_pytorch/lib/python3.12/site-packages/MAxPy/pdk/NanGate15nm.v:1096: Warning: Identifier `\i_2' is implicitly declared.
/home/juliana/venv_pytorch/lib/python3.12/site-packages/MAxPy/pdk/NanGate15nm.v:1092: Warning: Identifier `\IQN' is implicitly declared.
Generating RTLIL representation for module `\seq_SDFFRNQ_X1'.
Generating RTLIL representation for module `\SDFFSNQ_X1'.
/home/juliana/venv_pytorch/lib/python3.12/site-packages/MAxPy/pdk/NanGate15nm.v:1235: Warning: Identifier `\IQ' is implicitly declared.
/home/juliana/venv_pytorch/lib/python3.12/site-packages/MAxPy/pdk/NanGate15nm.v:1235: Warning: Identifier `\nextstate' is implicitly declared.
/home/juliana/venv_pytorch/lib/python3.12/site-packages/MAxPy/pdk/NanGate15nm.v:1238: Warning: Identifier `\i_0' is implicitly declared.
/home/juliana/venv_pytorch/lib/python3.12/site-packages/MAxPy/pdk/NanGate15nm.v:1238: Warning: Identifier `\i_1' is implicitly declared.
/home/juliana/venv_pytorch/lib/python3.12/site-packages/MAxPy/pdk/NanGate15nm.v:1240: Warning: Identifier `\i_2' is implicitly declared.
/home/juliana/venv_pytorch/lib/python3.12/site-packages/MAxPy/pdk/NanGate15nm.v:1236: Warning: Identifier `\IQN' is implicitly declared.
Generating RTLIL representation for module `\seq_SDFFSNQ_X1'.
Generating RTLIL representation for module `\TBUF_X1'.
/home/juliana/venv_pytorch/lib/python3.12/site-packages/MAxPy/pdk/NanGate15nm.v:1332: Warning: Identifier `\Z_enable' is implicitly declared.
/home/juliana/venv_pytorch/lib/python3.12/site-packages/MAxPy/pdk/NanGate15nm.v:1332: Warning: Identifier `\Z_in' is implicitly declared.
Generating RTLIL representation for module `\TBUF_X2'.
/home/juliana/venv_pytorch/lib/python3.12/site-packages/MAxPy/pdk/NanGate15nm.v:1342: Warning: Identifier `\Z_enable' is implicitly declared.
/home/juliana/venv_pytorch/lib/python3.12/site-packages/MAxPy/pdk/NanGate15nm.v:1342: Warning: Identifier `\Z_in' is implicitly declared.
Generating RTLIL representation for module `\TBUF_X4'.
/home/juliana/venv_pytorch/lib/python3.12/site-packages/MAxPy/pdk/NanGate15nm.v:1352: Warning: Identifier `\Z_enable' is implicitly declared.
/home/juliana/venv_pytorch/lib/python3.12/site-packages/MAxPy/pdk/NanGate15nm.v:1352: Warning: Identifier `\Z_in' is implicitly declared.
Generating RTLIL representation for module `\TBUF_X8'.
/home/juliana/venv_pytorch/lib/python3.12/site-packages/MAxPy/pdk/NanGate15nm.v:1362: Warning: Identifier `\Z_enable' is implicitly declared.
/home/juliana/venv_pytorch/lib/python3.12/site-packages/MAxPy/pdk/NanGate15nm.v:1362: Warning: Identifier `\Z_in' is implicitly declared.
Generating RTLIL representation for module `\TBUF_X12'.
/home/juliana/venv_pytorch/lib/python3.12/site-packages/MAxPy/pdk/NanGate15nm.v:1372: Warning: Identifier `\Z_enable' is implicitly declared.
/home/juliana/venv_pytorch/lib/python3.12/site-packages/MAxPy/pdk/NanGate15nm.v:1372: Warning: Identifier `\Z_in' is implicitly declared.
Generating RTLIL representation for module `\TBUF_X16'.
/home/juliana/venv_pytorch/lib/python3.12/site-packages/MAxPy/pdk/NanGate15nm.v:1382: Warning: Identifier `\Z_enable' is implicitly declared.
/home/juliana/venv_pytorch/lib/python3.12/site-packages/MAxPy/pdk/NanGate15nm.v:1382: Warning: Identifier `\Z_in' is implicitly declared.
Generating RTLIL representation for module `\TIEH'.
Generating RTLIL representation for module `\TIEL'.
Generating RTLIL representation for module `\XNOR2_X1'.
/home/juliana/venv_pytorch/lib/python3.12/site-packages/MAxPy/pdk/NanGate15nm.v:1406: Warning: Identifier `\i_19' is implicitly declared.
/home/juliana/venv_pytorch/lib/python3.12/site-packages/MAxPy/pdk/NanGate15nm.v:1406: Warning: Identifier `\i_20' is implicitly declared.
/home/juliana/venv_pytorch/lib/python3.12/site-packages/MAxPy/pdk/NanGate15nm.v:1406: Warning: Identifier `\i_21' is implicitly declared.
/home/juliana/venv_pytorch/lib/python3.12/site-packages/MAxPy/pdk/NanGate15nm.v:1409: Warning: Identifier `\i_22' is implicitly declared.
/home/juliana/venv_pytorch/lib/python3.12/site-packages/MAxPy/pdk/NanGate15nm.v:1404: Warning: Identifier `\i_18' is implicitly declared.
Generating RTLIL representation for module `\XOR2_X1'.
/home/juliana/venv_pytorch/lib/python3.12/site-packages/MAxPy/pdk/NanGate15nm.v:1418: Warning: Identifier `\i_18' is implicitly declared.
/home/juliana/venv_pytorch/lib/python3.12/site-packages/MAxPy/pdk/NanGate15nm.v:1418: Warning: Identifier `\i_19' is implicitly declared.
/home/juliana/venv_pytorch/lib/python3.12/site-packages/MAxPy/pdk/NanGate15nm.v:1418: Warning: Identifier `\i_20' is implicitly declared.
/home/juliana/venv_pytorch/lib/python3.12/site-packages/MAxPy/pdk/NanGate15nm.v:1421: Warning: Identifier `\i_21' is implicitly declared.
Successfully finished Verilog frontend.

2. Executing Verilog-2005 frontend: /home/juliana/venv_pytorch/lib/python3.12/site-packages/MAxPy/vlib/AxArith/adders/copy.v
Parsing Verilog input from `/home/juliana/venv_pytorch/lib/python3.12/site-packages/MAxPy/vlib/AxArith/adders/copy.v' to AST representation.
Generating RTLIL representation for module `\copyA'.
Generating RTLIL representation for module `\copyB'.
Successfully finished Verilog frontend.

3. Executing Verilog-2005 frontend: /home/juliana/venv_pytorch/lib/python3.12/site-packages/MAxPy/vlib/AxArith/adders/eta1.v
Parsing Verilog input from `/home/juliana/venv_pytorch/lib/python3.12/site-packages/MAxPy/vlib/AxArith/adders/eta1.v' to AST representation.
Generating RTLIL representation for module `\eta1'.
Successfully finished Verilog frontend.

4. Executing Verilog-2005 frontend: /home/juliana/venv_pytorch/lib/python3.12/site-packages/MAxPy/vlib/AxArith/adders/loa.v
Parsing Verilog input from `/home/juliana/venv_pytorch/lib/python3.12/site-packages/MAxPy/vlib/AxArith/adders/loa.v' to AST representation.
Generating RTLIL representation for module `\loa'.
Successfully finished Verilog frontend.

5. Executing Verilog-2005 frontend: /home/juliana/venv_pytorch/lib/python3.12/site-packages/MAxPy/vlib/AxArith/adders/trunc.v
Parsing Verilog input from `/home/juliana/venv_pytorch/lib/python3.12/site-packages/MAxPy/vlib/AxArith/adders/trunc.v' to AST representation.
Generating RTLIL representation for module `\trunc0'.
Generating RTLIL representation for module `\trunc1'.
Successfully finished Verilog frontend.

6. Executing Verilog-2005 frontend: /home/juliana/venv_pytorch/lib/python3.12/site-packages/MAxPy/vlib/AxArith/multipliers/DRUM.v
Parsing Verilog input from `/home/juliana/venv_pytorch/lib/python3.12/site-packages/MAxPy/vlib/AxArith/multipliers/DRUM.v' to AST representation.
Generating RTLIL representation for module `\DRUMs'.
Generating RTLIL representation for module `\DRUMu'.
Generating RTLIL representation for module `\DRUM_LOD_k'.
Generating RTLIL representation for module `\DRUM_P_Encoder_k'.
Generating RTLIL representation for module `\DRUM_Barrel_Shifter_k'.
Generating RTLIL representation for module `\DRUM_Mux_16_3_k'.
Successfully finished Verilog frontend.

7. Executing Verilog-2005 frontend: /home/juliana/venv_pytorch/lib/python3.12/site-packages/MAxPy/vlib/AxArith/multipliers/LOBA.v
Parsing Verilog input from `/home/juliana/venv_pytorch/lib/python3.12/site-packages/MAxPy/vlib/AxArith/multipliers/LOBA.v' to AST representation.
Generating RTLIL representation for module `\LOBA0s'.
Generating RTLIL representation for module `\LOBA0u'.
Generating RTLIL representation for module `\LOBA1s'.
Generating RTLIL representation for module `\LOBA1u'.
Generating RTLIL representation for module `\LOBA2s'.
Generating RTLIL representation for module `\LOBA2u'.
Generating RTLIL representation for module `\LOBA3s'.
Generating RTLIL representation for module `\LOBA3u'.
Generating RTLIL representation for module `\LOBA_SPLIT'.
Generating RTLIL representation for module `\LOBA_MUX'.
Generating RTLIL representation for module `\LOBA_LOWER'.
Generating RTLIL representation for module `\LOBA_LOB'.
Successfully finished Verilog frontend.

8. Executing Verilog-2005 frontend: study_no_1/poly1_LOBA0s_6_copyA_1/rtl/poly1.v
Parsing Verilog input from `study_no_1/poly1_LOBA0s_6_copyA_1/rtl/poly1.v' to AST representation.
Generating RTLIL representation for module `\poly1'.
Successfully finished Verilog frontend.

9. Executing HIERARCHY pass (managing design hierarchy).

9.1. Analyzing design hierarchy..
Top module:  \poly1
Used module:     \copyA
Used module:     \LOBA0s
Used module:         \LOBA0u
Used module:             \LOBA_SPLIT
Used module:                 \LOBA_LOWER
Used module:                 \LOBA_MUX
Used module:                 \LOBA_LOB
Parameter \N = 16
Parameter \K = 4

9.2. Executing AST frontend in derive mode using pre-parsed AST for module `\LOBA0u'.
Parameter \N = 16
Parameter \K = 4
Generating RTLIL representation for module `$paramod$a07b09e41c3d89959fdd140bdec9a7cc3f3fd22e\LOBA0u'.
Parameter \N = 16
Parameter \K = 4

9.3. Executing AST frontend in derive mode using pre-parsed AST for module `\LOBA_SPLIT'.
Parameter \N = 16
Parameter \K = 4
Generating RTLIL representation for module `$paramod$a07b09e41c3d89959fdd140bdec9a7cc3f3fd22e\LOBA_SPLIT'.
Parameter \N = 16
Parameter \K = 4
Found cached RTLIL representation for module `$paramod$a07b09e41c3d89959fdd140bdec9a7cc3f3fd22e\LOBA_SPLIT'.
Parameter \N = 16

9.4. Executing AST frontend in derive mode using pre-parsed AST for module `\LOBA_LOWER'.
Parameter \N = 16
Generating RTLIL representation for module `$paramod\LOBA_LOWER\N=s32'00000000000000000000000000010000'.
Parameter \N = 16
Parameter \K = 4

9.5. Executing AST frontend in derive mode using pre-parsed AST for module `\LOBA_MUX'.
Parameter \N = 16
Parameter \K = 4
Generating RTLIL representation for module `$paramod$a07b09e41c3d89959fdd140bdec9a7cc3f3fd22e\LOBA_MUX'.
Parameter \N = 16
Parameter \K = 4
Found cached RTLIL representation for module `$paramod$a07b09e41c3d89959fdd140bdec9a7cc3f3fd22e\LOBA_MUX'.
Parameter \N = 16

9.6. Executing AST frontend in derive mode using pre-parsed AST for module `\LOBA_LOB'.
Parameter \N = 16
Generating RTLIL representation for module `$paramod\LOBA_LOB\N=s32'00000000000000000000000000010000'.
Parameter \N = 16
Found cached RTLIL representation for module `$paramod\LOBA_LOB\N=s32'00000000000000000000000000010000'.
Parameter 1 (\BIT_WIDTH) = 16
Parameter 2 (\K) = 1

9.7. Executing AST frontend in derive mode using pre-parsed AST for module `\copyA'.
Parameter 1 (\BIT_WIDTH) = 16
Parameter 2 (\K) = 1
Generating RTLIL representation for module `$paramod$a35d5664b23a311d9c38bd1c9971c39f0be092c2\copyA'.
Parameter 1 (\N) = 16
Parameter 2 (\K) = 6

9.8. Executing AST frontend in derive mode using pre-parsed AST for module `\LOBA0s'.
Parameter 1 (\N) = 16
Parameter 2 (\K) = 6
Generating RTLIL representation for module `$paramod$5877bb0904bef1bfe55ddc5e09d3387b12830d7a\LOBA0s'.

9.9. Analyzing design hierarchy..
Top module:  \poly1
Used module:     $paramod$a35d5664b23a311d9c38bd1c9971c39f0be092c2\copyA
Used module:     $paramod$5877bb0904bef1bfe55ddc5e09d3387b12830d7a\LOBA0s
Used module:         \LOBA0u
Used module:             $paramod$a07b09e41c3d89959fdd140bdec9a7cc3f3fd22e\LOBA_SPLIT
Used module:                 \LOBA_LOWER
Used module:                 \LOBA_MUX
Used module:                 \LOBA_LOB
Parameter \N = 16
Found cached RTLIL representation for module `$paramod\LOBA_LOWER\N=s32'00000000000000000000000000010000'.
Parameter \N = 16
Parameter \K = 4
Found cached RTLIL representation for module `$paramod$a07b09e41c3d89959fdd140bdec9a7cc3f3fd22e\LOBA_MUX'.
Parameter \N = 16
Parameter \K = 4
Found cached RTLIL representation for module `$paramod$a07b09e41c3d89959fdd140bdec9a7cc3f3fd22e\LOBA_MUX'.
Parameter \N = 16
Found cached RTLIL representation for module `$paramod\LOBA_LOB\N=s32'00000000000000000000000000010000'.
Parameter \N = 16
Found cached RTLIL representation for module `$paramod\LOBA_LOB\N=s32'00000000000000000000000000010000'.
Parameter \N = 16
Parameter \K = 6

9.10. Executing AST frontend in derive mode using pre-parsed AST for module `\LOBA0u'.
Parameter \N = 16
Parameter \K = 6
Generating RTLIL representation for module `$paramod$5877bb0904bef1bfe55ddc5e09d3387b12830d7a\LOBA0u'.

9.11. Analyzing design hierarchy..
Top module:  \poly1
Used module:     $paramod$a35d5664b23a311d9c38bd1c9971c39f0be092c2\copyA
Used module:     $paramod$5877bb0904bef1bfe55ddc5e09d3387b12830d7a\LOBA0s
Used module:         $paramod$5877bb0904bef1bfe55ddc5e09d3387b12830d7a\LOBA0u
Used module:             \LOBA_SPLIT
Used module:                 $paramod\LOBA_LOWER\N=s32'00000000000000000000000000010000
Used module:                 $paramod$a07b09e41c3d89959fdd140bdec9a7cc3f3fd22e\LOBA_MUX
Used module:                 $paramod\LOBA_LOB\N=s32'00000000000000000000000000010000
Parameter \N = 16
Parameter \K = 6

9.12. Executing AST frontend in derive mode using pre-parsed AST for module `\LOBA_SPLIT'.
Parameter \N = 16
Parameter \K = 6
Generating RTLIL representation for module `$paramod$5877bb0904bef1bfe55ddc5e09d3387b12830d7a\LOBA_SPLIT'.
Parameter \N = 16
Parameter \K = 6
Found cached RTLIL representation for module `$paramod$5877bb0904bef1bfe55ddc5e09d3387b12830d7a\LOBA_SPLIT'.

9.13. Analyzing design hierarchy..
Top module:  \poly1
Used module:     $paramod$a35d5664b23a311d9c38bd1c9971c39f0be092c2\copyA
Used module:     $paramod$5877bb0904bef1bfe55ddc5e09d3387b12830d7a\LOBA0s
Used module:         $paramod$5877bb0904bef1bfe55ddc5e09d3387b12830d7a\LOBA0u
Used module:             $paramod$5877bb0904bef1bfe55ddc5e09d3387b12830d7a\LOBA_SPLIT
Used module:                 \LOBA_LOWER
Used module:                 \LOBA_MUX
Used module:                 \LOBA_LOB
Parameter \N = 16
Found cached RTLIL representation for module `$paramod\LOBA_LOWER\N=s32'00000000000000000000000000010000'.
Parameter \N = 16
Parameter \K = 6

9.14. Executing AST frontend in derive mode using pre-parsed AST for module `\LOBA_MUX'.
Parameter \N = 16
Parameter \K = 6
Generating RTLIL representation for module `$paramod$5877bb0904bef1bfe55ddc5e09d3387b12830d7a\LOBA_MUX'.
Parameter \N = 16
Parameter \K = 6
Found cached RTLIL representation for module `$paramod$5877bb0904bef1bfe55ddc5e09d3387b12830d7a\LOBA_MUX'.
Parameter \N = 16
Found cached RTLIL representation for module `$paramod\LOBA_LOB\N=s32'00000000000000000000000000010000'.
Parameter \N = 16
Found cached RTLIL representation for module `$paramod\LOBA_LOB\N=s32'00000000000000000000000000010000'.

9.15. Analyzing design hierarchy..
Top module:  \poly1
Used module:     $paramod$a35d5664b23a311d9c38bd1c9971c39f0be092c2\copyA
Used module:     $paramod$5877bb0904bef1bfe55ddc5e09d3387b12830d7a\LOBA0s
Used module:         $paramod$5877bb0904bef1bfe55ddc5e09d3387b12830d7a\LOBA0u
Used module:             $paramod$5877bb0904bef1bfe55ddc5e09d3387b12830d7a\LOBA_SPLIT
Used module:                 $paramod\LOBA_LOWER\N=s32'00000000000000000000000000010000
Used module:                 $paramod$5877bb0904bef1bfe55ddc5e09d3387b12830d7a\LOBA_MUX
Used module:                 $paramod\LOBA_LOB\N=s32'00000000000000000000000000010000

9.16. Analyzing design hierarchy..
Top module:  \poly1
Used module:     $paramod$a35d5664b23a311d9c38bd1c9971c39f0be092c2\copyA
Used module:     $paramod$5877bb0904bef1bfe55ddc5e09d3387b12830d7a\LOBA0s
Used module:         $paramod$5877bb0904bef1bfe55ddc5e09d3387b12830d7a\LOBA0u
Used module:             $paramod$5877bb0904bef1bfe55ddc5e09d3387b12830d7a\LOBA_SPLIT
Used module:                 $paramod\LOBA_LOWER\N=s32'00000000000000000000000000010000
Used module:                 $paramod$5877bb0904bef1bfe55ddc5e09d3387b12830d7a\LOBA_MUX
Used module:                 $paramod\LOBA_LOB\N=s32'00000000000000000000000000010000
Removing unused module `$paramod$a07b09e41c3d89959fdd140bdec9a7cc3f3fd22e\LOBA_MUX'.
Removing unused module `$paramod$a07b09e41c3d89959fdd140bdec9a7cc3f3fd22e\LOBA_SPLIT'.
Removing unused module `$paramod$a07b09e41c3d89959fdd140bdec9a7cc3f3fd22e\LOBA0u'.
Removing unused module `\LOBA_LOB'.
Removing unused module `\LOBA_LOWER'.
Removing unused module `\LOBA_MUX'.
Removing unused module `\LOBA_SPLIT'.
Removing unused module `\LOBA3u'.
Removing unused module `\LOBA3s'.
Removing unused module `\LOBA2u'.
Removing unused module `\LOBA2s'.
Removing unused module `\LOBA1u'.
Removing unused module `\LOBA1s'.
Removing unused module `\LOBA0u'.
Removing unused module `\LOBA0s'.
Removing unused module `\DRUM_Mux_16_3_k'.
Removing unused module `\DRUM_Barrel_Shifter_k'.
Removing unused module `\DRUM_P_Encoder_k'.
Removing unused module `\DRUM_LOD_k'.
Removing unused module `\DRUMu'.
Removing unused module `\DRUMs'.
Removing unused module `\trunc1'.
Removing unused module `\trunc0'.
Removing unused module `\loa'.
Removing unused module `\eta1'.
Removing unused module `\copyB'.
Removing unused module `\copyA'.
Removing unused module `\XOR2_X1'.
Removing unused module `\XNOR2_X1'.
Removing unused module `\TIEL'.
Removing unused module `\TIEH'.
Removing unused module `\TBUF_X16'.
Removing unused module `\TBUF_X12'.
Removing unused module `\TBUF_X8'.
Removing unused module `\TBUF_X4'.
Removing unused module `\TBUF_X2'.
Removing unused module `\TBUF_X1'.
Removing unused module `\seq_SDFFSNQ_X1'.
Removing unused module `\SDFFSNQ_X1'.
Removing unused module `\seq_SDFFRNQ_X1'.
Removing unused module `\SDFFRNQ_X1'.
Removing unused module `\OR4_X2'.
Removing unused module `\OR4_X1'.
Removing unused module `\OR3_X2'.
Removing unused module `\OR3_X1'.
Removing unused module `\OR2_X2'.
Removing unused module `\OR2_X1'.
Removing unused module `\OAI22_X2'.
Removing unused module `\OAI22_X1'.
Removing unused module `\OAI21_X2'.
Removing unused module `\OAI21_X1'.
Removing unused module `\NOR4_X2'.
Removing unused module `\NOR4_X1'.
Removing unused module `\NOR3_X2'.
Removing unused module `\NOR3_X1'.
Removing unused module `\NOR2_X2'.
Removing unused module `\NOR2_X1'.
Removing unused module `\NAND4_X2'.
Removing unused module `\NAND4_X1'.
Removing unused module `\NAND3_X2'.
Removing unused module `\NAND3_X1'.
Removing unused module `\NAND2_X2'.
Removing unused module `\NAND2_X1'.
Removing unused module `\MUX2_X1'.
Removing unused module `\seq_LHQ_X1'.
Removing unused module `\LHQ_X1'.
Removing unused module `\INV_X16'.
Removing unused module `\INV_X12'.
Removing unused module `\INV_X8'.
Removing unused module `\INV_X4'.
Removing unused module `\INV_X2'.
Removing unused module `\INV_X1'.
Removing unused module `\HA_X1'.
Removing unused module `\FA_X1'.
Removing unused module `\seq_DFFSNQ_X1'.
Removing unused module `\DFFSNQ_X1'.
Removing unused module `\seq_DFFRNQ_X1'.
Removing unused module `\DFFRNQ_X1'.
Removing unused module `\seq_CLKGATETST_X1'.
Removing unused module `\CLKGATETST_X1'.
Removing unused module `\CLKBUF_X16'.
Removing unused module `\CLKBUF_X12'.
Removing unused module `\CLKBUF_X8'.
Removing unused module `\CLKBUF_X4'.
Removing unused module `\CLKBUF_X2'.
Removing unused module `\CLKBUF_X1'.
Removing unused module `\BUF_X16'.
Removing unused module `\BUF_X12'.
Removing unused module `\BUF_X8'.
Removing unused module `\BUF_X4'.
Removing unused module `\BUF_X2'.
Removing unused module `\BUF_X1'.
Removing unused module `\AOI22_X2'.
Removing unused module `\AOI22_X1'.
Removing unused module `\AOI21_X2'.
Removing unused module `\AOI21_X1'.
Removing unused module `\AND4_X2'.
Removing unused module `\AND4_X1'.
Removing unused module `\AND3_X2'.
Removing unused module `\AND3_X1'.
Removing unused module `\AND2_X2'.
Removing unused module `\AND2_X1'.
Removed 102 unused modules.
Mapping positional arguments of cell poly1.sum1 ($paramod$a35d5664b23a311d9c38bd1c9971c39f0be092c2\copyA).
Mapping positional arguments of cell poly1.mult1 ($paramod$5877bb0904bef1bfe55ddc5e09d3387b12830d7a\LOBA0s).
Warning: Resizing cell port poly1.sum1.B from 8 bits to 16 bits.
Warning: Resizing cell port poly1.sum1.OUT from 16 bits to 17 bits.
Warning: Resizing cell port poly1.mult1.a from 8 bits to 16 bits.
Warning: Resizing cell port poly1.mult1.b from 8 bits to 16 bits.
Warning: Resizing cell port poly1.mult1.r from 16 bits to 32 bits.
Warning: Resizing cell port $paramod$5877bb0904bef1bfe55ddc5e09d3387b12830d7a\LOBA_SPLIT.u5.select from 32 bits to 4 bits.

10. Executing PREP pass.

10.1. Executing HIERARCHY pass (managing design hierarchy).

10.1.1. Analyzing design hierarchy..
Top module:  \poly1
Used module:     $paramod$a35d5664b23a311d9c38bd1c9971c39f0be092c2\copyA
Used module:     $paramod$5877bb0904bef1bfe55ddc5e09d3387b12830d7a\LOBA0s
Used module:         $paramod$5877bb0904bef1bfe55ddc5e09d3387b12830d7a\LOBA0u
Used module:             $paramod$5877bb0904bef1bfe55ddc5e09d3387b12830d7a\LOBA_SPLIT
Used module:                 $paramod\LOBA_LOWER\N=s32'00000000000000000000000000010000
Used module:                 $paramod$5877bb0904bef1bfe55ddc5e09d3387b12830d7a\LOBA_MUX
Used module:                 $paramod\LOBA_LOB\N=s32'00000000000000000000000000010000

10.1.2. Analyzing design hierarchy..
Top module:  \poly1
Used module:     $paramod$a35d5664b23a311d9c38bd1c9971c39f0be092c2\copyA
Used module:     $paramod$5877bb0904bef1bfe55ddc5e09d3387b12830d7a\LOBA0s
Used module:         $paramod$5877bb0904bef1bfe55ddc5e09d3387b12830d7a\LOBA0u
Used module:             $paramod$5877bb0904bef1bfe55ddc5e09d3387b12830d7a\LOBA_SPLIT
Used module:                 $paramod\LOBA_LOWER\N=s32'00000000000000000000000000010000
Used module:                 $paramod$5877bb0904bef1bfe55ddc5e09d3387b12830d7a\LOBA_MUX
Used module:                 $paramod\LOBA_LOB\N=s32'00000000000000000000000000010000
Removed 0 unused modules.

10.2. Executing PROC pass (convert processes to netlists).

10.2.1. Executing PROC_CLEAN pass (remove empty switches from decision trees).
Cleaned up 0 empty switches.

10.2.2. Executing PROC_RMDEAD pass (remove dead branches from decision trees).
Removed a total of 0 dead cases.

10.2.3. Executing PROC_PRUNE pass (remove redundant assignments in processes).
Removed 0 redundant assignments.
Promoted 34 assignments to connections.

10.2.4. Executing PROC_INIT pass (extract init attributes).

10.2.5. Executing PROC_ARST pass (detect async resets in processes).

10.2.6. Executing PROC_ROM pass (convert switches to ROMs).
Converted 0 switches.
<suppressed ~49 debug messages>

10.2.7. Executing PROC_MUX pass (convert decision trees to multiplexers).
Creating decoders for process `$paramod\LOBA_LOB\N=s32'00000000000000000000000000010000.$proc$/home/juliana/venv_pytorch/lib/python3.12/site-packages/MAxPy/vlib/AxArith/multipliers/LOBA.v:311$656'.
Creating decoders for process `$paramod$5877bb0904bef1bfe55ddc5e09d3387b12830d7a\LOBA_MUX.$proc$/home/juliana/venv_pytorch/lib/python3.12/site-packages/MAxPy/vlib/AxArith/multipliers/LOBA.v:271$756'.
     1/1: $0\out[5:0]
Creating decoders for process `$paramod\LOBA_LOWER\N=s32'00000000000000000000000000010000.$proc$/home/juliana/venv_pytorch/lib/python3.12/site-packages/MAxPy/vlib/AxArith/multipliers/LOBA.v:293$640'.
     1/2: $15\out[15:0] [15:1]
     2/2: $15\out[15:0] [0]
Creating decoders for process `$paramod\LOBA_LOWER\N=s32'00000000000000000000000000010000.$proc$/home/juliana/venv_pytorch/lib/python3.12/site-packages/MAxPy/vlib/AxArith/multipliers/LOBA.v:293$638'.
     1/2: $14\out[15:0] [15:2]
     2/2: $14\out[15:0] [1:0]
Creating decoders for process `$paramod\LOBA_LOWER\N=s32'00000000000000000000000000010000.$proc$/home/juliana/venv_pytorch/lib/python3.12/site-packages/MAxPy/vlib/AxArith/multipliers/LOBA.v:293$636'.
     1/2: $13\out[15:0] [15:3]
     2/2: $13\out[15:0] [2:0]
Creating decoders for process `$paramod\LOBA_LOWER\N=s32'00000000000000000000000000010000.$proc$/home/juliana/venv_pytorch/lib/python3.12/site-packages/MAxPy/vlib/AxArith/multipliers/LOBA.v:293$634'.
     1/2: $12\out[15:0] [15:4]
     2/2: $12\out[15:0] [3:0]
Creating decoders for process `$paramod\LOBA_LOWER\N=s32'00000000000000000000000000010000.$proc$/home/juliana/venv_pytorch/lib/python3.12/site-packages/MAxPy/vlib/AxArith/multipliers/LOBA.v:293$632'.
     1/2: $11\out[15:0] [15:5]
     2/2: $11\out[15:0] [4:0]
Creating decoders for process `$paramod\LOBA_LOWER\N=s32'00000000000000000000000000010000.$proc$/home/juliana/venv_pytorch/lib/python3.12/site-packages/MAxPy/vlib/AxArith/multipliers/LOBA.v:293$630'.
     1/2: $10\out[15:0] [15:6]
     2/2: $10\out[15:0] [5:0]
Creating decoders for process `$paramod\LOBA_LOWER\N=s32'00000000000000000000000000010000.$proc$/home/juliana/venv_pytorch/lib/python3.12/site-packages/MAxPy/vlib/AxArith/multipliers/LOBA.v:293$628'.
     1/2: $9\out[15:0] [15:7]
     2/2: $9\out[15:0] [6:0]
Creating decoders for process `$paramod\LOBA_LOWER\N=s32'00000000000000000000000000010000.$proc$/home/juliana/venv_pytorch/lib/python3.12/site-packages/MAxPy/vlib/AxArith/multipliers/LOBA.v:293$626'.
     1/2: $8\out[15:0] [15:8]
     2/2: $8\out[15:0] [7:0]
Creating decoders for process `$paramod\LOBA_LOWER\N=s32'00000000000000000000000000010000.$proc$/home/juliana/venv_pytorch/lib/python3.12/site-packages/MAxPy/vlib/AxArith/multipliers/LOBA.v:293$624'.
     1/2: $7\out[15:0] [15:9]
     2/2: $7\out[15:0] [8:0]
Creating decoders for process `$paramod\LOBA_LOWER\N=s32'00000000000000000000000000010000.$proc$/home/juliana/venv_pytorch/lib/python3.12/site-packages/MAxPy/vlib/AxArith/multipliers/LOBA.v:293$622'.
     1/2: $6\out[15:0] [15:10]
     2/2: $6\out[15:0] [9:0]
Creating decoders for process `$paramod\LOBA_LOWER\N=s32'00000000000000000000000000010000.$proc$/home/juliana/venv_pytorch/lib/python3.12/site-packages/MAxPy/vlib/AxArith/multipliers/LOBA.v:293$620'.
     1/2: $5\out[15:0] [15:11]
     2/2: $5\out[15:0] [10:0]
Creating decoders for process `$paramod\LOBA_LOWER\N=s32'00000000000000000000000000010000.$proc$/home/juliana/venv_pytorch/lib/python3.12/site-packages/MAxPy/vlib/AxArith/multipliers/LOBA.v:293$618'.
     1/2: $4\out[15:0] [15:12]
     2/2: $4\out[15:0] [11:0]
Creating decoders for process `$paramod\LOBA_LOWER\N=s32'00000000000000000000000000010000.$proc$/home/juliana/venv_pytorch/lib/python3.12/site-packages/MAxPy/vlib/AxArith/multipliers/LOBA.v:293$616'.
     1/2: $3\out[15:0] [15:13]
     2/2: $3\out[15:0] [12:0]
Creating decoders for process `$paramod\LOBA_LOWER\N=s32'00000000000000000000000000010000.$proc$/home/juliana/venv_pytorch/lib/python3.12/site-packages/MAxPy/vlib/AxArith/multipliers/LOBA.v:293$614'.
     1/2: $2\out[15:0] [15:14]
     2/2: $2\out[15:0] [13:0]
Creating decoders for process `$paramod\LOBA_LOWER\N=s32'00000000000000000000000000010000.$proc$/home/juliana/venv_pytorch/lib/python3.12/site-packages/MAxPy/vlib/AxArith/multipliers/LOBA.v:293$612'.
     1/2: $1\out[15:0] [15]
     2/2: $1\out[15:0] [14:0]
Creating decoders for process `$paramod\LOBA_LOWER\N=s32'00000000000000000000000000010000.$proc$/home/juliana/venv_pytorch/lib/python3.12/site-packages/MAxPy/vlib/AxArith/multipliers/LOBA.v:293$610'.
     1/1: $0\out[15:0]
Creating decoders for process `$paramod$5877bb0904bef1bfe55ddc5e09d3387b12830d7a\LOBA_SPLIT.$proc$/home/juliana/venv_pytorch/lib/python3.12/site-packages/MAxPy/vlib/AxArith/multipliers/LOBA.v:248$753'.
     1/2: $10\kl[3:0]
     2/2: $10\kh[3:0]
Creating decoders for process `$paramod$5877bb0904bef1bfe55ddc5e09d3387b12830d7a\LOBA_SPLIT.$proc$/home/juliana/venv_pytorch/lib/python3.12/site-packages/MAxPy/vlib/AxArith/multipliers/LOBA.v:248$750'.
     1/2: $9\kl[3:0]
     2/2: $9\kh[3:0]
Creating decoders for process `$paramod$5877bb0904bef1bfe55ddc5e09d3387b12830d7a\LOBA_SPLIT.$proc$/home/juliana/venv_pytorch/lib/python3.12/site-packages/MAxPy/vlib/AxArith/multipliers/LOBA.v:248$747'.
     1/2: $8\kl[3:0]
     2/2: $8\kh[3:0]
Creating decoders for process `$paramod$5877bb0904bef1bfe55ddc5e09d3387b12830d7a\LOBA_SPLIT.$proc$/home/juliana/venv_pytorch/lib/python3.12/site-packages/MAxPy/vlib/AxArith/multipliers/LOBA.v:248$744'.
     1/2: $7\kl[3:0]
     2/2: $7\kh[3:0]
Creating decoders for process `$paramod$5877bb0904bef1bfe55ddc5e09d3387b12830d7a\LOBA_SPLIT.$proc$/home/juliana/venv_pytorch/lib/python3.12/site-packages/MAxPy/vlib/AxArith/multipliers/LOBA.v:248$741'.
     1/2: $6\kl[3:0]
     2/2: $6\kh[3:0]
Creating decoders for process `$paramod$5877bb0904bef1bfe55ddc5e09d3387b12830d7a\LOBA_SPLIT.$proc$/home/juliana/venv_pytorch/lib/python3.12/site-packages/MAxPy/vlib/AxArith/multipliers/LOBA.v:248$738'.
     1/2: $5\kl[3:0]
     2/2: $5\kh[3:0]
Creating decoders for process `$paramod$5877bb0904bef1bfe55ddc5e09d3387b12830d7a\LOBA_SPLIT.$proc$/home/juliana/venv_pytorch/lib/python3.12/site-packages/MAxPy/vlib/AxArith/multipliers/LOBA.v:248$735'.
     1/2: $4\kl[3:0]
     2/2: $4\kh[3:0]
Creating decoders for process `$paramod$5877bb0904bef1bfe55ddc5e09d3387b12830d7a\LOBA_SPLIT.$proc$/home/juliana/venv_pytorch/lib/python3.12/site-packages/MAxPy/vlib/AxArith/multipliers/LOBA.v:248$732'.
     1/2: $3\kl[3:0]
     2/2: $3\kh[3:0]
Creating decoders for process `$paramod$5877bb0904bef1bfe55ddc5e09d3387b12830d7a\LOBA_SPLIT.$proc$/home/juliana/venv_pytorch/lib/python3.12/site-packages/MAxPy/vlib/AxArith/multipliers/LOBA.v:248$729'.
     1/2: $2\kl[3:0]
     2/2: $2\kh[3:0]
Creating decoders for process `$paramod$5877bb0904bef1bfe55ddc5e09d3387b12830d7a\LOBA_SPLIT.$proc$/home/juliana/venv_pytorch/lib/python3.12/site-packages/MAxPy/vlib/AxArith/multipliers/LOBA.v:248$726'.
     1/2: $1\kl[3:0]
     2/2: $1\kh[3:0]
Creating decoders for process `$paramod$5877bb0904bef1bfe55ddc5e09d3387b12830d7a\LOBA_SPLIT.$proc$/home/juliana/venv_pytorch/lib/python3.12/site-packages/MAxPy/vlib/AxArith/multipliers/LOBA.v:248$723'.
     1/2: $0\kl[3:0]
     2/2: $0\kh[3:0]

10.2.8. Executing PROC_DLATCH pass (convert process syncs to latches).
No latch inferred for signal `$paramod\LOBA_LOB\N=s32'00000000000000000000000000010000.\k' from process `$paramod\LOBA_LOB\N=s32'00000000000000000000000000010000.$proc$/home/juliana/venv_pytorch/lib/python3.12/site-packages/MAxPy/vlib/AxArith/multipliers/LOBA.v:311$656'.
No latch inferred for signal `$paramod\LOBA_LOB\N=s32'00000000000000000000000000010000.\w' from process `$paramod\LOBA_LOB\N=s32'00000000000000000000000000010000.$proc$/home/juliana/venv_pytorch/lib/python3.12/site-packages/MAxPy/vlib/AxArith/multipliers/LOBA.v:311$656'.
No latch inferred for signal `$paramod\LOBA_LOB\N=s32'00000000000000000000000000010000.\y' from process `$paramod\LOBA_LOB\N=s32'00000000000000000000000000010000.$proc$/home/juliana/venv_pytorch/lib/python3.12/site-packages/MAxPy/vlib/AxArith/multipliers/LOBA.v:311$656'.
No latch inferred for signal `$paramod$5877bb0904bef1bfe55ddc5e09d3387b12830d7a\LOBA_MUX.\out' from process `$paramod$5877bb0904bef1bfe55ddc5e09d3387b12830d7a\LOBA_MUX.$proc$/home/juliana/venv_pytorch/lib/python3.12/site-packages/MAxPy/vlib/AxArith/multipliers/LOBA.v:271$756'.
No latch inferred for signal `$paramod$5877bb0904bef1bfe55ddc5e09d3387b12830d7a\LOBA_MUX.\i' from process `$paramod$5877bb0904bef1bfe55ddc5e09d3387b12830d7a\LOBA_MUX.$proc$/home/juliana/venv_pytorch/lib/python3.12/site-packages/MAxPy/vlib/AxArith/multipliers/LOBA.v:271$756'.
Latch inferred for signal `$paramod\LOBA_LOWER\N=s32'00000000000000000000000000010000.\out' from process `$paramod\LOBA_LOWER\N=s32'00000000000000000000000000010000.$proc$/home/juliana/venv_pytorch/lib/python3.12/site-packages/MAxPy/vlib/AxArith/multipliers/LOBA.v:293$640': $auto$proc_dlatch.cc:427:proc_dlatch$908
Latch inferred for signal `$paramod\LOBA_LOWER\N=s32'00000000000000000000000000010000.\out' from process `$paramod\LOBA_LOWER\N=s32'00000000000000000000000000010000.$proc$/home/juliana/venv_pytorch/lib/python3.12/site-packages/MAxPy/vlib/AxArith/multipliers/LOBA.v:293$638': $auto$proc_dlatch.cc:427:proc_dlatch$919
Latch inferred for signal `$paramod\LOBA_LOWER\N=s32'00000000000000000000000000010000.\out' from process `$paramod\LOBA_LOWER\N=s32'00000000000000000000000000010000.$proc$/home/juliana/venv_pytorch/lib/python3.12/site-packages/MAxPy/vlib/AxArith/multipliers/LOBA.v:293$636': $auto$proc_dlatch.cc:427:proc_dlatch$930
Latch inferred for signal `$paramod\LOBA_LOWER\N=s32'00000000000000000000000000010000.\out' from process `$paramod\LOBA_LOWER\N=s32'00000000000000000000000000010000.$proc$/home/juliana/venv_pytorch/lib/python3.12/site-packages/MAxPy/vlib/AxArith/multipliers/LOBA.v:293$634': $auto$proc_dlatch.cc:427:proc_dlatch$941
Latch inferred for signal `$paramod\LOBA_LOWER\N=s32'00000000000000000000000000010000.\out' from process `$paramod\LOBA_LOWER\N=s32'00000000000000000000000000010000.$proc$/home/juliana/venv_pytorch/lib/python3.12/site-packages/MAxPy/vlib/AxArith/multipliers/LOBA.v:293$632': $auto$proc_dlatch.cc:427:proc_dlatch$952
Latch inferred for signal `$paramod\LOBA_LOWER\N=s32'00000000000000000000000000010000.\out' from process `$paramod\LOBA_LOWER\N=s32'00000000000000000000000000010000.$proc$/home/juliana/venv_pytorch/lib/python3.12/site-packages/MAxPy/vlib/AxArith/multipliers/LOBA.v:293$630': $auto$proc_dlatch.cc:427:proc_dlatch$963
Latch inferred for signal `$paramod\LOBA_LOWER\N=s32'00000000000000000000000000010000.\out' from process `$paramod\LOBA_LOWER\N=s32'00000000000000000000000000010000.$proc$/home/juliana/venv_pytorch/lib/python3.12/site-packages/MAxPy/vlib/AxArith/multipliers/LOBA.v:293$628': $auto$proc_dlatch.cc:427:proc_dlatch$974
Latch inferred for signal `$paramod\LOBA_LOWER\N=s32'00000000000000000000000000010000.\out' from process `$paramod\LOBA_LOWER\N=s32'00000000000000000000000000010000.$proc$/home/juliana/venv_pytorch/lib/python3.12/site-packages/MAxPy/vlib/AxArith/multipliers/LOBA.v:293$626': $auto$proc_dlatch.cc:427:proc_dlatch$985
Latch inferred for signal `$paramod\LOBA_LOWER\N=s32'00000000000000000000000000010000.\out' from process `$paramod\LOBA_LOWER\N=s32'00000000000000000000000000010000.$proc$/home/juliana/venv_pytorch/lib/python3.12/site-packages/MAxPy/vlib/AxArith/multipliers/LOBA.v:293$624': $auto$proc_dlatch.cc:427:proc_dlatch$996
Latch inferred for signal `$paramod\LOBA_LOWER\N=s32'00000000000000000000000000010000.\out' from process `$paramod\LOBA_LOWER\N=s32'00000000000000000000000000010000.$proc$/home/juliana/venv_pytorch/lib/python3.12/site-packages/MAxPy/vlib/AxArith/multipliers/LOBA.v:293$622': $auto$proc_dlatch.cc:427:proc_dlatch$1007
Latch inferred for signal `$paramod\LOBA_LOWER\N=s32'00000000000000000000000000010000.\out' from process `$paramod\LOBA_LOWER\N=s32'00000000000000000000000000010000.$proc$/home/juliana/venv_pytorch/lib/python3.12/site-packages/MAxPy/vlib/AxArith/multipliers/LOBA.v:293$620': $auto$proc_dlatch.cc:427:proc_dlatch$1018
Latch inferred for signal `$paramod\LOBA_LOWER\N=s32'00000000000000000000000000010000.\out' from process `$paramod\LOBA_LOWER\N=s32'00000000000000000000000000010000.$proc$/home/juliana/venv_pytorch/lib/python3.12/site-packages/MAxPy/vlib/AxArith/multipliers/LOBA.v:293$618': $auto$proc_dlatch.cc:427:proc_dlatch$1029
Latch inferred for signal `$paramod\LOBA_LOWER\N=s32'00000000000000000000000000010000.\out' from process `$paramod\LOBA_LOWER\N=s32'00000000000000000000000000010000.$proc$/home/juliana/venv_pytorch/lib/python3.12/site-packages/MAxPy/vlib/AxArith/multipliers/LOBA.v:293$616': $auto$proc_dlatch.cc:427:proc_dlatch$1040
Latch inferred for signal `$paramod\LOBA_LOWER\N=s32'00000000000000000000000000010000.\out' from process `$paramod\LOBA_LOWER\N=s32'00000000000000000000000000010000.$proc$/home/juliana/venv_pytorch/lib/python3.12/site-packages/MAxPy/vlib/AxArith/multipliers/LOBA.v:293$614': $auto$proc_dlatch.cc:427:proc_dlatch$1051
Latch inferred for signal `$paramod\LOBA_LOWER\N=s32'00000000000000000000000000010000.\out' from process `$paramod\LOBA_LOWER\N=s32'00000000000000000000000000010000.$proc$/home/juliana/venv_pytorch/lib/python3.12/site-packages/MAxPy/vlib/AxArith/multipliers/LOBA.v:293$612': $auto$proc_dlatch.cc:427:proc_dlatch$1062
Latch inferred for signal `$paramod\LOBA_LOWER\N=s32'00000000000000000000000000010000.\out' from process `$paramod\LOBA_LOWER\N=s32'00000000000000000000000000010000.$proc$/home/juliana/venv_pytorch/lib/python3.12/site-packages/MAxPy/vlib/AxArith/multipliers/LOBA.v:293$610': $auto$proc_dlatch.cc:427:proc_dlatch$1073
Latch inferred for signal `$paramod$5877bb0904bef1bfe55ddc5e09d3387b12830d7a\LOBA_SPLIT.\kh' from process `$paramod$5877bb0904bef1bfe55ddc5e09d3387b12830d7a\LOBA_SPLIT.$proc$/home/juliana/venv_pytorch/lib/python3.12/site-packages/MAxPy/vlib/AxArith/multipliers/LOBA.v:248$753': $auto$proc_dlatch.cc:427:proc_dlatch$1084
Latch inferred for signal `$paramod$5877bb0904bef1bfe55ddc5e09d3387b12830d7a\LOBA_SPLIT.\kl' from process `$paramod$5877bb0904bef1bfe55ddc5e09d3387b12830d7a\LOBA_SPLIT.$proc$/home/juliana/venv_pytorch/lib/python3.12/site-packages/MAxPy/vlib/AxArith/multipliers/LOBA.v:248$753': $auto$proc_dlatch.cc:427:proc_dlatch$1095
Latch inferred for signal `$paramod$5877bb0904bef1bfe55ddc5e09d3387b12830d7a\LOBA_SPLIT.\kh' from process `$paramod$5877bb0904bef1bfe55ddc5e09d3387b12830d7a\LOBA_SPLIT.$proc$/home/juliana/venv_pytorch/lib/python3.12/site-packages/MAxPy/vlib/AxArith/multipliers/LOBA.v:248$750': $auto$proc_dlatch.cc:427:proc_dlatch$1106
Latch inferred for signal `$paramod$5877bb0904bef1bfe55ddc5e09d3387b12830d7a\LOBA_SPLIT.\kl' from process `$paramod$5877bb0904bef1bfe55ddc5e09d3387b12830d7a\LOBA_SPLIT.$proc$/home/juliana/venv_pytorch/lib/python3.12/site-packages/MAxPy/vlib/AxArith/multipliers/LOBA.v:248$750': $auto$proc_dlatch.cc:427:proc_dlatch$1117
Latch inferred for signal `$paramod$5877bb0904bef1bfe55ddc5e09d3387b12830d7a\LOBA_SPLIT.\kh' from process `$paramod$5877bb0904bef1bfe55ddc5e09d3387b12830d7a\LOBA_SPLIT.$proc$/home/juliana/venv_pytorch/lib/python3.12/site-packages/MAxPy/vlib/AxArith/multipliers/LOBA.v:248$747': $auto$proc_dlatch.cc:427:proc_dlatch$1128
Latch inferred for signal `$paramod$5877bb0904bef1bfe55ddc5e09d3387b12830d7a\LOBA_SPLIT.\kl' from process `$paramod$5877bb0904bef1bfe55ddc5e09d3387b12830d7a\LOBA_SPLIT.$proc$/home/juliana/venv_pytorch/lib/python3.12/site-packages/MAxPy/vlib/AxArith/multipliers/LOBA.v:248$747': $auto$proc_dlatch.cc:427:proc_dlatch$1139
Latch inferred for signal `$paramod$5877bb0904bef1bfe55ddc5e09d3387b12830d7a\LOBA_SPLIT.\kh' from process `$paramod$5877bb0904bef1bfe55ddc5e09d3387b12830d7a\LOBA_SPLIT.$proc$/home/juliana/venv_pytorch/lib/python3.12/site-packages/MAxPy/vlib/AxArith/multipliers/LOBA.v:248$744': $auto$proc_dlatch.cc:427:proc_dlatch$1150
Latch inferred for signal `$paramod$5877bb0904bef1bfe55ddc5e09d3387b12830d7a\LOBA_SPLIT.\kl' from process `$paramod$5877bb0904bef1bfe55ddc5e09d3387b12830d7a\LOBA_SPLIT.$proc$/home/juliana/venv_pytorch/lib/python3.12/site-packages/MAxPy/vlib/AxArith/multipliers/LOBA.v:248$744': $auto$proc_dlatch.cc:427:proc_dlatch$1161
Latch inferred for signal `$paramod$5877bb0904bef1bfe55ddc5e09d3387b12830d7a\LOBA_SPLIT.\kh' from process `$paramod$5877bb0904bef1bfe55ddc5e09d3387b12830d7a\LOBA_SPLIT.$proc$/home/juliana/venv_pytorch/lib/python3.12/site-packages/MAxPy/vlib/AxArith/multipliers/LOBA.v:248$741': $auto$proc_dlatch.cc:427:proc_dlatch$1172
Latch inferred for signal `$paramod$5877bb0904bef1bfe55ddc5e09d3387b12830d7a\LOBA_SPLIT.\kl' from process `$paramod$5877bb0904bef1bfe55ddc5e09d3387b12830d7a\LOBA_SPLIT.$proc$/home/juliana/venv_pytorch/lib/python3.12/site-packages/MAxPy/vlib/AxArith/multipliers/LOBA.v:248$741': $auto$proc_dlatch.cc:427:proc_dlatch$1183
Latch inferred for signal `$paramod$5877bb0904bef1bfe55ddc5e09d3387b12830d7a\LOBA_SPLIT.\kh' from process `$paramod$5877bb0904bef1bfe55ddc5e09d3387b12830d7a\LOBA_SPLIT.$proc$/home/juliana/venv_pytorch/lib/python3.12/site-packages/MAxPy/vlib/AxArith/multipliers/LOBA.v:248$738': $auto$proc_dlatch.cc:427:proc_dlatch$1194
Latch inferred for signal `$paramod$5877bb0904bef1bfe55ddc5e09d3387b12830d7a\LOBA_SPLIT.\kl' from process `$paramod$5877bb0904bef1bfe55ddc5e09d3387b12830d7a\LOBA_SPLIT.$proc$/home/juliana/venv_pytorch/lib/python3.12/site-packages/MAxPy/vlib/AxArith/multipliers/LOBA.v:248$738': $auto$proc_dlatch.cc:427:proc_dlatch$1205
Latch inferred for signal `$paramod$5877bb0904bef1bfe55ddc5e09d3387b12830d7a\LOBA_SPLIT.\kh' from process `$paramod$5877bb0904bef1bfe55ddc5e09d3387b12830d7a\LOBA_SPLIT.$proc$/home/juliana/venv_pytorch/lib/python3.12/site-packages/MAxPy/vlib/AxArith/multipliers/LOBA.v:248$735': $auto$proc_dlatch.cc:427:proc_dlatch$1216
Latch inferred for signal `$paramod$5877bb0904bef1bfe55ddc5e09d3387b12830d7a\LOBA_SPLIT.\kl' from process `$paramod$5877bb0904bef1bfe55ddc5e09d3387b12830d7a\LOBA_SPLIT.$proc$/home/juliana/venv_pytorch/lib/python3.12/site-packages/MAxPy/vlib/AxArith/multipliers/LOBA.v:248$735': $auto$proc_dlatch.cc:427:proc_dlatch$1227
Latch inferred for signal `$paramod$5877bb0904bef1bfe55ddc5e09d3387b12830d7a\LOBA_SPLIT.\kh' from process `$paramod$5877bb0904bef1bfe55ddc5e09d3387b12830d7a\LOBA_SPLIT.$proc$/home/juliana/venv_pytorch/lib/python3.12/site-packages/MAxPy/vlib/AxArith/multipliers/LOBA.v:248$732': $auto$proc_dlatch.cc:427:proc_dlatch$1238
Latch inferred for signal `$paramod$5877bb0904bef1bfe55ddc5e09d3387b12830d7a\LOBA_SPLIT.\kl' from process `$paramod$5877bb0904bef1bfe55ddc5e09d3387b12830d7a\LOBA_SPLIT.$proc$/home/juliana/venv_pytorch/lib/python3.12/site-packages/MAxPy/vlib/AxArith/multipliers/LOBA.v:248$732': $auto$proc_dlatch.cc:427:proc_dlatch$1249
Latch inferred for signal `$paramod$5877bb0904bef1bfe55ddc5e09d3387b12830d7a\LOBA_SPLIT.\kh' from process `$paramod$5877bb0904bef1bfe55ddc5e09d3387b12830d7a\LOBA_SPLIT.$proc$/home/juliana/venv_pytorch/lib/python3.12/site-packages/MAxPy/vlib/AxArith/multipliers/LOBA.v:248$729': $auto$proc_dlatch.cc:427:proc_dlatch$1260
Latch inferred for signal `$paramod$5877bb0904bef1bfe55ddc5e09d3387b12830d7a\LOBA_SPLIT.\kl' from process `$paramod$5877bb0904bef1bfe55ddc5e09d3387b12830d7a\LOBA_SPLIT.$proc$/home/juliana/venv_pytorch/lib/python3.12/site-packages/MAxPy/vlib/AxArith/multipliers/LOBA.v:248$729': $auto$proc_dlatch.cc:427:proc_dlatch$1271
Latch inferred for signal `$paramod$5877bb0904bef1bfe55ddc5e09d3387b12830d7a\LOBA_SPLIT.\kh' from process `$paramod$5877bb0904bef1bfe55ddc5e09d3387b12830d7a\LOBA_SPLIT.$proc$/home/juliana/venv_pytorch/lib/python3.12/site-packages/MAxPy/vlib/AxArith/multipliers/LOBA.v:248$726': $auto$proc_dlatch.cc:427:proc_dlatch$1282
Latch inferred for signal `$paramod$5877bb0904bef1bfe55ddc5e09d3387b12830d7a\LOBA_SPLIT.\kl' from process `$paramod$5877bb0904bef1bfe55ddc5e09d3387b12830d7a\LOBA_SPLIT.$proc$/home/juliana/venv_pytorch/lib/python3.12/site-packages/MAxPy/vlib/AxArith/multipliers/LOBA.v:248$726': $auto$proc_dlatch.cc:427:proc_dlatch$1293
Latch inferred for signal `$paramod$5877bb0904bef1bfe55ddc5e09d3387b12830d7a\LOBA_SPLIT.\kh' from process `$paramod$5877bb0904bef1bfe55ddc5e09d3387b12830d7a\LOBA_SPLIT.$proc$/home/juliana/venv_pytorch/lib/python3.12/site-packages/MAxPy/vlib/AxArith/multipliers/LOBA.v:248$723': $auto$proc_dlatch.cc:427:proc_dlatch$1304
Latch inferred for signal `$paramod$5877bb0904bef1bfe55ddc5e09d3387b12830d7a\LOBA_SPLIT.\kl' from process `$paramod$5877bb0904bef1bfe55ddc5e09d3387b12830d7a\LOBA_SPLIT.$proc$/home/juliana/venv_pytorch/lib/python3.12/site-packages/MAxPy/vlib/AxArith/multipliers/LOBA.v:248$723': $auto$proc_dlatch.cc:427:proc_dlatch$1315

10.2.9. Executing PROC_DFF pass (convert process syncs to FFs).

10.2.10. Executing PROC_MEMWR pass (convert process memory writes to cells).

10.2.11. Executing PROC_CLEAN pass (remove empty switches from decision trees).
Removing empty process `$paramod\LOBA_LOB\N=s32'00000000000000000000000000010000.$proc$/home/juliana/venv_pytorch/lib/python3.12/site-packages/MAxPy/vlib/AxArith/multipliers/LOBA.v:311$656'.
Found and cleaned up 11 empty switches in `$paramod$5877bb0904bef1bfe55ddc5e09d3387b12830d7a\LOBA_MUX.$proc$/home/juliana/venv_pytorch/lib/python3.12/site-packages/MAxPy/vlib/AxArith/multipliers/LOBA.v:271$756'.
Removing empty process `$paramod$5877bb0904bef1bfe55ddc5e09d3387b12830d7a\LOBA_MUX.$proc$/home/juliana/venv_pytorch/lib/python3.12/site-packages/MAxPy/vlib/AxArith/multipliers/LOBA.v:271$756'.
Found and cleaned up 1 empty switch in `$paramod\LOBA_LOWER\N=s32'00000000000000000000000000010000.$proc$/home/juliana/venv_pytorch/lib/python3.12/site-packages/MAxPy/vlib/AxArith/multipliers/LOBA.v:293$640'.
Removing empty process `$paramod\LOBA_LOWER\N=s32'00000000000000000000000000010000.$proc$/home/juliana/venv_pytorch/lib/python3.12/site-packages/MAxPy/vlib/AxArith/multipliers/LOBA.v:293$640'.
Found and cleaned up 1 empty switch in `$paramod\LOBA_LOWER\N=s32'00000000000000000000000000010000.$proc$/home/juliana/venv_pytorch/lib/python3.12/site-packages/MAxPy/vlib/AxArith/multipliers/LOBA.v:293$638'.
Removing empty process `$paramod\LOBA_LOWER\N=s32'00000000000000000000000000010000.$proc$/home/juliana/venv_pytorch/lib/python3.12/site-packages/MAxPy/vlib/AxArith/multipliers/LOBA.v:293$638'.
Found and cleaned up 1 empty switch in `$paramod\LOBA_LOWER\N=s32'00000000000000000000000000010000.$proc$/home/juliana/venv_pytorch/lib/python3.12/site-packages/MAxPy/vlib/AxArith/multipliers/LOBA.v:293$636'.
Removing empty process `$paramod\LOBA_LOWER\N=s32'00000000000000000000000000010000.$proc$/home/juliana/venv_pytorch/lib/python3.12/site-packages/MAxPy/vlib/AxArith/multipliers/LOBA.v:293$636'.
Found and cleaned up 1 empty switch in `$paramod\LOBA_LOWER\N=s32'00000000000000000000000000010000.$proc$/home/juliana/venv_pytorch/lib/python3.12/site-packages/MAxPy/vlib/AxArith/multipliers/LOBA.v:293$634'.
Removing empty process `$paramod\LOBA_LOWER\N=s32'00000000000000000000000000010000.$proc$/home/juliana/venv_pytorch/lib/python3.12/site-packages/MAxPy/vlib/AxArith/multipliers/LOBA.v:293$634'.
Found and cleaned up 1 empty switch in `$paramod\LOBA_LOWER\N=s32'00000000000000000000000000010000.$proc$/home/juliana/venv_pytorch/lib/python3.12/site-packages/MAxPy/vlib/AxArith/multipliers/LOBA.v:293$632'.
Removing empty process `$paramod\LOBA_LOWER\N=s32'00000000000000000000000000010000.$proc$/home/juliana/venv_pytorch/lib/python3.12/site-packages/MAxPy/vlib/AxArith/multipliers/LOBA.v:293$632'.
Found and cleaned up 1 empty switch in `$paramod\LOBA_LOWER\N=s32'00000000000000000000000000010000.$proc$/home/juliana/venv_pytorch/lib/python3.12/site-packages/MAxPy/vlib/AxArith/multipliers/LOBA.v:293$630'.
Removing empty process `$paramod\LOBA_LOWER\N=s32'00000000000000000000000000010000.$proc$/home/juliana/venv_pytorch/lib/python3.12/site-packages/MAxPy/vlib/AxArith/multipliers/LOBA.v:293$630'.
Found and cleaned up 1 empty switch in `$paramod\LOBA_LOWER\N=s32'00000000000000000000000000010000.$proc$/home/juliana/venv_pytorch/lib/python3.12/site-packages/MAxPy/vlib/AxArith/multipliers/LOBA.v:293$628'.
Removing empty process `$paramod\LOBA_LOWER\N=s32'00000000000000000000000000010000.$proc$/home/juliana/venv_pytorch/lib/python3.12/site-packages/MAxPy/vlib/AxArith/multipliers/LOBA.v:293$628'.
Found and cleaned up 1 empty switch in `$paramod\LOBA_LOWER\N=s32'00000000000000000000000000010000.$proc$/home/juliana/venv_pytorch/lib/python3.12/site-packages/MAxPy/vlib/AxArith/multipliers/LOBA.v:293$626'.
Removing empty process `$paramod\LOBA_LOWER\N=s32'00000000000000000000000000010000.$proc$/home/juliana/venv_pytorch/lib/python3.12/site-packages/MAxPy/vlib/AxArith/multipliers/LOBA.v:293$626'.
Found and cleaned up 1 empty switch in `$paramod\LOBA_LOWER\N=s32'00000000000000000000000000010000.$proc$/home/juliana/venv_pytorch/lib/python3.12/site-packages/MAxPy/vlib/AxArith/multipliers/LOBA.v:293$624'.
Removing empty process `$paramod\LOBA_LOWER\N=s32'00000000000000000000000000010000.$proc$/home/juliana/venv_pytorch/lib/python3.12/site-packages/MAxPy/vlib/AxArith/multipliers/LOBA.v:293$624'.
Found and cleaned up 1 empty switch in `$paramod\LOBA_LOWER\N=s32'00000000000000000000000000010000.$proc$/home/juliana/venv_pytorch/lib/python3.12/site-packages/MAxPy/vlib/AxArith/multipliers/LOBA.v:293$622'.
Removing empty process `$paramod\LOBA_LOWER\N=s32'00000000000000000000000000010000.$proc$/home/juliana/venv_pytorch/lib/python3.12/site-packages/MAxPy/vlib/AxArith/multipliers/LOBA.v:293$622'.
Found and cleaned up 1 empty switch in `$paramod\LOBA_LOWER\N=s32'00000000000000000000000000010000.$proc$/home/juliana/venv_pytorch/lib/python3.12/site-packages/MAxPy/vlib/AxArith/multipliers/LOBA.v:293$620'.
Removing empty process `$paramod\LOBA_LOWER\N=s32'00000000000000000000000000010000.$proc$/home/juliana/venv_pytorch/lib/python3.12/site-packages/MAxPy/vlib/AxArith/multipliers/LOBA.v:293$620'.
Found and cleaned up 1 empty switch in `$paramod\LOBA_LOWER\N=s32'00000000000000000000000000010000.$proc$/home/juliana/venv_pytorch/lib/python3.12/site-packages/MAxPy/vlib/AxArith/multipliers/LOBA.v:293$618'.
Removing empty process `$paramod\LOBA_LOWER\N=s32'00000000000000000000000000010000.$proc$/home/juliana/venv_pytorch/lib/python3.12/site-packages/MAxPy/vlib/AxArith/multipliers/LOBA.v:293$618'.
Found and cleaned up 1 empty switch in `$paramod\LOBA_LOWER\N=s32'00000000000000000000000000010000.$proc$/home/juliana/venv_pytorch/lib/python3.12/site-packages/MAxPy/vlib/AxArith/multipliers/LOBA.v:293$616'.
Removing empty process `$paramod\LOBA_LOWER\N=s32'00000000000000000000000000010000.$proc$/home/juliana/venv_pytorch/lib/python3.12/site-packages/MAxPy/vlib/AxArith/multipliers/LOBA.v:293$616'.
Found and cleaned up 1 empty switch in `$paramod\LOBA_LOWER\N=s32'00000000000000000000000000010000.$proc$/home/juliana/venv_pytorch/lib/python3.12/site-packages/MAxPy/vlib/AxArith/multipliers/LOBA.v:293$614'.
Removing empty process `$paramod\LOBA_LOWER\N=s32'00000000000000000000000000010000.$proc$/home/juliana/venv_pytorch/lib/python3.12/site-packages/MAxPy/vlib/AxArith/multipliers/LOBA.v:293$614'.
Found and cleaned up 1 empty switch in `$paramod\LOBA_LOWER\N=s32'00000000000000000000000000010000.$proc$/home/juliana/venv_pytorch/lib/python3.12/site-packages/MAxPy/vlib/AxArith/multipliers/LOBA.v:293$612'.
Removing empty process `$paramod\LOBA_LOWER\N=s32'00000000000000000000000000010000.$proc$/home/juliana/venv_pytorch/lib/python3.12/site-packages/MAxPy/vlib/AxArith/multipliers/LOBA.v:293$612'.
Found and cleaned up 1 empty switch in `$paramod\LOBA_LOWER\N=s32'00000000000000000000000000010000.$proc$/home/juliana/venv_pytorch/lib/python3.12/site-packages/MAxPy/vlib/AxArith/multipliers/LOBA.v:293$610'.
Removing empty process `$paramod\LOBA_LOWER\N=s32'00000000000000000000000000010000.$proc$/home/juliana/venv_pytorch/lib/python3.12/site-packages/MAxPy/vlib/AxArith/multipliers/LOBA.v:293$610'.
Found and cleaned up 2 empty switches in `$paramod$5877bb0904bef1bfe55ddc5e09d3387b12830d7a\LOBA_SPLIT.$proc$/home/juliana/venv_pytorch/lib/python3.12/site-packages/MAxPy/vlib/AxArith/multipliers/LOBA.v:248$753'.
Removing empty process `$paramod$5877bb0904bef1bfe55ddc5e09d3387b12830d7a\LOBA_SPLIT.$proc$/home/juliana/venv_pytorch/lib/python3.12/site-packages/MAxPy/vlib/AxArith/multipliers/LOBA.v:248$753'.
Found and cleaned up 2 empty switches in `$paramod$5877bb0904bef1bfe55ddc5e09d3387b12830d7a\LOBA_SPLIT.$proc$/home/juliana/venv_pytorch/lib/python3.12/site-packages/MAxPy/vlib/AxArith/multipliers/LOBA.v:248$750'.
Removing empty process `$paramod$5877bb0904bef1bfe55ddc5e09d3387b12830d7a\LOBA_SPLIT.$proc$/home/juliana/venv_pytorch/lib/python3.12/site-packages/MAxPy/vlib/AxArith/multipliers/LOBA.v:248$750'.
Found and cleaned up 2 empty switches in `$paramod$5877bb0904bef1bfe55ddc5e09d3387b12830d7a\LOBA_SPLIT.$proc$/home/juliana/venv_pytorch/lib/python3.12/site-packages/MAxPy/vlib/AxArith/multipliers/LOBA.v:248$747'.
Removing empty process `$paramod$5877bb0904bef1bfe55ddc5e09d3387b12830d7a\LOBA_SPLIT.$proc$/home/juliana/venv_pytorch/lib/python3.12/site-packages/MAxPy/vlib/AxArith/multipliers/LOBA.v:248$747'.
Found and cleaned up 2 empty switches in `$paramod$5877bb0904bef1bfe55ddc5e09d3387b12830d7a\LOBA_SPLIT.$proc$/home/juliana/venv_pytorch/lib/python3.12/site-packages/MAxPy/vlib/AxArith/multipliers/LOBA.v:248$744'.
Removing empty process `$paramod$5877bb0904bef1bfe55ddc5e09d3387b12830d7a\LOBA_SPLIT.$proc$/home/juliana/venv_pytorch/lib/python3.12/site-packages/MAxPy/vlib/AxArith/multipliers/LOBA.v:248$744'.
Found and cleaned up 2 empty switches in `$paramod$5877bb0904bef1bfe55ddc5e09d3387b12830d7a\LOBA_SPLIT.$proc$/home/juliana/venv_pytorch/lib/python3.12/site-packages/MAxPy/vlib/AxArith/multipliers/LOBA.v:248$741'.
Removing empty process `$paramod$5877bb0904bef1bfe55ddc5e09d3387b12830d7a\LOBA_SPLIT.$proc$/home/juliana/venv_pytorch/lib/python3.12/site-packages/MAxPy/vlib/AxArith/multipliers/LOBA.v:248$741'.
Found and cleaned up 2 empty switches in `$paramod$5877bb0904bef1bfe55ddc5e09d3387b12830d7a\LOBA_SPLIT.$proc$/home/juliana/venv_pytorch/lib/python3.12/site-packages/MAxPy/vlib/AxArith/multipliers/LOBA.v:248$738'.
Removing empty process `$paramod$5877bb0904bef1bfe55ddc5e09d3387b12830d7a\LOBA_SPLIT.$proc$/home/juliana/venv_pytorch/lib/python3.12/site-packages/MAxPy/vlib/AxArith/multipliers/LOBA.v:248$738'.
Found and cleaned up 2 empty switches in `$paramod$5877bb0904bef1bfe55ddc5e09d3387b12830d7a\LOBA_SPLIT.$proc$/home/juliana/venv_pytorch/lib/python3.12/site-packages/MAxPy/vlib/AxArith/multipliers/LOBA.v:248$735'.
Removing empty process `$paramod$5877bb0904bef1bfe55ddc5e09d3387b12830d7a\LOBA_SPLIT.$proc$/home/juliana/venv_pytorch/lib/python3.12/site-packages/MAxPy/vlib/AxArith/multipliers/LOBA.v:248$735'.
Found and cleaned up 2 empty switches in `$paramod$5877bb0904bef1bfe55ddc5e09d3387b12830d7a\LOBA_SPLIT.$proc$/home/juliana/venv_pytorch/lib/python3.12/site-packages/MAxPy/vlib/AxArith/multipliers/LOBA.v:248$732'.
Removing empty process `$paramod$5877bb0904bef1bfe55ddc5e09d3387b12830d7a\LOBA_SPLIT.$proc$/home/juliana/venv_pytorch/lib/python3.12/site-packages/MAxPy/vlib/AxArith/multipliers/LOBA.v:248$732'.
Found and cleaned up 2 empty switches in `$paramod$5877bb0904bef1bfe55ddc5e09d3387b12830d7a\LOBA_SPLIT.$proc$/home/juliana/venv_pytorch/lib/python3.12/site-packages/MAxPy/vlib/AxArith/multipliers/LOBA.v:248$729'.
Removing empty process `$paramod$5877bb0904bef1bfe55ddc5e09d3387b12830d7a\LOBA_SPLIT.$proc$/home/juliana/venv_pytorch/lib/python3.12/site-packages/MAxPy/vlib/AxArith/multipliers/LOBA.v:248$729'.
Found and cleaned up 2 empty switches in `$paramod$5877bb0904bef1bfe55ddc5e09d3387b12830d7a\LOBA_SPLIT.$proc$/home/juliana/venv_pytorch/lib/python3.12/site-packages/MAxPy/vlib/AxArith/multipliers/LOBA.v:248$726'.
Removing empty process `$paramod$5877bb0904bef1bfe55ddc5e09d3387b12830d7a\LOBA_SPLIT.$proc$/home/juliana/venv_pytorch/lib/python3.12/site-packages/MAxPy/vlib/AxArith/multipliers/LOBA.v:248$726'.
Found and cleaned up 2 empty switches in `$paramod$5877bb0904bef1bfe55ddc5e09d3387b12830d7a\LOBA_SPLIT.$proc$/home/juliana/venv_pytorch/lib/python3.12/site-packages/MAxPy/vlib/AxArith/multipliers/LOBA.v:248$723'.
Removing empty process `$paramod$5877bb0904bef1bfe55ddc5e09d3387b12830d7a\LOBA_SPLIT.$proc$/home/juliana/venv_pytorch/lib/python3.12/site-packages/MAxPy/vlib/AxArith/multipliers/LOBA.v:248$723'.
Cleaned up 49 empty switches.

10.2.12. Executing OPT_EXPR pass (perform const folding).
Optimizing module poly1.
Optimizing module $paramod$5877bb0904bef1bfe55ddc5e09d3387b12830d7a\LOBA0s.
Optimizing module $paramod$a35d5664b23a311d9c38bd1c9971c39f0be092c2\copyA.
Optimizing module $paramod\LOBA_LOB\N=s32'00000000000000000000000000010000.
Optimizing module $paramod$5877bb0904bef1bfe55ddc5e09d3387b12830d7a\LOBA_MUX.
Optimizing module $paramod\LOBA_LOWER\N=s32'00000000000000000000000000010000.
<suppressed ~116 debug messages>
Optimizing module $paramod$5877bb0904bef1bfe55ddc5e09d3387b12830d7a\LOBA_SPLIT.
<suppressed ~166 debug messages>
Optimizing module $paramod$5877bb0904bef1bfe55ddc5e09d3387b12830d7a\LOBA0u.

10.3. Executing OPT_EXPR pass (perform const folding).
Optimizing module poly1.
Optimizing module $paramod$5877bb0904bef1bfe55ddc5e09d3387b12830d7a\LOBA0s.
Optimizing module $paramod$a35d5664b23a311d9c38bd1c9971c39f0be092c2\copyA.
Optimizing module $paramod\LOBA_LOB\N=s32'00000000000000000000000000010000.
Optimizing module $paramod$5877bb0904bef1bfe55ddc5e09d3387b12830d7a\LOBA_MUX.
Optimizing module $paramod\LOBA_LOWER\N=s32'00000000000000000000000000010000.
Optimizing module $paramod$5877bb0904bef1bfe55ddc5e09d3387b12830d7a\LOBA_SPLIT.
Optimizing module $paramod$5877bb0904bef1bfe55ddc5e09d3387b12830d7a\LOBA0u.

10.4. Executing OPT_CLEAN pass (remove unused cells and wires).
Finding unused cells or wires in module \poly1..
Finding unused cells or wires in module $paramod$5877bb0904bef1bfe55ddc5e09d3387b12830d7a\LOBA0s..
Finding unused cells or wires in module $paramod$a35d5664b23a311d9c38bd1c9971c39f0be092c2\copyA..
Finding unused cells or wires in module $paramod\LOBA_LOB\N=s32'00000000000000000000000000010000..
Finding unused cells or wires in module $paramod$5877bb0904bef1bfe55ddc5e09d3387b12830d7a\LOBA_MUX..
Finding unused cells or wires in module $paramod\LOBA_LOWER\N=s32'00000000000000000000000000010000..
Finding unused cells or wires in module $paramod$5877bb0904bef1bfe55ddc5e09d3387b12830d7a\LOBA_SPLIT..
Finding unused cells or wires in module $paramod$5877bb0904bef1bfe55ddc5e09d3387b12830d7a\LOBA0u..
Removed 39 unused cells and 412 unused wires.
<suppressed ~65 debug messages>

10.5. Executing CHECK pass (checking for obvious problems).
Checking module $paramod$5877bb0904bef1bfe55ddc5e09d3387b12830d7a\LOBA0s...
Checking module $paramod$5877bb0904bef1bfe55ddc5e09d3387b12830d7a\LOBA0u...
Checking module $paramod$5877bb0904bef1bfe55ddc5e09d3387b12830d7a\LOBA_MUX...
Checking module $paramod$5877bb0904bef1bfe55ddc5e09d3387b12830d7a\LOBA_SPLIT...
Warning: multiple conflicting drivers for $paramod$5877bb0904bef1bfe55ddc5e09d3387b12830d7a\LOBA_SPLIT.\kl [3]:
    port Q[3] of cell $auto$proc_dlatch.cc:427:proc_dlatch$1095 ($dlatch)
    port Q[3] of cell $auto$proc_dlatch.cc:427:proc_dlatch$1117 ($dlatch)
    port Q[3] of cell $auto$proc_dlatch.cc:427:proc_dlatch$1139 ($dlatch)
    port Q[3] of cell $auto$proc_dlatch.cc:427:proc_dlatch$1161 ($dlatch)
    port Q[3] of cell $auto$proc_dlatch.cc:427:proc_dlatch$1183 ($dlatch)
    port Q[3] of cell $auto$proc_dlatch.cc:427:proc_dlatch$1205 ($dlatch)
    port Q[3] of cell $auto$proc_dlatch.cc:427:proc_dlatch$1227 ($dlatch)
    port Q[3] of cell $auto$proc_dlatch.cc:427:proc_dlatch$1249 ($dlatch)
    port Q[3] of cell $auto$proc_dlatch.cc:427:proc_dlatch$1271 ($dlatch)
    port Q[3] of cell $auto$proc_dlatch.cc:427:proc_dlatch$1293 ($dlatch)
    port Q[3] of cell $auto$proc_dlatch.cc:427:proc_dlatch$1315 ($dlatch)
Warning: multiple conflicting drivers for $paramod$5877bb0904bef1bfe55ddc5e09d3387b12830d7a\LOBA_SPLIT.\kl [2]:
    port Q[2] of cell $auto$proc_dlatch.cc:427:proc_dlatch$1095 ($dlatch)
    port Q[2] of cell $auto$proc_dlatch.cc:427:proc_dlatch$1117 ($dlatch)
    port Q[2] of cell $auto$proc_dlatch.cc:427:proc_dlatch$1139 ($dlatch)
    port Q[2] of cell $auto$proc_dlatch.cc:427:proc_dlatch$1161 ($dlatch)
    port Q[2] of cell $auto$proc_dlatch.cc:427:proc_dlatch$1183 ($dlatch)
    port Q[2] of cell $auto$proc_dlatch.cc:427:proc_dlatch$1205 ($dlatch)
    port Q[2] of cell $auto$proc_dlatch.cc:427:proc_dlatch$1227 ($dlatch)
    port Q[2] of cell $auto$proc_dlatch.cc:427:proc_dlatch$1249 ($dlatch)
    port Q[2] of cell $auto$proc_dlatch.cc:427:proc_dlatch$1271 ($dlatch)
    port Q[2] of cell $auto$proc_dlatch.cc:427:proc_dlatch$1293 ($dlatch)
    port Q[2] of cell $auto$proc_dlatch.cc:427:proc_dlatch$1315 ($dlatch)
Warning: multiple conflicting drivers for $paramod$5877bb0904bef1bfe55ddc5e09d3387b12830d7a\LOBA_SPLIT.\kl [1]:
    port Q[1] of cell $auto$proc_dlatch.cc:427:proc_dlatch$1095 ($dlatch)
    port Q[1] of cell $auto$proc_dlatch.cc:427:proc_dlatch$1117 ($dlatch)
    port Q[1] of cell $auto$proc_dlatch.cc:427:proc_dlatch$1139 ($dlatch)
    port Q[1] of cell $auto$proc_dlatch.cc:427:proc_dlatch$1161 ($dlatch)
    port Q[1] of cell $auto$proc_dlatch.cc:427:proc_dlatch$1183 ($dlatch)
    port Q[1] of cell $auto$proc_dlatch.cc:427:proc_dlatch$1205 ($dlatch)
    port Q[1] of cell $auto$proc_dlatch.cc:427:proc_dlatch$1227 ($dlatch)
    port Q[1] of cell $auto$proc_dlatch.cc:427:proc_dlatch$1249 ($dlatch)
    port Q[1] of cell $auto$proc_dlatch.cc:427:proc_dlatch$1271 ($dlatch)
    port Q[1] of cell $auto$proc_dlatch.cc:427:proc_dlatch$1293 ($dlatch)
    port Q[1] of cell $auto$proc_dlatch.cc:427:proc_dlatch$1315 ($dlatch)
Warning: multiple conflicting drivers for $paramod$5877bb0904bef1bfe55ddc5e09d3387b12830d7a\LOBA_SPLIT.\kl [0]:
    port Q[0] of cell $auto$proc_dlatch.cc:427:proc_dlatch$1095 ($dlatch)
    port Q[0] of cell $auto$proc_dlatch.cc:427:proc_dlatch$1117 ($dlatch)
    port Q[0] of cell $auto$proc_dlatch.cc:427:proc_dlatch$1139 ($dlatch)
    port Q[0] of cell $auto$proc_dlatch.cc:427:proc_dlatch$1161 ($dlatch)
    port Q[0] of cell $auto$proc_dlatch.cc:427:proc_dlatch$1183 ($dlatch)
    port Q[0] of cell $auto$proc_dlatch.cc:427:proc_dlatch$1205 ($dlatch)
    port Q[0] of cell $auto$proc_dlatch.cc:427:proc_dlatch$1227 ($dlatch)
    port Q[0] of cell $auto$proc_dlatch.cc:427:proc_dlatch$1249 ($dlatch)
    port Q[0] of cell $auto$proc_dlatch.cc:427:proc_dlatch$1271 ($dlatch)
    port Q[0] of cell $auto$proc_dlatch.cc:427:proc_dlatch$1293 ($dlatch)
    port Q[0] of cell $auto$proc_dlatch.cc:427:proc_dlatch$1315 ($dlatch)
Warning: multiple conflicting drivers for $paramod$5877bb0904bef1bfe55ddc5e09d3387b12830d7a\LOBA_SPLIT.\kh [3]:
    port Q[3] of cell $auto$proc_dlatch.cc:427:proc_dlatch$1084 ($dlatch)
    port Q[3] of cell $auto$proc_dlatch.cc:427:proc_dlatch$1106 ($dlatch)
    port Q[3] of cell $auto$proc_dlatch.cc:427:proc_dlatch$1128 ($dlatch)
    port Q[3] of cell $auto$proc_dlatch.cc:427:proc_dlatch$1150 ($dlatch)
    port Q[3] of cell $auto$proc_dlatch.cc:427:proc_dlatch$1172 ($dlatch)
    port Q[3] of cell $auto$proc_dlatch.cc:427:proc_dlatch$1194 ($dlatch)
    port Q[3] of cell $auto$proc_dlatch.cc:427:proc_dlatch$1216 ($dlatch)
    port Q[3] of cell $auto$proc_dlatch.cc:427:proc_dlatch$1238 ($dlatch)
    port Q[3] of cell $auto$proc_dlatch.cc:427:proc_dlatch$1260 ($dlatch)
    port Q[3] of cell $auto$proc_dlatch.cc:427:proc_dlatch$1282 ($dlatch)
    port Q[3] of cell $auto$proc_dlatch.cc:427:proc_dlatch$1304 ($dlatch)
Warning: multiple conflicting drivers for $paramod$5877bb0904bef1bfe55ddc5e09d3387b12830d7a\LOBA_SPLIT.\kh [2]:
    port Q[2] of cell $auto$proc_dlatch.cc:427:proc_dlatch$1084 ($dlatch)
    port Q[2] of cell $auto$proc_dlatch.cc:427:proc_dlatch$1106 ($dlatch)
    port Q[2] of cell $auto$proc_dlatch.cc:427:proc_dlatch$1128 ($dlatch)
    port Q[2] of cell $auto$proc_dlatch.cc:427:proc_dlatch$1150 ($dlatch)
    port Q[2] of cell $auto$proc_dlatch.cc:427:proc_dlatch$1172 ($dlatch)
    port Q[2] of cell $auto$proc_dlatch.cc:427:proc_dlatch$1194 ($dlatch)
    port Q[2] of cell $auto$proc_dlatch.cc:427:proc_dlatch$1216 ($dlatch)
    port Q[2] of cell $auto$proc_dlatch.cc:427:proc_dlatch$1238 ($dlatch)
    port Q[2] of cell $auto$proc_dlatch.cc:427:proc_dlatch$1260 ($dlatch)
    port Q[2] of cell $auto$proc_dlatch.cc:427:proc_dlatch$1282 ($dlatch)
    port Q[2] of cell $auto$proc_dlatch.cc:427:proc_dlatch$1304 ($dlatch)
Warning: multiple conflicting drivers for $paramod$5877bb0904bef1bfe55ddc5e09d3387b12830d7a\LOBA_SPLIT.\kh [1]:
    port Q[1] of cell $auto$proc_dlatch.cc:427:proc_dlatch$1084 ($dlatch)
    port Q[1] of cell $auto$proc_dlatch.cc:427:proc_dlatch$1106 ($dlatch)
    port Q[1] of cell $auto$proc_dlatch.cc:427:proc_dlatch$1128 ($dlatch)
    port Q[1] of cell $auto$proc_dlatch.cc:427:proc_dlatch$1150 ($dlatch)
    port Q[1] of cell $auto$proc_dlatch.cc:427:proc_dlatch$1172 ($dlatch)
    port Q[1] of cell $auto$proc_dlatch.cc:427:proc_dlatch$1194 ($dlatch)
    port Q[1] of cell $auto$proc_dlatch.cc:427:proc_dlatch$1216 ($dlatch)
    port Q[1] of cell $auto$proc_dlatch.cc:427:proc_dlatch$1238 ($dlatch)
    port Q[1] of cell $auto$proc_dlatch.cc:427:proc_dlatch$1260 ($dlatch)
    port Q[1] of cell $auto$proc_dlatch.cc:427:proc_dlatch$1282 ($dlatch)
    port Q[1] of cell $auto$proc_dlatch.cc:427:proc_dlatch$1304 ($dlatch)
Warning: multiple conflicting drivers for $paramod$5877bb0904bef1bfe55ddc5e09d3387b12830d7a\LOBA_SPLIT.\kh [0]:
    port Q[0] of cell $auto$proc_dlatch.cc:427:proc_dlatch$1084 ($dlatch)
    port Q[0] of cell $auto$proc_dlatch.cc:427:proc_dlatch$1106 ($dlatch)
    port Q[0] of cell $auto$proc_dlatch.cc:427:proc_dlatch$1128 ($dlatch)
    port Q[0] of cell $auto$proc_dlatch.cc:427:proc_dlatch$1150 ($dlatch)
    port Q[0] of cell $auto$proc_dlatch.cc:427:proc_dlatch$1172 ($dlatch)
    port Q[0] of cell $auto$proc_dlatch.cc:427:proc_dlatch$1194 ($dlatch)
    port Q[0] of cell $auto$proc_dlatch.cc:427:proc_dlatch$1216 ($dlatch)
    port Q[0] of cell $auto$proc_dlatch.cc:427:proc_dlatch$1238 ($dlatch)
    port Q[0] of cell $auto$proc_dlatch.cc:427:proc_dlatch$1260 ($dlatch)
    port Q[0] of cell $auto$proc_dlatch.cc:427:proc_dlatch$1282 ($dlatch)
    port Q[0] of cell $auto$proc_dlatch.cc:427:proc_dlatch$1304 ($dlatch)
Checking module $paramod$a35d5664b23a311d9c38bd1c9971c39f0be092c2\copyA...
Checking module $paramod\LOBA_LOB\N=s32'00000000000000000000000000010000...
Checking module $paramod\LOBA_LOWER\N=s32'00000000000000000000000000010000...
Warning: multiple conflicting drivers for $paramod\LOBA_LOWER\N=s32'00000000000000000000000000010000.\out [15]:
    port Q[15] of cell $auto$proc_dlatch.cc:427:proc_dlatch$1007 ($dlatch)
    port Q[15] of cell $auto$proc_dlatch.cc:427:proc_dlatch$1018 ($dlatch)
    port Q[15] of cell $auto$proc_dlatch.cc:427:proc_dlatch$1029 ($dlatch)
    port Q[15] of cell $auto$proc_dlatch.cc:427:proc_dlatch$1040 ($dlatch)
    port Q[15] of cell $auto$proc_dlatch.cc:427:proc_dlatch$1051 ($dlatch)
    port Q[15] of cell $auto$proc_dlatch.cc:427:proc_dlatch$1062 ($dlatch)
    port Q[15] of cell $auto$proc_dlatch.cc:427:proc_dlatch$1073 ($dlatch)
    port Q[15] of cell $auto$proc_dlatch.cc:427:proc_dlatch$908 ($dlatch)
    port Q[15] of cell $auto$proc_dlatch.cc:427:proc_dlatch$919 ($dlatch)
    port Q[15] of cell $auto$proc_dlatch.cc:427:proc_dlatch$930 ($dlatch)
    port Q[15] of cell $auto$proc_dlatch.cc:427:proc_dlatch$941 ($dlatch)
    port Q[15] of cell $auto$proc_dlatch.cc:427:proc_dlatch$952 ($dlatch)
    port Q[15] of cell $auto$proc_dlatch.cc:427:proc_dlatch$963 ($dlatch)
    port Q[15] of cell $auto$proc_dlatch.cc:427:proc_dlatch$974 ($dlatch)
    port Q[15] of cell $auto$proc_dlatch.cc:427:proc_dlatch$985 ($dlatch)
    port Q[15] of cell $auto$proc_dlatch.cc:427:proc_dlatch$996 ($dlatch)
Warning: multiple conflicting drivers for $paramod\LOBA_LOWER\N=s32'00000000000000000000000000010000.\out [14]:
    port Q[14] of cell $auto$proc_dlatch.cc:427:proc_dlatch$1007 ($dlatch)
    port Q[14] of cell $auto$proc_dlatch.cc:427:proc_dlatch$1018 ($dlatch)
    port Q[14] of cell $auto$proc_dlatch.cc:427:proc_dlatch$1029 ($dlatch)
    port Q[14] of cell $auto$proc_dlatch.cc:427:proc_dlatch$1040 ($dlatch)
    port Q[14] of cell $auto$proc_dlatch.cc:427:proc_dlatch$1051 ($dlatch)
    port Q[14] of cell $auto$proc_dlatch.cc:427:proc_dlatch$1062 ($dlatch)
    port Q[14] of cell $auto$proc_dlatch.cc:427:proc_dlatch$1073 ($dlatch)
    port Q[14] of cell $auto$proc_dlatch.cc:427:proc_dlatch$908 ($dlatch)
    port Q[14] of cell $auto$proc_dlatch.cc:427:proc_dlatch$919 ($dlatch)
    port Q[14] of cell $auto$proc_dlatch.cc:427:proc_dlatch$930 ($dlatch)
    port Q[14] of cell $auto$proc_dlatch.cc:427:proc_dlatch$941 ($dlatch)
    port Q[14] of cell $auto$proc_dlatch.cc:427:proc_dlatch$952 ($dlatch)
    port Q[14] of cell $auto$proc_dlatch.cc:427:proc_dlatch$963 ($dlatch)
    port Q[14] of cell $auto$proc_dlatch.cc:427:proc_dlatch$974 ($dlatch)
    port Q[14] of cell $auto$proc_dlatch.cc:427:proc_dlatch$985 ($dlatch)
    port Q[14] of cell $auto$proc_dlatch.cc:427:proc_dlatch$996 ($dlatch)
Warning: multiple conflicting drivers for $paramod\LOBA_LOWER\N=s32'00000000000000000000000000010000.\out [13]:
    port Q[13] of cell $auto$proc_dlatch.cc:427:proc_dlatch$1007 ($dlatch)
    port Q[13] of cell $auto$proc_dlatch.cc:427:proc_dlatch$1018 ($dlatch)
    port Q[13] of cell $auto$proc_dlatch.cc:427:proc_dlatch$1029 ($dlatch)
    port Q[13] of cell $auto$proc_dlatch.cc:427:proc_dlatch$1040 ($dlatch)
    port Q[13] of cell $auto$proc_dlatch.cc:427:proc_dlatch$1051 ($dlatch)
    port Q[13] of cell $auto$proc_dlatch.cc:427:proc_dlatch$1062 ($dlatch)
    port Q[13] of cell $auto$proc_dlatch.cc:427:proc_dlatch$1073 ($dlatch)
    port Q[13] of cell $auto$proc_dlatch.cc:427:proc_dlatch$908 ($dlatch)
    port Q[13] of cell $auto$proc_dlatch.cc:427:proc_dlatch$919 ($dlatch)
    port Q[13] of cell $auto$proc_dlatch.cc:427:proc_dlatch$930 ($dlatch)
    port Q[13] of cell $auto$proc_dlatch.cc:427:proc_dlatch$941 ($dlatch)
    port Q[13] of cell $auto$proc_dlatch.cc:427:proc_dlatch$952 ($dlatch)
    port Q[13] of cell $auto$proc_dlatch.cc:427:proc_dlatch$963 ($dlatch)
    port Q[13] of cell $auto$proc_dlatch.cc:427:proc_dlatch$974 ($dlatch)
    port Q[13] of cell $auto$proc_dlatch.cc:427:proc_dlatch$985 ($dlatch)
    port Q[13] of cell $auto$proc_dlatch.cc:427:proc_dlatch$996 ($dlatch)
Warning: multiple conflicting drivers for $paramod\LOBA_LOWER\N=s32'00000000000000000000000000010000.\out [12]:
    port Q[12] of cell $auto$proc_dlatch.cc:427:proc_dlatch$1007 ($dlatch)
    port Q[12] of cell $auto$proc_dlatch.cc:427:proc_dlatch$1018 ($dlatch)
    port Q[12] of cell $auto$proc_dlatch.cc:427:proc_dlatch$1029 ($dlatch)
    port Q[12] of cell $auto$proc_dlatch.cc:427:proc_dlatch$1040 ($dlatch)
    port Q[12] of cell $auto$proc_dlatch.cc:427:proc_dlatch$1051 ($dlatch)
    port Q[12] of cell $auto$proc_dlatch.cc:427:proc_dlatch$1062 ($dlatch)
    port Q[12] of cell $auto$proc_dlatch.cc:427:proc_dlatch$1073 ($dlatch)
    port Q[12] of cell $auto$proc_dlatch.cc:427:proc_dlatch$908 ($dlatch)
    port Q[12] of cell $auto$proc_dlatch.cc:427:proc_dlatch$919 ($dlatch)
    port Q[12] of cell $auto$proc_dlatch.cc:427:proc_dlatch$930 ($dlatch)
    port Q[12] of cell $auto$proc_dlatch.cc:427:proc_dlatch$941 ($dlatch)
    port Q[12] of cell $auto$proc_dlatch.cc:427:proc_dlatch$952 ($dlatch)
    port Q[12] of cell $auto$proc_dlatch.cc:427:proc_dlatch$963 ($dlatch)
    port Q[12] of cell $auto$proc_dlatch.cc:427:proc_dlatch$974 ($dlatch)
    port Q[12] of cell $auto$proc_dlatch.cc:427:proc_dlatch$985 ($dlatch)
    port Q[12] of cell $auto$proc_dlatch.cc:427:proc_dlatch$996 ($dlatch)
Warning: multiple conflicting drivers for $paramod\LOBA_LOWER\N=s32'00000000000000000000000000010000.\out [11]:
    port Q[11] of cell $auto$proc_dlatch.cc:427:proc_dlatch$1007 ($dlatch)
    port Q[11] of cell $auto$proc_dlatch.cc:427:proc_dlatch$1018 ($dlatch)
    port Q[11] of cell $auto$proc_dlatch.cc:427:proc_dlatch$1029 ($dlatch)
    port Q[11] of cell $auto$proc_dlatch.cc:427:proc_dlatch$1040 ($dlatch)
    port Q[11] of cell $auto$proc_dlatch.cc:427:proc_dlatch$1051 ($dlatch)
    port Q[11] of cell $auto$proc_dlatch.cc:427:proc_dlatch$1062 ($dlatch)
    port Q[11] of cell $auto$proc_dlatch.cc:427:proc_dlatch$1073 ($dlatch)
    port Q[11] of cell $auto$proc_dlatch.cc:427:proc_dlatch$908 ($dlatch)
    port Q[11] of cell $auto$proc_dlatch.cc:427:proc_dlatch$919 ($dlatch)
    port Q[11] of cell $auto$proc_dlatch.cc:427:proc_dlatch$930 ($dlatch)
    port Q[11] of cell $auto$proc_dlatch.cc:427:proc_dlatch$941 ($dlatch)
    port Q[11] of cell $auto$proc_dlatch.cc:427:proc_dlatch$952 ($dlatch)
    port Q[11] of cell $auto$proc_dlatch.cc:427:proc_dlatch$963 ($dlatch)
    port Q[11] of cell $auto$proc_dlatch.cc:427:proc_dlatch$974 ($dlatch)
    port Q[11] of cell $auto$proc_dlatch.cc:427:proc_dlatch$985 ($dlatch)
    port Q[11] of cell $auto$proc_dlatch.cc:427:proc_dlatch$996 ($dlatch)
Warning: multiple conflicting drivers for $paramod\LOBA_LOWER\N=s32'00000000000000000000000000010000.\out [10]:
    port Q[10] of cell $auto$proc_dlatch.cc:427:proc_dlatch$1007 ($dlatch)
    port Q[10] of cell $auto$proc_dlatch.cc:427:proc_dlatch$1018 ($dlatch)
    port Q[10] of cell $auto$proc_dlatch.cc:427:proc_dlatch$1029 ($dlatch)
    port Q[10] of cell $auto$proc_dlatch.cc:427:proc_dlatch$1040 ($dlatch)
    port Q[10] of cell $auto$proc_dlatch.cc:427:proc_dlatch$1051 ($dlatch)
    port Q[10] of cell $auto$proc_dlatch.cc:427:proc_dlatch$1062 ($dlatch)
    port Q[10] of cell $auto$proc_dlatch.cc:427:proc_dlatch$1073 ($dlatch)
    port Q[10] of cell $auto$proc_dlatch.cc:427:proc_dlatch$908 ($dlatch)
    port Q[10] of cell $auto$proc_dlatch.cc:427:proc_dlatch$919 ($dlatch)
    port Q[10] of cell $auto$proc_dlatch.cc:427:proc_dlatch$930 ($dlatch)
    port Q[10] of cell $auto$proc_dlatch.cc:427:proc_dlatch$941 ($dlatch)
    port Q[10] of cell $auto$proc_dlatch.cc:427:proc_dlatch$952 ($dlatch)
    port Q[10] of cell $auto$proc_dlatch.cc:427:proc_dlatch$963 ($dlatch)
    port Q[10] of cell $auto$proc_dlatch.cc:427:proc_dlatch$974 ($dlatch)
    port Q[10] of cell $auto$proc_dlatch.cc:427:proc_dlatch$985 ($dlatch)
    port Q[10] of cell $auto$proc_dlatch.cc:427:proc_dlatch$996 ($dlatch)
Warning: multiple conflicting drivers for $paramod\LOBA_LOWER\N=s32'00000000000000000000000000010000.\out [9]:
    port Q[9] of cell $auto$proc_dlatch.cc:427:proc_dlatch$1007 ($dlatch)
    port Q[9] of cell $auto$proc_dlatch.cc:427:proc_dlatch$1018 ($dlatch)
    port Q[9] of cell $auto$proc_dlatch.cc:427:proc_dlatch$1029 ($dlatch)
    port Q[9] of cell $auto$proc_dlatch.cc:427:proc_dlatch$1040 ($dlatch)
    port Q[9] of cell $auto$proc_dlatch.cc:427:proc_dlatch$1051 ($dlatch)
    port Q[9] of cell $auto$proc_dlatch.cc:427:proc_dlatch$1062 ($dlatch)
    port Q[9] of cell $auto$proc_dlatch.cc:427:proc_dlatch$1073 ($dlatch)
    port Q[9] of cell $auto$proc_dlatch.cc:427:proc_dlatch$908 ($dlatch)
    port Q[9] of cell $auto$proc_dlatch.cc:427:proc_dlatch$919 ($dlatch)
    port Q[9] of cell $auto$proc_dlatch.cc:427:proc_dlatch$930 ($dlatch)
    port Q[9] of cell $auto$proc_dlatch.cc:427:proc_dlatch$941 ($dlatch)
    port Q[9] of cell $auto$proc_dlatch.cc:427:proc_dlatch$952 ($dlatch)
    port Q[9] of cell $auto$proc_dlatch.cc:427:proc_dlatch$963 ($dlatch)
    port Q[9] of cell $auto$proc_dlatch.cc:427:proc_dlatch$974 ($dlatch)
    port Q[9] of cell $auto$proc_dlatch.cc:427:proc_dlatch$985 ($dlatch)
    port Q[9] of cell $auto$proc_dlatch.cc:427:proc_dlatch$996 ($dlatch)
Warning: multiple conflicting drivers for $paramod\LOBA_LOWER\N=s32'00000000000000000000000000010000.\out [8]:
    port Q[8] of cell $auto$proc_dlatch.cc:427:proc_dlatch$1007 ($dlatch)
    port Q[8] of cell $auto$proc_dlatch.cc:427:proc_dlatch$1018 ($dlatch)
    port Q[8] of cell $auto$proc_dlatch.cc:427:proc_dlatch$1029 ($dlatch)
    port Q[8] of cell $auto$proc_dlatch.cc:427:proc_dlatch$1040 ($dlatch)
    port Q[8] of cell $auto$proc_dlatch.cc:427:proc_dlatch$1051 ($dlatch)
    port Q[8] of cell $auto$proc_dlatch.cc:427:proc_dlatch$1062 ($dlatch)
    port Q[8] of cell $auto$proc_dlatch.cc:427:proc_dlatch$1073 ($dlatch)
    port Q[8] of cell $auto$proc_dlatch.cc:427:proc_dlatch$908 ($dlatch)
    port Q[8] of cell $auto$proc_dlatch.cc:427:proc_dlatch$919 ($dlatch)
    port Q[8] of cell $auto$proc_dlatch.cc:427:proc_dlatch$930 ($dlatch)
    port Q[8] of cell $auto$proc_dlatch.cc:427:proc_dlatch$941 ($dlatch)
    port Q[8] of cell $auto$proc_dlatch.cc:427:proc_dlatch$952 ($dlatch)
    port Q[8] of cell $auto$proc_dlatch.cc:427:proc_dlatch$963 ($dlatch)
    port Q[8] of cell $auto$proc_dlatch.cc:427:proc_dlatch$974 ($dlatch)
    port Q[8] of cell $auto$proc_dlatch.cc:427:proc_dlatch$985 ($dlatch)
    port Q[8] of cell $auto$proc_dlatch.cc:427:proc_dlatch$996 ($dlatch)
Warning: multiple conflicting drivers for $paramod\LOBA_LOWER\N=s32'00000000000000000000000000010000.\out [7]:
    port Q[7] of cell $auto$proc_dlatch.cc:427:proc_dlatch$1007 ($dlatch)
    port Q[7] of cell $auto$proc_dlatch.cc:427:proc_dlatch$1018 ($dlatch)
    port Q[7] of cell $auto$proc_dlatch.cc:427:proc_dlatch$1029 ($dlatch)
    port Q[7] of cell $auto$proc_dlatch.cc:427:proc_dlatch$1040 ($dlatch)
    port Q[7] of cell $auto$proc_dlatch.cc:427:proc_dlatch$1051 ($dlatch)
    port Q[7] of cell $auto$proc_dlatch.cc:427:proc_dlatch$1062 ($dlatch)
    port Q[7] of cell $auto$proc_dlatch.cc:427:proc_dlatch$1073 ($dlatch)
    port Q[7] of cell $auto$proc_dlatch.cc:427:proc_dlatch$908 ($dlatch)
    port Q[7] of cell $auto$proc_dlatch.cc:427:proc_dlatch$919 ($dlatch)
    port Q[7] of cell $auto$proc_dlatch.cc:427:proc_dlatch$930 ($dlatch)
    port Q[7] of cell $auto$proc_dlatch.cc:427:proc_dlatch$941 ($dlatch)
    port Q[7] of cell $auto$proc_dlatch.cc:427:proc_dlatch$952 ($dlatch)
    port Q[7] of cell $auto$proc_dlatch.cc:427:proc_dlatch$963 ($dlatch)
    port Q[7] of cell $auto$proc_dlatch.cc:427:proc_dlatch$974 ($dlatch)
    port Q[7] of cell $auto$proc_dlatch.cc:427:proc_dlatch$985 ($dlatch)
    port Q[7] of cell $auto$proc_dlatch.cc:427:proc_dlatch$996 ($dlatch)
Warning: multiple conflicting drivers for $paramod\LOBA_LOWER\N=s32'00000000000000000000000000010000.\out [6]:
    port Q[6] of cell $auto$proc_dlatch.cc:427:proc_dlatch$1007 ($dlatch)
    port Q[6] of cell $auto$proc_dlatch.cc:427:proc_dlatch$1018 ($dlatch)
    port Q[6] of cell $auto$proc_dlatch.cc:427:proc_dlatch$1029 ($dlatch)
    port Q[6] of cell $auto$proc_dlatch.cc:427:proc_dlatch$1040 ($dlatch)
    port Q[6] of cell $auto$proc_dlatch.cc:427:proc_dlatch$1051 ($dlatch)
    port Q[6] of cell $auto$proc_dlatch.cc:427:proc_dlatch$1062 ($dlatch)
    port Q[6] of cell $auto$proc_dlatch.cc:427:proc_dlatch$1073 ($dlatch)
    port Q[6] of cell $auto$proc_dlatch.cc:427:proc_dlatch$908 ($dlatch)
    port Q[6] of cell $auto$proc_dlatch.cc:427:proc_dlatch$919 ($dlatch)
    port Q[6] of cell $auto$proc_dlatch.cc:427:proc_dlatch$930 ($dlatch)
    port Q[6] of cell $auto$proc_dlatch.cc:427:proc_dlatch$941 ($dlatch)
    port Q[6] of cell $auto$proc_dlatch.cc:427:proc_dlatch$952 ($dlatch)
    port Q[6] of cell $auto$proc_dlatch.cc:427:proc_dlatch$963 ($dlatch)
    port Q[6] of cell $auto$proc_dlatch.cc:427:proc_dlatch$974 ($dlatch)
    port Q[6] of cell $auto$proc_dlatch.cc:427:proc_dlatch$985 ($dlatch)
    port Q[6] of cell $auto$proc_dlatch.cc:427:proc_dlatch$996 ($dlatch)
Warning: multiple conflicting drivers for $paramod\LOBA_LOWER\N=s32'00000000000000000000000000010000.\out [5]:
    port Q[5] of cell $auto$proc_dlatch.cc:427:proc_dlatch$1007 ($dlatch)
    port Q[5] of cell $auto$proc_dlatch.cc:427:proc_dlatch$1018 ($dlatch)
    port Q[5] of cell $auto$proc_dlatch.cc:427:proc_dlatch$1029 ($dlatch)
    port Q[5] of cell $auto$proc_dlatch.cc:427:proc_dlatch$1040 ($dlatch)
    port Q[5] of cell $auto$proc_dlatch.cc:427:proc_dlatch$1051 ($dlatch)
    port Q[5] of cell $auto$proc_dlatch.cc:427:proc_dlatch$1062 ($dlatch)
    port Q[5] of cell $auto$proc_dlatch.cc:427:proc_dlatch$1073 ($dlatch)
    port Q[5] of cell $auto$proc_dlatch.cc:427:proc_dlatch$908 ($dlatch)
    port Q[5] of cell $auto$proc_dlatch.cc:427:proc_dlatch$919 ($dlatch)
    port Q[5] of cell $auto$proc_dlatch.cc:427:proc_dlatch$930 ($dlatch)
    port Q[5] of cell $auto$proc_dlatch.cc:427:proc_dlatch$941 ($dlatch)
    port Q[5] of cell $auto$proc_dlatch.cc:427:proc_dlatch$952 ($dlatch)
    port Q[5] of cell $auto$proc_dlatch.cc:427:proc_dlatch$963 ($dlatch)
    port Q[5] of cell $auto$proc_dlatch.cc:427:proc_dlatch$974 ($dlatch)
    port Q[5] of cell $auto$proc_dlatch.cc:427:proc_dlatch$985 ($dlatch)
    port Q[5] of cell $auto$proc_dlatch.cc:427:proc_dlatch$996 ($dlatch)
Warning: multiple conflicting drivers for $paramod\LOBA_LOWER\N=s32'00000000000000000000000000010000.\out [4]:
    port Q[4] of cell $auto$proc_dlatch.cc:427:proc_dlatch$1007 ($dlatch)
    port Q[4] of cell $auto$proc_dlatch.cc:427:proc_dlatch$1018 ($dlatch)
    port Q[4] of cell $auto$proc_dlatch.cc:427:proc_dlatch$1029 ($dlatch)
    port Q[4] of cell $auto$proc_dlatch.cc:427:proc_dlatch$1040 ($dlatch)
    port Q[4] of cell $auto$proc_dlatch.cc:427:proc_dlatch$1051 ($dlatch)
    port Q[4] of cell $auto$proc_dlatch.cc:427:proc_dlatch$1062 ($dlatch)
    port Q[4] of cell $auto$proc_dlatch.cc:427:proc_dlatch$1073 ($dlatch)
    port Q[4] of cell $auto$proc_dlatch.cc:427:proc_dlatch$908 ($dlatch)
    port Q[4] of cell $auto$proc_dlatch.cc:427:proc_dlatch$919 ($dlatch)
    port Q[4] of cell $auto$proc_dlatch.cc:427:proc_dlatch$930 ($dlatch)
    port Q[4] of cell $auto$proc_dlatch.cc:427:proc_dlatch$941 ($dlatch)
    port Q[4] of cell $auto$proc_dlatch.cc:427:proc_dlatch$952 ($dlatch)
    port Q[4] of cell $auto$proc_dlatch.cc:427:proc_dlatch$963 ($dlatch)
    port Q[4] of cell $auto$proc_dlatch.cc:427:proc_dlatch$974 ($dlatch)
    port Q[4] of cell $auto$proc_dlatch.cc:427:proc_dlatch$985 ($dlatch)
    port Q[4] of cell $auto$proc_dlatch.cc:427:proc_dlatch$996 ($dlatch)
Warning: multiple conflicting drivers for $paramod\LOBA_LOWER\N=s32'00000000000000000000000000010000.\out [3]:
    port Q[3] of cell $auto$proc_dlatch.cc:427:proc_dlatch$1007 ($dlatch)
    port Q[3] of cell $auto$proc_dlatch.cc:427:proc_dlatch$1018 ($dlatch)
    port Q[3] of cell $auto$proc_dlatch.cc:427:proc_dlatch$1029 ($dlatch)
    port Q[3] of cell $auto$proc_dlatch.cc:427:proc_dlatch$1040 ($dlatch)
    port Q[3] of cell $auto$proc_dlatch.cc:427:proc_dlatch$1051 ($dlatch)
    port Q[3] of cell $auto$proc_dlatch.cc:427:proc_dlatch$1062 ($dlatch)
    port Q[3] of cell $auto$proc_dlatch.cc:427:proc_dlatch$1073 ($dlatch)
    port Q[3] of cell $auto$proc_dlatch.cc:427:proc_dlatch$908 ($dlatch)
    port Q[3] of cell $auto$proc_dlatch.cc:427:proc_dlatch$919 ($dlatch)
    port Q[3] of cell $auto$proc_dlatch.cc:427:proc_dlatch$930 ($dlatch)
    port Q[3] of cell $auto$proc_dlatch.cc:427:proc_dlatch$941 ($dlatch)
    port Q[3] of cell $auto$proc_dlatch.cc:427:proc_dlatch$952 ($dlatch)
    port Q[3] of cell $auto$proc_dlatch.cc:427:proc_dlatch$963 ($dlatch)
    port Q[3] of cell $auto$proc_dlatch.cc:427:proc_dlatch$974 ($dlatch)
    port Q[3] of cell $auto$proc_dlatch.cc:427:proc_dlatch$985 ($dlatch)
    port Q[3] of cell $auto$proc_dlatch.cc:427:proc_dlatch$996 ($dlatch)
Warning: multiple conflicting drivers for $paramod\LOBA_LOWER\N=s32'00000000000000000000000000010000.\out [2]:
    port Q[2] of cell $auto$proc_dlatch.cc:427:proc_dlatch$1007 ($dlatch)
    port Q[2] of cell $auto$proc_dlatch.cc:427:proc_dlatch$1018 ($dlatch)
    port Q[2] of cell $auto$proc_dlatch.cc:427:proc_dlatch$1029 ($dlatch)
    port Q[2] of cell $auto$proc_dlatch.cc:427:proc_dlatch$1040 ($dlatch)
    port Q[2] of cell $auto$proc_dlatch.cc:427:proc_dlatch$1051 ($dlatch)
    port Q[2] of cell $auto$proc_dlatch.cc:427:proc_dlatch$1062 ($dlatch)
    port Q[2] of cell $auto$proc_dlatch.cc:427:proc_dlatch$1073 ($dlatch)
    port Q[2] of cell $auto$proc_dlatch.cc:427:proc_dlatch$908 ($dlatch)
    port Q[2] of cell $auto$proc_dlatch.cc:427:proc_dlatch$919 ($dlatch)
    port Q[2] of cell $auto$proc_dlatch.cc:427:proc_dlatch$930 ($dlatch)
    port Q[2] of cell $auto$proc_dlatch.cc:427:proc_dlatch$941 ($dlatch)
    port Q[2] of cell $auto$proc_dlatch.cc:427:proc_dlatch$952 ($dlatch)
    port Q[2] of cell $auto$proc_dlatch.cc:427:proc_dlatch$963 ($dlatch)
    port Q[2] of cell $auto$proc_dlatch.cc:427:proc_dlatch$974 ($dlatch)
    port Q[2] of cell $auto$proc_dlatch.cc:427:proc_dlatch$985 ($dlatch)
    port Q[2] of cell $auto$proc_dlatch.cc:427:proc_dlatch$996 ($dlatch)
Warning: multiple conflicting drivers for $paramod\LOBA_LOWER\N=s32'00000000000000000000000000010000.\out [1]:
    port Q[1] of cell $auto$proc_dlatch.cc:427:proc_dlatch$1007 ($dlatch)
    port Q[1] of cell $auto$proc_dlatch.cc:427:proc_dlatch$1018 ($dlatch)
    port Q[1] of cell $auto$proc_dlatch.cc:427:proc_dlatch$1029 ($dlatch)
    port Q[1] of cell $auto$proc_dlatch.cc:427:proc_dlatch$1040 ($dlatch)
    port Q[1] of cell $auto$proc_dlatch.cc:427:proc_dlatch$1051 ($dlatch)
    port Q[1] of cell $auto$proc_dlatch.cc:427:proc_dlatch$1062 ($dlatch)
    port Q[1] of cell $auto$proc_dlatch.cc:427:proc_dlatch$1073 ($dlatch)
    port Q[1] of cell $auto$proc_dlatch.cc:427:proc_dlatch$908 ($dlatch)
    port Q[1] of cell $auto$proc_dlatch.cc:427:proc_dlatch$919 ($dlatch)
    port Q[1] of cell $auto$proc_dlatch.cc:427:proc_dlatch$930 ($dlatch)
    port Q[1] of cell $auto$proc_dlatch.cc:427:proc_dlatch$941 ($dlatch)
    port Q[1] of cell $auto$proc_dlatch.cc:427:proc_dlatch$952 ($dlatch)
    port Q[1] of cell $auto$proc_dlatch.cc:427:proc_dlatch$963 ($dlatch)
    port Q[1] of cell $auto$proc_dlatch.cc:427:proc_dlatch$974 ($dlatch)
    port Q[1] of cell $auto$proc_dlatch.cc:427:proc_dlatch$985 ($dlatch)
    port Q[1] of cell $auto$proc_dlatch.cc:427:proc_dlatch$996 ($dlatch)
Warning: multiple conflicting drivers for $paramod\LOBA_LOWER\N=s32'00000000000000000000000000010000.\out [0]:
    port Q[0] of cell $auto$proc_dlatch.cc:427:proc_dlatch$1007 ($dlatch)
    port Q[0] of cell $auto$proc_dlatch.cc:427:proc_dlatch$1018 ($dlatch)
    port Q[0] of cell $auto$proc_dlatch.cc:427:proc_dlatch$1029 ($dlatch)
    port Q[0] of cell $auto$proc_dlatch.cc:427:proc_dlatch$1040 ($dlatch)
    port Q[0] of cell $auto$proc_dlatch.cc:427:proc_dlatch$1051 ($dlatch)
    port Q[0] of cell $auto$proc_dlatch.cc:427:proc_dlatch$1062 ($dlatch)
    port Q[0] of cell $auto$proc_dlatch.cc:427:proc_dlatch$1073 ($dlatch)
    port Q[0] of cell $auto$proc_dlatch.cc:427:proc_dlatch$908 ($dlatch)
    port Q[0] of cell $auto$proc_dlatch.cc:427:proc_dlatch$919 ($dlatch)
    port Q[0] of cell $auto$proc_dlatch.cc:427:proc_dlatch$930 ($dlatch)
    port Q[0] of cell $auto$proc_dlatch.cc:427:proc_dlatch$941 ($dlatch)
    port Q[0] of cell $auto$proc_dlatch.cc:427:proc_dlatch$952 ($dlatch)
    port Q[0] of cell $auto$proc_dlatch.cc:427:proc_dlatch$963 ($dlatch)
    port Q[0] of cell $auto$proc_dlatch.cc:427:proc_dlatch$974 ($dlatch)
    port Q[0] of cell $auto$proc_dlatch.cc:427:proc_dlatch$985 ($dlatch)
    port Q[0] of cell $auto$proc_dlatch.cc:427:proc_dlatch$996 ($dlatch)
Checking module poly1...
Found and reported 24 problems.

10.6. Executing OPT pass (performing simple optimizations).

10.6.1. Executing OPT_EXPR pass (perform const folding).
Optimizing module $paramod$5877bb0904bef1bfe55ddc5e09d3387b12830d7a\LOBA0s.
Optimizing module $paramod$5877bb0904bef1bfe55ddc5e09d3387b12830d7a\LOBA0u.
Optimizing module $paramod$5877bb0904bef1bfe55ddc5e09d3387b12830d7a\LOBA_MUX.
Optimizing module $paramod$5877bb0904bef1bfe55ddc5e09d3387b12830d7a\LOBA_SPLIT.
Optimizing module $paramod$a35d5664b23a311d9c38bd1c9971c39f0be092c2\copyA.
Optimizing module $paramod\LOBA_LOB\N=s32'00000000000000000000000000010000.
Optimizing module $paramod\LOBA_LOWER\N=s32'00000000000000000000000000010000.
Optimizing module poly1.

10.6.2. Executing OPT_MERGE pass (detect identical cells).
Finding identical cells in module `$paramod$5877bb0904bef1bfe55ddc5e09d3387b12830d7a\LOBA0s'.
Finding identical cells in module `$paramod$5877bb0904bef1bfe55ddc5e09d3387b12830d7a\LOBA0u'.
Finding identical cells in module `$paramod$5877bb0904bef1bfe55ddc5e09d3387b12830d7a\LOBA_MUX'.
Finding identical cells in module `$paramod$5877bb0904bef1bfe55ddc5e09d3387b12830d7a\LOBA_SPLIT'.
Finding identical cells in module `$paramod$a35d5664b23a311d9c38bd1c9971c39f0be092c2\copyA'.
Finding identical cells in module `$paramod\LOBA_LOB\N=s32'00000000000000000000000000010000'.
Finding identical cells in module `$paramod\LOBA_LOWER\N=s32'00000000000000000000000000010000'.
Finding identical cells in module `\poly1'.
Removed a total of 0 cells.

10.6.3. Executing OPT_MUXTREE pass (detect dead branches in mux trees).
Running muxtree optimizer on module $paramod$5877bb0904bef1bfe55ddc5e09d3387b12830d7a\LOBA0s..
  Creating internal representation of mux trees.
  Evaluating internal representation of mux trees.
      Replacing known input bits on port A of cell $ternary$/home/juliana/venv_pytorch/lib/python3.12/site-packages/MAxPy/vlib/AxArith/multipliers/LOBA.v:18$708: { 16'0000000000000000 \a } -> { 17'00000000000000000 \a [14:0] }
      Replacing known input bits on port A of cell $ternary$/home/juliana/venv_pytorch/lib/python3.12/site-packages/MAxPy/vlib/AxArith/multipliers/LOBA.v:19$713: { 16'0000000000000000 \b } -> { 17'00000000000000000 \b [14:0] }
  Analyzing evaluation results.
Running muxtree optimizer on module $paramod$5877bb0904bef1bfe55ddc5e09d3387b12830d7a\LOBA0u..
  Creating internal representation of mux trees.
  No muxes found in this module.
Running muxtree optimizer on module $paramod$5877bb0904bef1bfe55ddc5e09d3387b12830d7a\LOBA_MUX..
  Creating internal representation of mux trees.
  Evaluating internal representation of mux trees.
  Analyzing evaluation results.
Running muxtree optimizer on module $paramod$5877bb0904bef1bfe55ddc5e09d3387b12830d7a\LOBA_SPLIT..
  Creating internal representation of mux trees.
  No muxes found in this module.
Running muxtree optimizer on module $paramod$a35d5664b23a311d9c38bd1c9971c39f0be092c2\copyA..
  Creating internal representation of mux trees.
  No muxes found in this module.
Running muxtree optimizer on module $paramod\LOBA_LOB\N=s32'00000000000000000000000000010000..
  Creating internal representation of mux trees.
  Evaluating internal representation of mux trees.
  Analyzing evaluation results.
Running muxtree optimizer on module $paramod\LOBA_LOWER\N=s32'00000000000000000000000000010000..
  Creating internal representation of mux trees.
  No muxes found in this module.
Running muxtree optimizer on module \poly1..
  Creating internal representation of mux trees.
  No muxes found in this module.
Removed 0 multiplexer ports.
<suppressed ~19 debug messages>

10.6.4. Executing OPT_REDUCE pass (consolidate $*mux and $reduce_* inputs).
  Optimizing cells in module $paramod$5877bb0904bef1bfe55ddc5e09d3387b12830d7a\LOBA0s.
  Optimizing cells in module $paramod$5877bb0904bef1bfe55ddc5e09d3387b12830d7a\LOBA0u.
  Optimizing cells in module $paramod$5877bb0904bef1bfe55ddc5e09d3387b12830d7a\LOBA_MUX.
  Optimizing cells in module $paramod$5877bb0904bef1bfe55ddc5e09d3387b12830d7a\LOBA_SPLIT.
  Optimizing cells in module $paramod$a35d5664b23a311d9c38bd1c9971c39f0be092c2\copyA.
  Optimizing cells in module $paramod\LOBA_LOB\N=s32'00000000000000000000000000010000.
  Optimizing cells in module $paramod\LOBA_LOWER\N=s32'00000000000000000000000000010000.
  Optimizing cells in module \poly1.
Performed a total of 0 changes.

10.6.5. Executing OPT_MERGE pass (detect identical cells).
Finding identical cells in module `$paramod$5877bb0904bef1bfe55ddc5e09d3387b12830d7a\LOBA0s'.
Finding identical cells in module `$paramod$5877bb0904bef1bfe55ddc5e09d3387b12830d7a\LOBA0u'.
Finding identical cells in module `$paramod$5877bb0904bef1bfe55ddc5e09d3387b12830d7a\LOBA_MUX'.
Finding identical cells in module `$paramod$5877bb0904bef1bfe55ddc5e09d3387b12830d7a\LOBA_SPLIT'.
Finding identical cells in module `$paramod$a35d5664b23a311d9c38bd1c9971c39f0be092c2\copyA'.
Finding identical cells in module `$paramod\LOBA_LOB\N=s32'00000000000000000000000000010000'.
Finding identical cells in module `$paramod\LOBA_LOWER\N=s32'00000000000000000000000000010000'.
Finding identical cells in module `\poly1'.
Removed a total of 0 cells.

10.6.6. Executing OPT_CLEAN pass (remove unused cells and wires).
Finding unused cells or wires in module $paramod$5877bb0904bef1bfe55ddc5e09d3387b12830d7a\LOBA0s..
Finding unused cells or wires in module $paramod$5877bb0904bef1bfe55ddc5e09d3387b12830d7a\LOBA0u..
Finding unused cells or wires in module $paramod$5877bb0904bef1bfe55ddc5e09d3387b12830d7a\LOBA_MUX..
Finding unused cells or wires in module $paramod$5877bb0904bef1bfe55ddc5e09d3387b12830d7a\LOBA_SPLIT..
Finding unused cells or wires in module $paramod$a35d5664b23a311d9c38bd1c9971c39f0be092c2\copyA..
Finding unused cells or wires in module $paramod\LOBA_LOB\N=s32'00000000000000000000000000010000..
Finding unused cells or wires in module $paramod\LOBA_LOWER\N=s32'00000000000000000000000000010000..
Finding unused cells or wires in module \poly1..

10.6.7. Executing OPT_EXPR pass (perform const folding).
Optimizing module $paramod$5877bb0904bef1bfe55ddc5e09d3387b12830d7a\LOBA0s.
Optimizing module $paramod$5877bb0904bef1bfe55ddc5e09d3387b12830d7a\LOBA0u.
Optimizing module $paramod$5877bb0904bef1bfe55ddc5e09d3387b12830d7a\LOBA_MUX.
Optimizing module $paramod$5877bb0904bef1bfe55ddc5e09d3387b12830d7a\LOBA_SPLIT.
Optimizing module $paramod$a35d5664b23a311d9c38bd1c9971c39f0be092c2\copyA.
Optimizing module $paramod\LOBA_LOB\N=s32'00000000000000000000000000010000.
Optimizing module $paramod\LOBA_LOWER\N=s32'00000000000000000000000000010000.
Optimizing module poly1.

10.6.8. Finished OPT passes. (There is nothing left to do.)

10.7. Executing WREDUCE pass (reducing word size of cells).
Removed top 16 bits (of 32) from port A of cell $paramod$5877bb0904bef1bfe55ddc5e09d3387b12830d7a\LOBA0s.$not$/home/juliana/venv_pytorch/lib/python3.12/site-packages/MAxPy/vlib/AxArith/multipliers/LOBA.v:18$705 ($not).
Removed top 31 bits (of 32) from port B of cell $paramod$5877bb0904bef1bfe55ddc5e09d3387b12830d7a\LOBA0s.$add$/home/juliana/venv_pytorch/lib/python3.12/site-packages/MAxPy/vlib/AxArith/multipliers/LOBA.v:18$706 ($add).
Removed top 16 bits (of 32) from mux cell $paramod$5877bb0904bef1bfe55ddc5e09d3387b12830d7a\LOBA0s.$ternary$/home/juliana/venv_pytorch/lib/python3.12/site-packages/MAxPy/vlib/AxArith/multipliers/LOBA.v:18$708 ($mux).
Removed top 16 bits (of 32) from port A of cell $paramod$5877bb0904bef1bfe55ddc5e09d3387b12830d7a\LOBA0s.$not$/home/juliana/venv_pytorch/lib/python3.12/site-packages/MAxPy/vlib/AxArith/multipliers/LOBA.v:19$710 ($not).
Removed top 31 bits (of 32) from port B of cell $paramod$5877bb0904bef1bfe55ddc5e09d3387b12830d7a\LOBA0s.$add$/home/juliana/venv_pytorch/lib/python3.12/site-packages/MAxPy/vlib/AxArith/multipliers/LOBA.v:19$711 ($add).
Removed top 16 bits (of 32) from mux cell $paramod$5877bb0904bef1bfe55ddc5e09d3387b12830d7a\LOBA0s.$ternary$/home/juliana/venv_pytorch/lib/python3.12/site-packages/MAxPy/vlib/AxArith/multipliers/LOBA.v:19$713 ($mux).
Removed top 31 bits (of 32) from port B of cell $paramod$5877bb0904bef1bfe55ddc5e09d3387b12830d7a\LOBA0s.$add$/home/juliana/venv_pytorch/lib/python3.12/site-packages/MAxPy/vlib/AxArith/multipliers/LOBA.v:21$716 ($add).
Removed top 16 bits (of 32) from port Y of cell $paramod$5877bb0904bef1bfe55ddc5e09d3387b12830d7a\LOBA0s.$add$/home/juliana/venv_pytorch/lib/python3.12/site-packages/MAxPy/vlib/AxArith/multipliers/LOBA.v:18$706 ($add).
Removed top 16 bits (of 32) from port A of cell $paramod$5877bb0904bef1bfe55ddc5e09d3387b12830d7a\LOBA0s.$add$/home/juliana/venv_pytorch/lib/python3.12/site-packages/MAxPy/vlib/AxArith/multipliers/LOBA.v:18$706 ($add).
Removed top 16 bits (of 32) from port Y of cell $paramod$5877bb0904bef1bfe55ddc5e09d3387b12830d7a\LOBA0s.$add$/home/juliana/venv_pytorch/lib/python3.12/site-packages/MAxPy/vlib/AxArith/multipliers/LOBA.v:19$711 ($add).
Removed top 16 bits (of 32) from port A of cell $paramod$5877bb0904bef1bfe55ddc5e09d3387b12830d7a\LOBA0s.$add$/home/juliana/venv_pytorch/lib/python3.12/site-packages/MAxPy/vlib/AxArith/multipliers/LOBA.v:19$711 ($add).
Removed top 16 bits (of 32) from port Y of cell $paramod$5877bb0904bef1bfe55ddc5e09d3387b12830d7a\LOBA0s.$not$/home/juliana/venv_pytorch/lib/python3.12/site-packages/MAxPy/vlib/AxArith/multipliers/LOBA.v:18$705 ($not).
Removed top 16 bits (of 32) from port Y of cell $paramod$5877bb0904bef1bfe55ddc5e09d3387b12830d7a\LOBA0s.$not$/home/juliana/venv_pytorch/lib/python3.12/site-packages/MAxPy/vlib/AxArith/multipliers/LOBA.v:19$710 ($not).
Removed top 16 bits (of 32) from wire $paramod$5877bb0904bef1bfe55ddc5e09d3387b12830d7a\LOBA0s.$add$/home/juliana/venv_pytorch/lib/python3.12/site-packages/MAxPy/vlib/AxArith/multipliers/LOBA.v:18$706_Y.
Removed top 16 bits (of 32) from wire $paramod$5877bb0904bef1bfe55ddc5e09d3387b12830d7a\LOBA0s.$not$/home/juliana/venv_pytorch/lib/python3.12/site-packages/MAxPy/vlib/AxArith/multipliers/LOBA.v:18$705_Y.
Removed top 16 bits (of 32) from wire $paramod$5877bb0904bef1bfe55ddc5e09d3387b12830d7a\LOBA0s.r_temp.
Removed top 20 bits (of 32) from port Y of cell $paramod$5877bb0904bef1bfe55ddc5e09d3387b12830d7a\LOBA0u.$mul$/home/juliana/venv_pytorch/lib/python3.12/site-packages/MAxPy/vlib/AxArith/multipliers/LOBA.v:48$718 ($mul).
Removed top 27 bits (of 32) from port Y of cell $paramod$5877bb0904bef1bfe55ddc5e09d3387b12830d7a\LOBA0u.$add$/home/juliana/venv_pytorch/lib/python3.12/site-packages/MAxPy/vlib/AxArith/multipliers/LOBA.v:48$719 ($add).
Removed top 27 bits (of 32) from port A of cell $paramod$5877bb0904bef1bfe55ddc5e09d3387b12830d7a\LOBA0u.$sub$/home/juliana/venv_pytorch/lib/python3.12/site-packages/MAxPy/vlib/AxArith/multipliers/LOBA.v:48$720 ($sub).
Removed top 28 bits (of 32) from port B of cell $paramod$5877bb0904bef1bfe55ddc5e09d3387b12830d7a\LOBA0u.$sub$/home/juliana/venv_pytorch/lib/python3.12/site-packages/MAxPy/vlib/AxArith/multipliers/LOBA.v:48$720 ($sub).
Removed top 26 bits (of 32) from port Y of cell $paramod$5877bb0904bef1bfe55ddc5e09d3387b12830d7a\LOBA0u.$sub$/home/juliana/venv_pytorch/lib/python3.12/site-packages/MAxPy/vlib/AxArith/multipliers/LOBA.v:48$720 ($sub).
Removed top 20 bits (of 32) from port A of cell $paramod$5877bb0904bef1bfe55ddc5e09d3387b12830d7a\LOBA0u.$shl$/home/juliana/venv_pytorch/lib/python3.12/site-packages/MAxPy/vlib/AxArith/multipliers/LOBA.v:48$721 ($shl).
Removed top 27 bits (of 32) from wire $paramod$5877bb0904bef1bfe55ddc5e09d3387b12830d7a\LOBA0u.$add$/home/juliana/venv_pytorch/lib/python3.12/site-packages/MAxPy/vlib/AxArith/multipliers/LOBA.v:48$719_Y.
Removed top 20 bits (of 32) from wire $paramod$5877bb0904bef1bfe55ddc5e09d3387b12830d7a\LOBA0u.$mul$/home/juliana/venv_pytorch/lib/python3.12/site-packages/MAxPy/vlib/AxArith/multipliers/LOBA.v:48$718_Y.
Removed top 1 bits (of 4) from port B of cell $paramod$5877bb0904bef1bfe55ddc5e09d3387b12830d7a\LOBA_MUX.$eq$/home/juliana/venv_pytorch/lib/python3.12/site-packages/MAxPy/vlib/AxArith/multipliers/LOBA.v:274$757 ($eq).
Removed top 1 bits (of 4) from port B of cell $paramod$5877bb0904bef1bfe55ddc5e09d3387b12830d7a\LOBA_MUX.$eq$/home/juliana/venv_pytorch/lib/python3.12/site-packages/MAxPy/vlib/AxArith/multipliers/LOBA.v:274$758 ($eq).
Removed top 1 bits (of 4) from port B of cell $paramod$5877bb0904bef1bfe55ddc5e09d3387b12830d7a\LOBA_MUX.$eq$/home/juliana/venv_pytorch/lib/python3.12/site-packages/MAxPy/vlib/AxArith/multipliers/LOBA.v:274$759 ($eq).
Removed top 29 bits (of 32) from port B of cell $paramod$5877bb0904bef1bfe55ddc5e09d3387b12830d7a\LOBA_SPLIT.$sub$/home/juliana/venv_pytorch/lib/python3.12/site-packages/MAxPy/vlib/AxArith/multipliers/LOBA.v:244$722 ($sub).
Removed top 28 bits (of 32) from port Y of cell $paramod$5877bb0904bef1bfe55ddc5e09d3387b12830d7a\LOBA_SPLIT.$sub$/home/juliana/venv_pytorch/lib/python3.12/site-packages/MAxPy/vlib/AxArith/multipliers/LOBA.v:244$722 ($sub).
Removed top 28 bits (of 32) from wire $paramod$5877bb0904bef1bfe55ddc5e09d3387b12830d7a\LOBA_SPLIT.$sub$/home/juliana/venv_pytorch/lib/python3.12/site-packages/MAxPy/vlib/AxArith/multipliers/LOBA.v:244$722_Y.
Removed top 2 bits (of 16) from wire $paramod$5877bb0904bef1bfe55ddc5e09d3387b12830d7a\LOBA_SPLIT.lobl.
Removed top 31 bits (of 32) from mux cell $paramod\LOBA_LOB\N=s32'00000000000000000000000000010000.$ternary$/home/juliana/venv_pytorch/lib/python3.12/site-packages/MAxPy/vlib/AxArith/multipliers/LOBA.v:313$657 ($mux).
Removed top 31 bits (of 32) from mux cell $paramod\LOBA_LOB\N=s32'00000000000000000000000000010000.$ternary$/home/juliana/venv_pytorch/lib/python3.12/site-packages/MAxPy/vlib/AxArith/multipliers/LOBA.v:315$659 ($mux).
Removed top 31 bits (of 32) from mux cell $paramod\LOBA_LOB\N=s32'00000000000000000000000000010000.$ternary$/home/juliana/venv_pytorch/lib/python3.12/site-packages/MAxPy/vlib/AxArith/multipliers/LOBA.v:315$662 ($mux).
Removed top 31 bits (of 32) from mux cell $paramod\LOBA_LOB\N=s32'00000000000000000000000000010000.$ternary$/home/juliana/venv_pytorch/lib/python3.12/site-packages/MAxPy/vlib/AxArith/multipliers/LOBA.v:315$665 ($mux).
Removed top 31 bits (of 32) from mux cell $paramod\LOBA_LOB\N=s32'00000000000000000000000000010000.$ternary$/home/juliana/venv_pytorch/lib/python3.12/site-packages/MAxPy/vlib/AxArith/multipliers/LOBA.v:315$668 ($mux).
Removed top 31 bits (of 32) from mux cell $paramod\LOBA_LOB\N=s32'00000000000000000000000000010000.$ternary$/home/juliana/venv_pytorch/lib/python3.12/site-packages/MAxPy/vlib/AxArith/multipliers/LOBA.v:315$671 ($mux).
Removed top 31 bits (of 32) from mux cell $paramod\LOBA_LOB\N=s32'00000000000000000000000000010000.$ternary$/home/juliana/venv_pytorch/lib/python3.12/site-packages/MAxPy/vlib/AxArith/multipliers/LOBA.v:315$674 ($mux).
Removed top 31 bits (of 32) from mux cell $paramod\LOBA_LOB\N=s32'00000000000000000000000000010000.$ternary$/home/juliana/venv_pytorch/lib/python3.12/site-packages/MAxPy/vlib/AxArith/multipliers/LOBA.v:315$677 ($mux).
Removed top 31 bits (of 32) from mux cell $paramod\LOBA_LOB\N=s32'00000000000000000000000000010000.$ternary$/home/juliana/venv_pytorch/lib/python3.12/site-packages/MAxPy/vlib/AxArith/multipliers/LOBA.v:315$680 ($mux).
Removed top 31 bits (of 32) from mux cell $paramod\LOBA_LOB\N=s32'00000000000000000000000000010000.$ternary$/home/juliana/venv_pytorch/lib/python3.12/site-packages/MAxPy/vlib/AxArith/multipliers/LOBA.v:315$683 ($mux).
Removed top 31 bits (of 32) from mux cell $paramod\LOBA_LOB\N=s32'00000000000000000000000000010000.$ternary$/home/juliana/venv_pytorch/lib/python3.12/site-packages/MAxPy/vlib/AxArith/multipliers/LOBA.v:315$686 ($mux).
Removed top 31 bits (of 32) from mux cell $paramod\LOBA_LOB\N=s32'00000000000000000000000000010000.$ternary$/home/juliana/venv_pytorch/lib/python3.12/site-packages/MAxPy/vlib/AxArith/multipliers/LOBA.v:315$689 ($mux).
Removed top 31 bits (of 32) from mux cell $paramod\LOBA_LOB\N=s32'00000000000000000000000000010000.$ternary$/home/juliana/venv_pytorch/lib/python3.12/site-packages/MAxPy/vlib/AxArith/multipliers/LOBA.v:315$692 ($mux).
Removed top 31 bits (of 32) from mux cell $paramod\LOBA_LOB\N=s32'00000000000000000000000000010000.$ternary$/home/juliana/venv_pytorch/lib/python3.12/site-packages/MAxPy/vlib/AxArith/multipliers/LOBA.v:315$695 ($mux).
Removed top 31 bits (of 32) from mux cell $paramod\LOBA_LOB\N=s32'00000000000000000000000000010000.$ternary$/home/juliana/venv_pytorch/lib/python3.12/site-packages/MAxPy/vlib/AxArith/multipliers/LOBA.v:315$698 ($mux).
Removed top 31 bits (of 32) from wire $paramod\LOBA_LOB\N=s32'00000000000000000000000000010000.$ternary$/home/juliana/venv_pytorch/lib/python3.12/site-packages/MAxPy/vlib/AxArith/multipliers/LOBA.v:313$657_Y.
Removed top 31 bits (of 32) from wire $paramod\LOBA_LOB\N=s32'00000000000000000000000000010000.$ternary$/home/juliana/venv_pytorch/lib/python3.12/site-packages/MAxPy/vlib/AxArith/multipliers/LOBA.v:315$659_Y.
Removed top 31 bits (of 32) from wire $paramod\LOBA_LOB\N=s32'00000000000000000000000000010000.$ternary$/home/juliana/venv_pytorch/lib/python3.12/site-packages/MAxPy/vlib/AxArith/multipliers/LOBA.v:315$662_Y.
Removed top 31 bits (of 32) from wire $paramod\LOBA_LOB\N=s32'00000000000000000000000000010000.$ternary$/home/juliana/venv_pytorch/lib/python3.12/site-packages/MAxPy/vlib/AxArith/multipliers/LOBA.v:315$665_Y.
Removed top 31 bits (of 32) from wire $paramod\LOBA_LOB\N=s32'00000000000000000000000000010000.$ternary$/home/juliana/venv_pytorch/lib/python3.12/site-packages/MAxPy/vlib/AxArith/multipliers/LOBA.v:315$668_Y.
Removed top 31 bits (of 32) from wire $paramod\LOBA_LOB\N=s32'00000000000000000000000000010000.$ternary$/home/juliana/venv_pytorch/lib/python3.12/site-packages/MAxPy/vlib/AxArith/multipliers/LOBA.v:315$671_Y.
Removed top 31 bits (of 32) from wire $paramod\LOBA_LOB\N=s32'00000000000000000000000000010000.$ternary$/home/juliana/venv_pytorch/lib/python3.12/site-packages/MAxPy/vlib/AxArith/multipliers/LOBA.v:315$674_Y.
Removed top 31 bits (of 32) from wire $paramod\LOBA_LOB\N=s32'00000000000000000000000000010000.$ternary$/home/juliana/venv_pytorch/lib/python3.12/site-packages/MAxPy/vlib/AxArith/multipliers/LOBA.v:315$677_Y.
Removed top 31 bits (of 32) from wire $paramod\LOBA_LOB\N=s32'00000000000000000000000000010000.$ternary$/home/juliana/venv_pytorch/lib/python3.12/site-packages/MAxPy/vlib/AxArith/multipliers/LOBA.v:315$680_Y.
Removed top 31 bits (of 32) from wire $paramod\LOBA_LOB\N=s32'00000000000000000000000000010000.$ternary$/home/juliana/venv_pytorch/lib/python3.12/site-packages/MAxPy/vlib/AxArith/multipliers/LOBA.v:315$683_Y.
Removed top 31 bits (of 32) from wire $paramod\LOBA_LOB\N=s32'00000000000000000000000000010000.$ternary$/home/juliana/venv_pytorch/lib/python3.12/site-packages/MAxPy/vlib/AxArith/multipliers/LOBA.v:315$686_Y.
Removed top 31 bits (of 32) from wire $paramod\LOBA_LOB\N=s32'00000000000000000000000000010000.$ternary$/home/juliana/venv_pytorch/lib/python3.12/site-packages/MAxPy/vlib/AxArith/multipliers/LOBA.v:315$689_Y.
Removed top 31 bits (of 32) from wire $paramod\LOBA_LOB\N=s32'00000000000000000000000000010000.$ternary$/home/juliana/venv_pytorch/lib/python3.12/site-packages/MAxPy/vlib/AxArith/multipliers/LOBA.v:315$692_Y.
Removed top 31 bits (of 32) from wire $paramod\LOBA_LOB\N=s32'00000000000000000000000000010000.$ternary$/home/juliana/venv_pytorch/lib/python3.12/site-packages/MAxPy/vlib/AxArith/multipliers/LOBA.v:315$695_Y.
Removed top 31 bits (of 32) from wire $paramod\LOBA_LOB\N=s32'00000000000000000000000000010000.$ternary$/home/juliana/venv_pytorch/lib/python3.12/site-packages/MAxPy/vlib/AxArith/multipliers/LOBA.v:315$698_Y.
Removed top 1 bits (of 4) from port B of cell $paramod\LOBA_LOWER\N=s32'00000000000000000000000000010000.$eq$/home/juliana/venv_pytorch/lib/python3.12/site-packages/MAxPy/vlib/AxArith/multipliers/LOBA.v:294$627 ($eq).
Removed top 1 bits (of 4) from port B of cell $paramod\LOBA_LOWER\N=s32'00000000000000000000000000010000.$eq$/home/juliana/venv_pytorch/lib/python3.12/site-packages/MAxPy/vlib/AxArith/multipliers/LOBA.v:294$629 ($eq).
Removed top 1 bits (of 4) from port B of cell $paramod\LOBA_LOWER\N=s32'00000000000000000000000000010000.$eq$/home/juliana/venv_pytorch/lib/python3.12/site-packages/MAxPy/vlib/AxArith/multipliers/LOBA.v:294$631 ($eq).
Removed top 1 bits (of 4) from port B of cell $paramod\LOBA_LOWER\N=s32'00000000000000000000000000010000.$eq$/home/juliana/venv_pytorch/lib/python3.12/site-packages/MAxPy/vlib/AxArith/multipliers/LOBA.v:294$633 ($eq).
Removed top 2 bits (of 4) from port B of cell $paramod\LOBA_LOWER\N=s32'00000000000000000000000000010000.$eq$/home/juliana/venv_pytorch/lib/python3.12/site-packages/MAxPy/vlib/AxArith/multipliers/LOBA.v:294$635 ($eq).
Removed top 2 bits (of 4) from port B of cell $paramod\LOBA_LOWER\N=s32'00000000000000000000000000010000.$eq$/home/juliana/venv_pytorch/lib/python3.12/site-packages/MAxPy/vlib/AxArith/multipliers/LOBA.v:294$637 ($eq).
Removed top 3 bits (of 4) from port B of cell $paramod\LOBA_LOWER\N=s32'00000000000000000000000000010000.$eq$/home/juliana/venv_pytorch/lib/python3.12/site-packages/MAxPy/vlib/AxArith/multipliers/LOBA.v:294$639 ($eq).

10.8. Executing OPT_CLEAN pass (remove unused cells and wires).
Finding unused cells or wires in module $paramod$5877bb0904bef1bfe55ddc5e09d3387b12830d7a\LOBA0s..
Finding unused cells or wires in module $paramod$5877bb0904bef1bfe55ddc5e09d3387b12830d7a\LOBA0u..
Finding unused cells or wires in module $paramod$5877bb0904bef1bfe55ddc5e09d3387b12830d7a\LOBA_MUX..
Finding unused cells or wires in module $paramod$5877bb0904bef1bfe55ddc5e09d3387b12830d7a\LOBA_SPLIT..
Finding unused cells or wires in module $paramod$a35d5664b23a311d9c38bd1c9971c39f0be092c2\copyA..
Finding unused cells or wires in module $paramod\LOBA_LOB\N=s32'00000000000000000000000000010000..
Finding unused cells or wires in module $paramod\LOBA_LOWER\N=s32'00000000000000000000000000010000..
Finding unused cells or wires in module \poly1..
Removed 0 unused cells and 37 unused wires.
<suppressed ~4 debug messages>

10.9. Executing MEMORY_COLLECT pass (generating $mem cells).

10.10. Executing OPT pass (performing simple optimizations).

10.10.1. Executing OPT_EXPR pass (perform const folding).
Optimizing module $paramod$5877bb0904bef1bfe55ddc5e09d3387b12830d7a\LOBA0s.
Optimizing module $paramod$5877bb0904bef1bfe55ddc5e09d3387b12830d7a\LOBA0u.
Optimizing module $paramod$5877bb0904bef1bfe55ddc5e09d3387b12830d7a\LOBA_MUX.
Optimizing module $paramod$5877bb0904bef1bfe55ddc5e09d3387b12830d7a\LOBA_SPLIT.
Optimizing module $paramod$a35d5664b23a311d9c38bd1c9971c39f0be092c2\copyA.
Optimizing module $paramod\LOBA_LOB\N=s32'00000000000000000000000000010000.
Optimizing module $paramod\LOBA_LOWER\N=s32'00000000000000000000000000010000.
Optimizing module poly1.

10.10.2. Executing OPT_MERGE pass (detect identical cells).
Finding identical cells in module `$paramod$5877bb0904bef1bfe55ddc5e09d3387b12830d7a\LOBA0s'.
Finding identical cells in module `$paramod$5877bb0904bef1bfe55ddc5e09d3387b12830d7a\LOBA0u'.
Finding identical cells in module `$paramod$5877bb0904bef1bfe55ddc5e09d3387b12830d7a\LOBA_MUX'.
Finding identical cells in module `$paramod$5877bb0904bef1bfe55ddc5e09d3387b12830d7a\LOBA_SPLIT'.
Finding identical cells in module `$paramod$a35d5664b23a311d9c38bd1c9971c39f0be092c2\copyA'.
Finding identical cells in module `$paramod\LOBA_LOB\N=s32'00000000000000000000000000010000'.
Finding identical cells in module `$paramod\LOBA_LOWER\N=s32'00000000000000000000000000010000'.
Finding identical cells in module `\poly1'.
Removed a total of 0 cells.

10.10.3. Executing OPT_CLEAN pass (remove unused cells and wires).
Finding unused cells or wires in module $paramod$5877bb0904bef1bfe55ddc5e09d3387b12830d7a\LOBA0s..
Finding unused cells or wires in module $paramod$5877bb0904bef1bfe55ddc5e09d3387b12830d7a\LOBA0u..
Finding unused cells or wires in module $paramod$5877bb0904bef1bfe55ddc5e09d3387b12830d7a\LOBA_MUX..
Finding unused cells or wires in module $paramod$5877bb0904bef1bfe55ddc5e09d3387b12830d7a\LOBA_SPLIT..
Finding unused cells or wires in module $paramod$a35d5664b23a311d9c38bd1c9971c39f0be092c2\copyA..
Finding unused cells or wires in module $paramod\LOBA_LOB\N=s32'00000000000000000000000000010000..
Finding unused cells or wires in module $paramod\LOBA_LOWER\N=s32'00000000000000000000000000010000..
Finding unused cells or wires in module \poly1..

10.10.4. Finished fast OPT passes.

10.11. Printing statistics.

=== $paramod$5877bb0904bef1bfe55ddc5e09d3387b12830d7a\LOBA0s ===

   Number of wires:                 14
   Number of wire bits:            321
   Number of public wires:           7
   Number of public wire bits:     113
   Number of memories:               0
   Number of memory bits:            0
   Number of processes:              0
   Number of cells:                 11
     $add                            3
     $mux                            3
     $not                            3
     $paramod$5877bb0904bef1bfe55ddc5e09d3387b12830d7a\LOBA0u      1
     $xor                            1

=== $paramod$5877bb0904bef1bfe55ddc5e09d3387b12830d7a\LOBA0u ===

   Number of wires:                 14
   Number of wire bits:            173
   Number of public wires:          11
   Number of public wire bits:     104
   Number of memories:               0
   Number of memory bits:            0
   Number of processes:              0
   Number of cells:                  6
     $add                            1
     $mul                            1
     $paramod$5877bb0904bef1bfe55ddc5e09d3387b12830d7a\LOBA_SPLIT      2
     $shl                            1
     $sub                            1

=== $paramod$5877bb0904bef1bfe55ddc5e09d3387b12830d7a\LOBA_MUX ===

   Number of wires:                 25
   Number of wire bits:            129
   Number of public wires:           4
   Number of public wire bits:      58
   Number of memories:               0
   Number of memory bits:            0
   Number of processes:              0
   Number of cells:                 22
     $eq                            11
     $mux                           11

=== $paramod$5877bb0904bef1bfe55ddc5e09d3387b12830d7a\LOBA_SPLIT ===

   Number of wires:                 10
   Number of wire bits:            130
   Number of public wires:           8
   Number of public wire bits:      82
   Number of memories:               0
   Number of memory bits:            0
   Number of processes:              0
   Number of cells:                 28
     $dlatch                        22
     $paramod$5877bb0904bef1bfe55ddc5e09d3387b12830d7a\LOBA_MUX      2
     $paramod\LOBA_LOB\N=s32'00000000000000000000000000010000      2
     $paramod\LOBA_LOWER\N=s32'00000000000000000000000000010000      1
     $sub                            1

=== $paramod$a35d5664b23a311d9c38bd1c9971c39f0be092c2\copyA ===

   Number of wires:                  3
   Number of wire bits:             49
   Number of public wires:           3
   Number of public wire bits:      49
   Number of memories:               0
   Number of memory bits:            0
   Number of processes:              0
   Number of cells:                  1
     $add                            1

=== $paramod\LOBA_LOB\N=s32'00000000000000000000000000010000 ===

   Number of wires:                  4
   Number of wire bits:             80
   Number of public wires:           4
   Number of public wire bits:      80
   Number of memories:               0
   Number of memory bits:            0
   Number of processes:              0
   Number of cells:                 30
     $and                           15
     $mux                           15

=== $paramod\LOBA_LOWER\N=s32'00000000000000000000000000010000 ===

   Number of wires:                 19
   Number of wire bits:             52
   Number of public wires:           3
   Number of public wire bits:      36
   Number of memories:               0
   Number of memory bits:            0
   Number of processes:              0
   Number of cells:                 32
     $dlatch                        16
     $eq                            15
     $logic_not                      1

=== poly1 ===

   Number of wires:                  7
   Number of wire bits:             73
   Number of public wires:           5
   Number of public wire bits:      56
   Number of memories:               0
   Number of memory bits:            0
   Number of processes:              0
   Number of cells:                  2
     $paramod$5877bb0904bef1bfe55ddc5e09d3387b12830d7a\LOBA0s      1
     $paramod$a35d5664b23a311d9c38bd1c9971c39f0be092c2\copyA      1

=== design hierarchy ===

   poly1                             1
     $paramod$5877bb0904bef1bfe55ddc5e09d3387b12830d7a\LOBA0s      1
       $paramod$5877bb0904bef1bfe55ddc5e09d3387b12830d7a\LOBA0u      1
         $paramod$5877bb0904bef1bfe55ddc5e09d3387b12830d7a\LOBA_SPLIT      2
           $paramod$5877bb0904bef1bfe55ddc5e09d3387b12830d7a\LOBA_MUX      2
           $paramod\LOBA_LOB\N=s32'00000000000000000000000000010000      2
           $paramod\LOBA_LOWER\N=s32'00000000000000000000000000010000      1
     $paramod$a35d5664b23a311d9c38bd1c9971c39f0be092c2\copyA      1

   Number of wires:                212
   Number of wire bits:           1816
   Number of public wires:          80
   Number of public wire bits:    1110
   Number of memories:               0
   Number of memory bits:            0
   Number of processes:              0
   Number of cells:                333
     $add                            5
     $and                           60
     $dlatch                        76
     $eq                            74
     $logic_not                      2
     $mul                            1
     $mux                          107
     $not                            3
     $shl                            1
     $sub                            3
     $xor                            1

10.12. Executing CHECK pass (checking for obvious problems).
Checking module $paramod$5877bb0904bef1bfe55ddc5e09d3387b12830d7a\LOBA0s...
Checking module $paramod$5877bb0904bef1bfe55ddc5e09d3387b12830d7a\LOBA0u...
Checking module $paramod$5877bb0904bef1bfe55ddc5e09d3387b12830d7a\LOBA_MUX...
Checking module $paramod$5877bb0904bef1bfe55ddc5e09d3387b12830d7a\LOBA_SPLIT...
Warning: multiple conflicting drivers for $paramod$5877bb0904bef1bfe55ddc5e09d3387b12830d7a\LOBA_SPLIT.\kl [3]:
    port Q[3] of cell $auto$proc_dlatch.cc:427:proc_dlatch$1095 ($dlatch)
    port Q[3] of cell $auto$proc_dlatch.cc:427:proc_dlatch$1117 ($dlatch)
    port Q[3] of cell $auto$proc_dlatch.cc:427:proc_dlatch$1139 ($dlatch)
    port Q[3] of cell $auto$proc_dlatch.cc:427:proc_dlatch$1161 ($dlatch)
    port Q[3] of cell $auto$proc_dlatch.cc:427:proc_dlatch$1183 ($dlatch)
    port Q[3] of cell $auto$proc_dlatch.cc:427:proc_dlatch$1205 ($dlatch)
    port Q[3] of cell $auto$proc_dlatch.cc:427:proc_dlatch$1227 ($dlatch)
    port Q[3] of cell $auto$proc_dlatch.cc:427:proc_dlatch$1249 ($dlatch)
    port Q[3] of cell $auto$proc_dlatch.cc:427:proc_dlatch$1271 ($dlatch)
    port Q[3] of cell $auto$proc_dlatch.cc:427:proc_dlatch$1293 ($dlatch)
    port Q[3] of cell $auto$proc_dlatch.cc:427:proc_dlatch$1315 ($dlatch)
Warning: multiple conflicting drivers for $paramod$5877bb0904bef1bfe55ddc5e09d3387b12830d7a\LOBA_SPLIT.\kl [2]:
    port Q[2] of cell $auto$proc_dlatch.cc:427:proc_dlatch$1095 ($dlatch)
    port Q[2] of cell $auto$proc_dlatch.cc:427:proc_dlatch$1117 ($dlatch)
    port Q[2] of cell $auto$proc_dlatch.cc:427:proc_dlatch$1139 ($dlatch)
    port Q[2] of cell $auto$proc_dlatch.cc:427:proc_dlatch$1161 ($dlatch)
    port Q[2] of cell $auto$proc_dlatch.cc:427:proc_dlatch$1183 ($dlatch)
    port Q[2] of cell $auto$proc_dlatch.cc:427:proc_dlatch$1205 ($dlatch)
    port Q[2] of cell $auto$proc_dlatch.cc:427:proc_dlatch$1227 ($dlatch)
    port Q[2] of cell $auto$proc_dlatch.cc:427:proc_dlatch$1249 ($dlatch)
    port Q[2] of cell $auto$proc_dlatch.cc:427:proc_dlatch$1271 ($dlatch)
    port Q[2] of cell $auto$proc_dlatch.cc:427:proc_dlatch$1293 ($dlatch)
    port Q[2] of cell $auto$proc_dlatch.cc:427:proc_dlatch$1315 ($dlatch)
Warning: multiple conflicting drivers for $paramod$5877bb0904bef1bfe55ddc5e09d3387b12830d7a\LOBA_SPLIT.\kl [1]:
    port Q[1] of cell $auto$proc_dlatch.cc:427:proc_dlatch$1095 ($dlatch)
    port Q[1] of cell $auto$proc_dlatch.cc:427:proc_dlatch$1117 ($dlatch)
    port Q[1] of cell $auto$proc_dlatch.cc:427:proc_dlatch$1139 ($dlatch)
    port Q[1] of cell $auto$proc_dlatch.cc:427:proc_dlatch$1161 ($dlatch)
    port Q[1] of cell $auto$proc_dlatch.cc:427:proc_dlatch$1183 ($dlatch)
    port Q[1] of cell $auto$proc_dlatch.cc:427:proc_dlatch$1205 ($dlatch)
    port Q[1] of cell $auto$proc_dlatch.cc:427:proc_dlatch$1227 ($dlatch)
    port Q[1] of cell $auto$proc_dlatch.cc:427:proc_dlatch$1249 ($dlatch)
    port Q[1] of cell $auto$proc_dlatch.cc:427:proc_dlatch$1271 ($dlatch)
    port Q[1] of cell $auto$proc_dlatch.cc:427:proc_dlatch$1293 ($dlatch)
    port Q[1] of cell $auto$proc_dlatch.cc:427:proc_dlatch$1315 ($dlatch)
Warning: multiple conflicting drivers for $paramod$5877bb0904bef1bfe55ddc5e09d3387b12830d7a\LOBA_SPLIT.\kl [0]:
    port Q[0] of cell $auto$proc_dlatch.cc:427:proc_dlatch$1095 ($dlatch)
    port Q[0] of cell $auto$proc_dlatch.cc:427:proc_dlatch$1117 ($dlatch)
    port Q[0] of cell $auto$proc_dlatch.cc:427:proc_dlatch$1139 ($dlatch)
    port Q[0] of cell $auto$proc_dlatch.cc:427:proc_dlatch$1161 ($dlatch)
    port Q[0] of cell $auto$proc_dlatch.cc:427:proc_dlatch$1183 ($dlatch)
    port Q[0] of cell $auto$proc_dlatch.cc:427:proc_dlatch$1205 ($dlatch)
    port Q[0] of cell $auto$proc_dlatch.cc:427:proc_dlatch$1227 ($dlatch)
    port Q[0] of cell $auto$proc_dlatch.cc:427:proc_dlatch$1249 ($dlatch)
    port Q[0] of cell $auto$proc_dlatch.cc:427:proc_dlatch$1271 ($dlatch)
    port Q[0] of cell $auto$proc_dlatch.cc:427:proc_dlatch$1293 ($dlatch)
    port Q[0] of cell $auto$proc_dlatch.cc:427:proc_dlatch$1315 ($dlatch)
Warning: multiple conflicting drivers for $paramod$5877bb0904bef1bfe55ddc5e09d3387b12830d7a\LOBA_SPLIT.\kh [3]:
    port Q[3] of cell $auto$proc_dlatch.cc:427:proc_dlatch$1084 ($dlatch)
    port Q[3] of cell $auto$proc_dlatch.cc:427:proc_dlatch$1106 ($dlatch)
    port Q[3] of cell $auto$proc_dlatch.cc:427:proc_dlatch$1128 ($dlatch)
    port Q[3] of cell $auto$proc_dlatch.cc:427:proc_dlatch$1150 ($dlatch)
    port Q[3] of cell $auto$proc_dlatch.cc:427:proc_dlatch$1172 ($dlatch)
    port Q[3] of cell $auto$proc_dlatch.cc:427:proc_dlatch$1194 ($dlatch)
    port Q[3] of cell $auto$proc_dlatch.cc:427:proc_dlatch$1216 ($dlatch)
    port Q[3] of cell $auto$proc_dlatch.cc:427:proc_dlatch$1238 ($dlatch)
    port Q[3] of cell $auto$proc_dlatch.cc:427:proc_dlatch$1260 ($dlatch)
    port Q[3] of cell $auto$proc_dlatch.cc:427:proc_dlatch$1282 ($dlatch)
    port Q[3] of cell $auto$proc_dlatch.cc:427:proc_dlatch$1304 ($dlatch)
Warning: multiple conflicting drivers for $paramod$5877bb0904bef1bfe55ddc5e09d3387b12830d7a\LOBA_SPLIT.\kh [2]:
    port Q[2] of cell $auto$proc_dlatch.cc:427:proc_dlatch$1084 ($dlatch)
    port Q[2] of cell $auto$proc_dlatch.cc:427:proc_dlatch$1106 ($dlatch)
    port Q[2] of cell $auto$proc_dlatch.cc:427:proc_dlatch$1128 ($dlatch)
    port Q[2] of cell $auto$proc_dlatch.cc:427:proc_dlatch$1150 ($dlatch)
    port Q[2] of cell $auto$proc_dlatch.cc:427:proc_dlatch$1172 ($dlatch)
    port Q[2] of cell $auto$proc_dlatch.cc:427:proc_dlatch$1194 ($dlatch)
    port Q[2] of cell $auto$proc_dlatch.cc:427:proc_dlatch$1216 ($dlatch)
    port Q[2] of cell $auto$proc_dlatch.cc:427:proc_dlatch$1238 ($dlatch)
    port Q[2] of cell $auto$proc_dlatch.cc:427:proc_dlatch$1260 ($dlatch)
    port Q[2] of cell $auto$proc_dlatch.cc:427:proc_dlatch$1282 ($dlatch)
    port Q[2] of cell $auto$proc_dlatch.cc:427:proc_dlatch$1304 ($dlatch)
Warning: multiple conflicting drivers for $paramod$5877bb0904bef1bfe55ddc5e09d3387b12830d7a\LOBA_SPLIT.\kh [1]:
    port Q[1] of cell $auto$proc_dlatch.cc:427:proc_dlatch$1084 ($dlatch)
    port Q[1] of cell $auto$proc_dlatch.cc:427:proc_dlatch$1106 ($dlatch)
    port Q[1] of cell $auto$proc_dlatch.cc:427:proc_dlatch$1128 ($dlatch)
    port Q[1] of cell $auto$proc_dlatch.cc:427:proc_dlatch$1150 ($dlatch)
    port Q[1] of cell $auto$proc_dlatch.cc:427:proc_dlatch$1172 ($dlatch)
    port Q[1] of cell $auto$proc_dlatch.cc:427:proc_dlatch$1194 ($dlatch)
    port Q[1] of cell $auto$proc_dlatch.cc:427:proc_dlatch$1216 ($dlatch)
    port Q[1] of cell $auto$proc_dlatch.cc:427:proc_dlatch$1238 ($dlatch)
    port Q[1] of cell $auto$proc_dlatch.cc:427:proc_dlatch$1260 ($dlatch)
    port Q[1] of cell $auto$proc_dlatch.cc:427:proc_dlatch$1282 ($dlatch)
    port Q[1] of cell $auto$proc_dlatch.cc:427:proc_dlatch$1304 ($dlatch)
Warning: multiple conflicting drivers for $paramod$5877bb0904bef1bfe55ddc5e09d3387b12830d7a\LOBA_SPLIT.\kh [0]:
    port Q[0] of cell $auto$proc_dlatch.cc:427:proc_dlatch$1084 ($dlatch)
    port Q[0] of cell $auto$proc_dlatch.cc:427:proc_dlatch$1106 ($dlatch)
    port Q[0] of cell $auto$proc_dlatch.cc:427:proc_dlatch$1128 ($dlatch)
    port Q[0] of cell $auto$proc_dlatch.cc:427:proc_dlatch$1150 ($dlatch)
    port Q[0] of cell $auto$proc_dlatch.cc:427:proc_dlatch$1172 ($dlatch)
    port Q[0] of cell $auto$proc_dlatch.cc:427:proc_dlatch$1194 ($dlatch)
    port Q[0] of cell $auto$proc_dlatch.cc:427:proc_dlatch$1216 ($dlatch)
    port Q[0] of cell $auto$proc_dlatch.cc:427:proc_dlatch$1238 ($dlatch)
    port Q[0] of cell $auto$proc_dlatch.cc:427:proc_dlatch$1260 ($dlatch)
    port Q[0] of cell $auto$proc_dlatch.cc:427:proc_dlatch$1282 ($dlatch)
    port Q[0] of cell $auto$proc_dlatch.cc:427:proc_dlatch$1304 ($dlatch)
Checking module $paramod$a35d5664b23a311d9c38bd1c9971c39f0be092c2\copyA...
Checking module $paramod\LOBA_LOB\N=s32'00000000000000000000000000010000...
Checking module $paramod\LOBA_LOWER\N=s32'00000000000000000000000000010000...
Warning: multiple conflicting drivers for $paramod\LOBA_LOWER\N=s32'00000000000000000000000000010000.\out [15]:
    port Q[15] of cell $auto$proc_dlatch.cc:427:proc_dlatch$1007 ($dlatch)
    port Q[15] of cell $auto$proc_dlatch.cc:427:proc_dlatch$1018 ($dlatch)
    port Q[15] of cell $auto$proc_dlatch.cc:427:proc_dlatch$1029 ($dlatch)
    port Q[15] of cell $auto$proc_dlatch.cc:427:proc_dlatch$1040 ($dlatch)
    port Q[15] of cell $auto$proc_dlatch.cc:427:proc_dlatch$1051 ($dlatch)
    port Q[15] of cell $auto$proc_dlatch.cc:427:proc_dlatch$1062 ($dlatch)
    port Q[15] of cell $auto$proc_dlatch.cc:427:proc_dlatch$1073 ($dlatch)
    port Q[15] of cell $auto$proc_dlatch.cc:427:proc_dlatch$908 ($dlatch)
    port Q[15] of cell $auto$proc_dlatch.cc:427:proc_dlatch$919 ($dlatch)
    port Q[15] of cell $auto$proc_dlatch.cc:427:proc_dlatch$930 ($dlatch)
    port Q[15] of cell $auto$proc_dlatch.cc:427:proc_dlatch$941 ($dlatch)
    port Q[15] of cell $auto$proc_dlatch.cc:427:proc_dlatch$952 ($dlatch)
    port Q[15] of cell $auto$proc_dlatch.cc:427:proc_dlatch$963 ($dlatch)
    port Q[15] of cell $auto$proc_dlatch.cc:427:proc_dlatch$974 ($dlatch)
    port Q[15] of cell $auto$proc_dlatch.cc:427:proc_dlatch$985 ($dlatch)
    port Q[15] of cell $auto$proc_dlatch.cc:427:proc_dlatch$996 ($dlatch)
Warning: multiple conflicting drivers for $paramod\LOBA_LOWER\N=s32'00000000000000000000000000010000.\out [14]:
    port Q[14] of cell $auto$proc_dlatch.cc:427:proc_dlatch$1007 ($dlatch)
    port Q[14] of cell $auto$proc_dlatch.cc:427:proc_dlatch$1018 ($dlatch)
    port Q[14] of cell $auto$proc_dlatch.cc:427:proc_dlatch$1029 ($dlatch)
    port Q[14] of cell $auto$proc_dlatch.cc:427:proc_dlatch$1040 ($dlatch)
    port Q[14] of cell $auto$proc_dlatch.cc:427:proc_dlatch$1051 ($dlatch)
    port Q[14] of cell $auto$proc_dlatch.cc:427:proc_dlatch$1062 ($dlatch)
    port Q[14] of cell $auto$proc_dlatch.cc:427:proc_dlatch$1073 ($dlatch)
    port Q[14] of cell $auto$proc_dlatch.cc:427:proc_dlatch$908 ($dlatch)
    port Q[14] of cell $auto$proc_dlatch.cc:427:proc_dlatch$919 ($dlatch)
    port Q[14] of cell $auto$proc_dlatch.cc:427:proc_dlatch$930 ($dlatch)
    port Q[14] of cell $auto$proc_dlatch.cc:427:proc_dlatch$941 ($dlatch)
    port Q[14] of cell $auto$proc_dlatch.cc:427:proc_dlatch$952 ($dlatch)
    port Q[14] of cell $auto$proc_dlatch.cc:427:proc_dlatch$963 ($dlatch)
    port Q[14] of cell $auto$proc_dlatch.cc:427:proc_dlatch$974 ($dlatch)
    port Q[14] of cell $auto$proc_dlatch.cc:427:proc_dlatch$985 ($dlatch)
    port Q[14] of cell $auto$proc_dlatch.cc:427:proc_dlatch$996 ($dlatch)
Warning: multiple conflicting drivers for $paramod\LOBA_LOWER\N=s32'00000000000000000000000000010000.\out [13]:
    port Q[13] of cell $auto$proc_dlatch.cc:427:proc_dlatch$1007 ($dlatch)
    port Q[13] of cell $auto$proc_dlatch.cc:427:proc_dlatch$1018 ($dlatch)
    port Q[13] of cell $auto$proc_dlatch.cc:427:proc_dlatch$1029 ($dlatch)
    port Q[13] of cell $auto$proc_dlatch.cc:427:proc_dlatch$1040 ($dlatch)
    port Q[13] of cell $auto$proc_dlatch.cc:427:proc_dlatch$1051 ($dlatch)
    port Q[13] of cell $auto$proc_dlatch.cc:427:proc_dlatch$1062 ($dlatch)
    port Q[13] of cell $auto$proc_dlatch.cc:427:proc_dlatch$1073 ($dlatch)
    port Q[13] of cell $auto$proc_dlatch.cc:427:proc_dlatch$908 ($dlatch)
    port Q[13] of cell $auto$proc_dlatch.cc:427:proc_dlatch$919 ($dlatch)
    port Q[13] of cell $auto$proc_dlatch.cc:427:proc_dlatch$930 ($dlatch)
    port Q[13] of cell $auto$proc_dlatch.cc:427:proc_dlatch$941 ($dlatch)
    port Q[13] of cell $auto$proc_dlatch.cc:427:proc_dlatch$952 ($dlatch)
    port Q[13] of cell $auto$proc_dlatch.cc:427:proc_dlatch$963 ($dlatch)
    port Q[13] of cell $auto$proc_dlatch.cc:427:proc_dlatch$974 ($dlatch)
    port Q[13] of cell $auto$proc_dlatch.cc:427:proc_dlatch$985 ($dlatch)
    port Q[13] of cell $auto$proc_dlatch.cc:427:proc_dlatch$996 ($dlatch)
Warning: multiple conflicting drivers for $paramod\LOBA_LOWER\N=s32'00000000000000000000000000010000.\out [12]:
    port Q[12] of cell $auto$proc_dlatch.cc:427:proc_dlatch$1007 ($dlatch)
    port Q[12] of cell $auto$proc_dlatch.cc:427:proc_dlatch$1018 ($dlatch)
    port Q[12] of cell $auto$proc_dlatch.cc:427:proc_dlatch$1029 ($dlatch)
    port Q[12] of cell $auto$proc_dlatch.cc:427:proc_dlatch$1040 ($dlatch)
    port Q[12] of cell $auto$proc_dlatch.cc:427:proc_dlatch$1051 ($dlatch)
    port Q[12] of cell $auto$proc_dlatch.cc:427:proc_dlatch$1062 ($dlatch)
    port Q[12] of cell $auto$proc_dlatch.cc:427:proc_dlatch$1073 ($dlatch)
    port Q[12] of cell $auto$proc_dlatch.cc:427:proc_dlatch$908 ($dlatch)
    port Q[12] of cell $auto$proc_dlatch.cc:427:proc_dlatch$919 ($dlatch)
    port Q[12] of cell $auto$proc_dlatch.cc:427:proc_dlatch$930 ($dlatch)
    port Q[12] of cell $auto$proc_dlatch.cc:427:proc_dlatch$941 ($dlatch)
    port Q[12] of cell $auto$proc_dlatch.cc:427:proc_dlatch$952 ($dlatch)
    port Q[12] of cell $auto$proc_dlatch.cc:427:proc_dlatch$963 ($dlatch)
    port Q[12] of cell $auto$proc_dlatch.cc:427:proc_dlatch$974 ($dlatch)
    port Q[12] of cell $auto$proc_dlatch.cc:427:proc_dlatch$985 ($dlatch)
    port Q[12] of cell $auto$proc_dlatch.cc:427:proc_dlatch$996 ($dlatch)
Warning: multiple conflicting drivers for $paramod\LOBA_LOWER\N=s32'00000000000000000000000000010000.\out [11]:
    port Q[11] of cell $auto$proc_dlatch.cc:427:proc_dlatch$1007 ($dlatch)
    port Q[11] of cell $auto$proc_dlatch.cc:427:proc_dlatch$1018 ($dlatch)
    port Q[11] of cell $auto$proc_dlatch.cc:427:proc_dlatch$1029 ($dlatch)
    port Q[11] of cell $auto$proc_dlatch.cc:427:proc_dlatch$1040 ($dlatch)
    port Q[11] of cell $auto$proc_dlatch.cc:427:proc_dlatch$1051 ($dlatch)
    port Q[11] of cell $auto$proc_dlatch.cc:427:proc_dlatch$1062 ($dlatch)
    port Q[11] of cell $auto$proc_dlatch.cc:427:proc_dlatch$1073 ($dlatch)
    port Q[11] of cell $auto$proc_dlatch.cc:427:proc_dlatch$908 ($dlatch)
    port Q[11] of cell $auto$proc_dlatch.cc:427:proc_dlatch$919 ($dlatch)
    port Q[11] of cell $auto$proc_dlatch.cc:427:proc_dlatch$930 ($dlatch)
    port Q[11] of cell $auto$proc_dlatch.cc:427:proc_dlatch$941 ($dlatch)
    port Q[11] of cell $auto$proc_dlatch.cc:427:proc_dlatch$952 ($dlatch)
    port Q[11] of cell $auto$proc_dlatch.cc:427:proc_dlatch$963 ($dlatch)
    port Q[11] of cell $auto$proc_dlatch.cc:427:proc_dlatch$974 ($dlatch)
    port Q[11] of cell $auto$proc_dlatch.cc:427:proc_dlatch$985 ($dlatch)
    port Q[11] of cell $auto$proc_dlatch.cc:427:proc_dlatch$996 ($dlatch)
Warning: multiple conflicting drivers for $paramod\LOBA_LOWER\N=s32'00000000000000000000000000010000.\out [10]:
    port Q[10] of cell $auto$proc_dlatch.cc:427:proc_dlatch$1007 ($dlatch)
    port Q[10] of cell $auto$proc_dlatch.cc:427:proc_dlatch$1018 ($dlatch)
    port Q[10] of cell $auto$proc_dlatch.cc:427:proc_dlatch$1029 ($dlatch)
    port Q[10] of cell $auto$proc_dlatch.cc:427:proc_dlatch$1040 ($dlatch)
    port Q[10] of cell $auto$proc_dlatch.cc:427:proc_dlatch$1051 ($dlatch)
    port Q[10] of cell $auto$proc_dlatch.cc:427:proc_dlatch$1062 ($dlatch)
    port Q[10] of cell $auto$proc_dlatch.cc:427:proc_dlatch$1073 ($dlatch)
    port Q[10] of cell $auto$proc_dlatch.cc:427:proc_dlatch$908 ($dlatch)
    port Q[10] of cell $auto$proc_dlatch.cc:427:proc_dlatch$919 ($dlatch)
    port Q[10] of cell $auto$proc_dlatch.cc:427:proc_dlatch$930 ($dlatch)
    port Q[10] of cell $auto$proc_dlatch.cc:427:proc_dlatch$941 ($dlatch)
    port Q[10] of cell $auto$proc_dlatch.cc:427:proc_dlatch$952 ($dlatch)
    port Q[10] of cell $auto$proc_dlatch.cc:427:proc_dlatch$963 ($dlatch)
    port Q[10] of cell $auto$proc_dlatch.cc:427:proc_dlatch$974 ($dlatch)
    port Q[10] of cell $auto$proc_dlatch.cc:427:proc_dlatch$985 ($dlatch)
    port Q[10] of cell $auto$proc_dlatch.cc:427:proc_dlatch$996 ($dlatch)
Warning: multiple conflicting drivers for $paramod\LOBA_LOWER\N=s32'00000000000000000000000000010000.\out [9]:
    port Q[9] of cell $auto$proc_dlatch.cc:427:proc_dlatch$1007 ($dlatch)
    port Q[9] of cell $auto$proc_dlatch.cc:427:proc_dlatch$1018 ($dlatch)
    port Q[9] of cell $auto$proc_dlatch.cc:427:proc_dlatch$1029 ($dlatch)
    port Q[9] of cell $auto$proc_dlatch.cc:427:proc_dlatch$1040 ($dlatch)
    port Q[9] of cell $auto$proc_dlatch.cc:427:proc_dlatch$1051 ($dlatch)
    port Q[9] of cell $auto$proc_dlatch.cc:427:proc_dlatch$1062 ($dlatch)
    port Q[9] of cell $auto$proc_dlatch.cc:427:proc_dlatch$1073 ($dlatch)
    port Q[9] of cell $auto$proc_dlatch.cc:427:proc_dlatch$908 ($dlatch)
    port Q[9] of cell $auto$proc_dlatch.cc:427:proc_dlatch$919 ($dlatch)
    port Q[9] of cell $auto$proc_dlatch.cc:427:proc_dlatch$930 ($dlatch)
    port Q[9] of cell $auto$proc_dlatch.cc:427:proc_dlatch$941 ($dlatch)
    port Q[9] of cell $auto$proc_dlatch.cc:427:proc_dlatch$952 ($dlatch)
    port Q[9] of cell $auto$proc_dlatch.cc:427:proc_dlatch$963 ($dlatch)
    port Q[9] of cell $auto$proc_dlatch.cc:427:proc_dlatch$974 ($dlatch)
    port Q[9] of cell $auto$proc_dlatch.cc:427:proc_dlatch$985 ($dlatch)
    port Q[9] of cell $auto$proc_dlatch.cc:427:proc_dlatch$996 ($dlatch)
Warning: multiple conflicting drivers for $paramod\LOBA_LOWER\N=s32'00000000000000000000000000010000.\out [8]:
    port Q[8] of cell $auto$proc_dlatch.cc:427:proc_dlatch$1007 ($dlatch)
    port Q[8] of cell $auto$proc_dlatch.cc:427:proc_dlatch$1018 ($dlatch)
    port Q[8] of cell $auto$proc_dlatch.cc:427:proc_dlatch$1029 ($dlatch)
    port Q[8] of cell $auto$proc_dlatch.cc:427:proc_dlatch$1040 ($dlatch)
    port Q[8] of cell $auto$proc_dlatch.cc:427:proc_dlatch$1051 ($dlatch)
    port Q[8] of cell $auto$proc_dlatch.cc:427:proc_dlatch$1062 ($dlatch)
    port Q[8] of cell $auto$proc_dlatch.cc:427:proc_dlatch$1073 ($dlatch)
    port Q[8] of cell $auto$proc_dlatch.cc:427:proc_dlatch$908 ($dlatch)
    port Q[8] of cell $auto$proc_dlatch.cc:427:proc_dlatch$919 ($dlatch)
    port Q[8] of cell $auto$proc_dlatch.cc:427:proc_dlatch$930 ($dlatch)
    port Q[8] of cell $auto$proc_dlatch.cc:427:proc_dlatch$941 ($dlatch)
    port Q[8] of cell $auto$proc_dlatch.cc:427:proc_dlatch$952 ($dlatch)
    port Q[8] of cell $auto$proc_dlatch.cc:427:proc_dlatch$963 ($dlatch)
    port Q[8] of cell $auto$proc_dlatch.cc:427:proc_dlatch$974 ($dlatch)
    port Q[8] of cell $auto$proc_dlatch.cc:427:proc_dlatch$985 ($dlatch)
    port Q[8] of cell $auto$proc_dlatch.cc:427:proc_dlatch$996 ($dlatch)
Warning: multiple conflicting drivers for $paramod\LOBA_LOWER\N=s32'00000000000000000000000000010000.\out [7]:
    port Q[7] of cell $auto$proc_dlatch.cc:427:proc_dlatch$1007 ($dlatch)
    port Q[7] of cell $auto$proc_dlatch.cc:427:proc_dlatch$1018 ($dlatch)
    port Q[7] of cell $auto$proc_dlatch.cc:427:proc_dlatch$1029 ($dlatch)
    port Q[7] of cell $auto$proc_dlatch.cc:427:proc_dlatch$1040 ($dlatch)
    port Q[7] of cell $auto$proc_dlatch.cc:427:proc_dlatch$1051 ($dlatch)
    port Q[7] of cell $auto$proc_dlatch.cc:427:proc_dlatch$1062 ($dlatch)
    port Q[7] of cell $auto$proc_dlatch.cc:427:proc_dlatch$1073 ($dlatch)
    port Q[7] of cell $auto$proc_dlatch.cc:427:proc_dlatch$908 ($dlatch)
    port Q[7] of cell $auto$proc_dlatch.cc:427:proc_dlatch$919 ($dlatch)
    port Q[7] of cell $auto$proc_dlatch.cc:427:proc_dlatch$930 ($dlatch)
    port Q[7] of cell $auto$proc_dlatch.cc:427:proc_dlatch$941 ($dlatch)
    port Q[7] of cell $auto$proc_dlatch.cc:427:proc_dlatch$952 ($dlatch)
    port Q[7] of cell $auto$proc_dlatch.cc:427:proc_dlatch$963 ($dlatch)
    port Q[7] of cell $auto$proc_dlatch.cc:427:proc_dlatch$974 ($dlatch)
    port Q[7] of cell $auto$proc_dlatch.cc:427:proc_dlatch$985 ($dlatch)
    port Q[7] of cell $auto$proc_dlatch.cc:427:proc_dlatch$996 ($dlatch)
Warning: multiple conflicting drivers for $paramod\LOBA_LOWER\N=s32'00000000000000000000000000010000.\out [6]:
    port Q[6] of cell $auto$proc_dlatch.cc:427:proc_dlatch$1007 ($dlatch)
    port Q[6] of cell $auto$proc_dlatch.cc:427:proc_dlatch$1018 ($dlatch)
    port Q[6] of cell $auto$proc_dlatch.cc:427:proc_dlatch$1029 ($dlatch)
    port Q[6] of cell $auto$proc_dlatch.cc:427:proc_dlatch$1040 ($dlatch)
    port Q[6] of cell $auto$proc_dlatch.cc:427:proc_dlatch$1051 ($dlatch)
    port Q[6] of cell $auto$proc_dlatch.cc:427:proc_dlatch$1062 ($dlatch)
    port Q[6] of cell $auto$proc_dlatch.cc:427:proc_dlatch$1073 ($dlatch)
    port Q[6] of cell $auto$proc_dlatch.cc:427:proc_dlatch$908 ($dlatch)
    port Q[6] of cell $auto$proc_dlatch.cc:427:proc_dlatch$919 ($dlatch)
    port Q[6] of cell $auto$proc_dlatch.cc:427:proc_dlatch$930 ($dlatch)
    port Q[6] of cell $auto$proc_dlatch.cc:427:proc_dlatch$941 ($dlatch)
    port Q[6] of cell $auto$proc_dlatch.cc:427:proc_dlatch$952 ($dlatch)
    port Q[6] of cell $auto$proc_dlatch.cc:427:proc_dlatch$963 ($dlatch)
    port Q[6] of cell $auto$proc_dlatch.cc:427:proc_dlatch$974 ($dlatch)
    port Q[6] of cell $auto$proc_dlatch.cc:427:proc_dlatch$985 ($dlatch)
    port Q[6] of cell $auto$proc_dlatch.cc:427:proc_dlatch$996 ($dlatch)
Warning: multiple conflicting drivers for $paramod\LOBA_LOWER\N=s32'00000000000000000000000000010000.\out [5]:
    port Q[5] of cell $auto$proc_dlatch.cc:427:proc_dlatch$1007 ($dlatch)
    port Q[5] of cell $auto$proc_dlatch.cc:427:proc_dlatch$1018 ($dlatch)
    port Q[5] of cell $auto$proc_dlatch.cc:427:proc_dlatch$1029 ($dlatch)
    port Q[5] of cell $auto$proc_dlatch.cc:427:proc_dlatch$1040 ($dlatch)
    port Q[5] of cell $auto$proc_dlatch.cc:427:proc_dlatch$1051 ($dlatch)
    port Q[5] of cell $auto$proc_dlatch.cc:427:proc_dlatch$1062 ($dlatch)
    port Q[5] of cell $auto$proc_dlatch.cc:427:proc_dlatch$1073 ($dlatch)
    port Q[5] of cell $auto$proc_dlatch.cc:427:proc_dlatch$908 ($dlatch)
    port Q[5] of cell $auto$proc_dlatch.cc:427:proc_dlatch$919 ($dlatch)
    port Q[5] of cell $auto$proc_dlatch.cc:427:proc_dlatch$930 ($dlatch)
    port Q[5] of cell $auto$proc_dlatch.cc:427:proc_dlatch$941 ($dlatch)
    port Q[5] of cell $auto$proc_dlatch.cc:427:proc_dlatch$952 ($dlatch)
    port Q[5] of cell $auto$proc_dlatch.cc:427:proc_dlatch$963 ($dlatch)
    port Q[5] of cell $auto$proc_dlatch.cc:427:proc_dlatch$974 ($dlatch)
    port Q[5] of cell $auto$proc_dlatch.cc:427:proc_dlatch$985 ($dlatch)
    port Q[5] of cell $auto$proc_dlatch.cc:427:proc_dlatch$996 ($dlatch)
Warning: multiple conflicting drivers for $paramod\LOBA_LOWER\N=s32'00000000000000000000000000010000.\out [4]:
    port Q[4] of cell $auto$proc_dlatch.cc:427:proc_dlatch$1007 ($dlatch)
    port Q[4] of cell $auto$proc_dlatch.cc:427:proc_dlatch$1018 ($dlatch)
    port Q[4] of cell $auto$proc_dlatch.cc:427:proc_dlatch$1029 ($dlatch)
    port Q[4] of cell $auto$proc_dlatch.cc:427:proc_dlatch$1040 ($dlatch)
    port Q[4] of cell $auto$proc_dlatch.cc:427:proc_dlatch$1051 ($dlatch)
    port Q[4] of cell $auto$proc_dlatch.cc:427:proc_dlatch$1062 ($dlatch)
    port Q[4] of cell $auto$proc_dlatch.cc:427:proc_dlatch$1073 ($dlatch)
    port Q[4] of cell $auto$proc_dlatch.cc:427:proc_dlatch$908 ($dlatch)
    port Q[4] of cell $auto$proc_dlatch.cc:427:proc_dlatch$919 ($dlatch)
    port Q[4] of cell $auto$proc_dlatch.cc:427:proc_dlatch$930 ($dlatch)
    port Q[4] of cell $auto$proc_dlatch.cc:427:proc_dlatch$941 ($dlatch)
    port Q[4] of cell $auto$proc_dlatch.cc:427:proc_dlatch$952 ($dlatch)
    port Q[4] of cell $auto$proc_dlatch.cc:427:proc_dlatch$963 ($dlatch)
    port Q[4] of cell $auto$proc_dlatch.cc:427:proc_dlatch$974 ($dlatch)
    port Q[4] of cell $auto$proc_dlatch.cc:427:proc_dlatch$985 ($dlatch)
    port Q[4] of cell $auto$proc_dlatch.cc:427:proc_dlatch$996 ($dlatch)
Warning: multiple conflicting drivers for $paramod\LOBA_LOWER\N=s32'00000000000000000000000000010000.\out [3]:
    port Q[3] of cell $auto$proc_dlatch.cc:427:proc_dlatch$1007 ($dlatch)
    port Q[3] of cell $auto$proc_dlatch.cc:427:proc_dlatch$1018 ($dlatch)
    port Q[3] of cell $auto$proc_dlatch.cc:427:proc_dlatch$1029 ($dlatch)
    port Q[3] of cell $auto$proc_dlatch.cc:427:proc_dlatch$1040 ($dlatch)
    port Q[3] of cell $auto$proc_dlatch.cc:427:proc_dlatch$1051 ($dlatch)
    port Q[3] of cell $auto$proc_dlatch.cc:427:proc_dlatch$1062 ($dlatch)
    port Q[3] of cell $auto$proc_dlatch.cc:427:proc_dlatch$1073 ($dlatch)
    port Q[3] of cell $auto$proc_dlatch.cc:427:proc_dlatch$908 ($dlatch)
    port Q[3] of cell $auto$proc_dlatch.cc:427:proc_dlatch$919 ($dlatch)
    port Q[3] of cell $auto$proc_dlatch.cc:427:proc_dlatch$930 ($dlatch)
    port Q[3] of cell $auto$proc_dlatch.cc:427:proc_dlatch$941 ($dlatch)
    port Q[3] of cell $auto$proc_dlatch.cc:427:proc_dlatch$952 ($dlatch)
    port Q[3] of cell $auto$proc_dlatch.cc:427:proc_dlatch$963 ($dlatch)
    port Q[3] of cell $auto$proc_dlatch.cc:427:proc_dlatch$974 ($dlatch)
    port Q[3] of cell $auto$proc_dlatch.cc:427:proc_dlatch$985 ($dlatch)
    port Q[3] of cell $auto$proc_dlatch.cc:427:proc_dlatch$996 ($dlatch)
Warning: multiple conflicting drivers for $paramod\LOBA_LOWER\N=s32'00000000000000000000000000010000.\out [2]:
    port Q[2] of cell $auto$proc_dlatch.cc:427:proc_dlatch$1007 ($dlatch)
    port Q[2] of cell $auto$proc_dlatch.cc:427:proc_dlatch$1018 ($dlatch)
    port Q[2] of cell $auto$proc_dlatch.cc:427:proc_dlatch$1029 ($dlatch)
    port Q[2] of cell $auto$proc_dlatch.cc:427:proc_dlatch$1040 ($dlatch)
    port Q[2] of cell $auto$proc_dlatch.cc:427:proc_dlatch$1051 ($dlatch)
    port Q[2] of cell $auto$proc_dlatch.cc:427:proc_dlatch$1062 ($dlatch)
    port Q[2] of cell $auto$proc_dlatch.cc:427:proc_dlatch$1073 ($dlatch)
    port Q[2] of cell $auto$proc_dlatch.cc:427:proc_dlatch$908 ($dlatch)
    port Q[2] of cell $auto$proc_dlatch.cc:427:proc_dlatch$919 ($dlatch)
    port Q[2] of cell $auto$proc_dlatch.cc:427:proc_dlatch$930 ($dlatch)
    port Q[2] of cell $auto$proc_dlatch.cc:427:proc_dlatch$941 ($dlatch)
    port Q[2] of cell $auto$proc_dlatch.cc:427:proc_dlatch$952 ($dlatch)
    port Q[2] of cell $auto$proc_dlatch.cc:427:proc_dlatch$963 ($dlatch)
    port Q[2] of cell $auto$proc_dlatch.cc:427:proc_dlatch$974 ($dlatch)
    port Q[2] of cell $auto$proc_dlatch.cc:427:proc_dlatch$985 ($dlatch)
    port Q[2] of cell $auto$proc_dlatch.cc:427:proc_dlatch$996 ($dlatch)
Warning: multiple conflicting drivers for $paramod\LOBA_LOWER\N=s32'00000000000000000000000000010000.\out [1]:
    port Q[1] of cell $auto$proc_dlatch.cc:427:proc_dlatch$1007 ($dlatch)
    port Q[1] of cell $auto$proc_dlatch.cc:427:proc_dlatch$1018 ($dlatch)
    port Q[1] of cell $auto$proc_dlatch.cc:427:proc_dlatch$1029 ($dlatch)
    port Q[1] of cell $auto$proc_dlatch.cc:427:proc_dlatch$1040 ($dlatch)
    port Q[1] of cell $auto$proc_dlatch.cc:427:proc_dlatch$1051 ($dlatch)
    port Q[1] of cell $auto$proc_dlatch.cc:427:proc_dlatch$1062 ($dlatch)
    port Q[1] of cell $auto$proc_dlatch.cc:427:proc_dlatch$1073 ($dlatch)
    port Q[1] of cell $auto$proc_dlatch.cc:427:proc_dlatch$908 ($dlatch)
    port Q[1] of cell $auto$proc_dlatch.cc:427:proc_dlatch$919 ($dlatch)
    port Q[1] of cell $auto$proc_dlatch.cc:427:proc_dlatch$930 ($dlatch)
    port Q[1] of cell $auto$proc_dlatch.cc:427:proc_dlatch$941 ($dlatch)
    port Q[1] of cell $auto$proc_dlatch.cc:427:proc_dlatch$952 ($dlatch)
    port Q[1] of cell $auto$proc_dlatch.cc:427:proc_dlatch$963 ($dlatch)
    port Q[1] of cell $auto$proc_dlatch.cc:427:proc_dlatch$974 ($dlatch)
    port Q[1] of cell $auto$proc_dlatch.cc:427:proc_dlatch$985 ($dlatch)
    port Q[1] of cell $auto$proc_dlatch.cc:427:proc_dlatch$996 ($dlatch)
Warning: multiple conflicting drivers for $paramod\LOBA_LOWER\N=s32'00000000000000000000000000010000.\out [0]:
    port Q[0] of cell $auto$proc_dlatch.cc:427:proc_dlatch$1007 ($dlatch)
    port Q[0] of cell $auto$proc_dlatch.cc:427:proc_dlatch$1018 ($dlatch)
    port Q[0] of cell $auto$proc_dlatch.cc:427:proc_dlatch$1029 ($dlatch)
    port Q[0] of cell $auto$proc_dlatch.cc:427:proc_dlatch$1040 ($dlatch)
    port Q[0] of cell $auto$proc_dlatch.cc:427:proc_dlatch$1051 ($dlatch)
    port Q[0] of cell $auto$proc_dlatch.cc:427:proc_dlatch$1062 ($dlatch)
    port Q[0] of cell $auto$proc_dlatch.cc:427:proc_dlatch$1073 ($dlatch)
    port Q[0] of cell $auto$proc_dlatch.cc:427:proc_dlatch$908 ($dlatch)
    port Q[0] of cell $auto$proc_dlatch.cc:427:proc_dlatch$919 ($dlatch)
    port Q[0] of cell $auto$proc_dlatch.cc:427:proc_dlatch$930 ($dlatch)
    port Q[0] of cell $auto$proc_dlatch.cc:427:proc_dlatch$941 ($dlatch)
    port Q[0] of cell $auto$proc_dlatch.cc:427:proc_dlatch$952 ($dlatch)
    port Q[0] of cell $auto$proc_dlatch.cc:427:proc_dlatch$963 ($dlatch)
    port Q[0] of cell $auto$proc_dlatch.cc:427:proc_dlatch$974 ($dlatch)
    port Q[0] of cell $auto$proc_dlatch.cc:427:proc_dlatch$985 ($dlatch)
    port Q[0] of cell $auto$proc_dlatch.cc:427:proc_dlatch$996 ($dlatch)
Checking module poly1...
Found and reported 24 problems.

11. Executing FLATTEN pass (flatten design).
Deleting now unused module $paramod$5877bb0904bef1bfe55ddc5e09d3387b12830d7a\LOBA0s.
Deleting now unused module $paramod$5877bb0904bef1bfe55ddc5e09d3387b12830d7a\LOBA0u.
Deleting now unused module $paramod$5877bb0904bef1bfe55ddc5e09d3387b12830d7a\LOBA_MUX.
Deleting now unused module $paramod$5877bb0904bef1bfe55ddc5e09d3387b12830d7a\LOBA_SPLIT.
Deleting now unused module $paramod$a35d5664b23a311d9c38bd1c9971c39f0be092c2\copyA.
Deleting now unused module $paramod\LOBA_LOB\N=s32'00000000000000000000000000010000.
Deleting now unused module $paramod\LOBA_LOWER\N=s32'00000000000000000000000000010000.
<suppressed ~10 debug messages>

12. Executing SYNTH pass.

12.1. Executing HIERARCHY pass (managing design hierarchy).

12.1.1. Analyzing design hierarchy..
Top module:  \poly1

12.1.2. Analyzing design hierarchy..
Top module:  \poly1
Removed 0 unused modules.

12.2. Executing PROC pass (convert processes to netlists).

12.2.1. Executing PROC_CLEAN pass (remove empty switches from decision trees).
Cleaned up 0 empty switches.

12.2.2. Executing PROC_RMDEAD pass (remove dead branches from decision trees).
Removed a total of 0 dead cases.

12.2.3. Executing PROC_PRUNE pass (remove redundant assignments in processes).
Removed 0 redundant assignments.
Promoted 0 assignments to connections.

12.2.4. Executing PROC_INIT pass (extract init attributes).

12.2.5. Executing PROC_ARST pass (detect async resets in processes).

12.2.6. Executing PROC_ROM pass (convert switches to ROMs).
Converted 0 switches.

12.2.7. Executing PROC_MUX pass (convert decision trees to multiplexers).

12.2.8. Executing PROC_DLATCH pass (convert process syncs to latches).

12.2.9. Executing PROC_DFF pass (convert process syncs to FFs).

12.2.10. Executing PROC_MEMWR pass (convert process memory writes to cells).

12.2.11. Executing PROC_CLEAN pass (remove empty switches from decision trees).
Cleaned up 0 empty switches.

12.2.12. Executing OPT_EXPR pass (perform const folding).
Optimizing module poly1.

12.3. Executing OPT_EXPR pass (perform const folding).
Optimizing module poly1.

12.4. Executing OPT_CLEAN pass (remove unused cells and wires).
Finding unused cells or wires in module \poly1..
Removed 212 unused cells and 95 unused wires.
<suppressed ~227 debug messages>

12.5. Executing CHECK pass (checking for obvious problems).
Checking module poly1...
Warning: multiple conflicting drivers for poly1.\mult1.u1.u2.kh [3]:
    port Q[3] of cell $flatten\mult1.\u1.\u2.$auto$proc_dlatch.cc:427:proc_dlatch$1084 ($dlatch)
    port Q[3] of cell $flatten\mult1.\u1.\u2.$auto$proc_dlatch.cc:427:proc_dlatch$1106 ($dlatch)
    port Q[3] of cell $flatten\mult1.\u1.\u2.$auto$proc_dlatch.cc:427:proc_dlatch$1128 ($dlatch)
    port Q[3] of cell $flatten\mult1.\u1.\u2.$auto$proc_dlatch.cc:427:proc_dlatch$1150 ($dlatch)
    port Q[3] of cell $flatten\mult1.\u1.\u2.$auto$proc_dlatch.cc:427:proc_dlatch$1172 ($dlatch)
    port Q[3] of cell $flatten\mult1.\u1.\u2.$auto$proc_dlatch.cc:427:proc_dlatch$1194 ($dlatch)
    port Q[3] of cell $flatten\mult1.\u1.\u2.$auto$proc_dlatch.cc:427:proc_dlatch$1216 ($dlatch)
    port Q[3] of cell $flatten\mult1.\u1.\u2.$auto$proc_dlatch.cc:427:proc_dlatch$1238 ($dlatch)
    port Q[3] of cell $flatten\mult1.\u1.\u2.$auto$proc_dlatch.cc:427:proc_dlatch$1260 ($dlatch)
    port Q[3] of cell $flatten\mult1.\u1.\u2.$auto$proc_dlatch.cc:427:proc_dlatch$1282 ($dlatch)
    port Q[3] of cell $flatten\mult1.\u1.\u2.$auto$proc_dlatch.cc:427:proc_dlatch$1304 ($dlatch)
Warning: multiple conflicting drivers for poly1.\mult1.u1.u2.kh [2]:
    port Q[2] of cell $flatten\mult1.\u1.\u2.$auto$proc_dlatch.cc:427:proc_dlatch$1084 ($dlatch)
    port Q[2] of cell $flatten\mult1.\u1.\u2.$auto$proc_dlatch.cc:427:proc_dlatch$1106 ($dlatch)
    port Q[2] of cell $flatten\mult1.\u1.\u2.$auto$proc_dlatch.cc:427:proc_dlatch$1128 ($dlatch)
    port Q[2] of cell $flatten\mult1.\u1.\u2.$auto$proc_dlatch.cc:427:proc_dlatch$1150 ($dlatch)
    port Q[2] of cell $flatten\mult1.\u1.\u2.$auto$proc_dlatch.cc:427:proc_dlatch$1172 ($dlatch)
    port Q[2] of cell $flatten\mult1.\u1.\u2.$auto$proc_dlatch.cc:427:proc_dlatch$1194 ($dlatch)
    port Q[2] of cell $flatten\mult1.\u1.\u2.$auto$proc_dlatch.cc:427:proc_dlatch$1216 ($dlatch)
    port Q[2] of cell $flatten\mult1.\u1.\u2.$auto$proc_dlatch.cc:427:proc_dlatch$1238 ($dlatch)
    port Q[2] of cell $flatten\mult1.\u1.\u2.$auto$proc_dlatch.cc:427:proc_dlatch$1260 ($dlatch)
    port Q[2] of cell $flatten\mult1.\u1.\u2.$auto$proc_dlatch.cc:427:proc_dlatch$1282 ($dlatch)
    port Q[2] of cell $flatten\mult1.\u1.\u2.$auto$proc_dlatch.cc:427:proc_dlatch$1304 ($dlatch)
Warning: multiple conflicting drivers for poly1.\mult1.u1.u2.kh [1]:
    port Q[1] of cell $flatten\mult1.\u1.\u2.$auto$proc_dlatch.cc:427:proc_dlatch$1084 ($dlatch)
    port Q[1] of cell $flatten\mult1.\u1.\u2.$auto$proc_dlatch.cc:427:proc_dlatch$1106 ($dlatch)
    port Q[1] of cell $flatten\mult1.\u1.\u2.$auto$proc_dlatch.cc:427:proc_dlatch$1128 ($dlatch)
    port Q[1] of cell $flatten\mult1.\u1.\u2.$auto$proc_dlatch.cc:427:proc_dlatch$1150 ($dlatch)
    port Q[1] of cell $flatten\mult1.\u1.\u2.$auto$proc_dlatch.cc:427:proc_dlatch$1172 ($dlatch)
    port Q[1] of cell $flatten\mult1.\u1.\u2.$auto$proc_dlatch.cc:427:proc_dlatch$1194 ($dlatch)
    port Q[1] of cell $flatten\mult1.\u1.\u2.$auto$proc_dlatch.cc:427:proc_dlatch$1216 ($dlatch)
    port Q[1] of cell $flatten\mult1.\u1.\u2.$auto$proc_dlatch.cc:427:proc_dlatch$1238 ($dlatch)
    port Q[1] of cell $flatten\mult1.\u1.\u2.$auto$proc_dlatch.cc:427:proc_dlatch$1260 ($dlatch)
    port Q[1] of cell $flatten\mult1.\u1.\u2.$auto$proc_dlatch.cc:427:proc_dlatch$1282 ($dlatch)
    port Q[1] of cell $flatten\mult1.\u1.\u2.$auto$proc_dlatch.cc:427:proc_dlatch$1304 ($dlatch)
Warning: multiple conflicting drivers for poly1.\mult1.u1.u2.kh [0]:
    port Q[0] of cell $flatten\mult1.\u1.\u2.$auto$proc_dlatch.cc:427:proc_dlatch$1084 ($dlatch)
    port Q[0] of cell $flatten\mult1.\u1.\u2.$auto$proc_dlatch.cc:427:proc_dlatch$1106 ($dlatch)
    port Q[0] of cell $flatten\mult1.\u1.\u2.$auto$proc_dlatch.cc:427:proc_dlatch$1128 ($dlatch)
    port Q[0] of cell $flatten\mult1.\u1.\u2.$auto$proc_dlatch.cc:427:proc_dlatch$1150 ($dlatch)
    port Q[0] of cell $flatten\mult1.\u1.\u2.$auto$proc_dlatch.cc:427:proc_dlatch$1172 ($dlatch)
    port Q[0] of cell $flatten\mult1.\u1.\u2.$auto$proc_dlatch.cc:427:proc_dlatch$1194 ($dlatch)
    port Q[0] of cell $flatten\mult1.\u1.\u2.$auto$proc_dlatch.cc:427:proc_dlatch$1216 ($dlatch)
    port Q[0] of cell $flatten\mult1.\u1.\u2.$auto$proc_dlatch.cc:427:proc_dlatch$1238 ($dlatch)
    port Q[0] of cell $flatten\mult1.\u1.\u2.$auto$proc_dlatch.cc:427:proc_dlatch$1260 ($dlatch)
    port Q[0] of cell $flatten\mult1.\u1.\u2.$auto$proc_dlatch.cc:427:proc_dlatch$1282 ($dlatch)
    port Q[0] of cell $flatten\mult1.\u1.\u2.$auto$proc_dlatch.cc:427:proc_dlatch$1304 ($dlatch)
Warning: multiple conflicting drivers for poly1.\mult1.u1.u1.kh [3]:
    port Q[3] of cell $flatten\mult1.\u1.\u1.$auto$proc_dlatch.cc:427:proc_dlatch$1084 ($dlatch)
    port Q[3] of cell $flatten\mult1.\u1.\u1.$auto$proc_dlatch.cc:427:proc_dlatch$1106 ($dlatch)
    port Q[3] of cell $flatten\mult1.\u1.\u1.$auto$proc_dlatch.cc:427:proc_dlatch$1128 ($dlatch)
    port Q[3] of cell $flatten\mult1.\u1.\u1.$auto$proc_dlatch.cc:427:proc_dlatch$1150 ($dlatch)
    port Q[3] of cell $flatten\mult1.\u1.\u1.$auto$proc_dlatch.cc:427:proc_dlatch$1172 ($dlatch)
    port Q[3] of cell $flatten\mult1.\u1.\u1.$auto$proc_dlatch.cc:427:proc_dlatch$1194 ($dlatch)
    port Q[3] of cell $flatten\mult1.\u1.\u1.$auto$proc_dlatch.cc:427:proc_dlatch$1216 ($dlatch)
    port Q[3] of cell $flatten\mult1.\u1.\u1.$auto$proc_dlatch.cc:427:proc_dlatch$1238 ($dlatch)
    port Q[3] of cell $flatten\mult1.\u1.\u1.$auto$proc_dlatch.cc:427:proc_dlatch$1260 ($dlatch)
    port Q[3] of cell $flatten\mult1.\u1.\u1.$auto$proc_dlatch.cc:427:proc_dlatch$1282 ($dlatch)
    port Q[3] of cell $flatten\mult1.\u1.\u1.$auto$proc_dlatch.cc:427:proc_dlatch$1304 ($dlatch)
Warning: multiple conflicting drivers for poly1.\mult1.u1.u1.kh [2]:
    port Q[2] of cell $flatten\mult1.\u1.\u1.$auto$proc_dlatch.cc:427:proc_dlatch$1084 ($dlatch)
    port Q[2] of cell $flatten\mult1.\u1.\u1.$auto$proc_dlatch.cc:427:proc_dlatch$1106 ($dlatch)
    port Q[2] of cell $flatten\mult1.\u1.\u1.$auto$proc_dlatch.cc:427:proc_dlatch$1128 ($dlatch)
    port Q[2] of cell $flatten\mult1.\u1.\u1.$auto$proc_dlatch.cc:427:proc_dlatch$1150 ($dlatch)
    port Q[2] of cell $flatten\mult1.\u1.\u1.$auto$proc_dlatch.cc:427:proc_dlatch$1172 ($dlatch)
    port Q[2] of cell $flatten\mult1.\u1.\u1.$auto$proc_dlatch.cc:427:proc_dlatch$1194 ($dlatch)
    port Q[2] of cell $flatten\mult1.\u1.\u1.$auto$proc_dlatch.cc:427:proc_dlatch$1216 ($dlatch)
    port Q[2] of cell $flatten\mult1.\u1.\u1.$auto$proc_dlatch.cc:427:proc_dlatch$1238 ($dlatch)
    port Q[2] of cell $flatten\mult1.\u1.\u1.$auto$proc_dlatch.cc:427:proc_dlatch$1260 ($dlatch)
    port Q[2] of cell $flatten\mult1.\u1.\u1.$auto$proc_dlatch.cc:427:proc_dlatch$1282 ($dlatch)
    port Q[2] of cell $flatten\mult1.\u1.\u1.$auto$proc_dlatch.cc:427:proc_dlatch$1304 ($dlatch)
Warning: multiple conflicting drivers for poly1.\mult1.u1.u1.kh [1]:
    port Q[1] of cell $flatten\mult1.\u1.\u1.$auto$proc_dlatch.cc:427:proc_dlatch$1084 ($dlatch)
    port Q[1] of cell $flatten\mult1.\u1.\u1.$auto$proc_dlatch.cc:427:proc_dlatch$1106 ($dlatch)
    port Q[1] of cell $flatten\mult1.\u1.\u1.$auto$proc_dlatch.cc:427:proc_dlatch$1128 ($dlatch)
    port Q[1] of cell $flatten\mult1.\u1.\u1.$auto$proc_dlatch.cc:427:proc_dlatch$1150 ($dlatch)
    port Q[1] of cell $flatten\mult1.\u1.\u1.$auto$proc_dlatch.cc:427:proc_dlatch$1172 ($dlatch)
    port Q[1] of cell $flatten\mult1.\u1.\u1.$auto$proc_dlatch.cc:427:proc_dlatch$1194 ($dlatch)
    port Q[1] of cell $flatten\mult1.\u1.\u1.$auto$proc_dlatch.cc:427:proc_dlatch$1216 ($dlatch)
    port Q[1] of cell $flatten\mult1.\u1.\u1.$auto$proc_dlatch.cc:427:proc_dlatch$1238 ($dlatch)
    port Q[1] of cell $flatten\mult1.\u1.\u1.$auto$proc_dlatch.cc:427:proc_dlatch$1260 ($dlatch)
    port Q[1] of cell $flatten\mult1.\u1.\u1.$auto$proc_dlatch.cc:427:proc_dlatch$1282 ($dlatch)
    port Q[1] of cell $flatten\mult1.\u1.\u1.$auto$proc_dlatch.cc:427:proc_dlatch$1304 ($dlatch)
Warning: multiple conflicting drivers for poly1.\mult1.u1.u1.kh [0]:
    port Q[0] of cell $flatten\mult1.\u1.\u1.$auto$proc_dlatch.cc:427:proc_dlatch$1084 ($dlatch)
    port Q[0] of cell $flatten\mult1.\u1.\u1.$auto$proc_dlatch.cc:427:proc_dlatch$1106 ($dlatch)
    port Q[0] of cell $flatten\mult1.\u1.\u1.$auto$proc_dlatch.cc:427:proc_dlatch$1128 ($dlatch)
    port Q[0] of cell $flatten\mult1.\u1.\u1.$auto$proc_dlatch.cc:427:proc_dlatch$1150 ($dlatch)
    port Q[0] of cell $flatten\mult1.\u1.\u1.$auto$proc_dlatch.cc:427:proc_dlatch$1172 ($dlatch)
    port Q[0] of cell $flatten\mult1.\u1.\u1.$auto$proc_dlatch.cc:427:proc_dlatch$1194 ($dlatch)
    port Q[0] of cell $flatten\mult1.\u1.\u1.$auto$proc_dlatch.cc:427:proc_dlatch$1216 ($dlatch)
    port Q[0] of cell $flatten\mult1.\u1.\u1.$auto$proc_dlatch.cc:427:proc_dlatch$1238 ($dlatch)
    port Q[0] of cell $flatten\mult1.\u1.\u1.$auto$proc_dlatch.cc:427:proc_dlatch$1260 ($dlatch)
    port Q[0] of cell $flatten\mult1.\u1.\u1.$auto$proc_dlatch.cc:427:proc_dlatch$1282 ($dlatch)
    port Q[0] of cell $flatten\mult1.\u1.\u1.$auto$proc_dlatch.cc:427:proc_dlatch$1304 ($dlatch)
Found and reported 8 problems.

12.6. Executing OPT pass (performing simple optimizations).

12.6.1. Executing OPT_EXPR pass (perform const folding).
Optimizing module poly1.

12.6.2. Executing OPT_MERGE pass (detect identical cells).
Finding identical cells in module `\poly1'.
Removed a total of 0 cells.

12.6.3. Executing OPT_MUXTREE pass (detect dead branches in mux trees).
Running muxtree optimizer on module \poly1..
  Creating internal representation of mux trees.
  Evaluating internal representation of mux trees.
      Replacing known input bits on port A of cell $flatten\mult1.$ternary$/home/juliana/venv_pytorch/lib/python3.12/site-packages/MAxPy/vlib/AxArith/multipliers/LOBA.v:18$708: { 1'0 \a [7] \a [7] \a [7] \a [7] \a [7] \a [7] \a [7] \a } -> { 9'000000000 \a [6:0] }
      Replacing known input bits on port A of cell $flatten\mult1.$ternary$/home/juliana/venv_pytorch/lib/python3.12/site-packages/MAxPy/vlib/AxArith/multipliers/LOBA.v:19$713: { 1'0 \x [7] \x [7] \x [7] \x [7] \x [7] \x [7] \x [7] \x } -> { 9'000000000 \x [6:0] }
  Analyzing evaluation results.
Removed 0 multiplexer ports.
<suppressed ~25 debug messages>

12.6.4. Executing OPT_REDUCE pass (consolidate $*mux and $reduce_* inputs).
  Optimizing cells in module \poly1.
Performed a total of 0 changes.

12.6.5. Executing OPT_MERGE pass (detect identical cells).
Finding identical cells in module `\poly1'.
Removed a total of 0 cells.

12.6.6. Executing OPT_DFF pass (perform DFF optimizations).
Setting constant 1-bit at position 0 on $flatten\mult1.\u1.\u1.$auto$proc_dlatch.cc:427:proc_dlatch$1084 ($dlatch) from module poly1.
Setting constant 0-bit at position 1 on $flatten\mult1.\u1.\u1.$auto$proc_dlatch.cc:427:proc_dlatch$1084 ($dlatch) from module poly1.
Setting constant 1-bit at position 2 on $flatten\mult1.\u1.\u1.$auto$proc_dlatch.cc:427:proc_dlatch$1084 ($dlatch) from module poly1.
Setting constant 0-bit at position 3 on $flatten\mult1.\u1.\u1.$auto$proc_dlatch.cc:427:proc_dlatch$1084 ($dlatch) from module poly1.
Setting constant 0-bit at position 0 on $flatten\mult1.\u1.\u1.$auto$proc_dlatch.cc:427:proc_dlatch$1106 ($dlatch) from module poly1.
Setting constant 1-bit at position 1 on $flatten\mult1.\u1.\u1.$auto$proc_dlatch.cc:427:proc_dlatch$1106 ($dlatch) from module poly1.
Setting constant 1-bit at position 2 on $flatten\mult1.\u1.\u1.$auto$proc_dlatch.cc:427:proc_dlatch$1106 ($dlatch) from module poly1.
Setting constant 0-bit at position 3 on $flatten\mult1.\u1.\u1.$auto$proc_dlatch.cc:427:proc_dlatch$1106 ($dlatch) from module poly1.
Setting constant 1-bit at position 0 on $flatten\mult1.\u1.\u1.$auto$proc_dlatch.cc:427:proc_dlatch$1128 ($dlatch) from module poly1.
Setting constant 1-bit at position 1 on $flatten\mult1.\u1.\u1.$auto$proc_dlatch.cc:427:proc_dlatch$1128 ($dlatch) from module poly1.
Setting constant 1-bit at position 2 on $flatten\mult1.\u1.\u1.$auto$proc_dlatch.cc:427:proc_dlatch$1128 ($dlatch) from module poly1.
Setting constant 0-bit at position 3 on $flatten\mult1.\u1.\u1.$auto$proc_dlatch.cc:427:proc_dlatch$1128 ($dlatch) from module poly1.
Setting constant 0-bit at position 0 on $flatten\mult1.\u1.\u1.$auto$proc_dlatch.cc:427:proc_dlatch$1150 ($dlatch) from module poly1.
Setting constant 0-bit at position 1 on $flatten\mult1.\u1.\u1.$auto$proc_dlatch.cc:427:proc_dlatch$1150 ($dlatch) from module poly1.
Setting constant 0-bit at position 2 on $flatten\mult1.\u1.\u1.$auto$proc_dlatch.cc:427:proc_dlatch$1150 ($dlatch) from module poly1.
Setting constant 1-bit at position 3 on $flatten\mult1.\u1.\u1.$auto$proc_dlatch.cc:427:proc_dlatch$1150 ($dlatch) from module poly1.
Setting constant 1-bit at position 0 on $flatten\mult1.\u1.\u1.$auto$proc_dlatch.cc:427:proc_dlatch$1172 ($dlatch) from module poly1.
Setting constant 0-bit at position 1 on $flatten\mult1.\u1.\u1.$auto$proc_dlatch.cc:427:proc_dlatch$1172 ($dlatch) from module poly1.
Setting constant 0-bit at position 2 on $flatten\mult1.\u1.\u1.$auto$proc_dlatch.cc:427:proc_dlatch$1172 ($dlatch) from module poly1.
Setting constant 1-bit at position 3 on $flatten\mult1.\u1.\u1.$auto$proc_dlatch.cc:427:proc_dlatch$1172 ($dlatch) from module poly1.
Setting constant 0-bit at position 0 on $flatten\mult1.\u1.\u1.$auto$proc_dlatch.cc:427:proc_dlatch$1194 ($dlatch) from module poly1.
Setting constant 1-bit at position 1 on $flatten\mult1.\u1.\u1.$auto$proc_dlatch.cc:427:proc_dlatch$1194 ($dlatch) from module poly1.
Setting constant 0-bit at position 2 on $flatten\mult1.\u1.\u1.$auto$proc_dlatch.cc:427:proc_dlatch$1194 ($dlatch) from module poly1.
Setting constant 1-bit at position 3 on $flatten\mult1.\u1.\u1.$auto$proc_dlatch.cc:427:proc_dlatch$1194 ($dlatch) from module poly1.
Setting constant 1-bit at position 0 on $flatten\mult1.\u1.\u1.$auto$proc_dlatch.cc:427:proc_dlatch$1216 ($dlatch) from module poly1.
Setting constant 1-bit at position 1 on $flatten\mult1.\u1.\u1.$auto$proc_dlatch.cc:427:proc_dlatch$1216 ($dlatch) from module poly1.
Setting constant 0-bit at position 2 on $flatten\mult1.\u1.\u1.$auto$proc_dlatch.cc:427:proc_dlatch$1216 ($dlatch) from module poly1.
Setting constant 1-bit at position 3 on $flatten\mult1.\u1.\u1.$auto$proc_dlatch.cc:427:proc_dlatch$1216 ($dlatch) from module poly1.
Setting constant 0-bit at position 0 on $flatten\mult1.\u1.\u1.$auto$proc_dlatch.cc:427:proc_dlatch$1238 ($dlatch) from module poly1.
Setting constant 0-bit at position 1 on $flatten\mult1.\u1.\u1.$auto$proc_dlatch.cc:427:proc_dlatch$1238 ($dlatch) from module poly1.
Setting constant 1-bit at position 2 on $flatten\mult1.\u1.\u1.$auto$proc_dlatch.cc:427:proc_dlatch$1238 ($dlatch) from module poly1.
Setting constant 1-bit at position 3 on $flatten\mult1.\u1.\u1.$auto$proc_dlatch.cc:427:proc_dlatch$1238 ($dlatch) from module poly1.
Setting constant 1-bit at position 0 on $flatten\mult1.\u1.\u1.$auto$proc_dlatch.cc:427:proc_dlatch$1260 ($dlatch) from module poly1.
Setting constant 0-bit at position 1 on $flatten\mult1.\u1.\u1.$auto$proc_dlatch.cc:427:proc_dlatch$1260 ($dlatch) from module poly1.
Setting constant 1-bit at position 2 on $flatten\mult1.\u1.\u1.$auto$proc_dlatch.cc:427:proc_dlatch$1260 ($dlatch) from module poly1.
Setting constant 1-bit at position 3 on $flatten\mult1.\u1.\u1.$auto$proc_dlatch.cc:427:proc_dlatch$1260 ($dlatch) from module poly1.
Setting constant 0-bit at position 0 on $flatten\mult1.\u1.\u1.$auto$proc_dlatch.cc:427:proc_dlatch$1282 ($dlatch) from module poly1.
Setting constant 1-bit at position 1 on $flatten\mult1.\u1.\u1.$auto$proc_dlatch.cc:427:proc_dlatch$1282 ($dlatch) from module poly1.
Setting constant 1-bit at position 2 on $flatten\mult1.\u1.\u1.$auto$proc_dlatch.cc:427:proc_dlatch$1282 ($dlatch) from module poly1.
Setting constant 1-bit at position 3 on $flatten\mult1.\u1.\u1.$auto$proc_dlatch.cc:427:proc_dlatch$1282 ($dlatch) from module poly1.
Setting constant 1-bit at position 0 on $flatten\mult1.\u1.\u1.$auto$proc_dlatch.cc:427:proc_dlatch$1304 ($dlatch) from module poly1.
Setting constant 1-bit at position 1 on $flatten\mult1.\u1.\u1.$auto$proc_dlatch.cc:427:proc_dlatch$1304 ($dlatch) from module poly1.
Setting constant 1-bit at position 2 on $flatten\mult1.\u1.\u1.$auto$proc_dlatch.cc:427:proc_dlatch$1304 ($dlatch) from module poly1.
Setting constant 1-bit at position 3 on $flatten\mult1.\u1.\u1.$auto$proc_dlatch.cc:427:proc_dlatch$1304 ($dlatch) from module poly1.
Setting constant 1-bit at position 0 on $flatten\mult1.\u1.\u2.$auto$proc_dlatch.cc:427:proc_dlatch$1084 ($dlatch) from module poly1.
Setting constant 0-bit at position 1 on $flatten\mult1.\u1.\u2.$auto$proc_dlatch.cc:427:proc_dlatch$1084 ($dlatch) from module poly1.
Setting constant 1-bit at position 2 on $flatten\mult1.\u1.\u2.$auto$proc_dlatch.cc:427:proc_dlatch$1084 ($dlatch) from module poly1.
Setting constant 0-bit at position 3 on $flatten\mult1.\u1.\u2.$auto$proc_dlatch.cc:427:proc_dlatch$1084 ($dlatch) from module poly1.
Setting constant 0-bit at position 0 on $flatten\mult1.\u1.\u2.$auto$proc_dlatch.cc:427:proc_dlatch$1106 ($dlatch) from module poly1.
Setting constant 1-bit at position 1 on $flatten\mult1.\u1.\u2.$auto$proc_dlatch.cc:427:proc_dlatch$1106 ($dlatch) from module poly1.
Setting constant 1-bit at position 2 on $flatten\mult1.\u1.\u2.$auto$proc_dlatch.cc:427:proc_dlatch$1106 ($dlatch) from module poly1.
Setting constant 0-bit at position 3 on $flatten\mult1.\u1.\u2.$auto$proc_dlatch.cc:427:proc_dlatch$1106 ($dlatch) from module poly1.
Setting constant 1-bit at position 0 on $flatten\mult1.\u1.\u2.$auto$proc_dlatch.cc:427:proc_dlatch$1128 ($dlatch) from module poly1.
Setting constant 1-bit at position 1 on $flatten\mult1.\u1.\u2.$auto$proc_dlatch.cc:427:proc_dlatch$1128 ($dlatch) from module poly1.
Setting constant 1-bit at position 2 on $flatten\mult1.\u1.\u2.$auto$proc_dlatch.cc:427:proc_dlatch$1128 ($dlatch) from module poly1.
Setting constant 0-bit at position 3 on $flatten\mult1.\u1.\u2.$auto$proc_dlatch.cc:427:proc_dlatch$1128 ($dlatch) from module poly1.
Setting constant 0-bit at position 0 on $flatten\mult1.\u1.\u2.$auto$proc_dlatch.cc:427:proc_dlatch$1150 ($dlatch) from module poly1.
Setting constant 0-bit at position 1 on $flatten\mult1.\u1.\u2.$auto$proc_dlatch.cc:427:proc_dlatch$1150 ($dlatch) from module poly1.
Setting constant 0-bit at position 2 on $flatten\mult1.\u1.\u2.$auto$proc_dlatch.cc:427:proc_dlatch$1150 ($dlatch) from module poly1.
Setting constant 1-bit at position 3 on $flatten\mult1.\u1.\u2.$auto$proc_dlatch.cc:427:proc_dlatch$1150 ($dlatch) from module poly1.
Setting constant 1-bit at position 0 on $flatten\mult1.\u1.\u2.$auto$proc_dlatch.cc:427:proc_dlatch$1172 ($dlatch) from module poly1.
Setting constant 0-bit at position 1 on $flatten\mult1.\u1.\u2.$auto$proc_dlatch.cc:427:proc_dlatch$1172 ($dlatch) from module poly1.
Setting constant 0-bit at position 2 on $flatten\mult1.\u1.\u2.$auto$proc_dlatch.cc:427:proc_dlatch$1172 ($dlatch) from module poly1.
Setting constant 1-bit at position 3 on $flatten\mult1.\u1.\u2.$auto$proc_dlatch.cc:427:proc_dlatch$1172 ($dlatch) from module poly1.
Setting constant 0-bit at position 0 on $flatten\mult1.\u1.\u2.$auto$proc_dlatch.cc:427:proc_dlatch$1194 ($dlatch) from module poly1.
Setting constant 1-bit at position 1 on $flatten\mult1.\u1.\u2.$auto$proc_dlatch.cc:427:proc_dlatch$1194 ($dlatch) from module poly1.
Setting constant 0-bit at position 2 on $flatten\mult1.\u1.\u2.$auto$proc_dlatch.cc:427:proc_dlatch$1194 ($dlatch) from module poly1.
Setting constant 1-bit at position 3 on $flatten\mult1.\u1.\u2.$auto$proc_dlatch.cc:427:proc_dlatch$1194 ($dlatch) from module poly1.
Setting constant 1-bit at position 0 on $flatten\mult1.\u1.\u2.$auto$proc_dlatch.cc:427:proc_dlatch$1216 ($dlatch) from module poly1.
Setting constant 1-bit at position 1 on $flatten\mult1.\u1.\u2.$auto$proc_dlatch.cc:427:proc_dlatch$1216 ($dlatch) from module poly1.
Setting constant 0-bit at position 2 on $flatten\mult1.\u1.\u2.$auto$proc_dlatch.cc:427:proc_dlatch$1216 ($dlatch) from module poly1.
Setting constant 1-bit at position 3 on $flatten\mult1.\u1.\u2.$auto$proc_dlatch.cc:427:proc_dlatch$1216 ($dlatch) from module poly1.
Setting constant 0-bit at position 0 on $flatten\mult1.\u1.\u2.$auto$proc_dlatch.cc:427:proc_dlatch$1238 ($dlatch) from module poly1.
Setting constant 0-bit at position 1 on $flatten\mult1.\u1.\u2.$auto$proc_dlatch.cc:427:proc_dlatch$1238 ($dlatch) from module poly1.
Setting constant 1-bit at position 2 on $flatten\mult1.\u1.\u2.$auto$proc_dlatch.cc:427:proc_dlatch$1238 ($dlatch) from module poly1.
Setting constant 1-bit at position 3 on $flatten\mult1.\u1.\u2.$auto$proc_dlatch.cc:427:proc_dlatch$1238 ($dlatch) from module poly1.
Setting constant 1-bit at position 0 on $flatten\mult1.\u1.\u2.$auto$proc_dlatch.cc:427:proc_dlatch$1260 ($dlatch) from module poly1.
Setting constant 0-bit at position 1 on $flatten\mult1.\u1.\u2.$auto$proc_dlatch.cc:427:proc_dlatch$1260 ($dlatch) from module poly1.
Setting constant 1-bit at position 2 on $flatten\mult1.\u1.\u2.$auto$proc_dlatch.cc:427:proc_dlatch$1260 ($dlatch) from module poly1.
Setting constant 1-bit at position 3 on $flatten\mult1.\u1.\u2.$auto$proc_dlatch.cc:427:proc_dlatch$1260 ($dlatch) from module poly1.
Setting constant 0-bit at position 0 on $flatten\mult1.\u1.\u2.$auto$proc_dlatch.cc:427:proc_dlatch$1282 ($dlatch) from module poly1.
Setting constant 1-bit at position 1 on $flatten\mult1.\u1.\u2.$auto$proc_dlatch.cc:427:proc_dlatch$1282 ($dlatch) from module poly1.
Setting constant 1-bit at position 2 on $flatten\mult1.\u1.\u2.$auto$proc_dlatch.cc:427:proc_dlatch$1282 ($dlatch) from module poly1.
Setting constant 1-bit at position 3 on $flatten\mult1.\u1.\u2.$auto$proc_dlatch.cc:427:proc_dlatch$1282 ($dlatch) from module poly1.
Setting constant 1-bit at position 0 on $flatten\mult1.\u1.\u2.$auto$proc_dlatch.cc:427:proc_dlatch$1304 ($dlatch) from module poly1.
Setting constant 1-bit at position 1 on $flatten\mult1.\u1.\u2.$auto$proc_dlatch.cc:427:proc_dlatch$1304 ($dlatch) from module poly1.
Setting constant 1-bit at position 2 on $flatten\mult1.\u1.\u2.$auto$proc_dlatch.cc:427:proc_dlatch$1304 ($dlatch) from module poly1.
Setting constant 1-bit at position 3 on $flatten\mult1.\u1.\u2.$auto$proc_dlatch.cc:427:proc_dlatch$1304 ($dlatch) from module poly1.

12.6.7. Executing OPT_CLEAN pass (remove unused cells and wires).
Finding unused cells or wires in module \poly1..
Removed 40 unused cells and 14 unused wires.
<suppressed ~54 debug messages>

12.6.8. Executing OPT_EXPR pass (perform const folding).
Optimizing module poly1.
<suppressed ~47 debug messages>

12.6.9. Rerunning OPT passes. (Maybe there is more to do..)

12.6.10. Executing OPT_MUXTREE pass (detect dead branches in mux trees).
Running muxtree optimizer on module \poly1..
  Creating internal representation of mux trees.
  Evaluating internal representation of mux trees.
  Analyzing evaluation results.
Removed 0 multiplexer ports.
<suppressed ~3 debug messages>

12.6.11. Executing OPT_REDUCE pass (consolidate $*mux and $reduce_* inputs).
  Optimizing cells in module \poly1.
Performed a total of 0 changes.

12.6.12. Executing OPT_MERGE pass (detect identical cells).
Finding identical cells in module `\poly1'.
Removed a total of 0 cells.

12.6.13. Executing OPT_DFF pass (perform DFF optimizations).

12.6.14. Executing OPT_CLEAN pass (remove unused cells and wires).
Finding unused cells or wires in module \poly1..
Removed 0 unused cells and 45 unused wires.
<suppressed ~1 debug messages>

12.6.15. Executing OPT_EXPR pass (perform const folding).
Optimizing module poly1.

12.6.16. Rerunning OPT passes. (Maybe there is more to do..)

12.6.17. Executing OPT_MUXTREE pass (detect dead branches in mux trees).
Running muxtree optimizer on module \poly1..
  Creating internal representation of mux trees.
  Evaluating internal representation of mux trees.
  Analyzing evaluation results.
Removed 0 multiplexer ports.
<suppressed ~3 debug messages>

12.6.18. Executing OPT_REDUCE pass (consolidate $*mux and $reduce_* inputs).
  Optimizing cells in module \poly1.
Performed a total of 0 changes.

12.6.19. Executing OPT_MERGE pass (detect identical cells).
Finding identical cells in module `\poly1'.
Removed a total of 0 cells.

12.6.20. Executing OPT_DFF pass (perform DFF optimizations).

12.6.21. Executing OPT_CLEAN pass (remove unused cells and wires).
Finding unused cells or wires in module \poly1..

12.6.22. Executing OPT_EXPR pass (perform const folding).
Optimizing module poly1.

12.6.23. Finished OPT passes. (There is nothing left to do.)

12.7. Executing FSM pass (extract and optimize FSM).

12.7.1. Executing FSM_DETECT pass (finding FSMs in design).

12.7.2. Executing FSM_EXTRACT pass (extracting FSM from design).

12.7.3. Executing FSM_OPT pass (simple optimizations of FSMs).

12.7.4. Executing OPT_CLEAN pass (remove unused cells and wires).
Finding unused cells or wires in module \poly1..

12.7.5. Executing FSM_OPT pass (simple optimizations of FSMs).

12.7.6. Executing FSM_RECODE pass (re-assigning FSM state encoding).

12.7.7. Executing FSM_INFO pass (dumping all available information on FSM cells).

12.7.8. Executing FSM_MAP pass (mapping FSMs to basic logic).

12.8. Executing OPT pass (performing simple optimizations).

12.8.1. Executing OPT_EXPR pass (perform const folding).
Optimizing module poly1.

12.8.2. Executing OPT_MERGE pass (detect identical cells).
Finding identical cells in module `\poly1'.
Removed a total of 0 cells.

12.8.3. Executing OPT_MUXTREE pass (detect dead branches in mux trees).
Running muxtree optimizer on module \poly1..
  Creating internal representation of mux trees.
  Evaluating internal representation of mux trees.
  Analyzing evaluation results.
Removed 0 multiplexer ports.
<suppressed ~3 debug messages>

12.8.4. Executing OPT_REDUCE pass (consolidate $*mux and $reduce_* inputs).
  Optimizing cells in module \poly1.
Performed a total of 0 changes.

12.8.5. Executing OPT_MERGE pass (detect identical cells).
Finding identical cells in module `\poly1'.
Removed a total of 0 cells.

12.8.6. Executing OPT_DFF pass (perform DFF optimizations).

12.8.7. Executing OPT_CLEAN pass (remove unused cells and wires).
Finding unused cells or wires in module \poly1..

12.8.8. Executing OPT_EXPR pass (perform const folding).
Optimizing module poly1.

12.8.9. Finished OPT passes. (There is nothing left to do.)

12.9. Executing WREDUCE pass (reducing word size of cells).
Removed top 1 bits (of 16) from port Y of cell poly1.$flatten\sum1.$add$/home/juliana/venv_pytorch/lib/python3.12/site-packages/MAxPy/vlib/AxArith/adders/copy.v:13$703 ($add).
Removed top 20 bits (of 32) from port A of cell poly1.$flatten\mult1.$not$/home/juliana/venv_pytorch/lib/python3.12/site-packages/MAxPy/vlib/AxArith/multipliers/LOBA.v:21$715 ($not).
Removed top 10 bits (of 16) from mux cell poly1.$flatten\mult1.$ternary$/home/juliana/venv_pytorch/lib/python3.12/site-packages/MAxPy/vlib/AxArith/multipliers/LOBA.v:18$708 ($mux).
Removed top 10 bits (of 16) from mux cell poly1.$flatten\mult1.$ternary$/home/juliana/venv_pytorch/lib/python3.12/site-packages/MAxPy/vlib/AxArith/multipliers/LOBA.v:19$713 ($mux).
Removed top 16 bits (of 32) from mux cell poly1.$flatten\mult1.$ternary$/home/juliana/venv_pytorch/lib/python3.12/site-packages/MAxPy/vlib/AxArith/multipliers/LOBA.v:21$717 ($mux).
Removed top 10 bits (of 16) from port Y of cell poly1.$flatten\mult1.$add$/home/juliana/venv_pytorch/lib/python3.12/site-packages/MAxPy/vlib/AxArith/multipliers/LOBA.v:18$706 ($add).
Removed top 10 bits (of 16) from port A of cell poly1.$flatten\mult1.$add$/home/juliana/venv_pytorch/lib/python3.12/site-packages/MAxPy/vlib/AxArith/multipliers/LOBA.v:18$706 ($add).
Removed top 10 bits (of 16) from port Y of cell poly1.$flatten\mult1.$add$/home/juliana/venv_pytorch/lib/python3.12/site-packages/MAxPy/vlib/AxArith/multipliers/LOBA.v:19$711 ($add).
Removed top 10 bits (of 16) from port A of cell poly1.$flatten\mult1.$add$/home/juliana/venv_pytorch/lib/python3.12/site-packages/MAxPy/vlib/AxArith/multipliers/LOBA.v:19$711 ($add).
Removed top 16 bits (of 32) from port Y of cell poly1.$flatten\mult1.$add$/home/juliana/venv_pytorch/lib/python3.12/site-packages/MAxPy/vlib/AxArith/multipliers/LOBA.v:21$716 ($add).
Removed top 16 bits (of 32) from port A of cell poly1.$flatten\mult1.$add$/home/juliana/venv_pytorch/lib/python3.12/site-packages/MAxPy/vlib/AxArith/multipliers/LOBA.v:21$716 ($add).
Removed top 10 bits (of 16) from port Y of cell poly1.$flatten\mult1.$not$/home/juliana/venv_pytorch/lib/python3.12/site-packages/MAxPy/vlib/AxArith/multipliers/LOBA.v:18$705 ($not).
Removed top 10 bits (of 16) from port A of cell poly1.$flatten\mult1.$not$/home/juliana/venv_pytorch/lib/python3.12/site-packages/MAxPy/vlib/AxArith/multipliers/LOBA.v:18$705 ($not).
Removed top 10 bits (of 16) from port Y of cell poly1.$flatten\mult1.$not$/home/juliana/venv_pytorch/lib/python3.12/site-packages/MAxPy/vlib/AxArith/multipliers/LOBA.v:19$710 ($not).
Removed top 10 bits (of 16) from port A of cell poly1.$flatten\mult1.$not$/home/juliana/venv_pytorch/lib/python3.12/site-packages/MAxPy/vlib/AxArith/multipliers/LOBA.v:19$710 ($not).
Removed top 16 bits (of 32) from port Y of cell poly1.$flatten\mult1.$not$/home/juliana/venv_pytorch/lib/python3.12/site-packages/MAxPy/vlib/AxArith/multipliers/LOBA.v:21$715 ($not).
Removed top 10 bits (of 16) from wire poly1.$flatten\mult1.$add$/home/juliana/venv_pytorch/lib/python3.12/site-packages/MAxPy/vlib/AxArith/multipliers/LOBA.v:18$706_Y.
Removed top 26 bits (of 32) from wire poly1.$flatten\mult1.$add$/home/juliana/venv_pytorch/lib/python3.12/site-packages/MAxPy/vlib/AxArith/multipliers/LOBA.v:19$711_Y.
Removed top 26 bits (of 32) from wire poly1.$flatten\mult1.$auto$wreduce.cc:461:run$1317.

12.10. Executing PEEPOPT pass (run peephole optimizers).

12.11. Executing OPT_CLEAN pass (remove unused cells and wires).
Finding unused cells or wires in module \poly1..
Removed 0 unused cells and 3 unused wires.
<suppressed ~1 debug messages>

12.12. Executing ALUMACC pass (create $alu and $macc cells).
Extracting $alu and $macc cells in module poly1:
  creating $macc model for $flatten\mult1.$add$/home/juliana/venv_pytorch/lib/python3.12/site-packages/MAxPy/vlib/AxArith/multipliers/LOBA.v:18$706 ($add).
  creating $macc model for $flatten\mult1.$add$/home/juliana/venv_pytorch/lib/python3.12/site-packages/MAxPy/vlib/AxArith/multipliers/LOBA.v:19$711 ($add).
  creating $macc model for $flatten\mult1.$add$/home/juliana/venv_pytorch/lib/python3.12/site-packages/MAxPy/vlib/AxArith/multipliers/LOBA.v:21$716 ($add).
  creating $macc model for $flatten\mult1.\u1.$mul$/home/juliana/venv_pytorch/lib/python3.12/site-packages/MAxPy/vlib/AxArith/multipliers/LOBA.v:48$718 ($mul).
  creating $macc model for $flatten\sum1.$add$/home/juliana/venv_pytorch/lib/python3.12/site-packages/MAxPy/vlib/AxArith/adders/copy.v:13$703 ($add).
  creating $alu model for $macc $flatten\sum1.$add$/home/juliana/venv_pytorch/lib/python3.12/site-packages/MAxPy/vlib/AxArith/adders/copy.v:13$703.
  creating $alu model for $macc $flatten\mult1.$add$/home/juliana/venv_pytorch/lib/python3.12/site-packages/MAxPy/vlib/AxArith/multipliers/LOBA.v:21$716.
  creating $alu model for $macc $flatten\mult1.$add$/home/juliana/venv_pytorch/lib/python3.12/site-packages/MAxPy/vlib/AxArith/multipliers/LOBA.v:19$711.
  creating $alu model for $macc $flatten\mult1.$add$/home/juliana/venv_pytorch/lib/python3.12/site-packages/MAxPy/vlib/AxArith/multipliers/LOBA.v:18$706.
  creating $macc cell for $flatten\mult1.\u1.$mul$/home/juliana/venv_pytorch/lib/python3.12/site-packages/MAxPy/vlib/AxArith/multipliers/LOBA.v:48$718: $auto$alumacc.cc:365:replace_macc$1341
  creating $alu cell for $flatten\mult1.$add$/home/juliana/venv_pytorch/lib/python3.12/site-packages/MAxPy/vlib/AxArith/multipliers/LOBA.v:18$706: $auto$alumacc.cc:485:replace_alu$1342
  creating $alu cell for $flatten\mult1.$add$/home/juliana/venv_pytorch/lib/python3.12/site-packages/MAxPy/vlib/AxArith/multipliers/LOBA.v:19$711: $auto$alumacc.cc:485:replace_alu$1345
  creating $alu cell for $flatten\mult1.$add$/home/juliana/venv_pytorch/lib/python3.12/site-packages/MAxPy/vlib/AxArith/multipliers/LOBA.v:21$716: $auto$alumacc.cc:485:replace_alu$1348
  creating $alu cell for $flatten\sum1.$add$/home/juliana/venv_pytorch/lib/python3.12/site-packages/MAxPy/vlib/AxArith/adders/copy.v:13$703: $auto$alumacc.cc:485:replace_alu$1351
  created 4 $alu and 1 $macc cells.

12.13. Executing SHARE pass (SAT-based resource sharing).

12.14. Executing OPT pass (performing simple optimizations).

12.14.1. Executing OPT_EXPR pass (perform const folding).
Optimizing module poly1.

12.14.2. Executing OPT_MERGE pass (detect identical cells).
Finding identical cells in module `\poly1'.
Removed a total of 0 cells.

12.14.3. Executing OPT_MUXTREE pass (detect dead branches in mux trees).
Running muxtree optimizer on module \poly1..
  Creating internal representation of mux trees.
  Evaluating internal representation of mux trees.
  Analyzing evaluation results.
Removed 0 multiplexer ports.
<suppressed ~3 debug messages>

12.14.4. Executing OPT_REDUCE pass (consolidate $*mux and $reduce_* inputs).
  Optimizing cells in module \poly1.
Performed a total of 0 changes.

12.14.5. Executing OPT_MERGE pass (detect identical cells).
Finding identical cells in module `\poly1'.
Removed a total of 0 cells.

12.14.6. Executing OPT_DFF pass (perform DFF optimizations).

12.14.7. Executing OPT_CLEAN pass (remove unused cells and wires).
Finding unused cells or wires in module \poly1..

12.14.8. Executing OPT_EXPR pass (perform const folding).
Optimizing module poly1.

12.14.9. Finished OPT passes. (There is nothing left to do.)

12.15. Executing MEMORY pass.

12.15.1. Executing OPT_MEM pass (optimize memories).
Performed a total of 0 transformations.

12.15.2. Executing OPT_MEM_PRIORITY pass (removing unnecessary memory write priority relations).
Performed a total of 0 transformations.

12.15.3. Executing OPT_MEM_FEEDBACK pass (finding memory read-to-write feedback paths).

12.15.4. Executing MEMORY_BMUX2ROM pass (converting muxes to ROMs).

12.15.5. Executing MEMORY_DFF pass (merging $dff cells to $memrd).

12.15.6. Executing OPT_CLEAN pass (remove unused cells and wires).
Finding unused cells or wires in module \poly1..

12.15.7. Executing MEMORY_SHARE pass (consolidating $memrd/$memwr cells).

12.15.8. Executing OPT_MEM_WIDEN pass (optimize memories where all ports are wide).
Performed a total of 0 transformations.

12.15.9. Executing OPT_CLEAN pass (remove unused cells and wires).
Finding unused cells or wires in module \poly1..

12.15.10. Executing MEMORY_COLLECT pass (generating $mem cells).

12.16. Executing OPT_CLEAN pass (remove unused cells and wires).
Finding unused cells or wires in module \poly1..

12.17. Executing OPT pass (performing simple optimizations).

12.17.1. Executing OPT_EXPR pass (perform const folding).
Optimizing module poly1.
<suppressed ~16 debug messages>

12.17.2. Executing OPT_MERGE pass (detect identical cells).
Finding identical cells in module `\poly1'.
Removed a total of 0 cells.

12.17.3. Executing OPT_DFF pass (perform DFF optimizations).

12.17.4. Executing OPT_CLEAN pass (remove unused cells and wires).
Finding unused cells or wires in module \poly1..
Removed 0 unused cells and 2 unused wires.
<suppressed ~1 debug messages>

12.17.5. Finished fast OPT passes.

12.18. Executing MEMORY_MAP pass (converting memories to logic and flip-flops).

12.19. Executing OPT pass (performing simple optimizations).

12.19.1. Executing OPT_EXPR pass (perform const folding).
Optimizing module poly1.

12.19.2. Executing OPT_MERGE pass (detect identical cells).
Finding identical cells in module `\poly1'.
Removed a total of 0 cells.

12.19.3. Executing OPT_MUXTREE pass (detect dead branches in mux trees).
Running muxtree optimizer on module \poly1..
  Creating internal representation of mux trees.
  Evaluating internal representation of mux trees.
  Analyzing evaluation results.
Removed 0 multiplexer ports.
<suppressed ~3 debug messages>

12.19.4. Executing OPT_REDUCE pass (consolidate $*mux and $reduce_* inputs).
  Optimizing cells in module \poly1.
Performed a total of 0 changes.

12.19.5. Executing OPT_MERGE pass (detect identical cells).
Finding identical cells in module `\poly1'.
Removed a total of 0 cells.

12.19.6. Executing OPT_SHARE pass.

12.19.7. Executing OPT_DFF pass (perform DFF optimizations).

12.19.8. Executing OPT_CLEAN pass (remove unused cells and wires).
Finding unused cells or wires in module \poly1..

12.19.9. Executing OPT_EXPR pass (perform const folding).
Optimizing module poly1.

12.19.10. Finished OPT passes. (There is nothing left to do.)

12.20. Executing TECHMAP pass (map to technology primitives).

12.20.1. Executing Verilog-2005 frontend: /usr/bin/../share/yosys/techmap.v
Parsing Verilog input from `/usr/bin/../share/yosys/techmap.v' to AST representation.
Generating RTLIL representation for module `\_90_simplemap_bool_ops'.
Generating RTLIL representation for module `\_90_simplemap_reduce_ops'.
Generating RTLIL representation for module `\_90_simplemap_logic_ops'.
Generating RTLIL representation for module `\_90_simplemap_compare_ops'.
Generating RTLIL representation for module `\_90_simplemap_various'.
Generating RTLIL representation for module `\_90_simplemap_registers'.
Generating RTLIL representation for module `\_90_shift_ops_shr_shl_sshl_sshr'.
Generating RTLIL representation for module `\_90_shift_shiftx'.
Generating RTLIL representation for module `\_90_fa'.
Generating RTLIL representation for module `\_90_lcu'.
Generating RTLIL representation for module `\_90_alu'.
Generating RTLIL representation for module `\_90_macc'.
Generating RTLIL representation for module `\_90_alumacc'.
Generating RTLIL representation for module `\$__div_mod_u'.
Generating RTLIL representation for module `\$__div_mod_trunc'.
Generating RTLIL representation for module `\_90_div'.
Generating RTLIL representation for module `\_90_mod'.
Generating RTLIL representation for module `\$__div_mod_floor'.
Generating RTLIL representation for module `\_90_divfloor'.
Generating RTLIL representation for module `\_90_modfloor'.
Generating RTLIL representation for module `\_90_pow'.
Generating RTLIL representation for module `\_90_pmux'.
Generating RTLIL representation for module `\_90_demux'.
Generating RTLIL representation for module `\_90_lut'.
Successfully finished Verilog frontend.

12.20.2. Continuing TECHMAP pass.
Using extmapper simplemap for cells of type $not.
Using template $paramod$32efbfac1c4dc57230cf86180788fdfd12e3b511\_90_alu for cells of type $alu.
Using extmapper maccmap for cells of type $macc.
  add \mult1.u1.Ah * \mult1.u1.Bh (6x6 bits, unsigned)
Using template $paramod$2af30114e9bd4ccb04dad757b3f0a8f6bf0615b0\_90_alu for cells of type $alu.
Using template $paramod$67e8f4b8dba01cd3d8fc718acd02276257d102de\_90_alu for cells of type $alu.
Using extmapper simplemap for cells of type $mux.
Using extmapper simplemap for cells of type $xor.
Using extmapper simplemap for cells of type $and.
Using extmapper simplemap for cells of type $pos.
Using template $paramod\_90_lcu\WIDTH=32'00000000000000000000000000001111 for cells of type $lcu.
Using template $paramod\_90_lcu\WIDTH=32'00000000000000000000000000010000 for cells of type $lcu.
Using template $paramod\_90_lcu\WIDTH=32'00000000000000000000000000000110 for cells of type $lcu.
Using template $paramod\_90_fa\WIDTH=32'00000000000000000000000000001100 for cells of type $fa.
Using template $paramod$ee3d784672cdb1cb32d9a801a3af776716f16b74\_90_alu for cells of type $alu.
Using extmapper simplemap for cells of type $or.
Using template $paramod\_90_lcu\WIDTH=32'00000000000000000000000000001100 for cells of type $lcu.
No more expansions possible.
<suppressed ~912 debug messages>

12.21. Executing OPT pass (performing simple optimizations).

12.21.1. Executing OPT_EXPR pass (perform const folding).
Optimizing module poly1.
<suppressed ~437 debug messages>

12.21.2. Executing OPT_MERGE pass (detect identical cells).
Finding identical cells in module `\poly1'.
<suppressed ~63 debug messages>
Removed a total of 21 cells.

12.21.3. Executing OPT_DFF pass (perform DFF optimizations).

12.21.4. Executing OPT_CLEAN pass (remove unused cells and wires).
Finding unused cells or wires in module \poly1..
Removed 31 unused cells and 261 unused wires.
<suppressed ~32 debug messages>

12.21.5. Finished fast OPT passes.

12.22. Executing ABC pass (technology mapping using ABC).

12.22.1. Extracting gate netlist of module `\poly1' to `<abc-temp-dir>/input.blif'..
Extracted 363 gates and 385 wires to a netlist network with 21 inputs and 16 outputs.

12.22.1.1. Executing ABC.
Running ABC command: "<yosys-exe-dir>/yosys-abc" -s -f <abc-temp-dir>/abc.script 2>&1
ABC: ABC command line: "source <abc-temp-dir>/abc.script".
ABC: 
ABC: + read_blif <abc-temp-dir>/input.blif 
ABC: + read_library <abc-temp-dir>/stdcells.genlib 
ABC: Entered genlib library with 13 gates from file "<abc-temp-dir>/stdcells.genlib".
ABC: + strash 
ABC: + dretime 
ABC: + map 
ABC: + write_blif <abc-temp-dir>/output.blif 

12.22.1.2. Re-integrating ABC results.
ABC RESULTS:               NOT cells:       28
ABC RESULTS:              XNOR cells:       18
ABC RESULTS:               MUX cells:       21
ABC RESULTS:             ORNOT cells:       14
ABC RESULTS:              NAND cells:        6
ABC RESULTS:               NOR cells:       32
ABC RESULTS:                OR cells:       63
ABC RESULTS:               AND cells:        5
ABC RESULTS:            ANDNOT cells:       91
ABC RESULTS:               XOR cells:       87
ABC RESULTS:        internal signals:      348
ABC RESULTS:           input signals:       21
ABC RESULTS:          output signals:       16
Removing temp directory.

12.23. Executing OPT pass (performing simple optimizations).

12.23.1. Executing OPT_EXPR pass (perform const folding).
Optimizing module poly1.
<suppressed ~10 debug messages>

12.23.2. Executing OPT_MERGE pass (detect identical cells).
Finding identical cells in module `\poly1'.
Removed a total of 0 cells.

12.23.3. Executing OPT_DFF pass (perform DFF optimizations).

12.23.4. Executing OPT_CLEAN pass (remove unused cells and wires).
Finding unused cells or wires in module \poly1..
Removed 2 unused cells and 139 unused wires.
<suppressed ~4 debug messages>

12.23.5. Finished fast OPT passes.

12.24. Executing HIERARCHY pass (managing design hierarchy).

12.24.1. Analyzing design hierarchy..
Top module:  \poly1

12.24.2. Analyzing design hierarchy..
Top module:  \poly1
Removed 0 unused modules.

12.25. Printing statistics.

=== poly1 ===

   Number of wires:                398
   Number of wire bits:           1168
   Number of public wires:          51
   Number of public wire bits:     821
   Number of memories:               0
   Number of memory bits:            0
   Number of processes:              0
   Number of cells:                363
     $_ANDNOT_                      91
     $_AND_                          5
     $_MUX_                         21
     $_NAND_                         6
     $_NOR_                         32
     $_NOT_                         26
     $_ORNOT_                       14
     $_OR_                          63
     $_XNOR_                        18
     $_XOR_                         87

12.26. Executing CHECK pass (checking for obvious problems).
Checking module poly1...
Found and reported 0 problems.
Removed 0 unused cells and 47 unused wires.

13. Executing DFFLIBMAP pass (mapping DFF cells to sequential cells from liberty file).
Warning: Found unsupported expression 'SE*SI+!SE*D' in pin attribute of cell 'SDFFRNQ_X1' - skipping.
Warning: Found unsupported expression 'SE*SI+!SE*D' in pin attribute of cell 'SDFFSNQ_X1' - skipping.
Warning: Found unsupported expression 'SE*SI+!SE*D' in pin attribute of cell 'SDFFRNQ_X1' - skipping.
Warning: Found unsupported expression 'SE*SI+!SE*D' in pin attribute of cell 'SDFFSNQ_X1' - skipping.
  cell DFFRNQ_X1 (noninv, pins=4, area=1.28) is a direct match for cell type $_DFF_PN0_.
Warning: Found unsupported expression 'SE*SI+!SE*D' in pin attribute of cell 'SDFFRNQ_X1' - skipping.
Warning: Found unsupported expression 'SE*SI+!SE*D' in pin attribute of cell 'SDFFSNQ_X1' - skipping.
  cell DFFSNQ_X1 (noninv, pins=4, area=1.28) is a direct match for cell type $_DFF_PN1_.
Warning: Found unsupported expression 'SE*SI+!SE*D' in pin attribute of cell 'SDFFRNQ_X1' - skipping.
Warning: Found unsupported expression 'SE*SI+!SE*D' in pin attribute of cell 'SDFFSNQ_X1' - skipping.
Warning: Found unsupported expression 'SE*SI+!SE*D' in pin attribute of cell 'SDFFRNQ_X1' - skipping.
Warning: Found unsupported expression 'SE*SI+!SE*D' in pin attribute of cell 'SDFFSNQ_X1' - skipping.
Warning: Found unsupported expression 'SE*SI+!SE*D' in pin attribute of cell 'SDFFRNQ_X1' - skipping.
Warning: Found unsupported expression 'SE*SI+!SE*D' in pin attribute of cell 'SDFFSNQ_X1' - skipping.
Warning: Found unsupported expression 'SE*SI+!SE*D' in pin attribute of cell 'SDFFRNQ_X1' - skipping.
Warning: Found unsupported expression 'SE*SI+!SE*D' in pin attribute of cell 'SDFFSNQ_X1' - skipping.
Warning: Found unsupported expression 'SE*SI+!SE*D' in pin attribute of cell 'SDFFRNQ_X1' - skipping.
Warning: Found unsupported expression 'SE*SI+!SE*D' in pin attribute of cell 'SDFFSNQ_X1' - skipping.
Warning: Found unsupported expression 'SE*SI+!SE*D' in pin attribute of cell 'SDFFRNQ_X1' - skipping.
Warning: Found unsupported expression 'SE*SI+!SE*D' in pin attribute of cell 'SDFFSNQ_X1' - skipping.
  final dff cell mappings:
    unmapped dff cell: $_DFF_N_
    unmapped dff cell: $_DFF_P_
    unmapped dff cell: $_DFF_NN0_
    unmapped dff cell: $_DFF_NN1_
    unmapped dff cell: $_DFF_NP0_
    unmapped dff cell: $_DFF_NP1_
    \DFFRNQ_X1 _DFF_PN0_ (.CLK( C), .D( D), .Q( Q), .RN( R));
    \DFFSNQ_X1 _DFF_PN1_ (.CLK( C), .D( D), .Q( Q), .SN( R));
    unmapped dff cell: $_DFF_PP0_
    unmapped dff cell: $_DFF_PP1_
    unmapped dff cell: $_DFFSR_NNN_
    unmapped dff cell: $_DFFSR_NNP_
    unmapped dff cell: $_DFFSR_NPN_
    unmapped dff cell: $_DFFSR_NPP_
    unmapped dff cell: $_DFFSR_PNN_
    unmapped dff cell: $_DFFSR_PNP_
    unmapped dff cell: $_DFFSR_PPN_
    unmapped dff cell: $_DFFSR_PPP_

13.1. Executing DFFLEGALIZE pass (convert FFs to types supported by the target).
Mapping DFF cells in module `\poly1':

14. Executing ABC pass (technology mapping using ABC).

14.1. Extracting gate netlist of module `\poly1' to `<abc-temp-dir>/input.blif'..
Extracted 363 gates and 384 wires to a netlist network with 21 inputs and 16 outputs.

14.1.1. Executing ABC.
Running ABC command: "<yosys-exe-dir>/yosys-abc" -s -f <abc-temp-dir>/abc.script 2>&1
ABC: ABC command line: "source <abc-temp-dir>/abc.script".
ABC: 
ABC: + read_blif <abc-temp-dir>/input.blif 
ABC: + read_lib -w /home/juliana/venv_pytorch/lib/python3.12/site-packages/MAxPy/pdk/NanGate15nm.lib 
ABC: Parsing finished successfully.  Parsing time =     0.01 sec
ABC: Scl_LibertyReadGenlib() skipped cell "ANTENNA" due to dont_use attribute.
ABC: Scl_LibertyReadGenlib() skipped cell "CLKGATETST_X1" without logic function.
ABC: Scl_LibertyReadGenlib() skipped sequential cell "DFFRNQ_X1".
ABC: Scl_LibertyReadGenlib() skipped sequential cell "DFFSNQ_X1".
ABC: Scl_LibertyReadGenlib() skipped cell "FILLTIE" due to dont_use attribute.
ABC: Scl_LibertyReadGenlib() skipped cell "FILL_X1" due to dont_use attribute.
ABC: Scl_LibertyReadGenlib() skipped cell "FILL_X2" due to dont_use attribute.
ABC: Scl_LibertyReadGenlib() skipped cell "FILL_X4" due to dont_use attribute.
ABC: Scl_LibertyReadGenlib() skipped cell "FILL_X8" due to dont_use attribute.
ABC: Scl_LibertyReadGenlib() skipped cell "FILL_X16" due to dont_use attribute.
ABC: Scl_LibertyReadGenlib() skipped sequential cell "LHQ_X1".
ABC: Scl_LibertyReadGenlib() skipped sequential cell "SDFFRNQ_X1".
ABC: Scl_LibertyReadGenlib() skipped sequential cell "SDFFSNQ_X1".
ABC: Scl_LibertyReadGenlib() skipped three-state cell "TBUF_X1".
ABC: Scl_LibertyReadGenlib() skipped three-state cell "TBUF_X2".
ABC: Scl_LibertyReadGenlib() skipped three-state cell "TBUF_X4".
ABC: Scl_LibertyReadGenlib() skipped three-state cell "TBUF_X8".
ABC: Scl_LibertyReadGenlib() skipped three-state cell "TBUF_X12".
ABC: Scl_LibertyReadGenlib() skipped three-state cell "TBUF_X16".
ABC: Scl_LibertyReadGenlib() skipped cell "TIEH" due to dont_use attribute.
ABC: Scl_LibertyReadGenlib() skipped cell "TIEL" due to dont_use attribute.
ABC: Library "NanGate_15nm_OCL" from "/home/juliana/venv_pytorch/lib/python3.12/site-packages/MAxPy/pdk/NanGate15nm.lib" has 55 cells (12 skipped: 5 seq; 6 tri-state; 1 no func; 9 dont_use).  Time =     0.02 sec
ABC: Memory =    3.72 MB. Time =     0.02 sec
ABC: Warning: Detected 2 multi-output gates (for example, "FA_X1").
ABC: + strash 
ABC: + &get -n 
ABC: + &fraig -x 
ABC: + &put 
ABC: + scorr 
ABC: Warning: The network is combinational (run "fraig" or "fraig_sweep").
ABC: + dc2 
ABC: + dretime 
ABC: + strash 
ABC: + &get -n 
ABC: + &dch -f 
ABC: + &nf 
ABC: + &put 
ABC: + write_blif <abc-temp-dir>/output.blif 

14.1.2. Re-integrating ABC results.
ABC RESULTS:            OR4_X1 cells:        2
ABC RESULTS:           NOR4_X1 cells:        1
ABC RESULTS:           NOR3_X1 cells:       13
ABC RESULTS:          NAND4_X1 cells:        4
ABC RESULTS:          OAI22_X1 cells:        5
ABC RESULTS:           AND4_X1 cells:        3
ABC RESULTS:          AOI22_X1 cells:        6
ABC RESULTS:            INV_X1 cells:       21
ABC RESULTS:           AND2_X1 cells:       12
ABC RESULTS:          NAND3_X1 cells:       16
ABC RESULTS:            OR3_X1 cells:        2
ABC RESULTS:           NOR2_X1 cells:       24
ABC RESULTS:          AOI21_X1 cells:       24
ABC RESULTS:           AND3_X1 cells:        3
ABC RESULTS:           MUX2_X1 cells:        1
ABC RESULTS:           XOR2_X1 cells:       29
ABC RESULTS:            OR2_X1 cells:       11
ABC RESULTS:          NAND2_X1 cells:       49
ABC RESULTS:          XNOR2_X1 cells:       49
ABC RESULTS:          OAI21_X1 cells:       42
ABC RESULTS:        internal signals:      347
ABC RESULTS:           input signals:       21
ABC RESULTS:          output signals:       16
Removing temp directory.
Removed 0 unused cells and 384 unused wires.

15. Executing Verilog backend.
Dumping module `\poly1'.

Warnings: 76 unique messages, 206 total
End of script. Logfile hash: fd20edaf68, CPU: user 0.46s system 0.02s, MEM: 19.41 MB peak
Yosys 0.33 (git sha1 2584903a060)
Time spent: 33% 2x abc (0 sec), 11% 28x opt_expr (0 sec), ...
Synth command exit code: 0