4.583024978637695312e-02 1.678240299224853516e-01 2.396547794342041016e-01 2.811434268951416016e-01 1.887556314468383789e-01 1.000250577926635742e-01 -9.229981899261474609e-02 -2.274702191352844238e-01 -2.396078705787658691e-01 -1.798193454742431641e-01 -1.734409928321838379e-01 -9.533691406250000000e-02 -6.036698818206787109e-02 -1.580846309661865234e-02 3.034341335296630859e-02 8.114373683929443359e-02 2.636213302612304688e-01 1.992326974868774414e-01 1.095305681228637695e-01 -2.578639984130859375e-02 -7.693570852279663086e-02 -7.705122232437133789e-02 -7.253187894821166992e-02 -1.823350787162780762e-01 -3.063420057296752930e-01 -3.640451431274414062e-01 -3.200954198837280273e-01 -2.750125527381896973e-01 -2.616090774536132812e-01 -2.139017581939697266e-01 -4.373323917388916016e-02 -1.562583446502685547e-02 2.980482578277587891e-02 4.433429241180419922e-02 -3.717494010925292969e-02 -1.311087608337402344e-02 4.524099826812744141e-02 1.606212854385375977e-01 1.949411630630493164e-01 1.110905408859252930e-01 9.769320487976074219e-02 1.373088359832763672e-01 6.009876728057861328e-02 -1.435373425483703613e-01 -2.403717041015625000e-01 -9.734326601028442383e-02 -4.201555252075195312e-02 -5.604392290115356445e-02 -1.120576858520507812e-01 -1.273519396781921387e-01 -3.056232333183288574e-01 -1.829677224159240723e-01 4.613924026489257812e-02 3.465342521667480469e-01 4.074525833129882812e-01 4.230045080184936523e-01 5.713839530944824219e-01 5.433448553085327148e-01 4.551407098770141602e-01 -4.822629690170288086e-02 -2.248705625534057617e-01 -4.561122655868530273e-01 -2.116652131080627441e-01 -1.129825711250305176e-01 -1.608620882034301758e-01 -2.281817793846130371e-01 -4.002539515495300293e-01 -2.587715387344360352e-01 2.017440795898437500e-01 3.687571287155151367e-01 4.361302852630615234e-01 5.180765390396118164e-01 7.432301044464111328e-01 7.740149497985839844e-01 4.575997591018676758e-01 -1.244168281555175781e-01 -2.585323452949523926e-01 -3.433986902236938477e-01 -1.191191077232360840e-01 -1.123502254486083984e-01 -9.690594673156738281e-02 -1.182188987731933594e-01 -1.425690054893493652e-01 -5.374258756637573242e-02 -1.084542274475097656e-01 1.062598228454589844e-01 1.875418424606323242e-01 2.946872711181640625e-01 3.249449729919433594e-01 1.867526769638061523e-01 -2.990490198135375977e-02 -1.894663572311401367e-01 -3.244570493698120117e-01 -8.263289928436279297e-02 -1.082158684730529785e-01 -2.401261925697326660e-01 5.492508411407470703e-02 -4.508870840072631836e-02 -1.973874568939208984e-01 -2.405785322189331055e-01 -7.600116729736328125e-02 -2.493262290954589844e-02 -1.418429613113403320e-02 1.098406314849853516e-02 -9.429216384887695312e-03 -3.108835220336914062e-02 -6.934821605682373047e-02 -1.903510093688964844e-02 2.070415019989013672e-02 -1.642190814018249512e-01 -2.164686918258666992e-01 -2.578985095024108887e-01 1.264786720275878906e-01 -4.949134588241577148e-02 -1.759749650955200195e-01 -1.959479451179504395e-01 -7.516342401504516602e-02 -7.028645277023315430e-02 -6.637465953826904297e-02 -5.065482854843139648e-02 -4.162710905075073242e-02 3.216683864593505859e-02 1.560808420181274414e-01 3.366100788116455078e-02 -3.727209568023681641e-02 -1.109672188758850098e-01 -1.998909115791320801e-01 -4.921064376831054688e-01
1.057938337326049805e-01 1.460468769073486328e-01 1.182258129119873047e-01 1.978082656860351562e-01 1.406346559524536133e-01 1.752914190292358398e-01 1.137604713439941406e-01 1.220374107360839844e-01 5.487751960754394531e-02 4.541718959808349609e-02 7.274603843688964844e-02 8.036601543426513672e-02 -9.989500045776367188e-03 -1.205896139144897461e-01 -1.253666877746582031e-01 -6.344050168991088867e-02 1.364976167678833008e-01 1.295820474624633789e-01 2.411043643951416016e-02 -1.901893019676208496e-01 -2.324073314666748047e-01 -4.262756705284118652e-01 -5.074377059936523438e-01 -5.471444725990295410e-01 -4.438074827194213867e-01 -2.671737074851989746e-01 -1.615818142890930176e-01 1.995992660522460938e-02 1.904487609863281250e-03 -3.160542249679565430e-02 -1.241755485534667969e-01 -9.793704748153686523e-02 -4.346966743469238281e-02 -1.119768023490905762e-01 -1.434792876243591309e-01 -2.122888565063476562e-01 -1.781992316246032715e-01 -1.374966502189636230e-01 -2.518466114997863770e-01 -5.685557126998901367e-01 -6.380821466445922852e-01 -5.448452234268188477e-01 -4.632207155227661133e-01 -3.096534013748168945e-01 -1.465009450912475586e-01 -1.329694986343383789e-01 -1.798120141029357910e-01 -1.145684123039245605e-01 7.109653949737548828e-02 1.865125894546508789e-01 3.698852062225341797e-01 5.510298013687133789e-01 6.659808158874511719e-01 7.863252162933349609e-01 4.526784420013427734e-01 -1.753750443458557129e-01 -4.514001011848449707e-01 -5.970370769500732422e-01 -5.353555679321289062e-01 -2.624931931495666504e-01 -1.296271681785583496e-01 -2.185194492340087891e-01 -3.889489173889160156e-02 8.250975608825683594e-02 1.488968133926391602e-01 2.299894094467163086e-01 4.215036630630493164e-01 4.853004217147827148e-01 4.710618257522583008e-01 2.902238368988037109e-01 3.356647491455078125e-02 -2.154226303100585938e-01 -4.787864685058593750e-01 -4.740067124366760254e-01 -3.712282776832580566e-01 -1.468427777290344238e-01 -1.367580294609069824e-01 -2.328080534934997559e-01 4.265964031219482422e-02 1.154162883758544922e-01 2.788709402084350586e-01 2.643661499023437500e-01 3.296108245849609375e-01 2.685832977294921875e-01 2.293348312377929688e-02 -1.436138153076171875e-01 -3.145217895507812500e-01 -4.112451076507568359e-01 -3.392846584320068359e-01 -2.787919044494628906e-01 -2.119513154029846191e-01 -1.540008783340454102e-01 -1.276968121528625488e-01 -6.926351785659790039e-02 -6.099706888198852539e-02 -3.116166591644287109e-02 2.011078596115112305e-01 1.719840764999389648e-01 7.686233520507812500e-02 7.971036434173583984e-02 5.394077301025390625e-02 7.212507724761962891e-02 3.421962261199951172e-02 1.106121540069580078e-01 1.581861972808837891e-01 2.584172487258911133e-01 2.095439434051513672e-01 1.651217937469482422e-01 9.018778800964355469e-02 4.814469814300537109e-02 6.062722206115722656e-02 1.175081729888916016e-02 -2.358150482177734375e-02 -1.288264989852905273e-02 -1.274949312210083008e-02 1.552820205688476562e-02 4.840600490570068359e-02 1.443905830383300781e-01 2.888683080673217773e-01 1.901291608810424805e-01 1.542683839797973633e-01 1.515200138092041016e-01 9.612977504730224609e-02 3.267025947570800781e-02 -2.085733413696289062e-02 -1.443415880203247070e-02 -4.709362983703613281e-04 9.591627120971679688e-02
2.209770679473876953e-02 8.638024330139160156e-02 7.684242725372314453e-02 2.484142780303955078e-02 -9.461045265197753906e-03 -5.653417110443115234e-02 -8.927690982818603516e-02 -1.439521312713623047e-01 -2.474126815795898438e-01 -2.690055966377258301e-01 -1.966353654861450195e-01 -1.253399848937988281e-01 -8.785945177078247070e-02 1.500630378723144531e-02 5.329537391662597656e-02 1.762723922729492188e-02 6.663966178894042969e-02 -8.955222368240356445e-02 -1.954224705696105957e-01 -1.783322095870971680e-01 -1.883014440536499023e-01 -2.055507898330688477e-01 -2.257282733917236328e-01 -1.927106380462646484e-01 -1.485596895217895508e-01 -7.160156965255737305e-02 -2.997785806655883789e-02 -9.013640880584716797e-02 -1.507084369659423828e-01 -1.172231435775756836e-01 1.282942295074462891e-02 1.245089769363403320e-01 -2.605315446853637695e-01 -2.969701886177062988e-01 -3.208938837051391602e-01 -8.217465877532958984e-02 6.027579307556152344e-02 7.656359672546386719e-02 6.487727165222167969e-02 4.451572895050048828e-02 1.637536287307739258e-01 1.801428794860839844e-01 1.878010034561157227e-01 1.992118358612060547e-01 2.057909965515136719e-01 1.494956016540527344e-02 -8.542698621749877930e-02 -3.048908710479736328e-02 1.119790077209472656e-01 2.537120580673217773e-01 5.288392305374145508e-01 7.071568965911865234e-01 7.377227544784545898e-01 6.296176910400390625e-01 5.261254310607910156e-01 7.322914600372314453e-01 7.593309879302978516e-01 2.457077503204345703e-01 -2.771323919296264648e-02 -9.341228008270263672e-02 -1.077244877815246582e-01 -1.062596440315246582e-01 -1.557056307792663574e-01 -9.671169519424438477e-02 1.858828067779541016e-01 3.060860633850097656e-01 4.094941616058349609e-01 5.368390083312988281e-01 4.807068109512329102e-01 3.279316425323486328e-01 1.945447921752929688e-01 -1.479112505912780762e-01 -4.967981576919555664e-01 -4.663858413696289062e-01 -2.056577801704406738e-01 6.044447422027587891e-02 2.285730838775634766e-01 1.985256671905517578e-01 1.817821264266967773e-01 1.533715724945068359e-01 -6.059867143630981445e-02 -1.004749536514282227e-01 -1.336218714714050293e-01 -1.775604486465454102e-01 -1.974263787269592285e-01 -2.686954140663146973e-01 -3.987860679626464844e-01 -3.410152196884155273e-01 -6.029015779495239258e-02 2.414332628250122070e-01 5.147957801818847656e-01 4.087004661560058594e-01 2.694544792175292969e-01 1.751836538314819336e-01 1.465458869934082031e-01 4.998445510864257812e-02 -1.949360966682434082e-01 -1.438729763031005859e-01 -1.630836129188537598e-01 -1.832821369171142578e-01 -1.328168511390686035e-01 -2.810515761375427246e-01 -3.531425595283508301e-01 -4.147692322731018066e-01 -3.485932350158691406e-01 -2.673876881599426270e-01 -2.346351742744445801e-01 -2.023956179618835449e-01 -1.858427524566650391e-01 -1.386340260505676270e-01 -1.137302517890930176e-01 -3.647255897521972656e-02 -1.504635214805603027e-01 -1.944969296455383301e-01 -1.115419268608093262e-01 -8.207011222839355469e-02 -7.916110754013061523e-02 -4.814308881759643555e-02 -1.167318820953369141e-01 -1.637008786201477051e-01 -2.700754404067993164e-01 -3.304229378700256348e-01 -3.088807463645935059e-01 -2.242846488952636719e-01 -1.431055665016174316e-01 -1.319730281829833984e-01 -1.646685004234313965e-01 -1.142353415489196777e-01
-2.546197175979614258e-02 -9.986281394958496094e-02 -8.328092098236083984e-02 -7.725310325622558594e-02 -1.035613417625427246e-01 -2.075365185737609863e-01 -2.363150119781494141e-01 -2.091031074523925781e-01 -1.171914935111999512e-01 -6.970769166946411133e-02 3.637909889221191406e-03 -6.994426250457763672e-02 -7.339310646057128906e-02 -1.472282409667968750e-01 -2.660937309265136719e-01 -3.381140828132629395e-01 -7.138067483901977539e-02 -4.663586616516113281e-02 -5.566096305847167969e-02 -2.420163154602050781e-02 -2.383905649185180664e-02 -1.055708527565002441e-01 -1.325606703758239746e-01 -9.414792060852050781e-02 -1.348492503166198730e-01 -1.950801014900207520e-01 -1.823835372924804688e-01 -7.383644580841064453e-02 5.886065959930419922e-02 2.541685104370117188e-02 -6.035333871841430664e-02 -1.709922552108764648e-01 2.683677673339843750e-01 3.757150173187255859e-01 4.019194841384887695e-01 4.636957645416259766e-01 5.103443861007690430e-01 4.597430229187011719e-01 4.204608201980590820e-01 2.492421865463256836e-01 6.179893016815185547e-02 -3.314495086669921875e-03 2.017581462860107422e-02 5.533909797668457031e-02 -4.098391532897949219e-02 -4.405754804611206055e-02 -1.870540380477905273e-01 -2.228672504425048828e-01 1.190432310104370117e-01 3.454924821853637695e-01 4.052886962890625000e-01 5.203901529312133789e-01 5.594307184219360352e-01 5.859899520874023438e-01 2.790217399597167969e-01 -3.391193747520446777e-01 -5.949455499649047852e-01 -5.444878339767456055e-01 -3.144944906234741211e-01 9.089779853820800781e-02 2.613348960876464844e-01 1.944298744201660156e-01 1.119793653488159180e-01 1.217770576477050781e-02 5.100166797637939453e-02 1.767221689224243164e-01 3.690519332885742188e-01 5.202010869979858398e-01 4.884102344512939453e-01 5.093302726745605469e-01 3.288949728012084961e-01 -2.161359786987304688e-01 -4.233914017677307129e-01 -5.502361059188842773e-01 -4.382908940315246582e-01 -2.456887960433959961e-01 -1.709229946136474609e-01 -1.411055922508239746e-01 -1.155787110328674316e-01 -2.568355202674865723e-01 -2.997338771820068359e-02 -4.178345203399658203e-03 1.029692888259887695e-01 3.128417730331420898e-01 4.440833330154418945e-01 4.651913642883300781e-01 4.638063907623291016e-01 4.346501827239990234e-01 3.439002037048339844e-01 1.662657260894775391e-01 -3.379201889038085938e-02 -6.349933147430419922e-02 -9.955126047134399414e-02 -1.803495883941650391e-01 -2.515306472778320312e-01 -2.704102396965026855e-01 -2.073531150817871094e-01 -2.270917892456054688e-01 -3.355569243431091309e-01 -4.266163706779479980e-01 -3.442984819412231445e-01 -2.289372682571411133e-01 -9.544867277145385742e-02 -5.315822362899780273e-02 -4.481559991836547852e-02 -1.020818352699279785e-01 -5.610132217407226562e-02 -1.019775271415710449e-01 -8.769565820693969727e-02 -1.842260360717773438e-01 -2.023144960403442383e-01 -2.954654097557067871e-01 -8.566379547119140625e-02 -7.313168048858642578e-02 -1.810581088066101074e-01 -2.284547686576843262e-01 -2.740030884742736816e-01 -2.625395655632019043e-01 -2.540118098258972168e-01 -1.613279581069946289e-01 -1.648418307304382324e-01 -1.105780005455017090e-01 -5.822080373764038086e-02 -2.684921026229858398e-02 -4.285424947738647461e-02 -2.959144115447998047e-02 1.239824295043945312e-02 -3.256118297576904297e-02
-1.975475549697875977e-01 -1.278306841850280762e-01 -7.508480548858642578e-02 -1.277846097946166992e-02 3.468334674835205078e-02 7.809245586395263672e-02 1.218477487564086914e-01 1.162796020507812500e-01 1.006846427917480469e-01 9.544014930725097656e-02 5.437910556793212891e-02 -4.712057113647460938e-02 -9.976136684417724609e-02 -8.847057819366455078e-02 -1.008901596069335938e-01 -1.001311540603637695e-01 2.007542848587036133e-01 2.634851932525634766e-01 3.123817443847656250e-01 3.696713447570800781e-01 4.220073223114013672e-01 3.509054183959960938e-01 3.342297077178955078e-01 2.989073991775512695e-01 2.771481275558471680e-01 2.335400581359863281e-01 2.659419775009155273e-01 2.692804336547851562e-01 2.593547105789184570e-01 1.692570447921752930e-01 1.289050579071044922e-01 4.240536689758300781e-02 2.583065032958984375e-01 3.507561683654785156e-01 3.835866451263427734e-01 3.704408407211303711e-01 3.210390806198120117e-01 2.726117372512817383e-01 6.149935722351074219e-02 -1.628994345664978027e-01 -3.343018889427185059e-01 -2.342261075973510742e-01 -6.272053718566894531e-02 6.763005256652832031e-02 1.357007026672363281e-01 2.548462152481079102e-01 3.040919303894042969e-01 2.044355869293212891e-01 -2.229064702987670898e-02 8.390390872955322266e-02 8.868861198425292969e-02 1.389349699020385742e-01 1.310349702835083008e-01 -6.200522184371948242e-02 -2.906621694564819336e-01 -2.654536366462707520e-01 -7.657855749130249023e-02 3.244463205337524414e-01 5.333266258239746094e-01 6.313151121139526367e-01 5.866796970367431641e-01 5.245975255966186523e-01 3.248116970062255859e-01 1.779373884201049805e-01 -3.030592799186706543e-01 -3.623543381690979004e-01 -1.741105914115905762e-01 -1.017606258392333984e-02 -8.235424757003784180e-02 -3.015351891517639160e-01 -1.366827487945556641e-01 3.699364662170410156e-01 4.370812177658081055e-01 2.476243972778320312e-01 1.381683349609375000e-01 1.267396211624145508e-01 8.380699157714843750e-02 1.569509506225585938e-01 1.246970891952514648e-01 1.287412643432617188e-02 -3.123620748519897461e-01 -2.779419422149658203e-01 -2.792260050773620605e-01 -3.287163972854614258e-01 -3.575789332389831543e-01 -4.143707752227783203e-01 -4.888052344322204590e-01 -5.440376996994018555e-01 -6.220047473907470703e-01 -5.969121456146240234e-01 -5.795434713363647461e-01 -5.248395204544067383e-01 -3.351751565933227539e-01 -3.459365367889404297e-01 -3.564534783363342285e-01 -2.701944112777709961e-01 1.198554039001464844e-02 8.452260494232177734e-02 -1.353162527084350586e-02 -1.406073570251464844e-01 -2.762229442596435547e-01 -3.067817091941833496e-01 -3.513474464416503906e-01 -4.628238677978515625e-01 -3.973752260208129883e-01 -3.907136917114257812e-01 -3.382745981216430664e-01 -3.163225650787353516e-01 -2.806606888771057129e-01 -1.939542293548583984e-01 -1.528180837631225586e-01 -2.163227200508117676e-01 -8.962571620941162109e-03 8.357465267181396484e-02 1.441692113876342773e-01 1.832464933395385742e-01 1.598941087722778320e-01 1.596480607986450195e-01 6.574773788452148438e-02 -4.333019256591796875e-03 -4.434460401535034180e-02 -6.371808052062988281e-02 -1.198102235794067383e-01 -9.166675806045532227e-02 -1.127824187278747559e-01 -1.357483863830566406e-01 -1.238451600074768066e-01 -7.107985019683837891e-02
-1.533321738243103027e-01 -1.584383845329284668e-01 -1.697945594787597656e-01 -8.246308565139770508e-02 -5.113691091537475586e-02 -6.621325016021728516e-02 5.389487743377685547e-02 2.776384353637695312e-03 -4.549318552017211914e-02 -4.694390296936035156e-02 -3.565013408660888672e-02 3.088414669036865234e-02 6.435751914978027344e-03 -6.900250911712646484e-03 -3.337579965591430664e-02 -5.043911933898925781e-02 2.348160743713378906e-02 7.186317443847656250e-02 9.947264194488525391e-02 1.099488735198974609e-01 3.011357784271240234e-02 -4.576545953750610352e-02 -2.318205833435058594e-01 -2.254645228385925293e-01 -1.952202320098876953e-01 -1.382589340209960938e-01 -7.881230115890502930e-02 5.134260654449462891e-02 7.936477661132812500e-02 1.647067070007324219e-02 -7.934844493865966797e-02 -1.473868489265441895e-01 5.842518806457519531e-02 3.645658493041992188e-03 -1.804810762405395508e-02 4.711842536926269531e-02 -2.347600460052490234e-02 -9.905987977981567383e-02 -1.618404388427734375e-01 -1.118618249893188477e-01 -4.909694194793701172e-02 9.898269176483154297e-02 2.413401603698730469e-01 4.045194387435913086e-01 4.711353778839111328e-01 4.555253982543945312e-01 3.343299627304077148e-01 1.368975639343261719e-01 -1.409149169921875000e-02 -1.257045865058898926e-01 -2.842544317245483398e-01 -1.959584951400756836e-01 -3.756788372993469238e-01 -6.390925645828247070e-01 -7.316543459892272949e-01 -6.365689039230346680e-01 -5.647416114807128906e-01 -6.680446267127990723e-01 -7.341843247413635254e-01 -5.594488978385925293e-01 -3.865694999694824219e-02 1.041885614395141602e-01 2.514088153839111328e-02 7.179498672485351562e-02 2.344677448272705078e-01 2.510775327682495117e-01 2.086079120635986328e-02 -6.797337532043457031e-02 -1.232856512069702148e-02 3.024058341979980469e-01 5.816073417663574219e-01 8.253530263900756836e-01 7.899646759033203125e-01 4.390960931777954102e-01 1.805160045623779297e-01 -1.643472909927368164e-02 2.140367031097412109e-02 -9.772682189941406250e-02 -1.540236473083496094e-01 -1.987773180007934570e-01 2.037155628204345703e-02 2.803854942321777344e-01 5.092833042144775391e-01 6.351664066314697266e-01 6.163446903228759766e-01 5.612580776214599609e-01 3.786677122116088867e-01 1.138098239898681641e-01 -7.332020998001098633e-02 -1.951917409896850586e-01 -1.316150426864624023e-01 -4.695552587509155273e-02 -1.045283675193786621e-01 -7.650434970855712891e-02 -5.468374490737915039e-02 -1.486215591430664062e-01 1.167110204696655273e-01 -1.076165437698364258e-01 -1.366441845893859863e-01 -1.604814529418945312e-01 -5.763411521911621094e-02 6.818461418151855469e-02 4.160594940185546875e-02 2.252233028411865234e-02 3.659963607788085938e-03 -2.308320999145507812e-02 -2.676832675933837891e-02 -2.312201261520385742e-02 -3.209626674652099609e-02 2.494037151336669922e-02 -6.543326377868652344e-02 -1.369320154190063477e-01 6.477510929107666016e-02 -1.184523105621337891e-02 -8.159601688385009766e-02 -1.880342364311218262e-01 -1.964452862739562988e-01 -2.122088670730590820e-01 -2.301869988441467285e-01 -1.990552544593811035e-01 -1.655868291854858398e-01 -1.188217401504516602e-01 -1.313864588737487793e-01 -1.337860226631164551e-01 -1.123207211494445801e-01 -9.608048200607299805e-02 -1.464422941207885742e-01 -2.232466340065002441e-01
1.029595136642456055e-01 2.262356281280517578e-01 1.701078414916992188e-01 1.242461204528808594e-01 7.909822463989257812e-02 4.673647880554199219e-02 7.641434669494628906e-02 4.111218452453613281e-02 -7.045745849609375000e-03 -7.165491580963134766e-02 -9.465116262435913086e-02 -1.019259691238403320e-01 -1.256172657012939453e-01 -2.152412533760070801e-01 -1.573345065116882324e-01 -1.000859737396240234e-01 1.797354221343994141e-01 1.556514501571655273e-01 1.280355453491210938e-01 2.479243278503417969e-02 6.443023681640625000e-03 2.122199535369873047e-02 9.206676483154296875e-02 6.113040447235107422e-02 1.265978813171386719e-02 -3.800511360168457031e-03 -8.234018087387084961e-02 -2.083251476287841797e-01 -2.488706111907958984e-01 -2.342975735664367676e-01 -6.999588012695312500e-02 1.290965080261230469e-02 2.530622482299804688e-02 2.851951122283935547e-02 -6.645411252975463867e-02 -3.208702802658081055e-02 7.654058933258056641e-02 3.070514202117919922e-01 4.090750217437744141e-01 4.323041439056396484e-01 4.327211380004882812e-01 4.606138467788696289e-01 6.405040025711059570e-01 6.984837055206298828e-01 4.311476945877075195e-01 2.128995656967163086e-01 1.780772209167480469e-02 1.411280632019042969e-01 -6.633222103118896484e-02 -3.395783901214599609e-01 -3.141542077064514160e-01 7.884776592254638672e-02 -3.864765167236328125e-03 -1.672299504280090332e-01 -2.156106829643249512e-01 -3.767012953758239746e-01 -1.754974722862243652e-01 -1.048276424407958984e-01 1.835067272186279297e-01 3.884911537170410156e-01 5.508666038513183594e-01 6.530622243881225586e-01 6.202564239501953125e-01 5.050946474075317383e-01 -3.481264710426330566e-01 -6.559199094772338867e-01 -4.753021597862243652e-01 -2.636100053787231445e-01 -4.917787909507751465e-01 -6.289467811584472656e-01 -5.869185924530029297e-01 -3.103616237640380859e-01 -1.038479208946228027e-01 -1.637253165245056152e-01 -2.663550376892089844e-01 -3.642355203628540039e-01 -2.610773444175720215e-01 -2.413934469223022461e-02 -4.244655370712280273e-02 -1.213550567626953125e-02 -1.779745817184448242e-01 -3.217511177062988281e-01 -3.691899776458740234e-01 -2.526907324790954590e-01 -1.113916635513305664e-01 -1.136392354965209961e-01 2.171087265014648438e-02 2.922071218490600586e-01 3.977603912353515625e-01 1.370605230331420898e-01 -5.880546569824218750e-02 -1.439802050590515137e-01 -2.060906887054443359e-01 -1.781222820281982422e-01 -2.093895077705383301e-01 -2.026308774948120117e-01 1.706969738006591797e-02 2.284026145935058594e-02 -9.226977825164794922e-02 -1.909187436103820801e-01 -6.529963016510009766e-02 -5.760383605957031250e-02 -9.955459833145141602e-02 -5.961447954177856445e-02 -2.623337507247924805e-02 -6.234401464462280273e-02 -1.072589755058288574e-01 -1.965240240097045898e-01 -1.616638898849487305e-01 -6.492733955383300781e-03 1.561975479125976562e-02 -2.790653705596923828e-02 3.822717666625976562e-01 2.451672554016113281e-01 1.856776475906372070e-01 6.237769126892089844e-02 8.633255958557128906e-03 3.679752349853515625e-03 -2.800041437149047852e-02 -8.643174171447753906e-02 -9.871453046798706055e-02 -1.409479975700378418e-01 -1.333720088005065918e-01 -1.161760687828063965e-01 -8.455741405487060547e-02 1.532042026519775391e-02 -6.473344564437866211e-02 -2.488070726394653320e-02
-5.232876539230346680e-02 -1.184697747230529785e-01 -1.165703535079956055e-01 -8.379191160202026367e-02 -2.082221508026123047e-01 -2.394581437110900879e-01 -2.103152275085449219e-01 -1.441444754600524902e-01 -1.375638842582702637e-01 -1.895887851715087891e-01 -2.380054593086242676e-01 -2.237807512283325195e-01 -5.851751565933227539e-02 -6.027489900588989258e-02 2.958774566650390625e-04 1.666224002838134766e-02 -2.950193881988525391e-01 -2.290095686912536621e-01 -2.788202762603759766e-01 -4.375903010368347168e-01 -4.518519043922424316e-01 -3.385622501373291016e-01 -2.615964412689208984e-01 -1.908888816833496094e-01 -2.862846851348876953e-01 -3.527966141700744629e-01 -3.521942496299743652e-01 -2.093095183372497559e-01 -2.143004536628723145e-01 -1.763888597488403320e-01 -1.091066002845764160e-01 -7.960814237594604492e-02 -2.013813853263854980e-01 -3.190267682075500488e-01 -2.365281581878662109e-01 -1.736488342285156250e-01 -2.764087915420532227e-02 -2.906340360641479492e-02 1.792837381362915039e-01 3.953325748443603516e-01 1.800312995910644531e-01 5.022192001342773438e-02 6.724858283996582031e-02 4.180073738098144531e-03 -1.370119452476501465e-01 -1.261299848556518555e-01 -1.066544651985168457e-01 -1.788935661315917969e-01 2.435469627380371094e-02 1.758172512054443359e-01 3.834940195083618164e-01 5.801203250885009766e-01 6.869990825653076172e-01 5.591011047363281250e-01 5.665996074676513672e-01 3.514680862426757812e-01 -8.783888816833496094e-02 -1.774500012397766113e-01 -2.306884527206420898e-01 -1.315428018569946289e-01 -5.651277303695678711e-02 5.236542224884033203e-02 5.867719650268554688e-03 -2.668597102165222168e-01 -7.020103931427001953e-02 1.545493602752685547e-01 3.755919933319091797e-01 4.820907115936279297e-01 5.877985954284667969e-01 3.983006477355957031e-01 1.382018327713012695e-01 -2.791333198547363281e-01 -6.318604946136474609e-02 6.009149551391601562e-02 -5.222618579864501953e-02 7.433688640594482422e-02 1.406797170639038086e-01 1.597377061843872070e-01 3.074324131011962891e-02 -2.786502838134765625e-01 1.254432201385498047e-01 2.006510496139526367e-01 1.769499778747558594e-01 9.293699264526367188e-02 -3.698199987411499023e-02 -1.809421181678771973e-01 -4.540168642997741699e-01 -6.219522953033447266e-01 -4.607564806938171387e-01 -3.161805868148803711e-01 -1.258473396301269531e-01 -5.131798982620239258e-02 3.239583969116210938e-02 6.094646453857421875e-02 -4.988574981689453125e-02 -1.667915582656860352e-01 -1.365051865577697754e-01 -7.261019945144653320e-02 7.198655605316162109e-02 2.230577468872070312e-01 2.734351158142089844e-01 2.789880037307739258e-01 2.441998720169067383e-01 1.879048347473144531e-01 2.689059972763061523e-01 2.478704452514648438e-01 2.632975578308105469e-01 3.207006454467773438e-01 3.828670978546142578e-01 4.125225543975830078e-01 2.682781219482421875e-01 3.943729400634765625e-02 -1.555122733116149902e-01 -1.130000948905944824e-01 -1.305150985717773438e-02 3.732442855834960938e-03 1.405563354492187500e-01 1.154839992523193359e-01 1.150614023208618164e-01 2.708263397216796875e-01 1.738188266754150391e-01 1.792049407958984375e-01 1.169393062591552734e-01 8.467781543731689453e-02 -7.391721010208129883e-02 -1.553725004196166992e-01 -2.307091951370239258e-01 -4.087021946907043457e-01
3.251349925994873047e-01 3.188475370407104492e-01 2.364619970321655273e-01 2.288336753845214844e-01 1.348855495452880859e-01 1.021213531494140625e-01 6.064975261688232422e-02 -6.403571367263793945e-02 -1.198316216468811035e-01 -5.088865756988525391e-02 -4.783833026885986328e-02 -5.256283283233642578e-02 -2.697950601577758789e-02 -7.044970989227294922e-02 -1.270252466201782227e-02 6.516516208648681641e-02 1.288233995437622070e-01 3.708064556121826172e-02 3.825068473815917969e-02 -9.313780069351196289e-02 -6.594902276992797852e-02 4.440891742706298828e-02 9.931504726409912109e-02 5.417883396148681641e-02 5.687224864959716797e-02 2.407431602478027344e-02 -5.552881956100463867e-02 -1.125574707984924316e-01 -2.344755530357360840e-01 -1.901609301567077637e-01 -1.924250125885009766e-01 -2.518388628959655762e-01 -4.738634824752807617e-02 -2.297734022140502930e-01 -1.033721566200256348e-01 -6.310868263244628906e-02 1.562319993972778320e-01 2.818289995193481445e-01 3.656837940216064453e-01 5.122426748275756836e-01 4.856587648391723633e-01 4.300998449325561523e-01 1.297777891159057617e-01 -1.055333614349365234e-01 -9.747713804244995117e-02 -3.484368324279785156e-03 -1.482932567596435547e-01 -3.746297359466552734e-01 8.568453788757324219e-02 5.340337753295898438e-02 1.785330772399902344e-01 -2.864765524864196777e-01 -3.552813529968261719e-01 -5.727767944335937500e-01 -4.808689355850219727e-01 -9.509044885635375977e-02 1.619256734848022461e-01 -1.259991526603698730e-01 -3.885786533355712891e-01 -4.275863766670227051e-01 -4.465649724006652832e-01 -1.384155154228210449e-01 -9.859800338745117188e-02 -3.465228080749511719e-01 -5.786055326461791992e-02 -6.708532571792602539e-02 2.083795070648193359e-01 -1.158363819122314453e-01 -4.953328371047973633e-01 -6.819253563880920410e-01 -5.311657786369323730e-01 -2.855262756347656250e-01 -1.674441695213317871e-01 -3.737829923629760742e-01 -5.539730787277221680e-01 -5.356233119964599609e-01 -4.588529467582702637e-01 -7.425874471664428711e-02 -1.084244251251220703e-02 1.701641082763671875e-02 -3.276870846748352051e-01 -3.262962698936462402e-01 -1.564245223999023438e-01 1.510591506958007812e-01 9.492576122283935547e-02 2.032600641250610352e-01 4.432643651962280273e-01 6.505520343780517578e-01 5.954264402389526367e-01 2.667267322540283203e-01 2.130234241485595703e-01 1.103334426879882812e-01 2.883422374725341797e-02 -2.015722393989562988e-01 -2.228565216064453125e-01 -1.269149780273437500e-02 6.765186786651611328e-02 -1.823675632476806641e-02 -4.988044500350952148e-02 -1.475505828857421875e-01 1.447331905364990234e-02 1.403090953826904297e-01 1.138540506362915039e-01 5.623090267181396484e-02 1.198661327362060547e-02 5.356252193450927734e-02 -2.672815322875976562e-02 -7.679557800292968750e-02 -3.260421752929687500e-02 -2.739375829696655273e-02 -1.142414808273315430e-01 -1.826637983322143555e-02 3.190906047821044922e-01 2.337199449539184570e-01 1.907416582107543945e-01 1.697932481765747070e-01 7.650732994079589844e-03 -4.665476083755493164e-02 -1.129973530769348145e-01 -1.005458831787109375e-01 -7.366621494293212891e-02 -6.153678894042968750e-02 1.566588878631591797e-02 6.440770626068115234e-02 -6.101375818252563477e-02 -5.277663469314575195e-02 2.895629405975341797e-02 1.440240144729614258e-01
6.390357017517089844e-02 1.211099624633789062e-01 2.083321809768676758e-01 1.555249691009521484e-01 1.586158275604248047e-01 1.310094594955444336e-01 1.769948005676269531e-02 2.369046211242675781e-02 -2.463978528976440430e-02 -4.450869560241699219e-02 -3.152632713317871094e-02 -7.873296737670898438e-03 1.302829980850219727e-01 1.276735067367553711e-01 1.649508476257324219e-01 8.517229557037353516e-02 -4.500776529312133789e-02 -5.207693576812744141e-02 -4.685008525848388672e-02 -1.138572692871093750e-01 -1.805427074432373047e-01 -2.577016353607177734e-01 -1.602503657341003418e-01 -9.208047389984130859e-02 -2.384388446807861328e-02 -5.306726694107055664e-02 -1.399611234664916992e-01 -1.383984088897705078e-01 -1.765421628952026367e-01 -9.554976224899291992e-02 3.370881080627441406e-03 9.792244434356689453e-02 -2.337583303451538086e-01 -1.192206740379333496e-01 -1.006231904029846191e-01 -3.774446249008178711e-02 -3.277885913848876953e-02 9.706890583038330078e-02 1.642587184906005859e-01 2.071585655212402344e-01 2.707331180572509766e-01 2.332032918930053711e-01 9.659314155578613281e-02 -2.356964349746704102e-02 -2.556802630424499512e-01 -1.922488212585449219e-01 -8.027869462966918945e-02 6.454932689666748047e-02 -1.356232166290283203e-01 -4.806846380233764648e-02 9.262287616729736328e-02 4.958188533782958984e-02 -1.544043421745300293e-01 -3.691604137420654297e-01 -4.092104434967041016e-01 -1.018061637878417969e-01 -2.612608671188354492e-02 -5.504047870635986328e-02 -1.670057773590087891e-01 -3.561572432518005371e-01 -5.475212335586547852e-01 -7.805297374725341797e-01 -6.533068418502807617e-01 -4.518602490425109863e-01 3.760859966278076172e-01 4.722182750701904297e-01 6.706955432891845703e-01 7.901443243026733398e-01 5.610885620117187500e-01 2.914988994598388672e-02 -3.823812603950500488e-01 -6.316175460815429688e-01 -5.424109101295471191e-01 -3.090006113052368164e-01 -1.134225130081176758e-01 -2.348663806915283203e-01 -2.779140472412109375e-01 -5.206555128097534180e-01 -5.169863104820251465e-01 -3.142740130424499512e-01 2.138220071792602539e-01 2.493898868560791016e-01 3.301362991333007812e-01 6.470596790313720703e-01 8.822721242904663086e-01 8.781479597091674805e-01 7.409176826477050781e-01 5.872466564178466797e-01 4.593640565872192383e-01 3.817179203033447266e-01 2.510726451873779297e-01 1.510243415832519531e-01 -6.848996877670288086e-02 -4.573416709899902344e-02 -7.875245809555053711e-02 -9.282988309860229492e-02 1.221358776092529297e-02 -1.236318349838256836e-01 -2.661873102188110352e-01 -2.935666441917419434e-01 -2.588905692100524902e-01 -1.961974501609802246e-01 -8.885145187377929688e-02 -8.718889951705932617e-02 -1.202395558357238770e-01 -6.646865606307983398e-02 -9.726345539093017578e-02 -5.607134103775024414e-02 -3.611999750137329102e-02 -9.044170379638671875e-03 -2.137964963912963867e-02 -2.748352289199829102e-02 -1.009277105331420898e-01 -1.367526054382324219e-01 -1.716778278350830078e-01 -1.138681173324584961e-01 -1.305531859397888184e-01 -8.465909957885742188e-02 -7.158684730529785156e-02 -4.460084438323974609e-02 -7.458132505416870117e-02 -1.253944635391235352e-02 2.011239528656005859e-02 -2.258044481277465820e-02 8.163213729858398438e-03 -4.467642307281494141e-02 -2.805143594741821289e-02 -3.783071041107177734e-02
-6.504875421524047852e-02 -8.279776573181152344e-02 -7.270914316177368164e-02 -4.166203737258911133e-02 1.017165184020996094e-02 2.068948745727539062e-02 2.923572063446044922e-02 1.347475051879882812e-01 1.017950773239135742e-01 1.265685558319091797e-01 1.045759916305541992e-01 1.349372863769531250e-01 6.502473354339599609e-02 -3.869199752807617188e-02 -7.690370082855224609e-02 -1.160668134689331055e-01 1.222085952758789062e-01 1.263276338577270508e-01 1.486389636993408203e-01 1.914367675781250000e-01 2.086473703384399414e-01 2.358272075653076172e-01 1.624884605407714844e-01 1.039079427719116211e-01 9.759676456451416016e-02 1.578502655029296875e-01 2.602816820144653320e-01 2.640303373336791992e-01 2.416406869888305664e-01 2.082505226135253906e-01 1.306915283203125000e-01 8.371651172637939453e-02 1.811556816101074219e-01 2.093265056610107422e-01 7.890415191650390625e-02 1.254781484603881836e-01 -6.658554077148437500e-03 -2.815364003181457520e-01 -6.161234974861145020e-01 -7.618483901023864746e-01 -7.634708285331726074e-01 -6.767636537551879883e-01 -4.460110068321228027e-01 -1.540316939353942871e-01 7.471907138824462891e-02 1.945519447326660156e-01 2.141879796981811523e-01 1.808607578277587891e-01 1.136456727981567383e-01 1.929196119308471680e-01 3.108334541320800781e-01 2.948132753372192383e-01 5.534601211547851562e-02 -2.783274650573730469e-01 -4.572520852088928223e-01 -4.156042337417602539e-01 -5.894393920898437500e-01 -6.604660749435424805e-01 -4.786463975906372070e-01 -3.134524822235107422e-01 3.832232952117919922e-02 1.551613807678222656e-01 1.816484928131103516e-01 2.609610557556152344e-01 1.959341764450073242e-01 1.376895904541015625e-01 6.330597400665283203e-02 -3.735727071762084961e-02 -3.448358178138732910e-01 -2.447977066040039062e-01 -2.356982231140136719e-02 6.427178382873535156e-01 6.663386821746826172e-01 1.784253120422363281e-02 -4.347724914550781250e-01 -4.145026206970214844e-01 -1.371827125549316406e-01 -4.832088947296142578e-03 1.716381311416625977e-01 2.576767206192016602e-01 3.919529914855957031e-02 -6.881409883499145508e-02 -6.777060031890869141e-02 -1.681296229362487793e-01 -2.242781519889831543e-01 -3.239033222198486328e-01 -2.352821826934814453e-01 -7.109582424163818359e-02 2.783405780792236328e-02 -1.286540627479553223e-01 -2.008953094482421875e-01 -2.592250704765319824e-01 -2.338804602622985840e-01 -1.100633144378662109e-01 8.747816085815429688e-02 1.495428085327148438e-01 7.532370090484619141e-02 6.991493701934814453e-02 1.054940223693847656e-01 6.988906860351562500e-02 -3.223538398742675781e-03 -1.903008222579956055e-01 -2.931818962097167969e-01 -2.769886851310729980e-01 -3.012551069259643555e-01 -2.331405282020568848e-01 -2.880798578262329102e-01 -1.778041720390319824e-01 -1.290205717086791992e-01 -1.194123625755310059e-01 -2.134364843368530273e-02 6.622207164764404297e-02 -2.436506748199462891e-02 -9.358108043670654297e-03 1.753520965576171875e-02 7.466924190521240234e-02 1.204501390457153320e-01 1.732410192489624023e-01 1.673814058303833008e-01 1.638916730880737305e-01 8.945631980895996094e-02 3.858613967895507812e-02 2.676296234130859375e-02 5.924046039581298828e-02 8.679139614105224609e-02 1.109278202056884766e-01 9.135460853576660156e-02 1.257641315460205078e-01
-3.957098722457885742e-02 -1.517992019653320312e-01 -2.575086355209350586e-01 -3.474308252334594727e-01 -3.428281545639038086e-01 -3.560627698898315430e-01 -2.158677577972412109e-01 -1.795109510421752930e-01 -1.275088787078857422e-01 1.230156421661376953e-02 1.472040414810180664e-01 1.964380741119384766e-01 2.703322172164916992e-01 3.525245189666748047e-01 3.861441612243652344e-01 3.113237619400024414e-01 -2.904136180877685547e-01 -2.757236361503601074e-01 -1.663050651550292969e-01 -1.487594246864318848e-01 -8.425652980804443359e-02 -1.486225724220275879e-01 -1.947610378265380859e-01 -2.050242424011230469e-01 -2.040620446205139160e-01 -1.536514759063720703e-01 -1.367554068565368652e-01 -2.728052139282226562e-01 -1.019574403762817383e-01 -5.251109600067138672e-02 -1.013023853302001953e-01 9.358477592468261719e-02 4.716182947158813477e-01 3.277209997177124023e-01 3.018736839294433594e-01 7.935726642608642578e-02 -2.695614099502563477e-02 -1.518088579177856445e-02 7.015466690063476562e-04 3.413730859756469727e-01 5.205447673797607422e-01 4.726635217666625977e-01 2.214108705520629883e-01 -8.696496486663818359e-03 -7.010161876678466797e-03 -2.581687569618225098e-01 -3.169116377830505371e-01 -3.416462540626525879e-01 4.001010656356811523e-01 2.950150966644287109e-01 1.333487033843994141e-01 -7.646089792251586914e-02 -4.106227755546569824e-01 -2.026445865631103516e-01 -8.350652456283569336e-02 3.422832489013671875e-02 1.025782823562622070e-01 -9.205847978591918945e-02 -3.602892756462097168e-01 -3.129541277885437012e-01 -1.989758610725402832e-01 -2.264227867126464844e-01 -1.231547594070434570e-01 -2.229619026184082031e-01 7.523190975189208984e-02 6.351542472839355469e-02 -4.986679553985595703e-02 -2.445660233497619629e-01 -4.041480422019958496e-01 -2.297307252883911133e-01 4.968881607055664062e-03 1.816335916519165039e-01 1.215569972991943359e-01 -2.501969933509826660e-01 -5.056793689727783203e-01 -4.536499381065368652e-01 -2.680263519287109375e-01 -3.827742934226989746e-01 1.933801174163818359e-02 -4.538530111312866211e-02 1.738748550415039062e-01 1.746125221252441406e-01 1.570003032684326172e-01 7.375597953796386719e-02 -5.555582046508789062e-02 -1.327248215675354004e-01 1.850206851959228516e-01 4.795258045196533203e-01 8.404526710510253906e-01 7.776738405227661133e-01 4.179710149765014648e-01 2.692146301269531250e-01 -6.360065937042236328e-02 3.720033168792724609e-02 -1.146732568740844727e-01 -1.255121827125549316e-01 -3.410505056381225586e-01 -2.417811155319213867e-01 -4.832363128662109375e-02 2.527288198471069336e-01 1.536098718643188477e-01 7.405090332031250000e-02 -1.024889945983886719e-01 -1.723231077194213867e-01 -1.657426953315734863e-01 -1.450767517089843750e-01 -1.722630858421325684e-01 -8.010411262512207031e-02 -9.663796424865722656e-02 -2.377896904945373535e-01 -2.021457552909851074e-01 -1.590008735656738281e-01 -1.538736224174499512e-01 -1.945642232894897461e-01 -1.961914300918579102e-01 -2.197105884552001953e-01 -1.779633760452270508e-01 -1.876869797706604004e-01 -1.671712398529052734e-01 -8.177977800369262695e-02 -8.851033449172973633e-02 4.855632781982421875e-03 2.640783786773681641e-02 7.207179069519042969e-02 1.633722782135009766e-01 1.885962486267089844e-01 2.746187448501586914e-01 3.460589647293090820e-01
1.515430212020874023e-01 1.503579616546630859e-01 6.758487224578857422e-02 -5.320310592651367188e-02 -6.899541616439819336e-02 -1.583434939384460449e-01 -1.131360530853271484e-01 -9.110754728317260742e-02 -1.659877896308898926e-01 -1.660169959068298340e-01 -1.311458349227905273e-01 -1.037485599517822266e-01 -5.582970380783081055e-02 -4.560822248458862305e-02 -1.191389560699462891e-02 -3.684967756271362305e-02 7.511043548583984375e-02 6.053423881530761719e-02 -4.776424169540405273e-02 -1.290315389633178711e-01 -5.193257331848144531e-02 -7.763200998306274414e-02 -8.841973543167114258e-02 -1.561926603317260742e-01 -2.293999791145324707e-01 -3.139263391494750977e-01 -3.352503776550292969e-01 -4.049118161201477051e-01 -3.385972380638122559e-01 -2.685357332229614258e-01 -6.865894794464111328e-02 3.433287143707275391e-02 -1.093407273292541504e-01 -1.522207856178283691e-01 -2.130609154701232910e-01 -1.869639754295349121e-01 -1.082318425178527832e-01 -3.815048933029174805e-02 1.328253746032714844e-01 3.449940681457519531e-02 1.458048820495605469e-02 3.592669963836669922e-02 6.665301322937011719e-02 8.804690837860107422e-02 -3.656405210494995117e-02 -4.912960529327392578e-02 -1.462308168411254883e-01 -4.671806097030639648e-02 -2.683174014091491699e-01 -3.368248939514160156e-01 -4.527350068092346191e-01 -2.333222627639770508e-01 -1.641869544982910156e-02 4.206063747406005859e-01 3.865214586257934570e-01 3.959995508193969727e-01 4.864518642425537109e-01 4.910634756088256836e-01 4.793612957000732422e-01 4.892604351043701172e-01 5.469412803649902344e-01 6.227178573608398438e-01 4.366116523742675781e-01 2.379302978515625000e-01 -2.652909159660339355e-01 -3.249892592430114746e-01 -3.787290453910827637e-01 -2.791961431503295898e-01 -9.376990795135498047e-02 2.462331056594848633e-01 5.002106428146362305e-01 4.871401786804199219e-01 5.251970291137695312e-01 5.694429874420166016e-01 6.002008914947509766e-01 6.646949052810668945e-01 7.578307390213012695e-01 6.442682743072509766e-01 4.509034156799316406e-01 2.298828363418579102e-01 -1.569772362709045410e-01 -2.186204195022583008e-01 -1.616662740707397461e-01 -2.265129089355468750e-01 -2.407310605049133301e-01 -2.045730948448181152e-01 -2.052600979804992676e-01 -1.153605580329895020e-01 3.531765937805175781e-02 8.586156368255615234e-02 1.933476924896240234e-01 2.067344188690185547e-01 7.336390018463134766e-02 1.527070999145507812e-02 -1.485592722892761230e-01 -1.023313999176025391e-01 -7.409948110580444336e-02 -1.593807339668273926e-01 -2.449965476989746094e-01 -1.534035205841064453e-01 -1.249984502792358398e-01 -1.278997659683227539e-01 -9.706246852874755859e-02 -1.425988078117370605e-01 -1.970748305320739746e-01 -2.673382163047790527e-01 -2.878124117851257324e-01 -3.103482127189636230e-01 -2.259072661399841309e-01 -1.736498475074768066e-01 -7.767319679260253906e-03 -3.293609619140625000e-02 -1.462079882621765137e-01 -1.597275733947753906e-01 -1.625739336013793945e-01 -1.817826628684997559e-01 -1.734243631362915039e-01 -9.675008058547973633e-02 -1.413472890853881836e-01 -8.900773525238037109e-02 -1.036067008972167969e-01 -1.946199536323547363e-01 -1.709038615226745605e-01 -8.862692117691040039e-02 -1.250793337821960449e-01 -1.249740719795227051e-01 -1.249534487724304199e-01 -1.622183322906494141e-01
-1.722096204757690430e-01 -1.945214867591857910e-01 -2.830327153205871582e-01 -2.663814425468444824e-01 -3.067131638526916504e-01 -2.701255679130554199e-01 -3.617325425148010254e-01 -3.480566740036010742e-01 -1.892856359481811523e-01 -4.423367977142333984e-02 7.255077362060546875e-03 7.509338855743408203e-02 2.088589668273925781e-01 2.602109909057617188e-01 2.270164489746093750e-01 2.882685661315917969e-01 -3.409165143966674805e-01 -2.739594578742980957e-01 -2.981945872306823730e-01 -2.582929730415344238e-01 -2.625720500946044922e-01 -2.341422438621520996e-01 -3.697534799575805664e-01 -3.291212320327758789e-01 -2.484341859817504883e-01 -1.932131648063659668e-01 -2.297507524490356445e-01 -1.892966032028198242e-01 -1.112459897994995117e-01 2.586960792541503906e-02 1.009712219238281250e-01 2.991665601730346680e-01 1.107044219970703125e-01 9.625470638275146484e-02 6.184732913970947266e-02 9.773087501525878906e-02 -8.625513315200805664e-02 -2.533267736434936523e-01 -2.422760128974914551e-01 -1.643419265747070312e-03 2.226154804229736328e-01 1.517289876937866211e-01 -7.546114921569824219e-02 -2.144581675529479980e-01 -2.450630664825439453e-01 -2.426025867462158203e-01 -1.628338098526000977e-01 -2.805995941162109375e-02 1.902101039886474609e-01 2.480435371398925781e-01 3.953666687011718750e-01 -8.663249015808105469e-02 -4.567872881889343262e-01 -4.632652997970581055e-01 2.404743432998657227e-01 6.762648820877075195e-01 7.570922374725341797e-01 6.468832492828369141e-01 4.356226921081542969e-01 6.340241432189941406e-02 -3.306152820587158203e-01 -4.317717552185058594e-01 -3.992580771446228027e-01 -2.890827655792236328e-01 1.352151632308959961e-01 2.535237073898315430e-01 2.506759166717529297e-01 -1.083833575248718262e-01 -4.601331949234008789e-01 -3.037382364273071289e-01 5.223196744918823242e-01 9.312894344329833984e-01 9.671348333358764648e-01 9.170515537261962891e-01 4.990514516830444336e-01 1.350747346878051758e-01 -3.120568990707397461e-01 -1.499101519584655762e-01 -3.487999439239501953e-01 -3.053644299507141113e-01 3.983509540557861328e-02 -1.106661558151245117e-02 1.713645458221435547e-02 -8.042979240417480469e-02 -2.024877071380615234e-02 -1.241967082023620605e-01 3.187656402587890625e-04 2.267812490463256836e-01 2.338354587554931641e-01 7.200455665588378906e-02 -1.069000959396362305e-01 -1.139416694641113281e-01 1.186025142669677734e-02 -9.092617034912109375e-02 -9.427142143249511719e-02 -4.457396268844604492e-02 -3.050460815429687500e-01 -2.011305093765258789e-01 -9.383982419967651367e-02 -2.566158771514892578e-02 -5.099725723266601562e-02 -9.681349992752075195e-02 -1.571478247642517090e-01 -1.508858203887939453e-01 -1.578884720802307129e-01 5.798816680908203125e-03 5.736494064331054688e-02 7.415235042572021484e-02 -3.044652938842773438e-02 2.124786376953125000e-02 8.229732513427734375e-02 1.599873304367065430e-01 -3.607514500617980957e-01 -3.389123678207397461e-01 -2.903552055358886719e-01 -3.167781829833984375e-01 -2.632244825363159180e-01 -1.731687188148498535e-01 -1.264609694480895996e-01 -5.997043848037719727e-02 4.027545452117919922e-02 2.934539318084716797e-02 1.090717315673828125e-01 1.209946870803833008e-01 4.222106933593750000e-02 1.231646537780761719e-01 1.734236478805541992e-01 2.236686944961547852e-01
-1.579696536064147949e-01 -1.348353624343872070e-01 -7.666766643524169922e-02 1.931631565093994141e-02 -6.657958030700683594e-03 -4.800707101821899414e-02 -4.610580205917358398e-02 -2.760571241378784180e-02 -9.231984615325927734e-03 6.603240966796875000e-03 -7.508158683776855469e-02 -1.050468683242797852e-01 -1.947554945945739746e-01 -2.822979688644409180e-01 -2.184889316558837891e-01 -2.168758511543273926e-01 -1.296018362045288086e-01 -1.261704564094543457e-01 -6.835073232650756836e-02 -7.040107250213623047e-02 -1.667577624320983887e-01 -2.354092597961425781e-01 -2.586712241172790527e-01 -2.950412034988403320e-01 -2.556577920913696289e-01 -1.797381043434143066e-01 -1.106016635894775391e-01 4.410231113433837891e-02 3.435397148132324219e-02 -6.450426578521728516e-02 -1.800256967544555664e-01 -2.667034864425659180e-01 -9.408015012741088867e-02 -1.161186099052429199e-01 -1.520226597785949707e-01 -1.826854348182678223e-01 -1.005202531814575195e-02 5.015468597412109375e-02 1.584295034408569336e-01 2.367572784423828125e-01 2.931058406829833984e-01 3.378163576126098633e-01 3.049000501632690430e-01 3.092271089553833008e-01 3.933526277542114258e-01 4.422762393951416016e-01 3.622404336929321289e-01 2.908948659896850586e-01 -1.333236694335937500e-03 -1.264614462852478027e-01 -1.662732362747192383e-01 -1.968486905097961426e-01 -2.734227776527404785e-01 -1.865555047988891602e-01 -1.540096402168273926e-01 -1.340107321739196777e-01 -9.692561626434326172e-02 -9.005761146545410156e-02 5.589044094085693359e-02 4.846334457397460938e-01 5.823909044265747070e-01 4.351091384887695312e-01 2.753335237503051758e-01 2.277051210403442383e-01 -2.037590742111206055e-02 -2.816664576530456543e-01 -3.662268519401550293e-01 -3.618299365043640137e-01 -7.811647653579711914e-02 -2.153923511505126953e-01 -3.639268279075622559e-01 -4.225177168846130371e-01 -4.277813434600830078e-01 -3.619923591613769531e-01 -1.406035423278808594e-01 4.523886442184448242e-01 5.254317522048950195e-01 4.859002828598022461e-01 3.180536031723022461e-01 1.927869319915771484e-01 -2.138590812683105469e-01 -2.403733730316162109e-01 -2.489564418792724609e-01 -6.953322887420654297e-02 9.200596809387207031e-02 3.280687332153320312e-01 4.946175813674926758e-01 4.034341573715209961e-01 4.397444725036621094e-01 6.011812686920166016e-01 7.368870973587036133e-01 7.812391519546508789e-01 6.324484348297119141e-01 4.637279510498046875e-01 2.913885116577148438e-01 2.607554197311401367e-01 -6.660079956054687500e-02 -1.445978879928588867e-02 -1.979875564575195312e-02 -2.171625494956970215e-01 -3.166474699974060059e-01 -3.244864940643310547e-01 -3.216633796691894531e-01 -3.286321163177490234e-01 -3.076947927474975586e-01 -2.639772891998291016e-01 -2.897518873214721680e-01 -2.283287048339843750e-01 -8.484423160552978516e-02 -2.098923921585083008e-02 2.634572982788085938e-02 1.752976179122924805e-01 -2.732983827590942383e-01 -1.303523778915405273e-01 -8.724021911621093750e-02 -9.584206342697143555e-02 -1.478815674781799316e-01 -1.418178081512451172e-01 -2.373299002647399902e-01 -3.187832236289978027e-01 -3.420585989952087402e-01 -3.375141024589538574e-01 -2.621929645538330078e-01 -1.546798944473266602e-01 -1.409099698066711426e-01 -1.166533231735229492e-01 -1.059187054634094238e-01 -2.391058206558227539e-02
-2.721112966537475586e-02 -2.971416711807250977e-02 -1.040840744972229004e-01 -1.822898983955383301e-01 -1.807390451431274414e-01 -8.513277769088745117e-02 -1.326221227645874023e-02 -8.801871538162231445e-02 -1.255460381507873535e-01 -1.789300441741943359e-01 -2.066054940223693848e-01 -2.114066481590270996e-01 -6.085836887359619141e-02 3.162622451782226562e-02 -6.397402286529541016e-02 -5.687683820724487305e-02 -6.636071205139160156e-02 4.344666004180908203e-02 -1.784437298774719238e-01 -2.914718985557556152e-01 -2.925302982330322266e-01 -4.869666099548339844e-01 -4.253406524658203125e-01 -3.811996579170227051e-01 -3.036144375801086426e-01 -2.622766494750976562e-01 -1.101142764091491699e-01 3.970539569854736328e-02 1.504762172698974609e-01 1.002545356750488281e-01 2.086234092712402344e-02 3.640592098236083984e-02 -1.644712686538696289e-01 -1.251642704010009766e-01 -1.187129020690917969e-01 -8.418178558349609375e-02 -3.087713718414306641e-01 -1.822879314422607422e-01 1.356494426727294922e-02 1.930762529373168945e-01 3.044546842575073242e-01 3.792060613632202148e-01 3.486461639404296875e-01 4.267629384994506836e-01 4.591031074523925781e-01 4.464333057403564453e-01 2.461960315704345703e-01 6.627333164215087891e-02 -3.240119218826293945e-01 -1.944539546966552734e-01 -2.936013936996459961e-01 -6.180015802383422852e-01 -3.931243419647216797e-01 -1.893694996833801270e-01 3.829634189605712891e-02 9.242892265319824219e-03 -1.228744983673095703e-01 -2.304507493972778320e-01 4.728543758392333984e-02 3.523197174072265625e-01 5.499978065490722656e-01 3.648784160614013672e-01 1.841175556182861328e-01 3.496527671813964844e-03 -3.247558474540710449e-01 -3.357424139976501465e-01 -6.166177392005920410e-01 -5.397406816482543945e-01 -2.946889400482177734e-01 -4.470769762992858887e-01 -5.317373275756835938e-01 -5.348688364028930664e-01 -4.610612988471984863e-01 -2.108428478240966797e-01 6.988143920898437500e-02 2.422746419906616211e-01 3.032978773117065430e-01 2.245595455169677734e-01 1.249183416366577148e-01 -1.448059082031250000e-02 -3.857146501541137695e-01 -4.049703478813171387e-01 -3.972706198692321777e-01 -3.739363551139831543e-01 -3.020570874214172363e-01 -5.564516782760620117e-02 -9.827309846878051758e-02 7.117354869842529297e-02 -3.638416528701782227e-02 6.347990036010742188e-02 1.195806264877319336e-01 1.577693223953247070e-01 2.102125883102416992e-01 1.713739633560180664e-01 7.576334476470947266e-02 1.803541183471679688e-02 -2.276278138160705566e-01 -4.703611135482788086e-02 1.233601570129394531e-01 8.531844615936279297e-02 1.175478696823120117e-01 1.505824327468872070e-01 2.093920707702636719e-01 2.952421903610229492e-01 4.065942764282226562e-01 4.421309232711791992e-01 3.944239616394042969e-01 3.500097990036010742e-01 3.052881956100463867e-01 2.512787580490112305e-01 2.376540899276733398e-01 7.342636585235595703e-02 -1.303505301475524902e-01 -8.337044715881347656e-02 4.987478256225585938e-03 1.412153244018554688e-02 7.322502136230468750e-02 1.102675199508666992e-01 2.394036054611206055e-01 3.259280920028686523e-01 3.717316389083862305e-01 3.848108053207397461e-01 3.047945499420166016e-01 2.338792085647583008e-01 1.596840620040893555e-01 7.177138328552246094e-02 -8.637326955795288086e-02 -1.732253432273864746e-01
1.225125789642333984e-02 3.552567958831787109e-02 4.012870788574218750e-02 6.345081329345703125e-02 7.547140121459960938e-02 2.543771266937255859e-02 -1.778244972229003906e-02 -8.556807041168212891e-02 -1.077002286911010742e-01 -1.727350950241088867e-01 -1.504432559013366699e-01 -1.738148927688598633e-01 -1.742426156997680664e-01 -1.837372779846191406e-02 1.342518329620361328e-01 2.358520030975341797e-02 -8.676916360855102539e-02 -8.693033456802368164e-02 -8.618289232254028320e-02 -5.029529333114624023e-02 -3.932482004165649414e-02 -5.871474742889404297e-02 -1.196603775024414062e-01 -9.156924486160278320e-02 -8.788686990737915039e-02 -8.213710784912109375e-02 -1.169056296348571777e-01 -2.214557528495788574e-01 -1.845543384552001953e-01 -1.502026915550231934e-01 -1.050074696540832520e-01 -5.941265821456909180e-02 -1.681396365165710449e-01 4.965925216674804688e-02 -2.861207723617553711e-02 4.305040836334228516e-02 -1.469776630401611328e-01 -4.947525262832641602e-02 6.845188140869140625e-02 1.397969722747802734e-01 2.656499147415161133e-01 3.864424228668212891e-01 4.889588356018066406e-01 4.910709857940673828e-01 4.139060974121093750e-01 2.558056116104125977e-01 2.713916301727294922e-01 1.942983865737915039e-01 -1.293274760246276855e-01 -1.688187122344970703e-01 -1.428314447402954102e-01 -3.690351843833923340e-01 8.682107925415039062e-02 5.383707284927368164e-01 8.885054588317871094e-01 7.065471410751342773e-01 -1.639657616615295410e-01 -2.174167037010192871e-01 -8.744221925735473633e-02 1.579366922378540039e-01 1.948543787002563477e-01 1.108156442642211914e-01 1.603797674179077148e-01 4.974789619445800781e-01 -2.113609313964843750e-01 -3.554249405860900879e-01 -4.142223596572875977e-01 -3.033288717269897461e-01 2.396003007888793945e-01 8.475525379180908203e-01 1.000000000000000000e+00 5.966855287551879883e-01 -6.352520585060119629e-01 -7.648601531982421875e-01 -5.316683053970336914e-01 -3.600638508796691895e-01 -4.794175028800964355e-01 -5.046509504318237305e-01 -4.227929115295410156e-01 -1.839547753334045410e-01 -6.913107633590698242e-02 -1.425144076347351074e-01 -2.664273977279663086e-01 -3.306238651275634766e-01 -2.084023356437683105e-01 4.381358623504638672e-02 1.713821887969970703e-01 1.922777891159057617e-01 1.462410688400268555e-01 4.586720466613769531e-02 -2.842044830322265625e-02 -7.247793674468994141e-02 -1.334900856018066406e-01 -1.799360513687133789e-01 -1.866939067840576172e-01 -1.252760887145996094e-01 4.735112190246582031e-03 4.086685180664062500e-02 -1.017479300498962402e-01 -1.527090668678283691e-01 -1.294699907302856445e-01 -2.113443613052368164e-02 -5.288058519363403320e-02 -8.572083711624145508e-02 -5.486416816711425781e-02 -6.231194734573364258e-02 -5.917239189147949219e-02 1.210534572601318359e-02 -2.493464946746826172e-02 -3.232967853546142578e-02 -1.793974637985229492e-02 -6.553173065185546875e-03 1.152616739273071289e-01 1.018038988113403320e-01 -7.822632789611816406e-02 -8.749347925186157227e-02 -2.845269441604614258e-02 -6.213140487670898438e-02 -8.227336406707763672e-02 -1.004111766815185547e-01 -9.069764614105224609e-02 -1.279712319374084473e-01 -8.179688453674316406e-02 -7.940518856048583984e-02 -1.739007234573364258e-02 1.574695110321044922e-02 7.442355155944824219e-02 1.154829263687133789e-01
-8.487445116043090820e-02 -2.709817886352539062e-02 -5.695003271102905273e-02 1.846671104431152344e-02 3.355574607849121094e-02 1.140227317810058594e-01 2.048957347869873047e-02 1.464760303497314453e-01 1.424589157104492188e-01 1.791892051696777344e-01 1.007089614868164062e-01 1.846909523010253906e-03 -9.848105907440185547e-02 -1.458849906921386719e-01 -2.251694798469543457e-01 -3.022730946540832520e-01 -1.201347112655639648e-01 -2.944850921630859375e-02 4.381239414215087891e-02 2.950860261917114258e-01 3.137890100479125977e-01 2.460507154464721680e-01 2.237854003906250000e-01 2.935317754745483398e-01 3.803709745407104492e-01 4.860143661499023438e-01 4.099448919296264648e-01 2.822983264923095703e-01 1.764686107635498047e-01 1.517447233200073242e-01 3.418028354644775391e-02 -1.567183136940002441e-01 -1.304430961608886719e-01 -8.592683076858520508e-02 -2.695703506469726562e-02 -9.126698970794677734e-02 -5.143934488296508789e-02 -7.221508026123046875e-02 1.419215202331542969e-01 3.175007104873657227e-01 3.221919536590576172e-01 2.559168338775634766e-01 7.996308803558349609e-02 -1.284285783767700195e-01 -2.194324135780334473e-01 -2.203758358955383301e-01 -8.492672443389892578e-02 -1.818380951881408691e-01 -2.792664766311645508e-01 -8.315956592559814453e-02 -3.608890175819396973e-01 -4.269708395004272461e-01 -2.210015058517456055e-01 -6.216466426849365234e-02 7.459712028503417969e-02 4.806137084960937500e-02 -1.100509762763977051e-01 -3.328867554664611816e-01 -2.627401947975158691e-01 -1.837814450263977051e-01 -4.461042881011962891e-01 -5.357267260551452637e-01 -2.937282323837280273e-01 -2.355922460556030273e-01 -3.009560108184814453e-01 -1.937314867973327637e-01 -5.145720839500427246e-01 -4.954494833946228027e-01 -3.387318849563598633e-01 -4.707964658737182617e-01 -6.904054880142211914e-01 -4.250764250755310059e-01 -2.967168688774108887e-01 -2.552272081375122070e-01 -2.986626625061035156e-01 -4.223421812057495117e-01 -5.434222817420959473e-01 -6.341900825500488281e-01 -2.848408818244934082e-01 -1.219167709350585938e-01 -1.194570660591125488e-01 -7.525295019149780273e-02 -1.429048776626586914e-01 -2.800875902175903320e-01 -2.078718543052673340e-01 4.995584487915039062e-02 2.938299179077148438e-01 4.047970771789550781e-01 4.939886331558227539e-01 4.045045375823974609e-01 7.050168514251708984e-02 -1.531225442886352539e-01 -4.313148260116577148e-01 -1.974655985832214355e-01 3.743410110473632812e-03 -1.084992289543151855e-01 -3.977108001708984375e-02 1.421927213668823242e-01 2.822264432907104492e-01 2.698297500610351562e-01 2.408311367034912109e-01 2.928849458694458008e-01 3.654570579528808594e-01 4.076236486434936523e-01 2.330666780471801758e-01 1.151521205902099609e-01 2.641165256500244141e-02 5.904841423034667969e-02 5.873632431030273438e-02 1.601909399032592773e-01 2.569437026977539062e-03 -1.377155184745788574e-01 7.404863834381103516e-02 1.534162759780883789e-01 1.830863952636718750e-01 1.713681221008300781e-01 2.160146236419677734e-01 3.275698423385620117e-01 3.650068044662475586e-01 2.582075595855712891e-01 2.347766160964965820e-01 2.344976663589477539e-01 2.387348413467407227e-01 2.122696638107299805e-01 2.375166416168212891e-01 2.149064540863037109e-01 2.563691139221191406e-02 -2.310717105865478516e-02
-2.405603528022766113e-01 -2.060855031013488770e-01 -1.165269017219543457e-01 -9.289669990539550781e-02 2.235054969787597656e-02 3.713762760162353516e-02 -6.863552331924438477e-02 -4.868888854980468750e-02 2.134239673614501953e-02 6.059610843658447266e-02 3.767752647399902344e-02 -5.212020874023437500e-02 -2.027066349983215332e-01 -2.273228764533996582e-01 -1.947866082191467285e-01 -2.253093123435974121e-01 1.350786685943603516e-01 2.151730060577392578e-01 1.608864068984985352e-01 1.837072372436523438e-01 1.777042150497436523e-01 2.460528612136840820e-01 2.020951509475708008e-01 5.779743194580078125e-02 6.144487857818603516e-02 9.158647060394287109e-02 1.134419441223144531e-01 1.374318599700927734e-01 7.619023323059082031e-02 2.912795543670654297e-02 1.088516712188720703e-01 1.505879163742065430e-01 8.255934715270996094e-02 1.293315887451171875e-01 1.473066806793212891e-01 8.876216411590576172e-02 1.805710792541503906e-01 -3.935873508453369141e-02 -4.707005620002746582e-01 -6.704941987991333008e-01 -5.811861753463745117e-01 -4.890666604042053223e-01 -2.326210737228393555e-01 7.312750816345214844e-02 8.324229717254638672e-02 2.789413928985595703e-02 9.304010868072509766e-02 -3.499650955200195312e-02 7.840979099273681641e-02 2.878702878952026367e-01 4.164702892303466797e-01 2.935149669647216797e-01 -4.023569822311401367e-02 2.861464023590087891e-02 -7.150745391845703125e-02 -1.770717501640319824e-01 -2.296351194381713867e-01 1.216077804565429688e-02 -1.714491844177246094e-02 4.214012622833251953e-02 -6.588411331176757812e-02 3.662788867950439453e-02 2.594637870788574219e-02 -8.629858493804931641e-03 1.551572084426879883e-01 2.890136241912841797e-01 3.410975933074951172e-01 2.462433576583862305e-01 -4.269483089447021484e-01 -4.035735130310058594e-01 -1.292243003845214844e-01 -2.003411054611206055e-01 -3.726798892021179199e-01 -2.446126937866210938e-01 -1.399259567260742188e-01 1.565134525299072266e-02 1.723352670669555664e-01 1.210832595825195312e-02 -2.190011739730834961e-02 7.966423034667968750e-02 3.655099868774414062e-01 3.583321571350097656e-01 2.306824922561645508e-01 1.842226982116699219e-01 1.087136268615722656e-01 -1.684743165969848633e-01 -3.426169157028198242e-01 -5.640406608581542969e-01 -5.118363499641418457e-01 -2.499627470970153809e-01 -3.976815938949584961e-02 1.215386390686035156e-02 9.113228321075439453e-02 2.577888965606689453e-02 1.647887229919433594e-01 2.898600101470947266e-01 1.867111921310424805e-01 1.730446815490722656e-01 2.049115896224975586e-01 3.040114641189575195e-01 2.640643119812011719e-01 1.600778102874755859e-01 3.785967826843261719e-02 1.062728166580200195e-01 1.034808158874511719e-01 -2.909827232360839844e-02 1.106092929840087891e-01 9.187412261962890625e-02 -1.222807168960571289e-02 1.076030731201171875e-01 1.312495470046997070e-01 1.806747913360595703e-01 7.058608531951904297e-02 -1.229388713836669922e-01 -1.531915068626403809e-01 -4.315847158432006836e-02 -2.321171760559082031e-02 2.388119697570800781e-02 -7.667970657348632812e-02 1.026482582092285156e-01 7.424187660217285156e-02 -3.839349746704101562e-02 -2.600465416908264160e-01 -2.694075107574462891e-01 -2.625579833984375000e-01 -2.513235211372375488e-01 -1.410164237022399902e-01 9.728622436523437500e-02
-3.478094339370727539e-01 -2.467035055160522461e-01 -1.380730271339416504e-01 -5.034869909286499023e-02 4.943716526031494141e-02 1.383595466613769531e-01 1.727105379104614258e-01 1.426185369491577148e-01 1.081339120864868164e-01 7.214248180389404297e-02 -2.731984853744506836e-02 -5.037754774093627930e-02 -9.124094247817993164e-02 -6.919050216674804688e-02 -5.003422498703002930e-02 -2.802014350891113281e-02 4.603707790374755859e-02 1.437200307846069336e-01 1.832492351531982422e-01 2.858917713165283203e-01 2.870483398437500000e-01 3.536791801452636719e-01 3.422120809555053711e-01 3.368005752563476562e-01 2.519414424896240234e-01 2.046798467636108398e-01 1.657140254974365234e-01 1.087530851364135742e-01 1.224249601364135742e-01 8.442616462707519531e-02 -1.969861984252929688e-02 -5.409079790115356445e-02 -9.820461273193359375e-04 6.267893314361572266e-02 2.122116088867187500e-01 2.359889745712280273e-01 2.602456808090209961e-01 2.603681087493896484e-01 1.788647174835205078e-01 1.538574695587158203e-02 -2.346539497375488281e-02 -9.496659040451049805e-02 -2.508229017257690430e-01 -3.344047665596008301e-01 -3.768371939659118652e-01 -2.527458071708679199e-01 -9.701687097549438477e-02 -6.897294521331787109e-02 -1.231085658073425293e-01 1.608500480651855469e-01 3.161605596542358398e-01 3.588768243789672852e-01 3.778035640716552734e-01 2.730331420898437500e-01 1.889277696609497070e-01 2.556937932968139648e-01 4.126554727554321289e-01 4.584722518920898438e-01 8.016133308410644531e-02 -3.345341086387634277e-01 -3.308127522468566895e-01 -3.312137722969055176e-01 -1.960320472717285156e-01 -1.387698650360107422e-01 -2.733778953552246094e-02 2.865262031555175781e-01 3.815799951553344727e-01 4.854646921157836914e-01 3.775866031646728516e-01 2.386245727539062500e-01 2.148762941360473633e-01 3.506646156311035156e-01 5.139021873474121094e-01 4.543240070343017578e-01 6.878113746643066406e-02 -2.583039999008178711e-01 -3.583726286888122559e-01 -3.354714512825012207e-01 -2.080493569374084473e-01 -1.840857863426208496e-01 -1.057961583137512207e-01 1.851439476013183594e-03 1.435085535049438477e-01 3.352829217910766602e-01 3.451980352401733398e-01 2.014179229736328125e-01 1.067161560058593750e-01 1.234344244003295898e-01 3.304004669189453125e-02 -4.081410169601440430e-02 -1.038141846656799316e-01 -2.226598262786865234e-01 -2.280730009078979492e-01 -2.305312156677246094e-01 -2.120498418807983398e-01 -1.144744753837585449e-01 -1.900655031204223633e-01 -3.020505905151367188e-01 -4.261883497238159180e-01 -5.124589204788208008e-01 -4.914267063140869141e-01 -4.022203683853149414e-01 -2.463293075561523438e-01 -1.924990415573120117e-01 -1.151499748229980469e-01 -1.545935869216918945e-01 -1.603515744209289551e-01 -1.262041926383972168e-01 -1.597110033035278320e-01 -1.776905655860900879e-01 -1.033636927604675293e-01 -5.964308977127075195e-02 -1.697354912757873535e-01 -1.220688819885253906e-01 -1.909407973289489746e-01 -2.653763294219970703e-01 -2.998339533805847168e-01 -3.662787079811096191e-01 -3.143948316574096680e-01 -2.473139762878417969e-01 -1.767256259918212891e-01 -1.648516058921813965e-01 -9.268736839294433594e-02 -1.047720313072204590e-01 -8.519941568374633789e-02 -1.183243393898010254e-01 -1.891040205955505371e-01 -2.186751365661621094e-01
2.025806903839111328e-02 -1.648068428039550781e-04 3.978490829467773438e-03 9.612560272216796875e-03 1.086354255676269531e-02 1.275897026062011719e-02 5.592846870422363281e-02 1.519610881805419922e-01 2.298207283020019531e-01 2.107661962509155273e-01 1.791733503341674805e-01 9.753882884979248047e-02 7.045388221740722656e-03 4.109048843383789062e-02 -1.754987239837646484e-02 -3.331100940704345703e-02 -5.509507656097412109e-02 -2.021872997283935547e-02 4.105043411254882812e-02 9.246110916137695312e-02 6.911647319793701172e-02 1.100986003875732422e-01 2.125675678253173828e-01 2.715871334075927734e-01 2.080914974212646484e-01 2.385692596435546875e-01 2.595758438110351562e-01 3.172020912170410156e-01 2.363073825836181641e-01 8.553755283355712891e-02 -1.334959268569946289e-02 -7.527214288711547852e-02 -1.127808094024658203e-01 -8.185982704162597656e-02 -1.637045741081237793e-01 -2.278679013252258301e-01 -1.608031988143920898e-01 6.028699874877929688e-02 1.014424562454223633e-01 -1.855118870735168457e-01 -4.291594624519348145e-01 -5.627344846725463867e-01 -4.498786330223083496e-01 -2.733627557754516602e-01 -1.017219424247741699e-01 2.232539653778076172e-02 6.219565868377685547e-02 4.180204868316650391e-02 -1.324613094329833984e-01 -3.989360332489013672e-01 -5.347347259521484375e-01 -6.076247692108154297e-01 -5.586749315261840820e-01 -7.005653977394104004e-01 -7.969232201576232910e-01 -7.534886598587036133e-01 -5.983914136886596680e-01 -1.251997947692871094e-01 2.416437864303588867e-01 4.535741806030273438e-01 4.313176870346069336e-01 3.637399673461914062e-01 2.957770824432373047e-01 1.130194664001464844e-01 -1.042277812957763672e-01 -2.902826070785522461e-01 -4.633694291114807129e-01 -5.010488629341125488e-01 -1.478813290596008301e-01 3.325945138931274414e-01 5.092623233795166016e-01 -1.894288659095764160e-01 -6.305401325225830078e-01 -5.250639915466308594e-01 8.412599563598632812e-04 3.559613227844238281e-01 4.128172397613525391e-01 3.805499076843261719e-01 2.209191322326660156e-01 1.238328218460083008e-01 -1.283343434333801270e-01 -8.461213111877441406e-02 -1.669325828552246094e-01 -2.310114502906799316e-01 -2.456836700439453125e-01 5.285215377807617188e-02 2.126322984695434570e-01 7.338297367095947266e-02 -1.260868310928344727e-01 -2.880266308784484863e-01 -1.173917651176452637e-01 -7.167792320251464844e-02 1.313817501068115234e-02 1.997435092926025391e-02 1.000201702117919922e-02 7.678318023681640625e-02 1.968920230865478516e-02 1.417162418365478516e-01 1.256740093231201172e-01 8.974075317382812500e-02 4.485452175140380859e-02 2.003349065780639648e-01 3.161554336547851562e-01 2.266266345977783203e-01 1.656701564788818359e-01 1.262010335922241211e-01 2.461900711059570312e-01 1.983805894851684570e-01 6.861543655395507812e-02 -8.107769489288330078e-02 -1.814063787460327148e-01 -1.489943861961364746e-01 8.721041679382324219e-02 1.010060310363769531e-01 1.312744617462158203e-01 6.502783298492431641e-02 1.997768878936767578e-02 2.770531177520751953e-02 9.908890724182128906e-02 3.964662551879882812e-03 -2.492499351501464844e-02 -6.600618362426757812e-03 -8.832812309265136719e-03 1.825523376464843750e-02 1.807153224945068359e-02 1.177978515625000000e-02 2.051866054534912109e-02 -6.645768880844116211e-02
-2.883659601211547852e-01 -2.712874412536621094e-01 -2.236248850822448730e-01 -1.068299412727355957e-01 -6.064260005950927734e-02 3.387868404388427734e-02 -1.646012067794799805e-02 1.186776161193847656e-02 1.216452121734619141e-01 2.114114761352539062e-01 2.070788145065307617e-01 1.826483011245727539e-01 9.392178058624267578e-02 -7.195889949798583984e-02 -1.470855474472045898e-01 -2.193599939346313477e-01 -1.760323643684387207e-01 -1.332620978355407715e-01 -2.095103263854980469e-02 1.311613321304321289e-01 1.527369022369384766e-01 1.163455247879028320e-01 1.144869327545166016e-01 1.247426271438598633e-01 1.977155208587646484e-01 3.263792991638183594e-01 3.675733804702758789e-01 4.143080711364746094e-01 3.553833961486816406e-01 2.300229072570800781e-01 1.770738363265991211e-01 7.202863693237304688e-02 -5.331772565841674805e-02 -2.027094364166259766e-02 -1.039787530899047852e-01 -2.103755474090576172e-01 -2.158894538879394531e-01 -2.713394761085510254e-01 -3.037884235382080078e-01 -2.182352542877197266e-01 -5.458760261535644531e-02 9.259009361267089844e-02 2.233302593231201172e-01 2.567305564880371094e-01 2.996225357055664062e-01 2.914952039718627930e-01 2.263227701187133789e-01 1.655360460281372070e-01 -7.380777597427368164e-02 -2.677744626998901367e-02 -1.667265295982360840e-01 -2.188184261322021484e-01 -3.290791511535644531e-01 -2.326557636260986328e-01 -3.523224592208862305e-02 3.178766965866088867e-01 4.587365388870239258e-01 4.561178684234619141e-01 3.844569921493530273e-01 3.278331756591796875e-01 3.469109535217285156e-01 3.098409175872802734e-01 1.579214334487915039e-01 1.603484153747558594e-02 -1.177291870117187500e-01 -8.728557825088500977e-02 -2.025576233863830566e-01 -3.096620440483093262e-01 -4.542512297630310059e-01 -5.495810508728027344e-02 2.378878593444824219e-01 5.351142883300781250e-01 4.722390174865722656e-01 4.024480581283569336e-01 4.215919971466064453e-01 3.954191207885742188e-01 3.983051776885986328e-01 3.248025178909301758e-01 2.385400533676147461e-01 1.013461351394653320e-01 -1.177046895027160645e-01 -2.019218206405639648e-01 -3.081119060516357422e-01 -3.248010277748107910e-01 -2.746675610542297363e-01 -1.943291425704956055e-01 3.504288196563720703e-02 2.225580215454101562e-01 2.527434825897216797e-01 2.647700309753417969e-01 3.638781309127807617e-01 4.250617027282714844e-01 3.954690694808959961e-01 2.798894643783569336e-01 1.460279226303100586e-01 8.113312721252441406e-02 -3.168128132820129395e-01 -2.471173405647277832e-01 -1.851612329483032227e-01 -2.316821813583374023e-01 -3.266009688377380371e-01 -4.310321807861328125e-01 -4.282101392745971680e-01 -3.822532296180725098e-01 -3.954033851623535156e-01 -3.778837919235229492e-01 -3.586935400962829590e-01 -3.342531919479370117e-01 -3.530780673027038574e-01 -2.641900181770324707e-01 -2.366436123847961426e-01 -8.247470855712890625e-02 -2.165116071701049805e-01 -1.957504153251647949e-01 -1.608136892318725586e-01 -2.051281332969665527e-01 -2.110087871551513672e-01 -2.802090644836425781e-01 -2.373902797698974609e-01 -2.997187972068786621e-01 -2.781919836997985840e-01 -3.071308135986328125e-01 -3.386812806129455566e-01 -3.257446885108947754e-01 -2.234416604042053223e-01 -1.089952588081359863e-01 -1.029444336891174316e-01 -7.029002904891967773e-02
1.912871599197387695e-01 1.352705955505371094e-01 1.495568752288818359e-01 1.246469020843505859e-01 2.104842662811279297e-02 9.280705451965332031e-02 1.575230360031127930e-01 1.778392791748046875e-01 2.222126722335815430e-01 1.451162099838256836e-01 8.925008773803710938e-02 7.953846454620361328e-02 8.388078212738037109e-02 5.080592632293701172e-02 4.421746730804443359e-02 1.121736764907836914e-01 1.777881383895874023e-01 1.334251165390014648e-01 6.392467021942138672e-02 -7.992106676101684570e-02 -2.768081426620483398e-02 1.266500949859619141e-01 1.651070117950439453e-01 1.335902214050292969e-01 6.350064277648925781e-02 -3.290897607803344727e-02 7.110822200775146484e-02 9.195899963378906250e-02 5.705749988555908203e-02 8.003902435302734375e-02 8.807921409606933594e-02 4.185056686401367188e-02 1.036045551300048828e-01 2.199935913085937500e-02 -2.174296975135803223e-01 -4.074633121490478516e-01 -4.561760425567626953e-01 -4.904249310493469238e-01 -5.996735095977783203e-01 -7.406226396560668945e-01 -8.177514076232910156e-01 -7.770613431930541992e-01 -6.230701208114624023e-01 -6.355362534523010254e-01 -5.331020355224609375e-01 -3.180745840072631836e-01 -9.929376840591430664e-02 -4.741412401199340820e-02 1.820645332336425781e-01 -2.078543901443481445e-01 -2.482111454010009766e-01 -3.032329678535461426e-01 -1.779273152351379395e-01 -4.877638816833496094e-02 -1.848521828651428223e-01 -3.684030175209045410e-01 -4.387527704238891602e-01 -2.974500060081481934e-01 -2.101320624351501465e-01 -3.080598115921020508e-01 -3.960636854171752930e-01 -3.579371571540832520e-01 -3.603955507278442383e-01 -9.965193271636962891e-02 4.841089248657226562e-03 -2.679761648178100586e-01 -1.091838479042053223e-01 -2.620306611061096191e-01 1.426017284393310547e-02 2.252972126007080078e-01 4.770346879959106445e-01 -1.888718008995056152e-01 -1.654696464538574219e-01 3.305236101150512695e-01 4.413527250289916992e-01 5.399584770202636719e-02 -4.164842963218688965e-01 -4.126485586166381836e-01 -3.882858157157897949e-01 -1.657908558845520020e-01 -1.221862435340881348e-01 -1.426428556442260742e-02 3.529012203216552734e-02 2.478468418121337891e-02 -4.638534784317016602e-02 -2.923285961151123047e-02 1.687850952148437500e-01 2.694358825683593750e-01 3.471114635467529297e-01 5.192985534667968750e-01 2.560026645660400391e-01 1.064217090606689453e-02 -1.159794330596923828e-01 -1.397967934608459473e-01 -5.001145601272583008e-02 -8.226037025451660156e-04 -1.632255315780639648e-02 7.151925563812255859e-02 1.614862680435180664e-01 1.333124637603759766e-01 1.419197320938110352e-01 2.189693450927734375e-01 3.314056396484375000e-01 4.025597572326660156e-01 4.347517490386962891e-01 3.423475027084350586e-01 1.894893646240234375e-01 1.232802867889404297e-01 2.408986091613769531e-01 2.517673969268798828e-01 1.390863656997680664e-01 3.365254402160644531e-02 -4.494184255599975586e-02 -5.041205883026123047e-02 -9.317535161972045898e-02 -5.572861433029174805e-02 -4.760438203811645508e-02 3.562748432159423828e-02 1.182990074157714844e-01 1.635800600051879883e-01 1.313282251358032227e-01 6.047511100769042969e-02 4.577374458312988281e-02 2.430427074432373047e-02 4.688155651092529297e-02 6.607496738433837891e-02 3.172898292541503906e-02 4.418563842773437500e-02
1.265041828155517578e-01 1.555515527725219727e-01 1.078901290893554688e-01 6.280434131622314453e-02 6.091272830963134766e-02 4.117906093597412109e-02 1.262681484222412109e-01 1.022875308990478516e-01 1.550776958465576172e-01 1.290318965911865234e-01 6.217122077941894531e-02 1.863563060760498047e-02 4.801392555236816406e-02 1.667284965515136719e-02 -3.095561265945434570e-02 -2.796876430511474609e-02 2.558755874633789062e-02 8.406376838684082031e-02 4.100060462951660156e-02 6.527376174926757812e-02 1.437308788299560547e-01 1.968697309494018555e-01 2.075880765914916992e-01 2.092907428741455078e-01 3.371044397354125977e-01 2.824931144714355469e-01 1.909623146057128906e-01 5.396366119384765625e-02 1.479065418243408203e-01 1.817917823791503906e-01 1.020998954772949219e-01 -5.797505378723144531e-03 -2.163028717041015625e-02 -4.869222640991210938e-02 -8.435672521591186523e-02 -1.863275766372680664e-01 -2.621546387672424316e-01 -3.915320038795471191e-01 -3.998158574104309082e-01 -3.384916186332702637e-01 -4.844301939010620117e-02 3.077238798141479492e-01 7.908213138580322266e-02 -2.790557742118835449e-01 -2.663544416427612305e-01 -2.669852972030639648e-02 8.849060535430908203e-02 6.408071517944335938e-02 4.822099208831787109e-02 -3.624281883239746094e-01 -4.628829360008239746e-01 -1.694948673248291016e-01 -2.033712863922119141e-01 -2.834538221359252930e-01 -4.787078499794006348e-01 -6.205493211746215820e-01 -5.513512492179870605e-01 4.946339130401611328e-01 5.498833656311035156e-01 -1.513295173645019531e-01 -5.186553001403808594e-01 -3.717060089111328125e-01 -1.636180281639099121e-01 8.679854869842529297e-02 1.445394754409790039e-01 -1.205883622169494629e-01 -2.996262907981872559e-01 -3.312782049179077148e-01 -2.738761901855468750e-02 3.744095563888549805e-01 3.427164554595947266e-01 -3.910511136054992676e-01 -4.154412150382995605e-01 -4.490526318550109863e-01 -3.280798196792602539e-01 -3.175894618034362793e-01 -4.160108566284179688e-01 -4.421633481979370117e-01 -3.820719122886657715e-01 -2.193068265914916992e-01 2.716408967971801758e-01 1.169073581695556641e-01 -2.408337593078613281e-02 -1.588870882987976074e-01 -1.817935705184936523e-01 -9.505331516265869141e-03 1.221531629562377930e-01 -1.170965433120727539e-01 -4.300961494445800781e-01 -5.181889533996582031e-01 -4.333447217941284180e-01 -3.748243451118469238e-01 -2.293044924736022949e-01 -2.814930081367492676e-01 -2.994883656501770020e-01 -2.435284852981567383e-01 8.351612091064453125e-02 1.600979566574096680e-01 2.163593769073486328e-01 1.972881555557250977e-01 1.859585046768188477e-01 1.831234693527221680e-01 2.854622602462768555e-01 2.414091825485229492e-01 2.462275028228759766e-01 1.782261133193969727e-01 1.857830286026000977e-01 1.749395132064819336e-01 7.569086551666259766e-02 -2.641874551773071289e-02 -1.278406381607055664e-02 -8.086574077606201172e-02 1.202473640441894531e-01 6.106328964233398438e-02 1.136198043823242188e-01 1.217082738876342773e-01 1.419119834899902344e-01 1.143306493759155273e-01 1.512557268142700195e-01 2.357617616653442383e-01 2.049311399459838867e-01 2.506154775619506836e-01 2.904903888702392578e-01 1.906790733337402344e-01 1.886948347091674805e-01 2.027355432510375977e-01 2.252993583679199219e-01 1.893968582153320312e-01
1.132030487060546875e-01 8.302056789398193359e-02 4.611384868621826172e-02 -4.862529039382934570e-02 7.532835006713867188e-04 -6.939607858657836914e-02 -8.737921714782714844e-02 -2.514706254005432129e-01 -2.898715138435363770e-01 -2.055251598358154297e-01 -1.249374151229858398e-01 5.952632427215576172e-02 7.679557800292968750e-02 1.274384260177612305e-01 3.916871547698974609e-01 4.641396999359130859e-01 -5.544471740722656250e-02 -2.006272673606872559e-01 -2.981016635894775391e-01 -2.531430125236511230e-01 -2.624142169952392578e-01 -2.353880405426025391e-01 -2.322570085525512695e-01 -2.973215579986572266e-01 -2.301613092422485352e-01 -1.534835100173950195e-01 -1.532866358757019043e-01 -2.701805830001831055e-01 -3.962269425392150879e-01 -2.046344876289367676e-01 1.226942539215087891e-01 2.381607294082641602e-01 -1.484028100967407227e-01 -1.404470205307006836e-01 -9.945499897003173828e-02 -1.194056868553161621e-01 -9.457790851593017578e-02 -1.464246511459350586e-01 7.316410541534423828e-02 9.983468055725097656e-02 2.100619077682495117e-01 1.254763603210449219e-01 2.734780311584472656e-02 -1.588671207427978516e-01 -2.557651996612548828e-01 -3.164468407630920410e-01 -2.539298534393310547e-01 -3.673386573791503906e-02 -5.845677852630615234e-02 -8.016186952590942383e-02 -2.173839807510375977e-01 -1.455576419830322266e-01 -4.038746953010559082e-01 -1.738700866699218750e-01 -5.684316158294677734e-02 7.792675495147705078e-02 1.106917858123779297e-02 -1.883338689804077148e-01 -3.183676600456237793e-01 -4.143376946449279785e-01 -5.157654881477355957e-01 -4.590809345245361328e-01 -4.155898690223693848e-01 -3.505392670631408691e-01 -1.730846166610717773e-01 -5.474936962127685547e-02 -2.907144427299499512e-01 -4.767082929611206055e-01 -6.923004388809204102e-01 -6.363465189933776855e-01 -5.613656640052795410e-01 -4.350433945655822754e-01 -3.318083286285400391e-01 7.270693778991699219e-03 -2.858823537826538086e-02 -2.839863300323486328e-03 1.155867576599121094e-01 4.025661945343017578e-02 1.000010967254638672e-02 -1.649963855743408203e-02 -6.875449419021606445e-02 -1.381872892379760742e-01 -3.050178289413452148e-02 -1.556252241134643555e-01 -1.423403620719909668e-01 -1.389461755752563477e-01 6.160962581634521484e-02 2.464967966079711914e-01 4.122469425201416016e-01 4.017661809921264648e-01 4.077990055084228516e-01 3.900607824325561523e-01 4.285644292831420898e-01 4.548277854919433594e-01 3.494749069213867188e-01 -3.925263881683349609e-03 -1.081911921501159668e-01 7.862925529479980469e-03 1.777334213256835938e-01 3.259304761886596680e-01 2.819569110870361328e-01 2.437949180603027344e-01 1.940424442291259766e-01 2.487719058990478516e-01 3.450281620025634766e-01 4.537097215652465820e-01 4.637125730514526367e-01 4.647679328918457031e-01 5.361256599426269531e-01 4.073873758316040039e-01 3.673475980758666992e-01 2.363412380218505859e-01 -1.023660302162170410e-01 -5.991822481155395508e-02 -8.503687381744384766e-02 -1.144521832466125488e-01 -2.807050943374633789e-02 4.573678970336914062e-02 2.167474031448364258e-01 3.228484392166137695e-01 3.714959621429443359e-01 3.482489585876464844e-01 3.224509954452514648e-01 2.330440282821655273e-01 1.173349618911743164e-01 -4.710078239440917969e-02 -1.891329884529113770e-01 -3.155536055564880371e-01
1.782581806182861328e-01 1.109433174133300781e-01 1.649475097656250000e-02 -5.978393554687500000e-02 -6.225293874740600586e-02 -1.796489953994750977e-02 -1.066398024559020996e-01 -1.817158460617065430e-01 -2.299638986587524414e-01 -2.095879912376403809e-01 -2.019019126892089844e-01 -2.289199829101562500e-01 -2.001001238822937012e-01 2.252817153930664062e-03 9.521758556365966797e-02 1.113780736923217773e-01 2.311811447143554688e-01 9.832048416137695312e-02 -1.431787014007568359e-01 -9.987604618072509766e-02 -7.721221446990966797e-02 -1.141321063041687012e-01 -1.467366218566894531e-01 -2.039531469345092773e-01 -2.060627341270446777e-01 -3.989905118942260742e-02 -4.424858093261718750e-02 -1.008663773536682129e-01 -2.160968184471130371e-01 -1.797004342079162598e-01 1.360058784484863281e-02 2.182185649871826172e-02 -3.692662715911865234e-02 -1.192502379417419434e-01 3.681111335754394531e-02 -1.173987388610839844e-01 -7.803076505661010742e-02 7.923400402069091797e-02 1.640299558639526367e-01 1.335905790328979492e-01 3.318667411804199219e-02 -1.376740336418151855e-01 -1.264019608497619629e-01 -2.267051339149475098e-01 -8.580541610717773438e-02 -9.697997570037841797e-02 -6.731951236724853516e-02 -6.792390346527099609e-02 -2.674618959426879883e-01 -2.002155184745788574e-01 -9.831666946411132812e-02 -1.004987955093383789e-01 2.417131662368774414e-01 4.763476848602294922e-01 6.205241680145263672e-01 6.575149297714233398e-01 7.612169981002807617e-01 5.312973260879516602e-01 3.574326038360595703e-01 9.606087207794189453e-02 -1.948152780532836914e-01 -9.420913457870483398e-02 -1.873523592948913574e-01 -1.247532963752746582e-01 -1.767721176147460938e-01 -3.248377442359924316e-01 -2.451439499855041504e-01 -1.873033642768859863e-01 3.193893432617187500e-01 5.205357074737548828e-01 6.161822080612182617e-01 7.544330358505249023e-01 8.576759099960327148e-01 6.453326940536499023e-01 4.232724905014038086e-01 1.719919443130493164e-01 -1.782169342041015625e-01 -1.139013767242431641e-01 -1.688125729560852051e-01 -9.352165460586547852e-02 -1.024094820022583008e-01 -1.837557554244995117e-01 -2.310034632682800293e-01 -1.795256137847900391e-01 7.745110988616943359e-02 1.757369041442871094e-01 -7.813203334808349609e-02 -4.280265569686889648e-01 -5.172652602195739746e-01 -4.571555852890014648e-01 -3.558420538902282715e-01 -3.240856528282165527e-01 -1.245917677879333496e-01 -1.667734384536743164e-01 -5.637526512145996094e-03 7.876038551330566406e-02 2.699356079101562500e-01 1.222431659698486328e-02 -5.484706163406372070e-02 -6.034046411514282227e-02 -1.529012322425842285e-01 -4.390209913253784180e-02 -4.712283611297607422e-03 -1.669805049896240234e-01 -2.684536576271057129e-01 -2.711805105209350586e-01 -1.669997572898864746e-01 -1.531624794006347656e-01 -1.133243441581726074e-01 -1.353991031646728516e-02 -4.414200782775878906e-03 -3.473365306854248047e-02 7.092416286468505859e-02 1.029773950576782227e-01 1.947898864746093750e-01 2.413284778594970703e-01 1.895666122436523438e-03 -1.062518358230590820e-02 -3.460884094238281250e-02 -2.982318401336669922e-02 -9.945595264434814453e-02 -1.907476186752319336e-01 -2.980151176452636719e-01 -2.555885910987854004e-01 -2.052412033081054688e-01 -1.640557050704956055e-01 -1.059752106666564941e-01 4.617238044738769531e-02
3.403913974761962891e-02 3.820872306823730469e-02 -4.015862941741943359e-03 -6.773167848587036133e-02 -1.334556937217712402e-01 -2.535929679870605469e-01 -3.050245642662048340e-01 -3.142913579940795898e-01 -2.415698766708374023e-01 -1.918199658393859863e-01 -5.971431732177734375e-03 1.067810058593750000e-01 1.306971311569213867e-01 2.091825008392333984e-01 2.018984556198120117e-01 1.642254590988159180e-01 2.543830871582031250e-02 -1.111516356468200684e-01 -8.803588151931762695e-02 -1.676700115203857422e-01 -1.966096758842468262e-01 -1.742941141128540039e-01 -1.034733057022094727e-01 -2.217560410499572754e-01 -1.800692677497863770e-01 -2.885132431983947754e-01 -3.498257994651794434e-01 -3.941771388053894043e-01 -3.021061420440673828e-01 -1.023428440093994141e-01 9.865081310272216797e-02 2.487585544586181641e-01 1.074105501174926758e-01 -5.016088485717773438e-03 -9.700834751129150391e-02 -6.309664249420166016e-02 1.146376132965087891e-02 1.942769289016723633e-01 3.065799474716186523e-01 4.004372358322143555e-01 3.759205341339111328e-01 2.513779401779174805e-01 1.697026491165161133e-01 2.128195762634277344e-02 -5.190032720565795898e-02 -1.623749136924743652e-01 -2.729021310806274414e-01 -2.068374752998352051e-01 7.235419750213623047e-02 -2.128783464431762695e-01 -4.184515476226806641e-01 -2.784643769264221191e-01 -7.253152132034301758e-02 2.193892002105712891e-02 -5.131256580352783203e-02 2.582037448883056641e-02 1.545397043228149414e-01 -2.236324548721313477e-02 -1.575456261634826660e-01 -2.206441760063171387e-01 -1.865180134773254395e-01 -2.698295116424560547e-01 -3.236147761344909668e-01 -2.602552175521850586e-01 8.135342597961425781e-02 -2.334256172180175781e-01 -4.307740926742553711e-01 -3.229326009750366211e-01 -2.466855645179748535e-01 -3.764855265617370605e-01 -6.158653497695922852e-01 -5.680941343307495117e-01 -4.909300804138183594e-01 -5.744256973266601562e-01 -3.044315576553344727e-01 1.873601675033569336e-01 4.534580707550048828e-01 4.168053865432739258e-01 4.403451681137084961e-01 2.725597620010375977e-01 1.518912315368652344e-01 1.436684131622314453e-01 -4.452949762344360352e-02 -1.854431033134460449e-01 -1.215729117393493652e-01 5.547404289245605469e-02 -4.511433839797973633e-02 -3.429809808731079102e-01 -6.769845485687255859e-01 -6.676373481750488281e-01 -3.915873765945434570e-01 -7.403475046157836914e-02 8.412194252014160156e-02 1.045229434967041016e-01 1.959370374679565430e-01 3.147901296615600586e-01 1.535882949829101562e-01 2.222994565963745117e-01 2.885327339172363281e-01 3.238024711608886719e-01 3.586772680282592773e-01 2.917896509170532227e-01 2.256747484207153320e-01 2.542464733123779297e-01 1.423460245132446289e-01 8.926987648010253906e-02 1.737419366836547852e-01 9.487926959991455078e-02 -7.730323076248168945e-02 -1.679342985153198242e-01 -2.116674780845642090e-01 -6.646162271499633789e-02 2.080422639846801758e-01 2.032363414764404297e-01 2.838065624237060547e-01 2.806675434112548828e-01 2.939746379852294922e-01 2.628687620162963867e-01 1.650364398956298828e-01 1.042444705963134766e-01 1.460924148559570312e-01 1.440855264663696289e-01 2.154896259307861328e-01 1.639484167098999023e-01 6.972658634185791016e-02 4.720818996429443359e-02 9.799277782440185547e-02 1.320838928222656250e-01
1.195495128631591797e-01 1.133277416229248047e-01 1.384245157241821289e-01 6.299400329589843750e-02 3.658962249755859375e-02 1.031470298767089844e-02 -4.812711477279663086e-02 -1.419502496719360352e-01 -1.238894462585449219e-01 -1.174960136413574219e-01 -1.049485206604003906e-01 -9.462589025497436523e-02 -3.083890676498413086e-02 2.887392044067382812e-02 -3.624308109283447266e-02 -8.462285995483398438e-02 1.039867401123046875e-01 -6.345969438552856445e-02 -1.588699221611022949e-01 -1.864114403724670410e-01 -2.615421414375305176e-01 -1.195661425590515137e-01 -5.582451820373535156e-03 -4.401201009750366211e-02 -5.043530464172363281e-02 -1.542936563491821289e-01 -2.281284928321838379e-01 -2.153195142745971680e-01 -1.330835223197937012e-01 -6.490898132324218750e-02 -5.742537975311279297e-02 6.495141983032226562e-02 -3.444740176200866699e-01 -3.390810489654541016e-01 -1.601742506027221680e-01 -1.868635416030883789e-02 5.324697494506835938e-02 5.739974975585937500e-02 1.745754480361938477e-01 2.941253185272216797e-01 3.878055810928344727e-01 4.186890125274658203e-01 4.705137014389038086e-01 5.238031148910522461e-01 4.271259307861328125e-01 1.202353239059448242e-01 4.718530178070068359e-02 9.740746021270751953e-02 -2.329088449478149414e-01 -1.276362538337707520e-01 -1.935712695121765137e-01 -4.084518551826477051e-01 -2.662768363952636719e-01 -3.369866013526916504e-01 -2.555752992630004883e-01 -3.180392384529113770e-01 -2.681900262832641602e-01 -3.406763076782226562e-02 1.524672508239746094e-01 3.560247421264648438e-01 4.215255975723266602e-01 4.493429660797119141e-01 3.674954175949096680e-01 2.961885929107666016e-01 3.575052022933959961e-01 6.032150983810424805e-01 6.100351810455322266e-01 4.755743741989135742e-01 1.163421869277954102e-01 -2.504698634147644043e-01 -4.819753766059875488e-01 -4.735576510429382324e-01 -3.510563969612121582e-01 -3.062912821769714355e-01 -3.252232670783996582e-01 -3.095510601997375488e-01 -1.554734706878662109e-01 -1.326752901077270508e-01 -1.093558669090270996e-01 -1.063423752784729004e-01 7.200419902801513672e-02 1.505911350250244141e-01 3.759744167327880859e-01 6.377013921737670898e-01 7.571980953216552734e-01 6.316139698028564453e-01 4.684230089187622070e-01 2.378554344177246094e-01 4.380345344543457031e-02 4.128909111022949219e-02 -6.751304864883422852e-02 -7.350242137908935547e-02 -3.551512956619262695e-02 -2.104791998863220215e-01 -1.574423909187316895e-01 -1.543589234352111816e-01 -8.646720647811889648e-02 -1.948885917663574219e-01 -3.643227219581604004e-01 -2.822533845901489258e-01 -3.002914190292358398e-01 -3.604357838630676270e-01 -3.142165541648864746e-01 -2.172028422355651855e-01 -9.666150808334350586e-02 -1.698857545852661133e-01 -1.853630542755126953e-01 -2.462000250816345215e-01 -2.526635527610778809e-01 -1.882477998733520508e-01 -1.202054619789123535e-01 -3.357160091400146484e-02 9.038448333740234375e-04 -1.723152399063110352e-02 -2.208214998245239258e-02 3.691315650939941406e-03 -2.763807773590087891e-02 -1.534692645072937012e-01 -2.157147526741027832e-01 -1.907163262367248535e-01 -1.907802820205688477e-01 -1.212921142578125000e-01 -8.383578062057495117e-02 -1.717793941497802734e-02 2.795207500457763672e-02 9.189248085021972656e-02 9.654426574707031250e-02 8.526623249053955078e-02
-5.010443925857543945e-02 -9.103471040725708008e-02 -1.240746974945068359e-01 -1.406030654907226562e-01 -1.534805893898010254e-01 -1.264922618865966797e-01 -8.769953250885009766e-02 -5.630105733871459961e-02 -4.371213912963867188e-02 -8.060020208358764648e-02 -1.071118116378784180e-01 -1.317216753959655762e-01 -1.862172484397888184e-01 -2.439762949943542480e-01 -3.432800173759460449e-01 -3.078293800354003906e-01 -1.184610724449157715e-01 -2.229456305503845215e-01 -2.431207895278930664e-01 -2.380309104919433594e-01 -2.500609159469604492e-01 -2.275121212005615234e-01 -3.445314764976501465e-01 -4.210744500160217285e-01 -4.059718251228332520e-01 -2.854291796684265137e-01 -1.542650461196899414e-01 -1.608562469482421875e-01 -1.841229200363159180e-01 -2.973383069038391113e-01 -3.448688983917236328e-01 -3.862190246582031250e-01 1.795908212661743164e-01 3.034191131591796875e-01 4.646242856979370117e-01 6.463731527328491211e-01 6.469465494155883789e-01 3.648327589035034180e-01 -1.456146836280822754e-01 -4.913501739501953125e-01 -4.410323500633239746e-01 -1.250748038291931152e-01 7.785105705261230469e-02 2.129589319229125977e-01 2.167017459869384766e-01 1.048171520233154297e-01 3.485429286956787109e-02 9.303343296051025391e-02 -1.876167058944702148e-01 5.588293075561523438e-03 1.737831830978393555e-01 4.263859987258911133e-01 6.899242401123046875e-01 1.769642829895019531e-01 -4.938750267028808594e-01 -6.179910302162170410e-01 -2.808319926261901855e-01 6.456100940704345703e-02 4.252760410308837891e-01 4.613620042800903320e-01 3.234988451004028320e-01 2.023493051528930664e-01 -1.323902606964111328e-02 -1.694964170455932617e-01 -2.366729378700256348e-01 -3.567165136337280273e-02 1.595691442489624023e-01 3.866362571716308594e-01 3.362413644790649414e-01 7.908344268798828125e-04 -2.556286454200744629e-01 -2.488622665405273438e-01 -9.069138765335083008e-02 8.690500259399414062e-02 2.773733139038085938e-01 2.662831544876098633e-01 2.636830806732177734e-01 9.738600254058837891e-02 -5.439352989196777344e-02 -2.015604972839355469e-01 6.015992164611816406e-02 1.900645494461059570e-01 2.738287448883056641e-01 2.435833215713500977e-01 1.558200120925903320e-01 -8.576524257659912109e-02 -2.362492680549621582e-01 -2.864480614662170410e-01 -3.565071225166320801e-01 -2.182677984237670898e-01 -1.259143948554992676e-01 1.998889446258544922e-02 -6.509691476821899414e-02 1.496553421020507812e-02 1.185715198516845703e-02 -2.127611637115478516e-02 1.058324575424194336e-01 1.798841953277587891e-01 2.625764608383178711e-01 3.360117673873901367e-01 2.741460800170898438e-01 2.385159730911254883e-01 1.633015871047973633e-01 1.403822898864746094e-01 9.363293647766113281e-02 1.201425790786743164e-01 1.284750699996948242e-01 1.401722431182861328e-01 1.360727548599243164e-01 7.499945163726806641e-02 8.015739917755126953e-02 2.237296104431152344e-02 -1.868616938591003418e-01 -4.758214950561523438e-02 1.653945446014404297e-02 1.098532676696777344e-01 1.881954669952392578e-01 1.980726718902587891e-01 2.677743434906005859e-01 1.431035995483398438e-01 1.260966062545776367e-01 2.875995635986328125e-02 7.502090930938720703e-02 4.814350605010986328e-02 -3.356653451919555664e-02 -8.532416820526123047e-02 -1.792173385620117188e-01 -2.179201245307922363e-01
-1.428146958351135254e-01 -1.175196170806884766e-01 -1.014302968978881836e-01 -9.069103002548217773e-02 1.063477993011474609e-02 6.130027770996093750e-02 2.596880197525024414e-01 4.315581321716308594e-01 3.173494338989257812e-01 2.580624818801879883e-01 1.552742719650268555e-01 7.164704799652099609e-02 2.025008201599121094e-02 1.011729240417480469e-03 -8.802056312561035156e-03 -5.188745260238647461e-02 -2.591019868850708008e-01 2.091753482818603516e-02 3.059971332550048828e-01 3.465776443481445312e-01 2.791665792465209961e-01 3.089618682861328125e-01 3.662742376327514648e-01 5.578265190124511719e-01 6.065385341644287109e-01 4.554879665374755859e-01 3.203306198120117188e-01 3.019992113113403320e-01 3.625431060791015625e-01 2.902270555496215820e-01 1.382240056991577148e-01 -5.876171588897705078e-02 -2.345430254936218262e-01 -9.975016117095947266e-02 -1.781365871429443359e-01 -2.708764672279357910e-01 -2.034648060798645020e-01 -2.735778093338012695e-01 -1.139519810676574707e-01 9.582102298736572266e-02 -1.847451925277709961e-02 -5.636584758758544922e-02 -3.611743450164794922e-01 -4.183251857757568359e-01 -3.071805238723754883e-01 -2.332484126091003418e-01 -2.869957685470581055e-02 -4.384005069732666016e-02 -1.526235938072204590e-01 -3.395829200744628906e-01 -4.890732169151306152e-01 -3.382661938667297363e-01 -2.215453386306762695e-01 1.450573205947875977e-01 4.212605953216552734e-01 4.143285751342773438e-01 4.460096359252929688e-01 3.379516601562500000e-01 7.082176208496093750e-02 -3.015293478965759277e-01 -5.248575210571289062e-01 -3.366414904594421387e-01 -3.008397817611694336e-01 -1.221857070922851562e-01 -2.269226312637329102e-01 -4.225162863731384277e-01 -4.848731756210327148e-01 -3.186144232749938965e-01 -1.759936809539794922e-01 3.856085538864135742e-01 5.425552129745483398e-01 6.204270124435424805e-01 7.319806814193725586e-01 2.778719663619995117e-01 1.467261314392089844e-01 -1.447103023529052734e-01 -2.650352120399475098e-01 -2.369484305381774902e-01 -3.116195797920227051e-01 -1.206698417663574219e-01 -1.082264184951782227e-01 -1.682267189025878906e-01 -1.212295889854431152e-01 -1.399744749069213867e-01 -1.192713379859924316e-01 2.275216579437255859e-02 2.438082695007324219e-01 3.936465978622436523e-01 2.753266096115112305e-01 3.971350193023681641e-02 -7.419341802597045898e-02 -1.323181390762329102e-02 -1.123156547546386719e-01 -1.767867803573608398e-01 -1.579903960227966309e-01 -9.896427392959594727e-02 -4.591596126556396484e-02 -1.104447841644287109e-01 -1.400913596153259277e-01 -2.075020670890808105e-01 -1.508582830429077148e-01 -1.436372995376586914e-01 -1.845002770423889160e-01 -2.461338639259338379e-01 -1.908100247383117676e-01 -1.645587682723999023e-01 -1.999931931495666504e-01 -1.652798056602478027e-01 -9.664136171340942383e-02 7.958471775054931641e-02 1.497853994369506836e-01 2.338180541992187500e-01 9.989118576049804688e-02 8.118188381195068359e-02 -1.527684926986694336e-02 -1.132624149322509766e-01 -1.523929834365844727e-01 -2.121357917785644531e-01 -3.317652940750122070e-01 -3.404004573822021484e-01 -2.870187759399414062e-01 -1.541786193847656250e-01 -6.697958707809448242e-02 3.899061679840087891e-02 1.547051668167114258e-01 1.208573579788208008e-01 5.377733707427978516e-02 4.766464233398437500e-02
-3.756940364837646484e-03 -6.304681301116943359e-02 -2.108848094940185547e-02 -2.390104532241821289e-02 -3.750485181808471680e-02 -1.302760839462280273e-02 1.017590761184692383e-01 1.411455869674682617e-01 7.068586349487304688e-02 3.695237636566162109e-02 1.573634147644042969e-02 2.232694625854492188e-02 5.262529850006103516e-02 5.583763122558593750e-02 -4.839789867401123047e-02 -6.454819440841674805e-02 -5.015623569488525391e-02 -8.803546428680419922e-03 1.053282022476196289e-01 8.644330501556396484e-02 1.136586666107177734e-01 1.080548763275146484e-01 2.482709884643554688e-01 3.108639717102050781e-01 2.222174406051635742e-01 1.894203424453735352e-01 2.156027555465698242e-01 2.327828407287597656e-01 2.083404064178466797e-01 9.192109107971191406e-02 -9.720617532730102539e-02 -1.888927221298217773e-01 -7.212001085281372070e-02 -1.219040751457214355e-01 -1.185189485549926758e-01 -1.358574032783508301e-01 -1.830952763557434082e-01 -1.933191418647766113e-01 -1.555404663085937500e-01 -1.053207516670227051e-01 -7.388591766357421875e-02 -2.124552726745605469e-01 -2.790945768356323242e-01 -2.083245515823364258e-01 -2.139368653297424316e-01 -2.288801074028015137e-01 -2.267920374870300293e-01 -1.992136836051940918e-01 1.009325981140136719e-01 6.266808509826660156e-02 3.739297389984130859e-02 -1.497912406921386719e-01 -4.041181206703186035e-01 -5.302381515502929688e-01 -2.403863668441772461e-01 4.181488752365112305e-01 4.844448566436767578e-01 -1.352772712707519531e-01 -5.023768544197082520e-01 -4.646781682968139648e-01 -2.325032353401184082e-01 -1.357673406600952148e-01 -6.814306974411010742e-02 2.688968181610107422e-02 1.081042289733886719e-01 2.441492080688476562e-01 1.725531816482543945e-01 3.935134410858154297e-02 -2.008066177368164062e-01 -7.566010355949401855e-01 -5.469797849655151367e-01 -3.662865161895751953e-01 -4.158068895339965820e-01 -6.163216829299926758e-01 -4.069002270698547363e-01 -2.818416357040405273e-01 -8.966320753097534180e-02 3.154873847961425781e-02 1.875387430191040039e-01 1.917707920074462891e-01 3.412059545516967773e-01 2.746708393096923828e-01 1.932853460311889648e-01 6.939148902893066406e-02 -1.373283863067626953e-01 -4.222577810287475586e-01 -7.074040174484252930e-01 -8.209048509597778320e-01 -6.378315687179565430e-01 -4.248322248458862305e-01 -3.077301383018493652e-01 -2.269576191902160645e-01 -7.960498332977294922e-03 2.450283765792846680e-01 1.919585466384887695e-01 1.493524312973022461e-01 3.676410913467407227e-01 2.149451971054077148e-01 1.550388336181640625e-01 2.067269086837768555e-01 8.250105381011962891e-02 1.230099201202392578e-01 7.014930248260498047e-02 5.678808689117431641e-02 7.682096958160400391e-02 7.201623916625976562e-02 4.398655891418457031e-02 8.023035526275634766e-02 1.327673196792602539e-01 1.820448637008666992e-01 2.011632919311523438e-01 1.749645471572875977e-01 1.804542541503906250e-01 2.330077886581420898e-01 2.617119550704956055e-01 2.789338827133178711e-01 3.197010755538940430e-01 2.682676315307617188e-01 1.851108074188232422e-01 1.676588058471679688e-01 1.986745595932006836e-01 1.505955457687377930e-01 7.726788520812988281e-02 9.558427333831787109e-02 9.058177471160888672e-02 6.823861598968505859e-02 1.239830255508422852e-01 1.122881174087524414e-01
-1.287668347358703613e-01 -1.359266042709350586e-01 -6.870502233505249023e-02 -4.694354534149169922e-02 -2.104586362838745117e-02 4.998743534088134766e-02 9.966266155242919922e-02 9.088170528411865234e-02 1.031469106674194336e-01 1.262792348861694336e-01 4.082608222961425781e-02 -2.926236391067504883e-02 -5.193996429443359375e-02 -8.629089593887329102e-02 -7.338339090347290039e-02 2.569901943206787109e-02 -1.336143016815185547e-01 -1.442182064056396484e-02 1.116116046905517578e-01 1.781400442123413086e-01 1.379086971282958984e-01 1.292551755905151367e-01 2.207975387573242188e-01 3.452419042587280273e-01 4.216561317443847656e-01 3.613510131835937500e-01 2.564252614974975586e-01 2.028931379318237305e-01 1.730611324310302734e-01 1.666753292083740234e-01 3.917849063873291016e-02 -5.516678094863891602e-02 -1.025088429450988770e-01 -8.986300230026245117e-02 -9.160876274108886719e-02 -7.211220264434814453e-02 -3.821015357971191406e-02 -6.157374382019042969e-02 8.040094375610351562e-02 2.559455633163452148e-01 2.339154481887817383e-01 1.379749774932861328e-01 -5.460566282272338867e-02 -1.354442834854125977e-01 -1.606428623199462891e-01 -1.552838683128356934e-01 -1.198717355728149414e-01 -1.521849632263183594e-01 -2.679926156997680664e-02 -1.593022346496582031e-01 -1.445778608322143555e-01 -1.601287126541137695e-01 -2.054377198219299316e-01 2.340526580810546875e-01 5.856575965881347656e-01 5.333681106567382812e-01 5.620895624160766602e-01 5.181621313095092773e-01 4.313015937805175781e-02 -4.113106727600097656e-01 -4.173281192779541016e-01 -2.813554406166076660e-01 -1.323065161705017090e-01 -9.382337331771850586e-02 1.628597974777221680e-01 -7.622557878494262695e-02 -1.809789538383483887e-01 -2.183550000190734863e-01 -1.824846267700195312e-01 2.102954387664794922e-01 2.020732164382934570e-01 -7.481151819229125977e-02 2.888330221176147461e-01 4.441604614257812500e-01 2.194309234619140625e-02 -3.022356629371643066e-01 -3.796992301940917969e-01 -1.512653231620788574e-01 2.413868904113769531e-03 -3.092223405838012695e-02 1.233181953430175781e-01 -6.801962852478027344e-03 -1.674802899360656738e-01 -4.750089645385742188e-01 -6.843463182449340820e-01 -8.324465155601501465e-01 -9.206471443176269531e-01 -1.000000000000000000e+00 -9.335436820983886719e-01 -7.674895524978637695e-01 -6.506860256195068359e-01 -3.955113887786865234e-01 -1.975080966949462891e-01 -5.387282371520996094e-02 -5.098563432693481445e-02 9.795069694519042969e-02 -2.189958095550537109e-02 9.337067604064941406e-03 8.658063411712646484e-02 9.539830684661865234e-02 1.567027568817138672e-01 8.952033519744873047e-02 1.057505607604980469e-03 -4.428380727767944336e-02 -7.416969537734985352e-02 -6.091195344924926758e-02 -4.325437545776367188e-02 -2.366900444030761719e-04 1.983404159545898438e-03 -8.010023832321166992e-02 -9.026020765304565430e-02 1.655573844909667969e-01 5.782032012939453125e-02 8.114767074584960938e-02 1.345521211624145508e-01 1.044983863830566406e-01 1.325753927230834961e-01 1.268401145935058594e-01 1.689637899398803711e-01 9.659290313720703125e-02 1.250522136688232422e-01 9.551370143890380859e-02 1.124039888381958008e-01 6.265735626220703125e-02 5.331468582153320312e-02 6.062257289886474609e-02 1.917997598648071289e-01 3.091952800750732422e-01
8.377063274383544922e-02 3.119945526123046875e-02 -3.359949588775634766e-02 -7.646739482879638672e-03 -1.668947935104370117e-02 1.449859142303466797e-02 -2.725780010223388672e-03 1.250863075256347656e-03 3.343951702117919922e-02 5.454170703887939453e-02 1.401237249374389648e-01 9.754371643066406250e-02 7.815337181091308594e-02 1.038688421249389648e-01 1.268999576568603516e-01 1.749875545501708984e-01 -1.691706180572509766e-01 -1.169106364250183105e-01 1.100695133209228516e-02 8.092975616455078125e-02 3.112003803253173828e-01 3.558213710784912109e-01 2.701523303985595703e-01 2.659703493118286133e-01 2.288017272949218750e-01 2.162795066833496094e-01 2.290962934494018555e-01 1.469408273696899414e-01 8.708477020263671875e-02 -1.581192016601562500e-03 -3.508996963500976562e-02 -1.037127971649169922e-01 1.043046712875366211e-01 8.010077476501464844e-02 -2.609372138977050781e-02 -1.173133254051208496e-01 -1.805008053779602051e-01 -3.080008029937744141e-01 -6.135072708129882812e-01 -6.782985925674438477e-01 -6.463489532470703125e-01 -5.581488609313964844e-01 -3.840301036834716797e-01 -3.165878653526306152e-01 -1.541180014610290527e-01 -8.509933948516845703e-02 -5.095940828323364258e-02 1.123191118240356445e-01 2.729136943817138672e-01 3.483771085739135742e-01 4.101383686065673828e-01 5.793130397796630859e-01 5.547553300857543945e-01 4.601490497589111328e-02 -4.686497449874877930e-01 -3.232136368751525879e-01 -3.118178844451904297e-01 -3.170868158340454102e-01 1.097753047943115234e-01 3.031129837036132812e-01 3.923537731170654297e-01 3.068544864654541016e-01 3.023064136505126953e-01 3.224853277206420898e-01 2.988811731338500977e-01 3.987388610839843750e-01 4.658876657485961914e-01 5.140756368637084961e-01 4.798991680145263672e-01 3.940284252166748047e-02 -5.271047353744506836e-01 -3.995704054832458496e-01 -4.442828297615051270e-01 -1.882510781288146973e-01 3.124773502349853516e-01 4.646372795104980469e-01 4.664342403411865234e-01 4.252082109451293945e-01 3.293045759201049805e-01 3.283684253692626953e-01 5.999445915222167969e-03 -6.221544742584228516e-02 -1.670060157775878906e-01 -3.064083456993103027e-01 -3.088331818580627441e-01 -5.822919011116027832e-01 -7.180289030075073242e-01 -6.931988596916198730e-01 -7.227491140365600586e-01 -6.512213945388793945e-01 -5.200722217559814453e-01 -3.825438618659973145e-01 -2.586656212806701660e-01 -8.438217639923095703e-02 5.728471279144287109e-02 1.394637823104858398e-01 -2.284177541732788086e-01 -1.500886082649230957e-01 -5.428642034530639648e-02 -6.848990917205810547e-03 8.841538429260253906e-02 1.265484094619750977e-01 9.638094902038574219e-02 6.731474399566650391e-02 4.207468032836914062e-02 -1.912516355514526367e-02 -4.965353012084960938e-02 -1.181345582008361816e-01 -1.371515393257141113e-01 -2.382638454437255859e-01 -2.768628001213073730e-01 -2.365331053733825684e-01 -1.378970146179199219e-01 -9.601145982742309570e-02 -1.109150648117065430e-01 -7.097291946411132812e-02 -3.650426864624023438e-02 5.507957935333251953e-02 -2.043598890304565430e-02 -5.059224367141723633e-02 -3.855091333389282227e-02 -7.401245832443237305e-02 -1.473772525787353516e-02 -5.133330821990966797e-02 -4.321056604385375977e-02 -6.170660257339477539e-02 3.136527538299560547e-02 9.397268295288085938e-03
-6.651932001113891602e-02 -5.177885293960571289e-02 1.926457881927490234e-02 7.223117351531982422e-02 3.534996509552001953e-02 2.320337295532226562e-02 1.361981630325317383e-01 2.017819881439208984e-01 2.234464883804321289e-01 9.377288818359375000e-02 6.045961380004882812e-02 1.122261285781860352e-01 8.480393886566162109e-02 -1.554560661315917969e-02 -6.746816635131835938e-02 -9.011089801788330078e-03 -6.845176219940185547e-02 -4.574394226074218750e-02 -6.451249122619628906e-03 8.988475799560546875e-02 1.239956617355346680e-01 6.562304496765136719e-02 1.732249259948730469e-01 9.597647190093994141e-02 1.058206558227539062e-01 2.847421169281005859e-02 4.909050464630126953e-02 1.002941131591796875e-01 3.959333896636962891e-02 -9.513843059539794922e-02 -2.422927618026733398e-01 -1.682248115539550781e-01 -8.052045106887817383e-02 -1.850168108940124512e-01 -2.238965034484863281e-01 -2.487396001815795898e-01 -4.302805066108703613e-01 -4.202477931976318359e-01 -4.083647131919860840e-01 -4.765590429306030273e-01 -5.482424497604370117e-01 -6.819391250610351562e-01 -5.804915428161621094e-01 -3.285313248634338379e-01 -1.666641831398010254e-01 -1.067722439765930176e-01 -5.280846357345581055e-02 5.202031135559082031e-02 -8.794528245925903320e-02 1.233878135681152344e-01 1.949194669723510742e-01 -1.106935739517211914e-02 -3.360227346420288086e-01 -6.293712258338928223e-01 -6.832509040832519531e-01 -6.076019406318664551e-01 -5.673966407775878906e-01 -3.975861668586730957e-01 -3.253892660140991211e-01 -1.213036179542541504e-01 5.225479602813720703e-02 9.731483459472656250e-02 4.584956169128417969e-02 -6.599450111389160156e-02 -7.467252016067504883e-02 1.734486818313598633e-01 4.250881671905517578e-01 4.477832317352294922e-01 2.983540296554565430e-01 -1.429821848869323730e-01 -5.452479124069213867e-01 -2.385053634643554688e-01 1.320296525955200195e-01 2.656327486038208008e-01 2.548542022705078125e-01 2.852498292922973633e-01 2.029933929443359375e-01 2.477331161499023438e-01 3.823459148406982422e-02 -4.772603511810302734e-02 1.922835111618041992e-01 2.794710397720336914e-01 3.013418912887573242e-01 2.993561029434204102e-01 2.098668813705444336e-01 1.245559453964233398e-01 -1.187264919281005859e-03 -4.575181007385253906e-02 5.037355422973632812e-02 4.482150077819824219e-02 1.017470359802246094e-01 2.162344455718994141e-01 2.285964488983154297e-01 2.408862113952636719e-01 1.229714155197143555e-01 5.822587013244628906e-02 1.994998455047607422e-01 2.268899679183959961e-01 2.151792049407958984e-01 2.161962985992431641e-01 2.020164728164672852e-01 1.275322437286376953e-01 1.848218441009521484e-01 1.913911104202270508e-01 1.687537431716918945e-01 1.796457767486572266e-01 2.362691164016723633e-01 2.214796543121337891e-01 1.897236108779907227e-01 2.106888294219970703e-01 1.721818447113037109e-01 1.334928274154663086e-01 -1.302542090415954590e-01 -2.096635103225708008e-02 -4.632651805877685547e-03 -4.503071308135986328e-03 -2.603477239608764648e-02 -6.326192617416381836e-02 -5.778056383132934570e-02 -4.389756917953491211e-02 2.613186836242675781e-03 -1.686751842498779297e-03 -7.350081205368041992e-02 -1.318431496620178223e-01 -9.456133842468261719e-02 -3.938597440719604492e-02 -1.553612947463989258e-02 2.250885963439941406e-02
-1.717149615287780762e-01 -1.681932806968688965e-01 -1.909679770469665527e-01 -1.578833460807800293e-01 -2.169990539550781250e-02 3.554248809814453125e-02 2.570033073425292969e-03 -7.920634746551513672e-02 -2.000589966773986816e-01 -2.019491791725158691e-01 -2.000286579132080078e-01 -1.712499856948852539e-01 -5.531936883926391602e-02 -4.412633180618286133e-02 -8.181810379028320312e-02 -4.823338985443115234e-02 -2.057135105133056641e-02 -1.141422986984252930e-01 -1.454496979713439941e-01 -1.329876184463500977e-01 -1.175999641418457031e-01 -9.354221820831298828e-02 -7.890242338180541992e-02 -7.235950231552124023e-02 -1.088577508926391602e-01 -2.100818753242492676e-01 -3.593435883522033691e-01 -3.223131299018859863e-01 -2.038556933403015137e-01 -4.674863815307617188e-02 3.169810771942138672e-02 1.206157207489013672e-01 2.784705162048339844e-02 2.528306245803833008e-01 4.304600954055786133e-01 4.362294673919677734e-01 4.093402624130249023e-01 3.860547542572021484e-01 4.096010923385620117e-01 2.825325727462768555e-01 4.381096363067626953e-02 -1.849266290664672852e-01 -1.608915328979492188e-01 -6.672739982604980469e-02 -1.828484535217285156e-01 -1.629837751388549805e-01 -2.058543562889099121e-01 -1.555742621421813965e-01 1.643953323364257812e-01 3.537489175796508789e-01 4.448484182357788086e-01 4.860397577285766602e-01 4.264900684356689453e-01 4.321690797805786133e-01 4.143136739730834961e-01 -4.006956815719604492e-01 -4.629170894622802734e-01 -3.652647137641906738e-01 -3.724730014801025391e-02 8.654665946960449219e-02 1.429228782653808594e-01 1.185439825057983398e-01 1.047760248184204102e-01 2.120733261108398438e-03 -4.922956228256225586e-02 8.815062046051025391e-02 1.780649423599243164e-01 1.887003183364868164e-01 1.085484027862548828e-01 -2.303325533866882324e-01 -5.241901874542236328e-01 -3.145758509635925293e-01 -2.237695455551147461e-02 4.371194839477539062e-01 6.559131145477294922e-01 4.811223745346069336e-01 4.405274391174316406e-01 3.576229810714721680e-01 2.934314012527465820e-01 1.759074926376342773e-01 -2.030377984046936035e-01 -1.792165637016296387e-01 -1.152918934822082520e-01 -3.387755155563354492e-02 1.308619976043701172e-02 -1.366415619850158691e-01 -1.033437848091125488e-01 1.005525588989257812e-01 2.863016128540039062e-01 3.801257610321044922e-01 3.751747608184814453e-01 3.730230331420898438e-01 3.452239036560058594e-01 3.348758220672607422e-01 2.876943349838256836e-01 1.085283756256103516e-01 -6.062877178192138672e-02 -8.597612380981445312e-02 -1.794626116752624512e-01 -1.823382973670959473e-01 -3.530285358428955078e-01 -3.827731609344482422e-01 -2.894087433815002441e-01 -1.200407743453979492e-01 -1.418210864067077637e-01 -1.912437081336975098e-01 -2.022289037704467773e-01 -2.043419480323791504e-01 -2.136278152465820312e-01 -2.762798070907592773e-01 -2.023865580558776855e-01 -1.529339551925659180e-01 -7.013380527496337891e-02 -3.534597158432006836e-02 -1.810282468795776367e-02 -2.180534601211547852e-02 -3.609609603881835938e-02 -2.887116670608520508e-01 -4.054595232009887695e-01 -4.460601806640625000e-01 -3.471243381500244141e-01 -3.036137223243713379e-01 -2.769531011581420898e-01 -2.807670831680297852e-01 -1.858782172203063965e-01 -6.910067796707153320e-02 -3.764206171035766602e-02 -1.815521717071533203e-02
