2.788739204406738281e-01 5.259852409362792969e-01 5.465776920318603516e-01 8.554668426513671875e-01 6.701333522796630859e-01 3.612442016601562500e-01 -1.123855113983154297e-01 -5.036449432373046875e-01 -5.242373943328857422e-01 -5.860152244567871094e-01 -4.006819725036621094e-01 -1.123855113983154297e-01 -1.329779624938964844e-01 1.117014884948730469e-02 1.759109497070312500e-01 2.788739204406738281e-01 6.907258033752441406e-01 6.083555221557617188e-01 2.788739204406738281e-01 3.176259994506835938e-02 -1.535706520080566406e-01 -1.947557926177978516e-01 -2.565336227416992188e-01 -4.212744235992431641e-01 -7.301634550094604492e-01 -6.889783143997192383e-01 -6.889783143997192383e-01 -7.301634550094604492e-01 -7.095708847045898438e-01 -5.448300838470458984e-01 -7.120037078857421875e-02 5.235528945922851562e-02 1.347258090972900391e-01 9.354043006896972656e-02 -9.422540664672851562e-03 -3.001499176025390625e-02 1.759109497070312500e-01 4.642074108123779297e-01 4.642074108123779297e-01 3.406517505645751953e-01 3.406517505645751953e-01 3.818368911743164062e-01 1.553182601928710938e-01 -4.006819725036621094e-01 -6.477930545806884766e-01 -3.594965934753417969e-01 -2.359411716461181641e-01 -5.060768127441406250e-02 -1.741633415222167969e-01 -2.565336227416992188e-01 -7.919412851333618164e-01 -5.036449432373046875e-01 1.347258090972900391e-01 1.040800094604492188e+00 1.329096317291259766e+00 1.267318725585937500e+00 1.452651977539062500e+00 1.555614948272705078e+00 1.308503866195678711e+00 -7.120037078857421875e-02 -6.272006034851074219e-01 -1.244978427886962891e+00 -6.889783143997192383e-01 -2.359411716461181641e-01 -2.977190017700195312e-01 -6.272006034851074219e-01 -1.018459916114807129e+00 -5.654227733612060547e-01 5.465776920318603516e-01 1.205540895462036133e+00 1.267318725585937500e+00 1.617393016815185547e+00 1.988059520721435547e+00 2.111615180969238281e+00 1.349689006805419922e+00 -2.153484821319580078e-01 -7.713487148284912109e-01 -9.154968261718750000e-01 -3.800892829895019531e-01 -1.947557926177978516e-01 -2.565336227416992188e-01 -2.771263122558593750e-01 -4.624595642089843750e-01 -2.153484821319580078e-01 -1.947557926177978516e-01 4.436147212982177734e-01 5.877628326416015625e-01 8.760592937469482422e-01 7.936890125274658203e-01 5.465776920318603516e-01 -5.060768127441406250e-02 -4.006819725036621094e-01 -7.713487148284912109e-01 -3.389041423797607422e-01 -2.771263122558593750e-01 -5.448300838470458984e-01 1.759109497070312500e-01 -9.422540664672851562e-03 -3.594965934753417969e-01 -4.830522537231445312e-01 -2.153484821319580078e-01 7.294797897338867188e-02 1.117014884948730469e-02 5.235528945922851562e-02 -3.001499176025390625e-02 -9.179282188415527344e-02 -1.535706520080566406e-01 5.235528945922851562e-02 1.141331195831298828e-01 -1.741633415222167969e-01 -4.624595642089843750e-01 -5.860152244567871094e-01 2.788739204406738281e-01 -3.001499176025390625e-02 -4.006819725036621094e-01 -4.006819725036621094e-01 -2.771263122558593750e-01 -1.947557926177978516e-01 -1.535706520080566406e-01 -5.060768127441406250e-02 -7.120037078857421875e-02 1.347258090972900391e-01 3.818368911743164062e-01 7.294797897338867188e-02 -7.120037078857421875e-02 -3.183114528656005859e-01 -5.036449432373046875e-01 -1.018459916114807129e+00
3.612442016601562500e-01 3.200590610504150391e-01 3.406517505645751953e-01 5.259852409362792969e-01 4.024295806884765625e-01 4.436147212982177734e-01 3.612442016601562500e-01 3.818368911743164062e-01 2.376887798309326172e-01 1.965036392211914062e-01 2.994666099548339844e-01 2.170960903167724609e-01 5.235528945922851562e-02 -2.565336227416992188e-01 -2.565336227416992188e-01 -1.741633415222167969e-01 5.053925514221191406e-01 5.465776920318603516e-01 2.582812309265136719e-01 -3.183114528656005859e-01 -5.654227733612060547e-01 -9.978673458099365234e-01 -1.389126658439636230e+00 -1.471497058868408203e+00 -1.203793287277221680e+00 -7.301634550094604492e-01 -4.212744235992431641e-01 1.117014884948730469e-02 -9.179282188415527344e-02 -1.123855113983154297e-01 -2.153484821319580078e-01 -1.741633415222167969e-01 -7.120037078857421875e-02 -2.565336227416992188e-01 -2.153484821319580078e-01 -4.006819725036621094e-01 -2.771263122558593750e-01 -1.535706520080566406e-01 -5.860152244567871094e-01 -1.327348947525024414e+00 -1.677423119544982910e+00 -1.656830549240112305e+00 -1.286163687705993652e+00 -8.331265449523925781e-01 -4.006819725036621094e-01 -2.565336227416992188e-01 -3.594965934753417969e-01 -9.179282188415527344e-02 1.553182601928710938e-01 4.436147212982177734e-01 9.378371238708496094e-01 1.555614948272705078e+00 1.720355987548828125e+00 1.967467308044433594e+00 1.226133584976196289e+00 -3.389041423797607422e-01 -1.265571117401123047e+00 -1.553867459297180176e+00 -1.512682318687438965e+00 -7.095708847045898438e-01 -4.418671131134033203e-01 -4.624595642089843750e-01 1.117014884948730469e-02 1.141331195831298828e-01 3.200590610504150391e-01 7.113184928894042969e-01 1.040800094604492188e+00 1.226133584976196289e+00 1.287911415100097656e+00 1.020207405090332031e+00 2.788739204406738281e-01 -3.800892829895019531e-01 -1.121422886848449707e+00 -1.327348947525024414e+00 -1.121422886848449707e+00 -4.624595642089843750e-01 -3.594965934753417969e-01 -3.183114528656005859e-01 1.553182601928710938e-01 2.582812309265136719e-01 5.671703815460205078e-01 7.525036334991455078e-01 9.996149539947509766e-01 8.760592937469482422e-01 3.200590610504150391e-01 -3.389041423797607422e-01 -6.477930545806884766e-01 -1.039052486419677734e+00 -9.154968261718750000e-01 -7.301634550094604492e-01 -5.654227733612060547e-01 -4.830522537231445312e-01 -2.771263122558593750e-01 -1.741633415222167969e-01 -7.120037078857421875e-02 7.294797897338867188e-02 6.701333522796630859e-01 5.877628326416015625e-01 5.465776920318603516e-01 4.024295806884765625e-01 3.612442016601562500e-01 2.376887798309326172e-01 1.347258090972900391e-01 1.965036392211914062e-01 4.230220317840576172e-01 6.083555221557617188e-01 5.465776920318603516e-01 4.847998619079589844e-01 3.200590610504150391e-01 1.141331195831298828e-01 1.759109497070312500e-01 7.294797897338867188e-02 7.294797897338867188e-02 -9.422540664672851562e-03 3.176259994506835938e-02 9.354043006896972656e-02 1.553182601928710938e-01 4.024295806884765625e-01 6.701333522796630859e-01 5.465776920318603516e-01 5.671703815460205078e-01 5.465776920318603516e-01 3.818368911743164062e-01 1.141331195831298828e-01 -5.060768127441406250e-02 -5.060768127441406250e-02 5.235528945922851562e-02 5.235528945922851562e-02
1.759109497070312500e-01 1.759109497070312500e-01 3.818368911743164062e-01 2.170960903167724609e-01 5.235528945922851562e-02 -5.060768127441406250e-02 -2.153484821319580078e-01 -3.800892829895019531e-01 -5.242373943328857422e-01 -6.683857440948486328e-01 -4.624595642089843750e-01 -2.977190017700195312e-01 -1.329779624938964844e-01 1.117014884948730469e-02 1.347258090972900391e-01 1.553182601928710938e-01 1.759109497070312500e-01 -1.329779624938964844e-01 -4.006819725036621094e-01 -4.418671131134033203e-01 -4.006819725036621094e-01 -4.418671131134033203e-01 -5.448300838470458984e-01 -4.624595642089843750e-01 -3.800892829895019531e-01 -7.120037078857421875e-02 -9.179282188415527344e-02 -2.153484821319580078e-01 -3.389041423797607422e-01 -2.153484821319580078e-01 3.176259994506835938e-02 2.376887798309326172e-01 -4.624595642089843750e-01 -6.066079139709472656e-01 -6.889783143997192383e-01 3.176259994506835938e-02 3.612442016601562500e-01 4.230220317840576172e-01 2.788739204406738281e-01 3.406517505645751953e-01 5.053925514221191406e-01 5.877628326416015625e-01 6.083555221557617188e-01 4.642074108123779297e-01 3.200590610504150391e-01 -5.060768127441406250e-02 -2.565336227416992188e-01 -7.120037078857421875e-02 1.965036392211914062e-01 7.113184928894042969e-01 1.370281696319580078e+00 1.905689239501953125e+00 1.885096549987792969e+00 1.740948677062988281e+00 1.370281696319580078e+00 1.885096549987792969e+00 1.967467308044433594e+00 7.730963230133056641e-01 -1.741633415222167969e-01 -3.389041423797607422e-01 -4.212744235992431641e-01 -2.977190017700195312e-01 -3.594965934753417969e-01 -3.183114528656005859e-01 5.053925514221191406e-01 8.554668426513671875e-01 1.184948444366455078e+00 1.473244667053222656e+00 1.432059288024902344e+00 9.996149539947509766e-01 6.701333522796630859e-01 -3.594965934753417969e-01 -1.347941517829895020e+00 -1.142015457153320312e+00 -5.448300838470458984e-01 2.788739204406738281e-01 6.495406627655029297e-01 6.907258033752441406e-01 6.495406627655029297e-01 3.406517505645751953e-01 -3.001499176025390625e-02 -3.001499176025390625e-02 -9.179282188415527344e-02 -2.153484821319580078e-01 -5.448300838470458984e-01 -7.713487148284912109e-01 -1.121422886848449707e+00 -8.743116855621337891e-01 -1.535706520080566406e-01 6.289482116699218750e-01 1.349689006805419922e+00 1.246726036071777344e+00 9.996149539947509766e-01 5.671703815460205078e-01 5.053925514221191406e-01 2.788739204406738281e-01 -4.212744235992431641e-01 -2.771263122558593750e-01 -3.800892829895019531e-01 -2.565336227416992188e-01 -3.389041423797607422e-01 -6.683857440948486328e-01 -9.978673458099365234e-01 -1.018459916114807129e+00 -9.154968261718750000e-01 -6.889783143997192383e-01 -5.242373943328857422e-01 -5.036449432373046875e-01 -4.830522537231445312e-01 -3.800892829895019531e-01 -3.594965934753417969e-01 -1.329779624938964844e-01 -3.183114528656005859e-01 -3.800892829895019531e-01 -2.771263122558593750e-01 -1.123855113983154297e-01 -1.535706520080566406e-01 -5.060768127441406250e-02 -3.594965934753417969e-01 -5.654227733612060547e-01 -5.860152244567871094e-01 -8.125338554382324219e-01 -7.713487148284912109e-01 -5.654227733612060547e-01 -3.183114528656005859e-01 -2.153484821319580078e-01 -3.389041423797607422e-01 -2.359411716461181641e-01
-1.123855113983154297e-01 -1.329779624938964844e-01 -2.153484821319580078e-01 -2.359411716461181641e-01 -2.565336227416992188e-01 -4.418671131134033203e-01 -6.477930545806884766e-01 -5.036449432373046875e-01 -1.741633415222167969e-01 -5.060768127441406250e-02 -9.179282188415527344e-02 -1.329779624938964844e-01 -2.565336227416992188e-01 -3.389041423797607422e-01 -6.683857440948486328e-01 -8.537191152572631836e-01 -3.001499176025390625e-02 -1.535706520080566406e-01 -9.179282188415527344e-02 7.294797897338867188e-02 9.354043006896972656e-02 -1.123855113983154297e-01 -1.123855113983154297e-01 -2.153484821319580078e-01 -3.183114528656005859e-01 -4.418671131134033203e-01 -4.830522537231445312e-01 -1.123855113983154297e-01 1.117014884948730469e-02 1.117014884948730469e-02 -1.329779624938964844e-01 -5.242373943328857422e-01 7.730963230133056641e-01 1.020207405090332031e+00 1.267318725585937500e+00 1.452651977539062500e+00 1.473244667053222656e+00 1.287911415100097656e+00 1.123170614242553711e+00 7.525036334991455078e-01 1.141331195831298828e-01 -1.535706520080566406e-01 -5.060768127441406250e-02 -3.001499176025390625e-02 -1.329779624938964844e-01 -7.120037078857421875e-02 -3.183114528656005859e-01 -4.624595642089843750e-01 4.024295806884765625e-01 8.554668426513671875e-01 1.246726036071777344e+00 1.555614948272705078e+00 1.658577919006347656e+00 1.535022735595703125e+00 8.142814636230468750e-01 -8.743116855621337891e-01 -1.430311918258666992e+00 -1.389126658439636230e+00 -7.507560253143310547e-01 2.788739204406738281e-01 8.348741531372070312e-01 6.289482116699218750e-01 4.230220317840576172e-01 7.294797897338867188e-02 2.170960903167724609e-01 5.877628326416015625e-01 1.102577924728393555e+00 1.411467075347900391e+00 1.432059288024902344e+00 1.452651977539062500e+00 8.554668426513671875e-01 -4.830522537231445312e-01 -1.100830316543579102e+00 -1.389126658439636230e+00 -1.162608146667480469e+00 -7.507560253143310547e-01 -4.830522537231445312e-01 -3.389041423797607422e-01 -3.800892829895019531e-01 -4.830522537231445312e-01 -7.120037078857421875e-02 -9.179282188415527344e-02 2.788739204406738281e-01 8.966519832611083984e-01 1.287911415100097656e+00 1.308503866195678711e+00 1.164355754852294922e+00 1.205540895462036133e+00 9.378371238708496094e-01 3.406517505645751953e-01 -1.329779624938964844e-01 -2.977190017700195312e-01 -4.212744235992431641e-01 -4.830522537231445312e-01 -6.066079139709472656e-01 -7.301634550094604492e-01 -4.212744235992431641e-01 -5.654227733612060547e-01 -8.537191152572631836e-01 -1.080237627029418945e+00 -7.095708847045898438e-01 -3.800892829895019531e-01 -7.120037078857421875e-02 7.294797897338867188e-02 -3.001499176025390625e-02 -2.153484821319580078e-01 -9.179282188415527344e-02 -2.359411716461181641e-01 -2.153484821319580078e-01 -4.212744235992431641e-01 -5.448300838470458984e-01 -6.066079139709472656e-01 -1.535706520080566406e-01 -7.120037078857421875e-02 -3.183114528656005859e-01 -5.860152244567871094e-01 -6.683857440948486328e-01 -7.095708847045898438e-01 -7.507560253143310547e-01 -5.448300838470458984e-01 -3.800892829895019531e-01 -3.183114528656005859e-01 -1.535706520080566406e-01 3.176259994506835938e-02 1.117014884948730469e-02 -9.179282188415527344e-02 -5.060768127441406250e-02 -9.422540664672851562e-03
-4.418671131134033203e-01 -2.359411716461181641e-01 -1.535706520080566406e-01 1.141331195831298828e-01 2.788739204406738281e-01 3.818368911743164062e-01 3.818368911743164062e-01 3.612442016601562500e-01 3.406517505645751953e-01 3.818368911743164062e-01 1.965036392211914062e-01 -5.060768127441406250e-02 -2.153484821319580078e-01 -2.153484821319580078e-01 -2.359411716461181641e-01 -1.947557926177978516e-01 5.465776920318603516e-01 7.936890125274658203e-01 8.760592937469482422e-01 1.020207405090332031e+00 1.184948444366455078e+00 1.102577924728393555e+00 1.061392784118652344e+00 8.554668426513671875e-01 7.113184928894042969e-01 6.495406627655029297e-01 6.907258033752441406e-01 7.730963230133056641e-01 6.495406627655029297e-01 5.465776920318603516e-01 2.376887798309326172e-01 9.354043006896972656e-02 5.877628326416015625e-01 8.966519832611083984e-01 9.996149539947509766e-01 1.184948444366455078e+00 1.040800094604492188e+00 7.319111824035644531e-01 1.759109497070312500e-01 -4.830522537231445312e-01 -8.949042558670043945e-01 -6.889783143997192383e-01 -7.120037078857421875e-02 1.965036392211914062e-01 5.053925514221191406e-01 6.907258033752441406e-01 9.172444343566894531e-01 5.671703815460205078e-01 -9.179282188415527344e-02 3.818368911743164062e-01 4.024295806884765625e-01 7.113184928894042969e-01 5.877628326416015625e-01 -1.329779624938964844e-01 -7.507560253143310547e-01 -7.713487148284912109e-01 -9.179282188415527344e-02 1.040800094604492188e+00 1.452651977539062500e+00 1.782133579254150391e+00 1.576207637786865234e+00 1.349689006805419922e+00 7.730963230133056641e-01 4.024295806884765625e-01 -7.095708847045898438e-01 -7.507560253143310547e-01 -3.800892829895019531e-01 -9.422540664672851562e-03 -3.594965934753417969e-01 -8.125338554382324219e-01 -4.006819725036621094e-01 1.061392784118652344e+00 1.287911415100097656e+00 7.525036334991455078e-01 2.788739204406738281e-01 3.200590610504150391e-01 3.200590610504150391e-01 4.847998619079589844e-01 3.612442016601562500e-01 -9.422540664672851562e-03 -8.331265449523925781e-01 -6.889783143997192383e-01 -5.448300838470458984e-01 -7.919412851333618164e-01 -9.154968261718750000e-01 -1.080237627029418945e+00 -1.162608146667480469e+00 -1.327348947525024414e+00 -1.512682318687438965e+00 -1.574460029602050781e+00 -1.450904488563537598e+00 -1.286163687705993652e+00 -8.125338554382324219e-01 -9.566820859909057617e-01 -8.125338554382324219e-01 -6.889783143997192383e-01 1.347258090972900391e-01 3.406517505645751953e-01 -9.422540664672851562e-03 -2.359411716461181641e-01 -5.654227733612060547e-01 -7.301634550094604492e-01 -9.566820859909057617e-01 -1.162608146667480469e+00 -1.162608146667480469e+00 -9.978673458099365234e-01 -8.331265449523925781e-01 -8.537191152572631836e-01 -8.125338554382324219e-01 -5.448300838470458984e-01 -4.006819725036621094e-01 -4.624595642089843750e-01 7.294797897338867188e-02 1.759109497070312500e-01 3.200590610504150391e-01 4.436147212982177734e-01 4.847998619079589844e-01 4.436147212982177734e-01 2.582812309265136719e-01 3.176259994506835938e-02 -3.001499176025390625e-02 -1.535706520080566406e-01 -2.977190017700195312e-01 -1.947557926177978516e-01 -2.771263122558593750e-01 -2.771263122558593750e-01 -3.183114528656005859e-01 -2.977190017700195312e-01
-3.183114528656005859e-01 -3.594965934753417969e-01 -3.389041423797607422e-01 -1.741633415222167969e-01 -5.060768127441406250e-02 -5.060768127441406250e-02 9.354043006896972656e-02 7.294797897338867188e-02 -9.422540664672851562e-03 -7.120037078857421875e-02 -9.422540664672851562e-03 1.553182601928710938e-01 -1.123855113983154297e-01 -3.001499176025390625e-02 -1.535706520080566406e-01 -7.120037078857421875e-02 1.347258090972900391e-01 1.965036392211914062e-01 2.170960903167724609e-01 2.994666099548339844e-01 1.141331195831298828e-01 -1.123855113983154297e-01 -6.683857440948486328e-01 -5.654227733612060547e-01 -5.654227733612060547e-01 -3.594965934753417969e-01 -1.123855113983154297e-01 1.759109497070312500e-01 2.582812309265136719e-01 7.294797897338867188e-02 -1.329779624938964844e-01 -2.977190017700195312e-01 7.294797897338867188e-02 9.354043006896972656e-02 -9.422540664672851562e-03 1.141331195831298828e-01 -1.329779624938964844e-01 -1.741633415222167969e-01 -3.594965934753417969e-01 -1.741633415222167969e-01 1.117014884948730469e-02 3.818368911743164062e-01 7.319111824035644531e-01 1.164355754852294922e+00 1.452651977539062500e+00 1.432059288024902344e+00 1.081985235214233398e+00 4.847998619079589844e-01 1.117014884948730469e-02 -3.183114528656005859e-01 -6.272006034851074219e-01 -5.036449432373046875e-01 -9.978673458099365234e-01 -1.739200830459594727e+00 -1.924534320831298828e+00 -1.656830549240112305e+00 -1.471497058868408203e+00 -1.780386090278625488e+00 -1.945126891136169434e+00 -1.595052719116210938e+00 -2.153484821319580078e-01 2.788739204406738281e-01 3.200590610504150391e-01 3.200590610504150391e-01 6.289482116699218750e-01 5.259852409362792969e-01 -5.060768127441406250e-02 -1.741633415222167969e-01 1.141331195831298828e-01 9.172444343566894531e-01 1.637985706329345703e+00 2.235170841217041016e+00 2.214578151702880859e+00 1.246726036071777344e+00 5.877628326416015625e-01 -1.123855113983154297e-01 -5.060768127441406250e-02 -2.359411716461181641e-01 -4.006819725036621094e-01 -4.212744235992431641e-01 1.347258090972900391e-01 8.966519832611083984e-01 1.329096317291259766e+00 1.782133579254150391e+00 1.720355987548828125e+00 1.452651977539062500e+00 9.996149539947509766e-01 4.230220317840576172e-01 -5.060768127441406250e-02 -3.183114528656005859e-01 -2.359411716461181641e-01 -1.741633415222167969e-01 -1.329779624938964844e-01 -1.741633415222167969e-01 -1.329779624938964844e-01 -4.006819725036621094e-01 1.759109497070312500e-01 -2.977190017700195312e-01 -4.418671131134033203e-01 -4.830522537231445312e-01 -9.179282188415527344e-02 2.376887798309326172e-01 2.170960903167724609e-01 9.354043006896972656e-02 9.354043006896972656e-02 3.176259994506835938e-02 -9.422540664672851562e-03 5.235528945922851562e-02 -5.060768127441406250e-02 7.294797897338867188e-02 -9.422540664672851562e-03 -3.183114528656005859e-01 2.376887798309326172e-01 1.117014884948730469e-02 -2.153484821319580078e-01 -4.006819725036621094e-01 -5.036449432373046875e-01 -6.272006034851074219e-01 -5.036449432373046875e-01 -5.654227733612060547e-01 -3.800892829895019531e-01 -2.153484821319580078e-01 -2.771263122558593750e-01 -1.535706520080566406e-01 -2.359411716461181641e-01 -2.153484821319580078e-01 -3.389041423797607422e-01 -5.654227733612060547e-01
3.818368911743164062e-01 5.465776920318603516e-01 5.259852409362792969e-01 4.024295806884765625e-01 2.994666099548339844e-01 2.582812309265136719e-01 1.553182601928710938e-01 7.294797897338867188e-02 -1.329779624938964844e-01 -1.123855113983154297e-01 -2.359411716461181641e-01 -1.329779624938964844e-01 -1.329779624938964844e-01 -3.183114528656005859e-01 -2.565336227416992188e-01 -1.123855113983154297e-01 5.259852409362792969e-01 5.671703815460205078e-01 3.406517505645751953e-01 7.294797897338867188e-02 -9.179282188415527344e-02 -7.120037078857421875e-02 1.553182601928710938e-01 1.553182601928710938e-01 9.354043006896972656e-02 7.294797897338867188e-02 -1.123855113983154297e-01 -4.006819725036621094e-01 -5.448300838470458984e-01 -5.036449432373046875e-01 -1.123855113983154297e-01 -9.422540664672851562e-03 1.141331195831298828e-01 5.235528945922851562e-02 -1.123855113983154297e-01 -5.060768127441406250e-02 2.582812309265136719e-01 8.348741531372070312e-01 1.081985235214233398e+00 9.996149539947509766e-01 1.123170614242553711e+00 1.246726036071777344e+00 1.699763298034667969e+00 1.740948677062988281e+00 1.205540895462036133e+00 6.701333522796630859e-01 7.294797897338867188e-02 4.024295806884765625e-01 -1.535706520080566406e-01 -8.537191152572631836e-01 -8.537191152572631836e-01 1.141331195831298828e-01 7.294797897338867188e-02 -2.977190017700195312e-01 -4.006819725036621094e-01 -9.566820859909057617e-01 -5.036449432373046875e-01 -2.153484821319580078e-01 5.877628326416015625e-01 1.205540895462036133e+00 1.823318958282470703e+00 1.885096549987792969e+00 1.617393016815185547e+00 1.205540895462036133e+00 -8.125338554382324219e-01 -1.636237859725952148e+00 -1.286163687705993652e+00 -8.537191152572631836e-01 -1.347941517829895020e+00 -1.636237859725952148e+00 -1.409719228744506836e+00 -6.889783143997192383e-01 -2.153484821319580078e-01 -4.830522537231445312e-01 -8.331265449523925781e-01 -1.100830316543579102e+00 -7.301634550094604492e-01 -1.329779624938964844e-01 -5.060768127441406250e-02 7.294797897338867188e-02 -4.418671131134033203e-01 -7.713487148284912109e-01 -1.080237627029418945e+00 -6.066079139709472656e-01 -2.565336227416992188e-01 -7.120037078857421875e-02 1.759109497070312500e-01 8.348741531372070312e-01 9.790222644805908203e-01 6.083555221557617188e-01 1.117014884948730469e-02 -4.624595642089843750e-01 -6.477930545806884766e-01 -4.624595642089843750e-01 -5.448300838470458984e-01 -5.036449432373046875e-01 1.347258090972900391e-01 -9.422540664672851562e-03 -1.741633415222167969e-01 -5.242373943328857422e-01 -1.741633415222167969e-01 -9.179282188415527344e-02 -1.329779624938964844e-01 -1.123855113983154297e-01 -5.060768127441406250e-02 -9.179282188415527344e-02 -2.565336227416992188e-01 -4.006819725036621094e-01 -3.594965934753417969e-01 -1.123855113983154297e-01 1.553182601928710938e-01 1.117014884948730469e-02 8.554668426513671875e-01 6.701333522796630859e-01 3.818368911743164062e-01 1.965036392211914062e-01 -3.001499176025390625e-02 3.176259994506835938e-02 -1.535706520080566406e-01 -2.565336227416992188e-01 -2.359411716461181641e-01 -2.359411716461181641e-01 -1.947557926177978516e-01 -2.153484821319580078e-01 -2.153484821319580078e-01 -7.120037078857421875e-02 1.117014884948730469e-02 -7.120037078857421875e-02
-1.741633415222167969e-01 -2.771263122558593750e-01 -2.153484821319580078e-01 -3.183114528656005859e-01 -5.036449432373046875e-01 -5.654227733612060547e-01 -5.654227733612060547e-01 -4.418671131134033203e-01 -3.800892829895019531e-01 -6.066079139709472656e-01 -5.860152244567871094e-01 -5.448300838470458984e-01 -2.565336227416992188e-01 -9.179282188415527344e-02 -1.123855113983154297e-01 5.235528945922851562e-02 -6.477930545806884766e-01 -7.301634550094604492e-01 -6.889783143997192383e-01 -9.978673458099365234e-01 -1.142015457153320312e+00 -8.949042558670043945e-01 -7.301634550094604492e-01 -4.830522537231445312e-01 -7.507560253143310547e-01 -8.537191152572631836e-01 -8.743116855621337891e-01 -6.272006034851074219e-01 -4.624595642089843750e-01 -3.594965934753417969e-01 -4.006819725036621094e-01 -3.594965934753417969e-01 -5.448300838470458984e-01 -7.507560253143310547e-01 -6.066079139709472656e-01 -3.389041423797607422e-01 1.141331195831298828e-01 1.965036392211914062e-01 4.847998619079589844e-01 9.790222644805908203e-01 4.642074108123779297e-01 -9.422540664672851562e-03 3.176259994506835938e-02 -1.741633415222167969e-01 -4.006819725036621094e-01 -2.153484821319580078e-01 -2.771263122558593750e-01 -3.800892829895019531e-01 9.354043006896972656e-02 4.847998619079589844e-01 1.081985235214233398e+00 1.637985706329345703e+00 1.740948677062988281e+00 1.535022735595703125e+00 1.452651977539062500e+00 1.143763065338134766e+00 -3.001499176025390625e-02 -5.448300838470458984e-01 -6.683857440948486328e-01 -4.006819725036621094e-01 -1.947557926177978516e-01 1.965036392211914062e-01 -9.422540664672851562e-03 -4.006819725036621094e-01 -3.001499176025390625e-02 4.230220317840576172e-01 9.996149539947509766e-01 1.267318725585937500e+00 1.535022735595703125e+00 1.164355754852294922e+00 5.465776920318603516e-01 -5.036449432373046875e-01 -1.947557926177978516e-01 1.117014884948730469e-02 -2.565336227416992188e-01 1.553182601928710938e-01 4.436147212982177734e-01 5.465776920318603516e-01 1.347258090972900391e-01 -5.242373943328857422e-01 3.818368911743164062e-01 5.877628326416015625e-01 6.495406627655029297e-01 5.053925514221191406e-01 1.347258090972900391e-01 -3.800892829895019531e-01 -1.142015457153320312e+00 -1.389126658439636230e+00 -1.162608146667480469e+00 -7.507560253143310547e-01 -1.535706520080566406e-01 -9.422540664672851562e-03 2.376887798309326172e-01 3.406517505645751953e-01 9.354043006896972656e-02 -3.183114528656005859e-01 -1.123855113983154297e-01 -5.060768127441406250e-02 2.788739204406738281e-01 6.083555221557617188e-01 7.730963230133056641e-01 7.936890125274658203e-01 6.083555221557617188e-01 5.671703815460205078e-01 6.289482116699218750e-01 7.525036334991455078e-01 9.172444343566894531e-01 9.378371238708496094e-01 1.102577924728393555e+00 1.020207405090332031e+00 7.525036334991455078e-01 1.759109497070312500e-01 -4.006819725036621094e-01 -2.977190017700195312e-01 -1.123855113983154297e-01 9.354043006896972656e-02 3.612442016601562500e-01 4.230220317840576172e-01 4.024295806884765625e-01 7.936890125274658203e-01 5.877628326416015625e-01 6.289482116699218750e-01 4.436147212982177734e-01 3.406517505645751953e-01 -9.179282188415527344e-02 -2.359411716461181641e-01 -5.860152244567871094e-01 -8.743116855621337891e-01
9.790222644805908203e-01 8.348741531372070312e-01 7.525036334991455078e-01 7.319111824035644531e-01 5.053925514221191406e-01 4.024295806884765625e-01 2.582812309265136719e-01 -1.535706520080566406e-01 -2.153484821319580078e-01 -2.153484821319580078e-01 -1.535706520080566406e-01 -1.329779624938964844e-01 -1.123855113983154297e-01 1.117014884948730469e-02 1.141331195831298828e-01 3.406517505645751953e-01 4.847998619079589844e-01 2.376887798309326172e-01 2.170960903167724609e-01 -1.947557926177978516e-01 -5.060768127441406250e-02 5.235528945922851562e-02 3.200590610504150391e-01 1.965036392211914062e-01 3.200590610504150391e-01 2.170960903167724609e-01 -3.001499176025390625e-02 -1.947557926177978516e-01 -5.036449432373046875e-01 -5.036449432373046875e-01 -4.418671131134033203e-01 -4.830522537231445312e-01 3.176259994506835938e-02 -4.212744235992431641e-01 -2.565336227416992188e-01 -1.947557926177978516e-01 4.024295806884765625e-01 8.554668426513671875e-01 1.040800094604492188e+00 1.287911415100097656e+00 1.308503866195678711e+00 1.143763065338134766e+00 5.259852409362792969e-01 -3.001499176025390625e-02 -2.977190017700195312e-01 -1.535706520080566406e-01 -5.242373943328857422e-01 -8.331265449523925781e-01 4.024295806884765625e-01 2.582812309265136719e-01 4.847998619079589844e-01 -5.448300838470458984e-01 -8.743116855621337891e-01 -1.389126658439636230e+00 -1.142015457153320312e+00 -2.359411716461181641e-01 4.436147212982177734e-01 -2.771263122558593750e-01 -8.949042558670043945e-01 -1.244978427886962891e+00 -1.121422886848449707e+00 -4.418671131134033203e-01 -3.594965934753417969e-01 -6.272006034851074219e-01 -3.001499176025390625e-02 1.117014884948730469e-02 4.436147212982177734e-01 -4.212744235992431641e-01 -1.286163687705993652e+00 -1.759793519973754883e+00 -1.286163687705993652e+00 -6.889783143997192383e-01 -4.006819725036621094e-01 -9.360895156860351562e-01 -1.347941517829895020e+00 -1.286163687705993652e+00 -1.100830316543579102e+00 -1.741633415222167969e-01 1.553182601928710938e-01 1.759109497070312500e-01 -7.919412851333618164e-01 -7.507560253143310547e-01 -4.418671131134033203e-01 2.170960903167724609e-01 3.612442016601562500e-01 6.907258033752441406e-01 1.123170614242553711e+00 1.596800327301025391e+00 1.514430046081542969e+00 8.554668426513671875e-01 6.701333522796630859e-01 2.582812309265136719e-01 -1.329779624938964844e-01 -5.860152244567871094e-01 -5.036449432373046875e-01 -9.422540664672851562e-03 2.376887798309326172e-01 1.117014884948730469e-02 -1.535706520080566406e-01 -3.183114528656005859e-01 1.141331195831298828e-01 2.994666099548339844e-01 3.818368911743164062e-01 2.994666099548339844e-01 2.376887798309326172e-01 1.759109497070312500e-01 5.235528945922851562e-02 -1.535706520080566406e-01 -1.741633415222167969e-01 -1.123855113983154297e-01 -1.741633415222167969e-01 5.235528945922851562e-02 7.730963230133056641e-01 6.083555221557617188e-01 6.701333522796630859e-01 4.642074108123779297e-01 5.235528945922851562e-02 -9.179282188415527344e-02 -3.389041423797607422e-01 -4.006819725036621094e-01 -2.359411716461181641e-01 -1.123855113983154297e-01 1.141331195831298828e-01 1.759109497070312500e-01 -1.535706520080566406e-01 5.235528945922851562e-02 2.376887798309326172e-01 3.200590610504150391e-01
2.376887798309326172e-01 3.612442016601562500e-01 5.259852409362792969e-01 5.259852409362792969e-01 5.259852409362792969e-01 4.230220317840576172e-01 1.141331195831298828e-01 -3.001499176025390625e-02 -5.060768127441406250e-02 -1.329779624938964844e-01 -7.120037078857421875e-02 5.235528945922851562e-02 4.230220317840576172e-01 3.406517505645751953e-01 3.200590610504150391e-01 3.200590610504150391e-01 5.235528945922851562e-02 1.117014884948730469e-02 -9.179282188415527344e-02 -2.565336227416992188e-01 -4.624595642089843750e-01 -4.830522537231445312e-01 -3.183114528656005859e-01 -2.153484821319580078e-01 -1.329779624938964844e-01 -9.179282188415527344e-02 -3.389041423797607422e-01 -4.418671131134033203e-01 -4.830522537231445312e-01 -1.947557926177978516e-01 5.235528945922851562e-02 2.170960903167724609e-01 -4.830522537231445312e-01 -3.389041423797607422e-01 -2.359411716461181641e-01 -9.179282188415527344e-02 -9.422540664672851562e-03 3.406517505645751953e-01 5.877628326416015625e-01 8.142814636230468750e-01 7.525036334991455078e-01 6.289482116699218750e-01 2.994666099548339844e-01 9.354043006896972656e-02 -6.477930545806884766e-01 -6.272006034851074219e-01 -2.977190017700195312e-01 1.347258090972900391e-01 -2.153484821319580078e-01 5.235528945922851562e-02 2.994666099548339844e-01 5.235528945922851562e-02 -4.624595642089843750e-01 -9.360895156860351562e-01 -1.080237627029418945e+00 -2.359411716461181641e-01 5.235528945922851562e-02 -3.001499176025390625e-02 -4.418671131134033203e-01 -8.331265449523925781e-01 -1.389126658439636230e+00 -2.048089981079101562e+00 -1.821571350097656250e+00 -9.566820859909057617e-01 9.584298133850097656e-01 1.246726036071777344e+00 1.885096549987792969e+00 2.235170841217041016e+00 1.473244667053222656e+00 1.965036392211914062e-01 -9.154968261718750000e-01 -1.450904488563537598e+00 -1.306756258010864258e+00 -7.301634550094604492e-01 -2.565336227416992188e-01 -4.624595642089843750e-01 -6.272006034851074219e-01 -1.327348947525024414e+00 -1.389126658439636230e+00 -6.683857440948486328e-01 5.053925514221191406e-01 7.113184928894042969e-01 1.040800094604492188e+00 1.761541366577148438e+00 2.338133811950683594e+00 2.193985939025878906e+00 1.782133579254150391e+00 1.493837356567382812e+00 1.184948444366455078e+00 1.020207405090332031e+00 5.465776920318603516e-01 2.582812309265136719e-01 -1.535706520080566406e-01 -2.359411716461181641e-01 -2.153484821319580078e-01 -2.977190017700195312e-01 1.553182601928710938e-01 -1.741633415222167969e-01 -5.654227733612060547e-01 -6.477930545806884766e-01 -6.272006034851074219e-01 -3.800892829895019531e-01 -9.179282188415527344e-02 -1.947557926177978516e-01 -2.153484821319580078e-01 -1.535706520080566406e-01 -1.947557926177978516e-01 -2.565336227416992188e-01 -7.120037078857421875e-02 -5.060768127441406250e-02 -5.060768127441406250e-02 1.117014884948730469e-02 -1.329779624938964844e-01 -5.060768127441406250e-02 -1.741633415222167969e-01 -1.947557926177978516e-01 -1.535706520080566406e-01 -1.329779624938964844e-01 -1.535706520080566406e-01 -2.153484821319580078e-01 -1.535706520080566406e-01 -5.060768127441406250e-02 -9.422540664672851562e-03 5.235528945922851562e-02 5.235528945922851562e-02 5.235528945922851562e-02 7.294797897338867188e-02 -9.422540664672851562e-03
5.235528945922851562e-02 -7.120037078857421875e-02 -7.120037078857421875e-02 -9.422540664672851562e-03 5.235528945922851562e-02 1.141331195831298828e-01 5.235528945922851562e-02 3.406517505645751953e-01 3.612442016601562500e-01 3.612442016601562500e-01 4.024295806884765625e-01 3.612442016601562500e-01 2.376887798309326172e-01 1.141331195831298828e-01 1.117014884948730469e-02 -1.123855113983154297e-01 4.024295806884765625e-01 5.259852409362792969e-01 5.053925514221191406e-01 6.701333522796630859e-01 5.259852409362792969e-01 5.671703815460205078e-01 3.406517505645751953e-01 1.965036392211914062e-01 5.235528945922851562e-02 2.376887798309326172e-01 6.083555221557617188e-01 6.495406627655029297e-01 8.348741531372070312e-01 7.525036334991455078e-01 5.465776920318603516e-01 3.818368911743164062e-01 5.053925514221191406e-01 6.701333522796630859e-01 3.818368911743164062e-01 5.053925514221191406e-01 7.294797897338867188e-02 -6.683857440948486328e-01 -1.450904488563537598e+00 -1.965719461441040039e+00 -1.945126891136169434e+00 -1.800978660583496094e+00 -1.244978427886962891e+00 -3.800892829895019531e-01 2.788739204406738281e-01 6.495406627655029297e-01 6.289482116699218750e-01 6.701333522796630859e-01 4.230220317840576172e-01 6.495406627655029297e-01 9.584298133850097656e-01 8.142814636230468750e-01 1.117014884948730469e-02 -7.713487148284912109e-01 -1.203793287277221680e+00 -1.018459916114807129e+00 -1.492089748382568359e+00 -1.656830549240112305e+00 -1.347941517829895020e+00 -8.743116855621337891e-01 9.354043006896972656e-02 6.083555221557617188e-01 5.671703815460205078e-01 6.907258033752441406e-01 5.259852409362792969e-01 5.259852409362792969e-01 2.994666099548339844e-01 -1.329779624938964844e-01 -8.743116855621337891e-01 -8.331265449523925781e-01 -5.060768127441406250e-02 1.679170608520507812e+00 1.720355987548828125e+00 -3.001499176025390625e-02 -1.162608146667480469e+00 -9.978673458099365234e-01 -4.830522537231445312e-01 1.141331195831298828e-01 4.847998619079589844e-01 7.113184928894042969e-01 9.354043006896972656e-02 -9.179282188415527344e-02 -1.535706520080566406e-01 -3.800892829895019531e-01 -6.889783143997192383e-01 -7.919412851333618164e-01 -5.242373943328857422e-01 3.176259994506835938e-02 2.994666099548339844e-01 -1.741633415222167969e-01 -5.242373943328857422e-01 -7.301634550094604492e-01 -5.860152244567871094e-01 -2.359411716461181641e-01 1.759109497070312500e-01 4.230220317840576172e-01 1.965036392211914062e-01 1.553182601928710938e-01 2.582812309265136719e-01 1.759109497070312500e-01 -1.535706520080566406e-01 -5.036449432373046875e-01 -8.331265449523925781e-01 -8.537191152572631836e-01 -8.537191152572631836e-01 -5.860152244567871094e-01 -7.919412851333618164e-01 -5.448300838470458984e-01 -3.389041423797607422e-01 -2.771263122558593750e-01 -3.001499176025390625e-02 5.235528945922851562e-02 -9.422540664672851562e-03 -5.060768127441406250e-02 7.294797897338867188e-02 2.376887798309326172e-01 3.612442016601562500e-01 4.642074108123779297e-01 5.053925514221191406e-01 4.642074108123779297e-01 3.200590610504150391e-01 1.553182601928710938e-01 1.141331195831298828e-01 1.553182601928710938e-01 2.170960903167724609e-01 2.582812309265136719e-01 2.376887798309326172e-01 3.200590610504150391e-01
-7.120037078857421875e-02 -2.565336227416992188e-01 -6.477930545806884766e-01 -9.566820859909057617e-01 -9.772746562957763672e-01 -9.566820859909057617e-01 -6.683857440948486328e-01 -4.212744235992431641e-01 -3.183114528656005859e-01 1.117014884948730469e-02 4.230220317840576172e-01 6.083555221557617188e-01 9.172444343566894531e-01 1.020207405090332031e+00 1.061392784118652344e+00 8.348741531372070312e-01 -6.272006034851074219e-01 -6.272006034851074219e-01 -3.594965934753417969e-01 -2.153484821319580078e-01 -1.329779624938964844e-01 -1.947557926177978516e-01 -4.830522537231445312e-01 -4.418671131134033203e-01 -4.830522537231445312e-01 -4.624595642089843750e-01 -4.212744235992431641e-01 -7.095708847045898438e-01 -2.359411716461181641e-01 -1.741633415222167969e-01 -9.179282188415527344e-02 2.994666099548339844e-01 1.184948444366455078e+00 8.760592937469482422e-01 8.966519832611083984e-01 2.788739204406738281e-01 -1.535706520080566406e-01 -1.329779624938964844e-01 3.176259994506835938e-02 9.378371238708496094e-01 1.329096317291259766e+00 1.267318725585937500e+00 6.701333522796630859e-01 9.354043006896972656e-02 -7.120037078857421875e-02 -6.477930545806884766e-01 -7.919412851333618164e-01 -7.919412851333618164e-01 9.790222644805908203e-01 8.760592937469482422e-01 5.053925514221191406e-01 -1.329779624938964844e-01 -9.772746562957763672e-01 -6.272006034851074219e-01 -9.179282188415527344e-02 3.406517505645751953e-01 5.053925514221191406e-01 -1.535706520080566406e-01 -8.125338554382324219e-01 -7.507560253143310547e-01 -6.272006034851074219e-01 -6.066079139709472656e-01 -3.594965934753417969e-01 -4.212744235992431641e-01 2.994666099548339844e-01 4.436147212982177734e-01 3.176259994506835938e-02 -6.066079139709472656e-01 -1.039052486419677734e+00 -6.889783143997192383e-01 -9.422540664672851562e-03 4.847998619079589844e-01 3.818368911743164062e-01 -5.242373943328857422e-01 -1.265571117401123047e+00 -1.224385857582092285e+00 -7.919412851333618164e-01 -8.331265449523925781e-01 -9.422540664672851562e-03 1.117014884948730469e-02 5.259852409362792969e-01 4.436147212982177734e-01 4.024295806884765625e-01 9.354043006896972656e-02 -2.565336227416992188e-01 -2.565336227416992188e-01 4.642074108123779297e-01 1.287911415100097656e+00 2.008652210235595703e+00 1.967467308044433594e+00 1.123170614242553711e+00 5.465776920318603516e-01 -2.359411716461181641e-01 -1.123855113983154297e-01 -4.212744235992431641e-01 -3.389041423797607422e-01 -6.683857440948486328e-01 -4.418671131134033203e-01 5.235528945922851562e-02 7.319111824035644531e-01 4.436147212982177734e-01 1.965036392211914062e-01 -2.153484821319580078e-01 -3.800892829895019531e-01 -2.771263122558593750e-01 -2.771263122558593750e-01 -4.418671131134033203e-01 -3.389041423797607422e-01 -3.183114528656005859e-01 -5.448300838470458984e-01 -3.800892829895019531e-01 -1.741633415222167969e-01 -2.153484821319580078e-01 -4.624595642089843750e-01 -4.830522537231445312e-01 -5.448300838470458984e-01 -4.418671131134033203e-01 -4.006819725036621094e-01 -4.006819725036621094e-01 -1.741633415222167969e-01 -1.535706520080566406e-01 1.141331195831298828e-01 1.141331195831298828e-01 2.376887798309326172e-01 5.671703815460205078e-01 6.083555221557617188e-01 8.554668426513671875e-01 8.966519832611083984e-01
3.818368911743164062e-01 3.612442016601562500e-01 1.759109497070312500e-01 -1.329779624938964844e-01 -1.535706520080566406e-01 -4.006819725036621094e-01 -2.153484821319580078e-01 -2.565336227416992188e-01 -4.212744235992431641e-01 -4.212744235992431641e-01 -2.977190017700195312e-01 -2.771263122558593750e-01 -9.179282188415527344e-02 -7.120037078857421875e-02 3.176259994506835938e-02 -1.329779624938964844e-01 2.788739204406738281e-01 9.354043006896972656e-02 -3.001499176025390625e-02 -3.183114528656005859e-01 -1.947557926177978516e-01 -1.947557926177978516e-01 -2.771263122558593750e-01 -2.977190017700195312e-01 -5.654227733612060547e-01 -7.301634550094604492e-01 -9.360895156860351562e-01 -1.039052486419677734e+00 -8.537191152572631836e-01 -5.654227733612060547e-01 -1.947557926177978516e-01 7.294797897338867188e-02 -3.183114528656005859e-01 -4.006819725036621094e-01 -6.272006034851074219e-01 -5.448300838470458984e-01 -2.565336227416992188e-01 1.117014884948730469e-02 3.818368911743164062e-01 9.354043006896972656e-02 1.347258090972900391e-01 2.170960903167724609e-01 3.406517505645751953e-01 3.612442016601562500e-01 7.294797897338867188e-02 -7.120037078857421875e-02 -3.389041423797607422e-01 -1.123855113983154297e-01 -7.095708847045898438e-01 -8.125338554382324219e-01 -1.142015457153320312e+00 -5.448300838470458984e-01 -9.422540664672851562e-03 1.020207405090332031e+00 1.081985235214233398e+00 1.205540895462036133e+00 1.370281696319580078e+00 1.287911415100097656e+00 1.246726036071777344e+00 1.411467075347900391e+00 1.679170608520507812e+00 1.596800327301025391e+00 1.226133584976196289e+00 5.259852409362792969e-01 -7.301634550094604492e-01 -9.360895156860351562e-01 -1.059645056724548340e+00 -7.507560253143310547e-01 -1.947557926177978516e-01 7.525036334991455078e-01 1.370281696319580078e+00 1.432059288024902344e+00 1.514430046081542969e+00 1.617393016815185547e+00 1.576207637786865234e+00 1.864504337310791016e+00 2.049837589263916016e+00 1.782133579254150391e+00 1.164355754852294922e+00 6.495406627655029297e-01 -4.624595642089843750e-01 -6.272006034851074219e-01 -4.624595642089843750e-01 -5.036449432373046875e-01 -6.066079139709472656e-01 -3.389041423797607422e-01 -2.977190017700195312e-01 -9.179282188415527344e-02 1.759109497070312500e-01 3.406517505645751953e-01 5.877628326416015625e-01 6.701333522796630859e-01 4.436147212982177734e-01 3.176259994506835938e-02 -2.359411716461181641e-01 -2.153484821319580078e-01 -1.535706520080566406e-01 -4.418671131134033203e-01 -4.830522537231445312e-01 -2.771263122558593750e-01 -2.771263122558593750e-01 -3.183114528656005859e-01 -2.977190017700195312e-01 -2.977190017700195312e-01 -4.624595642089843750e-01 -6.272006034851074219e-01 -6.889783143997192383e-01 -7.095708847045898438e-01 -7.095708847045898438e-01 -4.830522537231445312e-01 -5.060768127441406250e-02 -5.060768127441406250e-02 -2.565336227416992188e-01 -3.594965934753417969e-01 -4.006819725036621094e-01 -5.448300838470458984e-01 -3.389041423797607422e-01 -3.594965934753417969e-01 -3.594965934753417969e-01 -2.977190017700195312e-01 -3.594965934753417969e-01 -4.212744235992431641e-01 -4.418671131134033203e-01 -2.771263122558593750e-01 -3.183114528656005859e-01 -2.359411716461181641e-01 -2.771263122558593750e-01 -3.183114528656005859e-01
-3.800892829895019531e-01 -4.830522537231445312e-01 -6.889783143997192383e-01 -6.683857440948486328e-01 -7.095708847045898438e-01 -7.095708847045898438e-01 -8.331265449523925781e-01 -8.743116855621337891e-01 -4.624595642089843750e-01 -1.123855113983154297e-01 7.294797897338867188e-02 2.582812309265136719e-01 5.053925514221191406e-01 6.289482116699218750e-01 5.053925514221191406e-01 7.525036334991455078e-01 -7.919412851333618164e-01 -5.860152244567871094e-01 -6.477930545806884766e-01 -4.212744235992431641e-01 -5.448300838470458984e-01 -5.242373943328857422e-01 -8.743116855621337891e-01 -8.125338554382324219e-01 -7.301634550094604492e-01 -4.624595642089843750e-01 -6.889783143997192383e-01 -5.860152244567871094e-01 -4.418671131134033203e-01 1.347258090972900391e-01 2.582812309265136719e-01 8.142814636230468750e-01 3.406517505645751953e-01 2.994666099548339844e-01 2.376887798309326172e-01 2.788739204406738281e-01 -2.771263122558593750e-01 -7.301634550094604492e-01 -6.272006034851074219e-01 -3.001499176025390625e-02 6.495406627655029297e-01 4.230220317840576172e-01 -5.060768127441406250e-02 -5.242373943328857422e-01 -7.919412851333618164e-01 -6.477930545806884766e-01 -4.212744235992431641e-01 -1.329779624938964844e-01 6.495406627655029297e-01 7.730963230133056641e-01 1.123170614242553711e+00 -1.741633415222167969e-01 -1.080237627029418945e+00 -1.162608146667480469e+00 7.525036334991455078e-01 1.761541366577148438e+00 1.967467308044433594e+00 1.802726268768310547e+00 1.329096317291259766e+00 2.170960903167724609e-01 -8.949042558670043945e-01 -1.142015457153320312e+00 -1.142015457153320312e+00 -6.683857440948486328e-01 5.671703815460205078e-01 8.760592937469482422e-01 7.113184928894042969e-01 -3.594965934753417969e-01 -1.183200716972351074e+00 -8.125338554382324219e-01 1.432059288024902344e+00 2.338133811950683594e+00 2.502874851226806641e+00 2.482282161712646484e+00 1.555614948272705078e+00 5.259852409362792969e-01 -7.507560253143310547e-01 -5.654227733612060547e-01 -8.949042558670043945e-01 -6.066079139709472656e-01 2.376887798309326172e-01 1.759109497070312500e-01 2.170960903167724609e-01 -1.123855113983154297e-01 -2.359411716461181641e-01 -2.977190017700195312e-01 9.354043006896972656e-02 6.083555221557617188e-01 7.525036334991455078e-01 4.230220317840576172e-01 -1.741633415222167969e-01 -2.359411716461181641e-01 3.176259994506835938e-02 -2.771263122558593750e-01 -1.741633415222167969e-01 -1.329779624938964844e-01 -5.448300838470458984e-01 -3.183114528656005859e-01 -5.060768127441406250e-02 1.347258090972900391e-01 -7.120037078857421875e-02 -1.947557926177978516e-01 -2.771263122558593750e-01 -4.212744235992431641e-01 -3.800892829895019531e-01 -5.060768127441406250e-02 9.354043006896972656e-02 1.759109497070312500e-01 -5.060768127441406250e-02 1.141331195831298828e-01 2.582812309265136719e-01 4.847998619079589844e-01 -7.507560253143310547e-01 -7.301634550094604492e-01 -7.507560253143310547e-01 -7.507560253143310547e-01 -6.477930545806884766e-01 -3.800892829895019531e-01 -3.389041423797607422e-01 -9.179282188415527344e-02 1.117014884948730469e-02 1.759109497070312500e-01 2.582812309265136719e-01 3.200590610504150391e-01 1.965036392211914062e-01 3.406517505645751953e-01 6.701333522796630859e-01 6.495406627655029297e-01
-4.212744235992431641e-01 -4.212744235992431641e-01 -2.565336227416992188e-01 -9.422540664672851562e-03 -7.120037078857421875e-02 -1.741633415222167969e-01 -2.153484821319580078e-01 -9.422540664672851562e-03 -1.123855113983154297e-01 -7.120037078857421875e-02 -1.535706520080566406e-01 -2.565336227416992188e-01 -5.860152244567871094e-01 -7.507560253143310547e-01 -6.889783143997192383e-01 -5.860152244567871094e-01 -3.800892829895019531e-01 -2.565336227416992188e-01 -2.359411716461181641e-01 -1.947557926177978516e-01 -4.418671131134033203e-01 -7.919412851333618164e-01 -7.919412851333618164e-01 -8.331265449523925781e-01 -7.095708847045898438e-01 -5.242373943328857422e-01 -2.359411716461181641e-01 2.788739204406738281e-01 9.354043006896972656e-02 -5.060768127441406250e-02 -3.594965934753417969e-01 -5.654227733612060547e-01 -1.741633415222167969e-01 -2.153484821319580078e-01 -3.389041423797607422e-01 -5.036449432373046875e-01 -1.741633415222167969e-01 1.141331195831298828e-01 5.465776920318603516e-01 6.907258033752441406e-01 8.348741531372070312e-01 9.378371238708496094e-01 9.172444343566894531e-01 1.020207405090332031e+00 1.267318725585937500e+00 1.308503866195678711e+00 9.996149539947509766e-01 7.936890125274658203e-01 1.141331195831298828e-01 -2.977190017700195312e-01 -6.272006034851074219e-01 -5.036449432373046875e-01 -5.860152244567871094e-01 -4.418671131134033203e-01 -2.977190017700195312e-01 -2.771263122558593750e-01 -2.153484821319580078e-01 -1.535706520080566406e-01 2.170960903167724609e-01 1.267318725585937500e+00 1.555614948272705078e+00 1.205540895462036133e+00 7.730963230133056641e-01 6.083555221557617188e-01 -3.001499176025390625e-02 -7.095708847045898438e-01 -9.772746562957763672e-01 -9.154968261718750000e-01 -2.977190017700195312e-01 -6.066079139709472656e-01 -9.360895156860351562e-01 -9.154968261718750000e-01 -9.566820859909057617e-01 -8.537191152572631836e-01 -3.183114528656005859e-01 1.205540895462036133e+00 1.555614948272705078e+00 1.349689006805419922e+00 9.790222644805908203e-01 5.053925514221191406e-01 -5.242373943328857422e-01 -5.036449432373046875e-01 -6.477930545806884766e-01 -2.771263122558593750e-01 1.759109497070312500e-01 8.760592937469482422e-01 1.267318725585937500e+00 1.102577924728393555e+00 1.205540895462036133e+00 1.514430046081542969e+00 1.843911647796630859e+00 2.008652210235595703e+00 1.761541366577148438e+00 1.473244667053222656e+00 9.172444343566894531e-01 8.348741531372070312e-01 -1.535706520080566406e-01 -1.535706520080566406e-01 -1.329779624938964844e-01 -5.036449432373046875e-01 -7.507560253143310547e-01 -8.125338554382324219e-01 -7.919412851333618164e-01 -8.331265449523925781e-01 -7.919412851333618164e-01 -5.448300838470458984e-01 -6.272006034851074219e-01 -3.800892829895019531e-01 -1.329779624938964844e-01 -9.422540664672851562e-03 7.294797897338867188e-02 4.642074108123779297e-01 -5.654227733612060547e-01 -2.153484821319580078e-01 -2.153484821319580078e-01 -1.947557926177978516e-01 -3.183114528656005859e-01 -4.212744235992431641e-01 -4.830522537231445312e-01 -7.919412851333618164e-01 -8.949042558670043945e-01 -8.331265449523925781e-01 -6.889783143997192383e-01 -4.624595642089843750e-01 -2.565336227416992188e-01 -2.565336227416992188e-01 -2.153484821319580078e-01 1.117014884948730469e-02
-9.422540664672851562e-03 -7.120037078857421875e-02 -2.977190017700195312e-01 -4.212744235992431641e-01 -3.800892829895019531e-01 -1.535706520080566406e-01 -9.179282188415527344e-02 -2.153484821319580078e-01 -2.565336227416992188e-01 -5.242373943328857422e-01 -4.830522537231445312e-01 -5.242373943328857422e-01 -9.179282188415527344e-02 -7.120037078857421875e-02 -1.329779624938964844e-01 -7.120037078857421875e-02 -2.565336227416992188e-01 1.117014884948730469e-02 -4.006819725036621094e-01 -7.713487148284912109e-01 -7.713487148284912109e-01 -1.142015457153320312e+00 -1.142015457153320312e+00 -9.566820859909057617e-01 -8.125338554382324219e-01 -6.272006034851074219e-01 -1.947557926177978516e-01 2.170960903167724609e-01 4.847998619079589844e-01 3.406517505645751953e-01 1.141331195831298828e-01 -9.422540664672851562e-03 -3.800892829895019531e-01 -3.594965934753417969e-01 -3.800892829895019531e-01 -3.389041423797607422e-01 -8.537191152572631836e-01 -4.212744235992431641e-01 7.294797897338867188e-02 5.877628326416015625e-01 7.525036334991455078e-01 9.172444343566894531e-01 7.936890125274658203e-01 1.123170614242553711e+00 1.349689006805419922e+00 1.246726036071777344e+00 8.348741531372070312e-01 2.376887798309326172e-01 -8.125338554382324219e-01 -4.830522537231445312e-01 -9.154968261718750000e-01 -1.471497058868408203e+00 -9.154968261718750000e-01 -5.242373943328857422e-01 1.347258090972900391e-01 -9.422540664672851562e-03 -2.771263122558593750e-01 -5.448300838470458984e-01 1.553182601928710938e-01 9.584298133850097656e-01 1.514430046081542969e+00 1.123170614242553711e+00 5.671703815460205078e-01 -5.060768127441406250e-02 -7.301634550094604492e-01 -8.949042558670043945e-01 -1.533274888992309570e+00 -1.306756258010864258e+00 -7.919412851333618164e-01 -1.224385857582092285e+00 -1.306756258010864258e+00 -1.327348947525024414e+00 -9.772746562957763672e-01 -5.036449432373046875e-01 2.582812309265136719e-01 7.525036334991455078e-01 9.996149539947509766e-01 6.495406627655029297e-01 2.788739204406738281e-01 -7.120037078857421875e-02 -8.331265449523925781e-01 -9.154968261718750000e-01 -9.978673458099365234e-01 -9.978673458099365234e-01 -7.301634550094604492e-01 -1.535706520080566406e-01 -7.120037078857421875e-02 1.347258090972900391e-01 1.759109497070312500e-01 3.818368911743164062e-01 5.671703815460205078e-01 5.877628326416015625e-01 6.495406627655029297e-01 4.436147212982177734e-01 3.200590610504150391e-01 1.759109497070312500e-01 -6.683857440948486328e-01 -2.359411716461181641e-01 2.170960903167724609e-01 2.994666099548339844e-01 2.994666099548339844e-01 5.465776920318603516e-01 7.525036334991455078e-01 8.348741531372070312e-01 1.164355754852294922e+00 1.226133584976196289e+00 1.205540895462036133e+00 1.102577924728393555e+00 9.378371238708496094e-01 8.348741531372070312e-01 6.701333522796630859e-01 2.788739204406738281e-01 -4.418671131134033203e-01 -2.153484821319580078e-01 -1.741633415222167969e-01 -3.001499176025390625e-02 2.376887798309326172e-01 3.818368911743164062e-01 6.495406627655029297e-01 9.996149539947509766e-01 1.061392784118652344e+00 1.164355754852294922e+00 9.378371238708496094e-01 6.701333522796630859e-01 4.642074108123779297e-01 1.759109497070312500e-01 -1.947557926177978516e-01 -3.594965934753417969e-01
1.141331195831298828e-01 2.376887798309326172e-01 2.788739204406738281e-01 2.788739204406738281e-01 1.347258090972900391e-01 1.117014884948730469e-02 -5.060768127441406250e-02 -1.741633415222167969e-01 -3.594965934753417969e-01 -4.624595642089843750e-01 -3.183114528656005859e-01 -4.212744235992431641e-01 -4.830522537231445312e-01 -9.422540664672851562e-03 4.436147212982177734e-01 2.582812309265136719e-01 -1.535706520080566406e-01 -2.359411716461181641e-01 -1.123855113983154297e-01 5.235528945922851562e-02 -3.001499176025390625e-02 -2.565336227416992188e-01 -2.565336227416992188e-01 -2.977190017700195312e-01 -9.179282188415527344e-02 -1.329779624938964844e-01 -2.153484821319580078e-01 -5.036449432373046875e-01 -5.654227733612060547e-01 -4.212744235992431641e-01 -1.329779624938964844e-01 -3.001499176025390625e-02 -3.389041423797607422e-01 7.294797897338867188e-02 -5.060768127441406250e-02 2.170960903167724609e-01 -3.389041423797607422e-01 3.176259994506835938e-02 2.582812309265136719e-01 5.259852409362792969e-01 7.730963230133056641e-01 9.790222644805908203e-01 1.246726036071777344e+00 1.411467075347900391e+00 1.246726036071777344e+00 8.142814636230468750e-01 7.730963230133056641e-01 5.465776920318603516e-01 -3.183114528656005859e-01 -5.448300838470458984e-01 -4.624595642089843750e-01 -8.743116855621337891e-01 3.612442016601562500e-01 1.452651977539062500e+00 2.358726501464843750e+00 1.905689239501953125e+00 -3.183114528656005859e-01 -5.036449432373046875e-01 -1.947557926177978516e-01 4.024295806884765625e-01 5.053925514221191406e-01 4.642074108123779297e-01 5.053925514221191406e-01 1.205540895462036133e+00 -5.036449432373046875e-01 -1.080237627029418945e+00 -1.039052486419677734e+00 -7.507560253143310547e-01 6.907258033752441406e-01 2.214578151702880859e+00 2.564652442932128906e+00 1.576207637786865234e+00 -1.615645289421081543e+00 -1.800978660583496094e+00 -1.368534088134765625e+00 -1.018459916114807129e+00 -1.306756258010864258e+00 -1.347941517829895020e+00 -1.162608146667480469e+00 -4.830522537231445312e-01 -2.359411716461181641e-01 -3.800892829895019531e-01 -7.095708847045898438e-01 -7.919412851333618164e-01 -4.624595642089843750e-01 3.818368911743164062e-01 5.671703815460205078e-01 6.495406627655029297e-01 5.259852409362792969e-01 2.376887798309326172e-01 -1.329779624938964844e-01 -1.535706520080566406e-01 -4.006819725036621094e-01 -5.036449432373046875e-01 -3.800892829895019531e-01 -3.183114528656005859e-01 5.235528945922851562e-02 5.235528945922851562e-02 -1.947557926177978516e-01 -4.830522537231445312e-01 -2.771263122558593750e-01 5.235528945922851562e-02 -7.120037078857421875e-02 -5.060768127441406250e-02 -7.120037078857421875e-02 -1.329779624938964844e-01 -9.422540664672851562e-03 1.117014884948730469e-02 1.117014884948730469e-02 -1.123855113983154297e-01 -3.001499176025390625e-02 -9.422540664672851562e-03 3.818368911743164062e-01 4.230220317840576172e-01 -1.123855113983154297e-01 -1.535706520080566406e-01 -1.329779624938964844e-01 -1.947557926177978516e-01 -2.771263122558593750e-01 -2.771263122558593750e-01 -2.359411716461181641e-01 -2.565336227416992188e-01 -1.535706520080566406e-01 -1.329779624938964844e-01 1.553182601928710938e-01 9.354043006896972656e-02 2.582812309265136719e-01 4.230220317840576172e-01
-2.359411716461181641e-01 -9.179282188415527344e-02 -3.001499176025390625e-02 9.354043006896972656e-02 2.376887798309326172e-01 3.818368911743164062e-01 2.376887798309326172e-01 5.259852409362792969e-01 5.465776920318603516e-01 5.877628326416015625e-01 3.200590610504150391e-01 5.235528945922851562e-02 -1.535706520080566406e-01 -2.771263122558593750e-01 -5.448300838470458984e-01 -6.477930545806884766e-01 -2.153484821319580078e-01 -1.123855113983154297e-01 1.347258090972900391e-01 8.348741531372070312e-01 7.319111824035644531e-01 7.525036334991455078e-01 6.907258033752441406e-01 1.040800094604492188e+00 1.205540895462036133e+00 1.349689006805419922e+00 1.184948444366455078e+00 8.760592937469482422e-01 6.289482116699218750e-01 4.230220317840576172e-01 9.354043006896972656e-02 -3.800892829895019531e-01 -2.359411716461181641e-01 -2.771263122558593750e-01 -1.329779624938964844e-01 -2.977190017700195312e-01 -9.179282188415527344e-02 5.235528945922851562e-02 4.436147212982177734e-01 9.172444343566894531e-01 8.760592937469482422e-01 6.083555221557617188e-01 2.170960903167724609e-01 -2.565336227416992188e-01 -4.830522537231445312e-01 -5.860152244567871094e-01 -3.183114528656005859e-01 -4.624595642089843750e-01 -6.272006034851074219e-01 -2.565336227416992188e-01 -9.566820859909057617e-01 -1.018459916114807129e+00 -3.594965934753417969e-01 -5.060768127441406250e-02 2.170960903167724609e-01 1.347258090972900391e-01 -1.329779624938964844e-01 -6.272006034851074219e-01 -6.066079139709472656e-01 -4.830522537231445312e-01 -1.183200716972351074e+00 -1.389126658439636230e+00 -8.125338554382324219e-01 -5.860152244567871094e-01 -6.272006034851074219e-01 -4.006819725036621094e-01 -1.306756258010864258e+00 -1.244978427886962891e+00 -7.919412851333618164e-01 -1.347941517829895020e+00 -1.718608260154724121e+00 -1.039052486419677734e+00 -7.507560253143310547e-01 -6.477930545806884766e-01 -7.095708847045898438e-01 -1.142015457153320312e+00 -1.409719228744506836e+00 -1.574460029602050781e+00 -7.095708847045898438e-01 -2.565336227416992188e-01 -2.359411716461181641e-01 -1.947557926177978516e-01 -2.771263122558593750e-01 -6.066079139709472656e-01 -3.800892829895019531e-01 1.347258090972900391e-01 7.525036334991455078e-01 1.123170614242553711e+00 1.308503866195678711e+00 1.102577924728393555e+00 3.818368911743164062e-01 -4.006819725036621094e-01 -1.059645056724548340e+00 -5.654227733612060547e-01 -5.060768127441406250e-02 -2.565336227416992188e-01 -5.060768127441406250e-02 3.818368911743164062e-01 6.907258033752441406e-01 7.730963230133056641e-01 7.319111824035644531e-01 8.760592937469482422e-01 1.102577924728393555e+00 1.102577924728393555e+00 8.554668426513671875e-01 4.642074108123779297e-01 1.759109497070312500e-01 2.582812309265136719e-01 2.170960903167724609e-01 3.200590610504150391e-01 5.235528945922851562e-02 -3.389041423797607422e-01 1.965036392211914062e-01 3.612442016601562500e-01 4.024295806884765625e-01 3.818368911743164062e-01 5.671703815460205078e-01 8.760592937469482422e-01 1.081985235214233398e+00 7.936890125274658203e-01 7.319111824035644531e-01 7.525036334991455078e-01 6.083555221557617188e-01 5.259852409362792969e-01 5.465776920318603516e-01 5.671703815460205078e-01 1.141331195831298828e-01 -3.001499176025390625e-02
-5.242373943328857422e-01 -4.624595642089843750e-01 -4.212744235992431641e-01 -3.183114528656005859e-01 1.117014884948730469e-02 3.176259994506835938e-02 -5.060768127441406250e-02 -7.120037078857421875e-02 5.235528945922851562e-02 2.170960903167724609e-01 1.141331195831298828e-01 -1.741633415222167969e-01 -5.242373943328857422e-01 -5.242373943328857422e-01 -5.242373943328857422e-01 -4.830522537231445312e-01 4.436147212982177734e-01 6.701333522796630859e-01 5.259852409362792969e-01 6.083555221557617188e-01 6.907258033752441406e-01 6.701333522796630859e-01 5.877628326416015625e-01 1.759109497070312500e-01 1.553182601928710938e-01 1.965036392211914062e-01 4.024295806884765625e-01 4.230220317840576172e-01 3.406517505645751953e-01 2.376887798309326172e-01 4.847998619079589844e-01 3.818368911743164062e-01 3.200590610504150391e-01 5.465776920318603516e-01 5.465776920318603516e-01 4.024295806884765625e-01 4.436147212982177734e-01 -9.179282188415527344e-02 -1.203793287277221680e+00 -1.636237859725952148e+00 -1.430311918258666992e+00 -1.203793287277221680e+00 -5.448300838470458984e-01 1.553182601928710938e-01 2.582812309265136719e-01 2.376887798309326172e-01 3.406517505645751953e-01 7.294797897338867188e-02 2.376887798309326172e-01 7.113184928894042969e-01 1.020207405090332031e+00 8.760592937469482422e-01 -9.422540664672851562e-03 -1.123855113983154297e-01 -3.594965934753417969e-01 -4.830522537231445312e-01 -5.654227733612060547e-01 -9.422540664672851562e-03 -7.120037078857421875e-02 1.553182601928710938e-01 1.117014884948730469e-02 2.376887798309326172e-01 1.347258090972900391e-01 5.235528945922851562e-02 3.612442016601562500e-01 7.113184928894042969e-01 1.081985235214233398e+00 7.113184928894042969e-01 -8.331265449523925781e-01 -9.360895156860351562e-01 -3.183114528656005859e-01 -6.066079139709472656e-01 -8.537191152572631836e-01 -5.448300838470458984e-01 -2.565336227416992188e-01 1.553182601928710938e-01 5.053925514221191406e-01 2.994666099548339844e-01 5.235528945922851562e-02 2.788739204406738281e-01 9.172444343566894531e-01 8.554668426513671875e-01 7.936890125274658203e-01 5.465776920318603516e-01 2.170960903167724609e-01 -4.624595642089843750e-01 -8.949042558670043945e-01 -1.368534088134765625e+00 -1.368534088134765625e+00 -7.095708847045898438e-01 -1.947557926177978516e-01 1.347258090972900391e-01 2.994666099548339844e-01 2.582812309265136719e-01 5.053925514221191406e-01 7.525036334991455078e-01 6.495406627655029297e-01 6.083555221557617188e-01 6.907258033752441406e-01 7.525036334991455078e-01 7.113184928894042969e-01 4.436147212982177734e-01 1.141331195831298828e-01 1.347258090972900391e-01 1.347258090972900391e-01 -5.060768127441406250e-02 2.788739204406738281e-01 2.788739204406738281e-01 1.759109497070312500e-01 4.230220317840576172e-01 5.053925514221191406e-01 5.053925514221191406e-01 5.235528945922851562e-02 -2.771263122558593750e-01 -4.418671131134033203e-01 -1.123855113983154297e-01 -3.001499176025390625e-02 -3.001499176025390625e-02 -1.535706520080566406e-01 1.965036392211914062e-01 5.235528945922851562e-02 -3.001499176025390625e-02 -5.654227733612060547e-01 -7.507560253143310547e-01 -6.477930545806884766e-01 -6.066079139709472656e-01 -1.947557926177978516e-01 9.354043006896972656e-02
-7.095708847045898438e-01 -5.036449432373046875e-01 -3.183114528656005859e-01 -3.001499176025390625e-02 1.347258090972900391e-01 5.053925514221191406e-01 6.083555221557617188e-01 5.465776920318603516e-01 4.642074108123779297e-01 3.200590610504150391e-01 1.117014884948730469e-02 -3.001499176025390625e-02 -2.359411716461181641e-01 -2.359411716461181641e-01 -1.535706520080566406e-01 -2.153484821319580078e-01 1.553182601928710938e-01 4.847998619079589844e-01 7.113184928894042969e-01 7.936890125274658203e-01 1.081985235214233398e+00 1.164355754852294922e+00 1.081985235214233398e+00 9.790222644805908203e-01 8.142814636230468750e-01 6.701333522796630859e-01 5.259852409362792969e-01 2.582812309265136719e-01 2.788739204406738281e-01 2.788739204406738281e-01 3.176259994506835938e-02 -1.123855113983154297e-01 3.176259994506835938e-02 3.612442016601562500e-01 6.907258033752441406e-01 9.172444343566894531e-01 8.760592937469482422e-01 7.936890125274658203e-01 5.053925514221191406e-01 1.759109497070312500e-01 3.176259994506835938e-02 -2.565336227416992188e-01 -5.860152244567871094e-01 -8.331265449523925781e-01 -1.039052486419677734e+00 -7.095708847045898438e-01 -2.359411716461181641e-01 -1.329779624938964844e-01 -2.565336227416992188e-01 4.642074108123779297e-01 8.554668426513671875e-01 1.081985235214233398e+00 1.184948444366455078e+00 8.554668426513671875e-01 6.495406627655029297e-01 7.936890125274658203e-01 1.143763065338134766e+00 1.143763065338134766e+00 2.376887798309326172e-01 -8.743116855621337891e-01 -1.059645056724548340e+00 -9.566820859909057617e-01 -6.272006034851074219e-01 -3.594965934753417969e-01 1.117014884948730469e-02 8.142814636230468750e-01 1.164355754852294922e+00 1.370281696319580078e+00 1.123170614242553711e+00 7.319111824035644531e-01 7.319111824035644531e-01 1.102577924728393555e+00 1.390874385833740234e+00 1.143763065338134766e+00 2.582812309265136719e-01 -7.507560253143310547e-01 -9.772746562957763672e-01 -7.919412851333618164e-01 -5.860152244567871094e-01 -4.624595642089843750e-01 -3.594965934753417969e-01 5.235528945922851562e-02 4.642074108123779297e-01 9.790222644805908203e-01 8.760592937469482422e-01 6.907258033752441406e-01 3.612442016601562500e-01 2.994666099548339844e-01 1.553182601928710938e-01 -1.329779624938964844e-01 -4.006819725036621094e-01 -6.683857440948486328e-01 -6.889783143997192383e-01 -6.889783143997192383e-01 -5.860152244567871094e-01 -3.389041423797607422e-01 -5.036449432373046875e-01 -6.889783143997192383e-01 -1.018459916114807129e+00 -1.162608146667480469e+00 -1.142015457153320312e+00 -9.154968261718750000e-01 -5.860152244567871094e-01 -4.006819725036621094e-01 -2.977190017700195312e-01 -4.830522537231445312e-01 -4.624595642089843750e-01 -4.624595642089843750e-01 -4.418671131134033203e-01 -3.800892829895019531e-01 -2.359411716461181641e-01 -1.535706520080566406e-01 -4.212744235992431641e-01 -2.771263122558593750e-01 -4.830522537231445312e-01 -6.477930545806884766e-01 -7.507560253143310547e-01 -9.772746562957763672e-01 -8.743116855621337891e-01 -6.477930545806884766e-01 -4.830522537231445312e-01 -4.006819725036621094e-01 -4.006819725036621094e-01 -1.947557926177978516e-01 -2.359411716461181641e-01 -2.771263122558593750e-01 -4.006819725036621094e-01 -5.448300838470458984e-01
7.294797897338867188e-02 7.294797897338867188e-02 3.176259994506835938e-02 7.294797897338867188e-02 5.235528945922851562e-02 1.117014884948730469e-02 2.582812309265136719e-01 4.847998619079589844e-01 5.877628326416015625e-01 7.113184928894042969e-01 5.877628326416015625e-01 3.200590610504150391e-01 1.759109497070312500e-01 1.965036392211914062e-01 1.117014884948730469e-02 5.235528945922851562e-02 -5.060768127441406250e-02 -5.060768127441406250e-02 1.117014884948730469e-02 2.582812309265136719e-01 1.553182601928710938e-01 4.024295806884765625e-01 6.701333522796630859e-01 6.701333522796630859e-01 6.701333522796630859e-01 6.083555221557617188e-01 7.319111824035644531e-01 8.760592937469482422e-01 6.289482116699218750e-01 3.200590610504150391e-01 -9.422540664672851562e-03 -1.123855113983154297e-01 -2.771263122558593750e-01 -2.359411716461181641e-01 -4.212744235992431641e-01 -6.066079139709472656e-01 -2.977190017700195312e-01 1.965036392211914062e-01 1.759109497070312500e-01 -3.389041423797607422e-01 -1.162608146667480469e+00 -1.533274888992309570e+00 -1.142015457153320312e+00 -6.683857440948486328e-01 -1.329779624938964844e-01 2.582812309265136719e-01 4.024295806884765625e-01 2.788739204406738281e-01 -2.977190017700195312e-01 -1.100830316543579102e+00 -1.368534088134765625e+00 -1.636237859725952148e+00 -1.430311918258666992e+00 -1.800978660583496094e+00 -1.945126891136169434e+00 -1.883349061012268066e+00 -1.656830549240112305e+00 -3.389041423797607422e-01 8.760592937469482422e-01 1.390874385833740234e+00 1.308503866195678711e+00 1.164355754852294922e+00 6.907258033752441406e-01 4.024295806884765625e-01 -2.977190017700195312e-01 -7.919412851333618164e-01 -1.286163687705993652e+00 -1.265571117401123047e+00 -4.006819725036621094e-01 9.172444343566894531e-01 1.308503866195678711e+00 -5.242373943328857422e-01 -1.553867459297180176e+00 -1.265571117401123047e+00 1.965036392211914062e-01 1.040800094604492188e+00 1.267318725585937500e+00 1.061392784118652344e+00 7.319111824035644531e-01 3.818368911743164062e-01 -2.153484821319580078e-01 -2.359411716461181641e-01 -5.242373943328857422e-01 -6.889783143997192383e-01 -6.066079139709472656e-01 1.759109497070312500e-01 6.907258033752441406e-01 2.376887798309326172e-01 -4.830522537231445312e-01 -8.743116855621337891e-01 -4.418671131134033203e-01 -1.535706520080566406e-01 1.141331195831298828e-01 1.759109497070312500e-01 2.994666099548339844e-01 2.376887798309326172e-01 -9.422540664672851562e-03 2.788739204406738281e-01 3.406517505645751953e-01 2.788739204406738281e-01 1.965036392211914062e-01 4.847998619079589844e-01 9.172444343566894531e-01 6.083555221557617188e-01 3.818368911743164062e-01 3.818368911743164062e-01 6.083555221557617188e-01 5.259852409362792969e-01 1.759109497070312500e-01 -2.359411716461181641e-01 -3.389041423797607422e-01 -2.771263122558593750e-01 1.759109497070312500e-01 2.582812309265136719e-01 2.788739204406738281e-01 1.347258090972900391e-01 1.759109497070312500e-01 1.759109497070312500e-01 2.582812309265136719e-01 1.759109497070312500e-01 1.141331195831298828e-01 7.294797897338867188e-02 9.354043006896972656e-02 1.347258090972900391e-01 3.176259994506835938e-02 5.235528945922851562e-02 1.141331195831298828e-01 -1.329779624938964844e-01
-6.066079139709472656e-01 -6.272006034851074219e-01 -6.066079139709472656e-01 -2.771263122558593750e-01 -7.120037078857421875e-02 7.294797897338867188e-02 1.117014884948730469e-02 9.354043006896972656e-02 4.642074108123779297e-01 6.495406627655029297e-01 6.495406627655029297e-01 5.877628326416015625e-01 3.406517505645751953e-01 -9.422540664672851562e-03 -2.565336227416992188e-01 -5.448300838470458984e-01 -3.800892829895019531e-01 -3.183114528656005859e-01 -5.060768127441406250e-02 2.376887798309326172e-01 4.024295806884765625e-01 4.024295806884765625e-01 2.788739204406738281e-01 4.436147212982177734e-01 6.083555221557617188e-01 1.040800094604492188e+00 1.184948444366455078e+00 1.267318725585937500e+00 1.226133584976196289e+00 8.348741531372070312e-01 6.907258033752441406e-01 3.612442016601562500e-01 -9.179282188415527344e-02 -5.060768127441406250e-02 -1.123855113983154297e-01 -4.624595642089843750e-01 -6.066079139709472656e-01 -8.331265449523925781e-01 -7.095708847045898438e-01 -4.830522537231445312e-01 -5.060768127441406250e-02 2.582812309265136719e-01 6.701333522796630859e-01 8.348741531372070312e-01 9.172444343566894531e-01 8.760592937469482422e-01 6.907258033752441406e-01 4.024295806884765625e-01 -1.329779624938964844e-01 -7.120037078857421875e-02 -4.006819725036621094e-01 -6.683857440948486328e-01 -8.537191152572631836e-01 -6.066079139709472656e-01 -9.422540664672851562e-03 8.142814636230468750e-01 1.329096317291259766e+00 1.226133584976196289e+00 1.081985235214233398e+00 9.584298133850097656e-01 9.584298133850097656e-01 7.936890125274658203e-01 5.671703815460205078e-01 9.354043006896972656e-02 -2.771263122558593750e-01 -1.329779624938964844e-01 -5.654227733612060547e-01 -8.331265449523925781e-01 -1.121422886848449707e+00 -2.359411716461181641e-01 7.730963230133056641e-01 1.370281696319580078e+00 1.267318725585937500e+00 1.226133584976196289e+00 1.184948444366455078e+00 1.143763065338134766e+00 1.246726036071777344e+00 9.378371238708496094e-01 6.289482116699218750e-01 2.170960903167724609e-01 -3.183114528656005859e-01 -5.242373943328857422e-01 -7.095708847045898438e-01 -8.125338554382324219e-01 -7.919412851333618164e-01 -5.654227733612060547e-01 -3.001499176025390625e-02 4.230220317840576172e-01 5.259852409362792969e-01 8.142814636230468750e-01 9.584298133850097656e-01 1.102577924728393555e+00 1.081985235214233398e+00 8.348741531372070312e-01 4.642074108123779297e-01 2.170960903167724609e-01 -7.713487148284912109e-01 -5.860152244567871094e-01 -5.448300838470458984e-01 -5.654227733612060547e-01 -9.154968261718750000e-01 -1.080237627029418945e+00 -1.121422886848449707e+00 -9.154968261718750000e-01 -9.566820859909057617e-01 -8.537191152572631836e-01 -9.154968261718750000e-01 -7.919412851333618164e-01 -7.507560253143310547e-01 -6.477930545806884766e-01 -5.654227733612060547e-01 -2.153484821319580078e-01 -5.242373943328857422e-01 -5.242373943328857422e-01 -4.830522537231445312e-01 -5.448300838470458984e-01 -5.036449432373046875e-01 -6.889783143997192383e-01 -6.272006034851074219e-01 -7.713487148284912109e-01 -6.272006034851074219e-01 -6.683857440948486328e-01 -8.743116855621337891e-01 -8.125338554382324219e-01 -5.448300838470458984e-01 -4.212744235992431641e-01 -3.183114528656005859e-01 -1.535706520080566406e-01
5.259852409362792969e-01 4.642074108123779297e-01 2.994666099548339844e-01 2.788739204406738281e-01 1.759109497070312500e-01 2.788739204406738281e-01 5.465776920318603516e-01 5.877628326416015625e-01 5.671703815460205078e-01 4.847998619079589844e-01 4.024295806884765625e-01 2.788739204406738281e-01 2.170960903167724609e-01 2.170960903167724609e-01 9.354043006896972656e-02 3.200590610504150391e-01 4.024295806884765625e-01 2.582812309265136719e-01 1.347258090972900391e-01 -1.123855113983154297e-01 -5.060768127441406250e-02 2.582812309265136719e-01 4.230220317840576172e-01 4.436147212982177734e-01 2.170960903167724609e-01 7.294797897338867188e-02 2.170960903167724609e-01 2.376887798309326172e-01 1.759109497070312500e-01 2.582812309265136719e-01 1.759109497070312500e-01 1.553182601928710938e-01 4.024295806884765625e-01 1.759109497070312500e-01 -4.418671131134033203e-01 -1.039052486419677734e+00 -1.142015457153320312e+00 -1.327348947525024414e+00 -1.553867459297180176e+00 -1.842163920402526855e+00 -2.027497291564941406e+00 -2.048089981079101562e+00 -1.636237859725952148e+00 -1.615645289421081543e+00 -1.286163687705993652e+00 -8.125338554382324219e-01 -3.594965934753417969e-01 -9.422540664672851562e-03 4.436147212982177734e-01 -4.006819725036621094e-01 -7.095708847045898438e-01 -6.889783143997192383e-01 -4.418671131134033203e-01 -1.947557926177978516e-01 -5.448300838470458984e-01 -9.978673458099365234e-01 -1.244978427886962891e+00 -7.713487148284912109e-01 -7.507560253143310547e-01 -8.949042558670043945e-01 -1.100830316543579102e+00 -9.566820859909057617e-01 -9.154968261718750000e-01 -2.153484821319580078e-01 9.354043006896972656e-02 -6.889783143997192383e-01 -4.418671131134033203e-01 -6.066079139709472656e-01 9.354043006896972656e-02 7.730963230133056641e-01 1.246726036071777344e+00 -4.006819725036621094e-01 -4.418671131134033203e-01 1.020207405090332031e+00 1.349689006805419922e+00 2.788739204406738281e-01 -1.100830316543579102e+00 -1.018459916114807129e+00 -1.059645056724548340e+00 -2.771263122558593750e-01 -3.183114528656005859e-01 -3.001499176025390625e-02 -3.001499176025390625e-02 1.117014884948730469e-02 3.176259994506835938e-02 3.176259994506835938e-02 6.083555221557617188e-01 8.966519832611083984e-01 9.996149539947509766e-01 1.390874385833740234e+00 8.554668426513671875e-01 1.141331195831298828e-01 -4.418671131134033203e-01 -4.830522537231445312e-01 -2.359411716461181641e-01 7.294797897338867188e-02 1.117014884948730469e-02 2.376887798309326172e-01 5.465776920318603516e-01 4.024295806884765625e-01 5.465776920318603516e-01 7.525036334991455078e-01 9.378371238708496094e-01 1.246726036071777344e+00 1.205540895462036133e+00 9.172444343566894531e-01 7.525036334991455078e-01 5.053925514221191406e-01 5.053925514221191406e-01 4.642074108123779297e-01 2.170960903167724609e-01 1.141331195831298828e-01 -7.120037078857421875e-02 -1.329779624938964844e-01 -1.123855113983154297e-01 -5.060768127441406250e-02 5.235528945922851562e-02 1.965036392211914062e-01 5.259852409362792969e-01 5.465776920318603516e-01 5.671703815460205078e-01 2.582812309265136719e-01 1.347258090972900391e-01 5.235528945922851562e-02 2.376887798309326172e-01 1.759109497070312500e-01 9.354043006896972656e-02 1.141331195831298828e-01
4.436147212982177734e-01 3.818368911743164062e-01 3.406517505645751953e-01 1.965036392211914062e-01 2.994666099548339844e-01 3.200590610504150391e-01 4.847998619079589844e-01 4.436147212982177734e-01 5.053925514221191406e-01 4.230220317840576172e-01 3.200590610504150391e-01 1.759109497070312500e-01 2.376887798309326172e-01 1.347258090972900391e-01 7.294797897338867188e-02 1.141331195831298828e-01 9.354043006896972656e-02 1.347258090972900391e-01 5.235528945922851562e-02 1.347258090972900391e-01 4.230220317840576172e-01 5.053925514221191406e-01 6.701333522796630859e-01 7.113184928894042969e-01 9.584298133850097656e-01 9.378371238708496094e-01 6.701333522796630859e-01 2.582812309265136719e-01 4.230220317840576172e-01 5.053925514221191406e-01 4.230220317840576172e-01 9.354043006896972656e-02 -3.001499176025390625e-02 -2.565336227416992188e-01 -3.389041423797607422e-01 -5.654227733612060547e-01 -6.683857440948486328e-01 -1.100830316543579102e+00 -1.121422886848449707e+00 -8.743116855621337891e-01 -3.001499176025390625e-02 8.966519832611083984e-01 3.200590610504150391e-01 -5.654227733612060547e-01 -7.095708847045898438e-01 -1.947557926177978516e-01 2.788739204406738281e-01 3.200590610504150391e-01 1.141331195831298828e-01 -7.919412851333618164e-01 -1.100830316543579102e+00 -5.036449432373046875e-01 -5.654227733612060547e-01 -8.125338554382324219e-01 -1.347941517829895020e+00 -1.698015689849853516e+00 -1.244978427886962891e+00 1.411467075347900391e+00 1.452651977539062500e+00 -2.977190017700195312e-01 -1.347941517829895020e+00 -1.059645056724548340e+00 -5.036449432373046875e-01 1.553182601928710938e-01 4.436147212982177734e-01 -2.359411716461181641e-01 -7.919412851333618164e-01 -7.095708847045898438e-01 1.117014884948730469e-02 1.143763065338134766e+00 9.378371238708496094e-01 -9.154968261718750000e-01 -1.121422886848449707e+00 -1.224385857582092285e+00 -9.566820859909057617e-01 -9.360895156860351562e-01 -1.039052486419677734e+00 -1.121422886848449707e+00 -9.360895156860351562e-01 -4.006819725036621094e-01 6.289482116699218750e-01 2.788739204406738281e-01 -1.741633415222167969e-01 -4.006819725036621094e-01 -4.418671131134033203e-01 1.965036392211914062e-01 4.230220317840576172e-01 -2.153484821319580078e-01 -1.018459916114807129e+00 -1.368534088134765625e+00 -1.224385857582092285e+00 -1.039052486419677734e+00 -6.683857440948486328e-01 -7.507560253143310547e-01 -7.507560253143310547e-01 -4.006819725036621094e-01 3.200590610504150391e-01 5.053925514221191406e-01 6.907258033752441406e-01 6.083555221557617188e-01 4.847998619079589844e-01 6.495406627655029297e-01 8.760592937469482422e-01 6.907258033752441406e-01 5.465776920318603516e-01 4.847998619079589844e-01 4.642074108123779297e-01 2.376887798309326172e-01 1.347258090972900391e-01 -2.153484821319580078e-01 -2.359411716461181641e-01 -2.771263122558593750e-01 3.612442016601562500e-01 1.965036392211914062e-01 2.994666099548339844e-01 3.818368911743164062e-01 3.406517505645751953e-01 3.818368911743164062e-01 4.642074108123779297e-01 7.730963230133056641e-01 6.907258033752441406e-01 7.525036334991455078e-01 7.319111824035644531e-01 5.053925514221191406e-01 5.465776920318603516e-01 5.259852409362792969e-01 5.259852409362792969e-01 5.259852409362792969e-01
2.170960903167724609e-01 2.582812309265136719e-01 1.141331195831298828e-01 -1.741633415222167969e-01 -1.123855113983154297e-01 -1.123855113983154297e-01 -2.153484821319580078e-01 -5.860152244567871094e-01 -7.713487148284912109e-01 -5.860152244567871094e-01 -3.183114528656005859e-01 1.553182601928710938e-01 2.788739204406738281e-01 4.230220317840576172e-01 8.554668426513671875e-01 1.040800094604492188e+00 -1.947557926177978516e-01 -5.036449432373046875e-01 -7.301634550094604492e-01 -6.272006034851074219e-01 -5.448300838470458984e-01 -6.272006034851074219e-01 -6.272006034851074219e-01 -6.272006034851074219e-01 -5.448300838470458984e-01 -4.624595642089843750e-01 -4.212744235992431641e-01 -7.301634550094604492e-01 -9.154968261718750000e-01 -4.830522537231445312e-01 2.994666099548339844e-01 6.289482116699218750e-01 -3.389041423797607422e-01 -2.977190017700195312e-01 -2.771263122558593750e-01 -2.771263122558593750e-01 -2.359411716461181641e-01 -3.389041423797607422e-01 1.759109497070312500e-01 3.818368911743164062e-01 4.847998619079589844e-01 5.053925514221191406e-01 2.170960903167724609e-01 -4.418671131134033203e-01 -7.919412851333618164e-01 -9.360895156860351562e-01 -6.889783143997192383e-01 -1.947557926177978516e-01 -1.123855113983154297e-01 -1.123855113983154297e-01 -5.654227733612060547e-01 -5.654227733612060547e-01 -9.978673458099365234e-01 -4.212744235992431641e-01 -3.001499176025390625e-02 3.612442016601562500e-01 1.141331195831298828e-01 -3.800892829895019531e-01 -7.507560253143310547e-01 -1.142015457153320312e+00 -1.244978427886962891e+00 -1.142015457153320312e+00 -9.978673458099365234e-01 -8.331265449523925781e-01 -4.212744235992431641e-01 -1.535706520080566406e-01 -7.919412851333618164e-01 -1.224385857582092285e+00 -1.656830549240112305e+00 -1.595052719116210938e+00 -1.574460029602050781e+00 -1.121422886848449707e+00 -7.507560253143310547e-01 -5.060768127441406250e-02 -5.060768127441406250e-02 7.294797897338867188e-02 4.230220317840576172e-01 2.582812309265136719e-01 3.176259994506835938e-02 -9.422540664672851562e-03 -1.123855113983154297e-01 -2.153484821319580078e-01 -1.741633415222167969e-01 -4.212744235992431641e-01 -4.830522537231445312e-01 -1.947557926177978516e-01 1.965036392211914062e-01 7.319111824035644531e-01 1.061392784118652344e+00 1.061392784118652344e+00 1.267318725585937500e+00 1.267318725585937500e+00 1.226133584976196289e+00 1.226133584976196289e+00 8.142814636230468750e-01 1.553182601928710938e-01 -2.359411716461181641e-01 1.117014884948730469e-02 4.436147212982177734e-01 6.907258033752441406e-01 6.495406627655029297e-01 6.289482116699218750e-01 6.701333522796630859e-01 7.730963230133056641e-01 1.081985235214233398e+00 1.267318725585937500e+00 1.411467075347900391e+00 1.473244667053222656e+00 1.432059288024902344e+00 1.184948444366455078e+00 9.378371238708496094e-01 6.495406627655029297e-01 -2.565336227416992188e-01 -1.741633415222167969e-01 -1.741633415222167969e-01 -2.565336227416992188e-01 -3.001499176025390625e-02 2.788739204406738281e-01 5.671703815460205078e-01 9.172444343566894531e-01 1.061392784118652344e+00 1.081985235214233398e+00 8.348741531372070312e-01 7.525036334991455078e-01 4.642074108123779297e-01 -5.060768127441406250e-02 -3.594965934753417969e-01 -6.477930545806884766e-01
4.436147212982177734e-01 2.582812309265136719e-01 2.170960903167724609e-01 1.117014884948730469e-02 -1.123855113983154297e-01 -1.947557926177978516e-01 -4.006819725036621094e-01 -5.242373943328857422e-01 -6.477930545806884766e-01 -5.654227733612060547e-01 -6.066079139709472656e-01 -5.242373943328857422e-01 -4.624595642089843750e-01 3.176259994506835938e-02 2.376887798309326172e-01 3.200590610504150391e-01 5.671703815460205078e-01 1.553182601928710938e-01 -3.800892829895019531e-01 -2.153484821319580078e-01 -2.359411716461181641e-01 -3.389041423797607422e-01 -4.006819725036621094e-01 -3.800892829895019531e-01 -4.830522537231445312e-01 -7.120037078857421875e-02 -1.329779624938964844e-01 -3.183114528656005859e-01 -4.418671131134033203e-01 -3.800892829895019531e-01 -7.120037078857421875e-02 1.141331195831298828e-01 -1.329779624938964844e-01 -2.359411716461181641e-01 -3.001499176025390625e-02 -2.565336227416992188e-01 -1.123855113983154297e-01 2.788739204406738281e-01 5.053925514221191406e-01 5.259852409362792969e-01 1.553182601928710938e-01 -1.947557926177978516e-01 -2.153484821319580078e-01 -5.860152244567871094e-01 -2.359411716461181641e-01 -2.977190017700195312e-01 -1.741633415222167969e-01 -2.565336227416992188e-01 -6.066079139709472656e-01 -6.066079139709472656e-01 -3.389041423797607422e-01 -1.741633415222167969e-01 7.113184928894042969e-01 1.452651977539062500e+00 1.637985706329345703e+00 1.679170608520507812e+00 2.049837589263916016e+00 1.452651977539062500e+00 9.378371238708496094e-01 1.965036392211914062e-01 -4.418671131134033203e-01 -3.800892829895019531e-01 -5.448300838470458984e-01 -3.800892829895019531e-01 -4.418671131134033203e-01 -9.154968261718750000e-01 -7.095708847045898438e-01 -2.977190017700195312e-01 9.790222644805908203e-01 1.452651977539062500e+00 1.576207637786865234e+00 1.988059520721435547e+00 2.317541122436523438e+00 1.782133579254150391e+00 1.123170614242553711e+00 3.200590610504150391e-01 -4.624595642089843750e-01 -4.006819725036621094e-01 -4.624595642089843750e-01 -1.329779624938964844e-01 -2.771263122558593750e-01 -4.624595642089843750e-01 -5.860152244567871094e-01 -2.977190017700195312e-01 2.994666099548339844e-01 5.671703815460205078e-01 -3.001499176025390625e-02 -8.125338554382324219e-01 -1.121422886848449707e+00 -1.018459916114807129e+00 -8.537191152572631836e-01 -8.331265449523925781e-01 -3.183114528656005859e-01 -3.800892829895019531e-01 -9.422540664672851562e-03 2.994666099548339844e-01 7.319111824035644531e-01 -3.001499176025390625e-02 -1.123855113983154297e-01 -1.123855113983154297e-01 -4.212744235992431641e-01 -2.565336227416992188e-01 -3.001499176025390625e-02 -4.212744235992431641e-01 -6.683857440948486328e-01 -6.477930545806884766e-01 -3.594965934753417969e-01 -4.212744235992431641e-01 -3.183114528656005859e-01 5.235528945922851562e-02 3.176259994506835938e-02 -7.120037078857421875e-02 3.200590610504150391e-01 3.406517505645751953e-01 6.495406627655029297e-01 6.907258033752441406e-01 1.553182601928710938e-01 9.354043006896972656e-02 -5.060768127441406250e-02 -3.001499176025390625e-02 -1.947557926177978516e-01 -4.212744235992431641e-01 -6.889783143997192383e-01 -5.654227733612060547e-01 -4.212744235992431641e-01 -1.535706520080566406e-01 -1.123855113983154297e-01 1.965036392211914062e-01
2.376887798309326172e-01 9.354043006896972656e-02 9.354043006896972656e-02 -1.947557926177978516e-01 -3.594965934753417969e-01 -6.477930545806884766e-01 -8.537191152572631836e-01 -9.360895156860351562e-01 -7.301634550094604492e-01 -4.830522537231445312e-01 -3.001499176025390625e-02 4.230220317840576172e-01 4.847998619079589844e-01 6.495406627655029297e-01 5.671703815460205078e-01 5.465776920318603516e-01 5.235528945922851562e-02 -3.183114528656005859e-01 -2.977190017700195312e-01 -3.594965934753417969e-01 -5.654227733612060547e-01 -3.800892829895019531e-01 -2.565336227416992188e-01 -4.212744235992431641e-01 -4.418671131134033203e-01 -7.713487148284912109e-01 -8.949042558670043945e-01 -9.154968261718750000e-01 -7.713487148284912109e-01 -9.179282188415527344e-02 3.406517505645751953e-01 8.142814636230468750e-01 2.170960903167724609e-01 -7.120037078857421875e-02 -3.389041423797607422e-01 -2.359411716461181641e-01 1.141331195831298828e-01 5.053925514221191406e-01 8.760592937469482422e-01 1.020207405090332031e+00 1.102577924728393555e+00 7.525036334991455078e-01 4.642074108123779297e-01 7.294797897338867188e-02 -3.389041423797607422e-01 -5.654227733612060547e-01 -7.507560253143310547e-01 -4.212744235992431641e-01 2.582812309265136719e-01 -5.448300838470458984e-01 -1.162608146667480469e+00 -7.713487148284912109e-01 -1.947557926177978516e-01 1.553182601928710938e-01 5.235528945922851562e-02 1.965036392211914062e-01 5.053925514221191406e-01 -5.060768127441406250e-02 -4.624595642089843750e-01 -5.860152244567871094e-01 -5.242373943328857422e-01 -7.095708847045898438e-01 -7.713487148284912109e-01 -4.830522537231445312e-01 2.582812309265136719e-01 -5.448300838470458984e-01 -1.100830316543579102e+00 -8.537191152572631836e-01 -7.507560253143310547e-01 -8.743116855621337891e-01 -1.512682318687438965e+00 -1.430311918258666992e+00 -1.347941517829895020e+00 -1.471497058868408203e+00 -6.889783143997192383e-01 6.083555221557617188e-01 1.205540895462036133e+00 1.287911415100097656e+00 1.184948444366455078e+00 7.113184928894042969e-01 2.788739204406738281e-01 2.788739204406738281e-01 -9.179282188415527344e-02 -4.418671131134033203e-01 -1.947557926177978516e-01 1.759109497070312500e-01 -5.060768127441406250e-02 -7.507560253143310547e-01 -1.677423119544982910e+00 -1.800978660583496094e+00 -1.059645056724548340e+00 -1.123855113983154297e-01 3.200590610504150391e-01 5.259852409362792969e-01 7.525036334991455078e-01 8.348741531372070312e-01 4.024295806884765625e-01 6.289482116699218750e-01 7.319111824035644531e-01 9.378371238708496094e-01 8.760592937469482422e-01 9.172444343566894531e-01 7.113184928894042969e-01 6.701333522796630859e-01 4.436147212982177734e-01 2.788739204406738281e-01 3.612442016601562500e-01 2.994666099548339844e-01 -7.120037078857421875e-02 -2.771263122558593750e-01 -4.418671131134033203e-01 -1.329779624938964844e-01 5.877628326416015625e-01 5.465776920318603516e-01 7.936890125274658203e-01 7.936890125274658203e-01 7.319111824035644531e-01 7.936890125274658203e-01 5.465776920318603516e-01 4.024295806884765625e-01 6.083555221557617188e-01 5.465776920318603516e-01 5.465776920318603516e-01 4.847998619079589844e-01 2.788739204406738281e-01 1.347258090972900391e-01 4.230220317840576172e-01 4.642074108123779297e-01
2.994666099548339844e-01 2.994666099548339844e-01 3.200590610504150391e-01 2.376887798309326172e-01 1.347258090972900391e-01 1.117014884948730469e-02 -9.179282188415527344e-02 -3.594965934753417969e-01 -4.624595642089843750e-01 -4.212744235992431641e-01 -1.741633415222167969e-01 -9.179282188415527344e-02 5.235528945922851562e-02 7.294797897338867188e-02 3.176259994506835938e-02 7.294797897338867188e-02 2.994666099548339844e-01 -9.179282188415527344e-02 -2.977190017700195312e-01 -4.830522537231445312e-01 -5.860152244567871094e-01 -3.389041423797607422e-01 -5.060768127441406250e-02 -3.001499176025390625e-02 -1.535706520080566406e-01 -2.565336227416992188e-01 -4.830522537231445312e-01 -6.683857440948486328e-01 -4.006819725036621094e-01 -2.565336227416992188e-01 -1.123855113983154297e-01 2.582812309265136719e-01 -8.537191152572631836e-01 -7.919412851333618164e-01 -6.066079139709472656e-01 -1.329779624938964844e-01 7.294797897338867188e-02 2.170960903167724609e-01 5.465776920318603516e-01 8.348741531372070312e-01 1.040800094604492188e+00 1.143763065338134766e+00 1.226133584976196289e+00 1.452651977539062500e+00 1.226133584976196289e+00 5.671703815460205078e-01 3.406517505645751953e-01 3.200590610504150391e-01 -5.036449432373046875e-01 -3.594965934753417969e-01 -5.036449432373046875e-01 -1.018459916114807129e+00 -8.125338554382324219e-01 -8.949042558670043945e-01 -7.507560253143310547e-01 -7.095708847045898438e-01 -5.036449432373046875e-01 -5.060768127441406250e-02 4.436147212982177734e-01 9.996149539947509766e-01 1.308503866195678711e+00 1.349689006805419922e+00 1.102577924728393555e+00 7.936890125274658203e-01 8.142814636230468750e-01 1.555614948272705078e+00 1.802726268768310547e+00 1.390874385833740234e+00 4.024295806884765625e-01 -5.448300838470458984e-01 -1.244978427886962891e+00 -1.100830316543579102e+00 -8.537191152572631836e-01 -7.919412851333618164e-01 -9.154968261718750000e-01 -8.331265449523925781e-01 -5.036449432373046875e-01 -3.389041423797607422e-01 -1.947557926177978516e-01 -1.535706520080566406e-01 2.788739204406738281e-01 4.847998619079589844e-01 1.184948444366455078e+00 1.802726268768310547e+00 2.029244899749755859e+00 1.535022735595703125e+00 1.102577924728393555e+00 7.113184928894042969e-01 2.582812309265136719e-01 1.759109497070312500e-01 -5.060768127441406250e-02 -2.565336227416992188e-01 -2.153484821319580078e-01 -6.066079139709472656e-01 -4.006819725036621094e-01 -3.594965934753417969e-01 -1.741633415222167969e-01 -5.448300838470458984e-01 -8.743116855621337891e-01 -6.683857440948486328e-01 -6.889783143997192383e-01 -8.537191152572631836e-01 -6.889783143997192383e-01 -4.212744235992431641e-01 -2.771263122558593750e-01 -3.594965934753417969e-01 -4.830522537231445312e-01 -6.066079139709472656e-01 -6.066079139709472656e-01 -5.242373943328857422e-01 -2.977190017700195312e-01 -3.001499176025390625e-02 -9.422540664672851562e-03 7.294797897338867188e-02 -3.001499176025390625e-02 5.235528945922851562e-02 -7.120037078857421875e-02 -3.389041423797607422e-01 -5.448300838470458984e-01 -5.654227733612060547e-01 -4.830522537231445312e-01 -2.771263122558593750e-01 -2.359411716461181641e-01 -9.422540664672851562e-03 1.141331195831298828e-01 3.406517505645751953e-01 2.170960903167724609e-01 2.788739204406738281e-01
-1.535706520080566406e-01 -1.947557926177978516e-01 -3.800892829895019531e-01 -3.800892829895019531e-01 -4.830522537231445312e-01 -3.594965934753417969e-01 -2.771263122558593750e-01 -1.329779624938964844e-01 -3.001499176025390625e-02 -1.123855113983154297e-01 -2.771263122558593750e-01 -2.565336227416992188e-01 -4.624595642089843750e-01 -5.860152244567871094e-01 -8.537191152572631836e-01 -7.095708847045898438e-01 -3.183114528656005859e-01 -4.830522537231445312e-01 -5.654227733612060547e-01 -6.272006034851074219e-01 -6.272006034851074219e-01 -5.654227733612060547e-01 -8.949042558670043945e-01 -1.224385857582092285e+00 -1.142015457153320312e+00 -8.331265449523925781e-01 -4.006819725036621094e-01 -3.183114528656005859e-01 -5.448300838470458984e-01 -7.095708847045898438e-01 -8.125338554382324219e-01 -9.154968261718750000e-01 3.818368911743164062e-01 9.378371238708496094e-01 1.390874385833740234e+00 1.720355987548828125e+00 1.699763298034667969e+00 8.966519832611083984e-01 -4.418671131134033203e-01 -1.553867459297180176e+00 -1.327348947525024414e+00 -4.418671131134033203e-01 2.994666099548339844e-01 7.525036334991455078e-01 7.113184928894042969e-01 4.642074108123779297e-01 2.994666099548339844e-01 2.376887798309326172e-01 -3.389041423797607422e-01 1.117014884948730469e-02 5.465776920318603516e-01 1.226133584976196289e+00 1.720355987548828125e+00 6.083555221557617188e-01 -1.142015457153320312e+00 -1.574460029602050781e+00 -8.125338554382324219e-01 2.994666099548339844e-01 1.164355754852294922e+00 1.287911415100097656e+00 8.554668426513671875e-01 5.465776920318603516e-01 -5.060768127441406250e-02 -4.418671131134033203e-01 -5.036449432373046875e-01 1.347258090972900391e-01 6.083555221557617188e-01 9.996149539947509766e-01 9.584298133850097656e-01 9.354043006896972656e-02 -6.066079139709472656e-01 -6.272006034851074219e-01 -2.153484821319580078e-01 3.200590610504150391e-01 8.142814636230468750e-01 7.730963230133056641e-01 6.907258033752441406e-01 2.994666099548339844e-01 -1.123855113983154297e-01 -4.212744235992431641e-01 1.553182601928710938e-01 5.465776920318603516e-01 6.701333522796630859e-01 6.701333522796630859e-01 4.024295806884765625e-01 -1.947557926177978516e-01 -5.242373943328857422e-01 -7.713487148284912109e-01 -9.360895156860351562e-01 -5.242373943328857422e-01 -1.329779624938964844e-01 1.553182601928710938e-01 1.347258090972900391e-01 2.582812309265136719e-01 3.176259994506835938e-02 -9.422540664672851562e-03 3.200590610504150391e-01 5.671703815460205078e-01 7.525036334991455078e-01 8.554668426513671875e-01 7.936890125274658203e-01 6.701333522796630859e-01 4.436147212982177734e-01 2.994666099548339844e-01 3.200590610504150391e-01 2.994666099548339844e-01 4.642074108123779297e-01 4.436147212982177734e-01 5.465776920318603516e-01 3.200590610504150391e-01 3.612442016601562500e-01 1.553182601928710938e-01 -4.418671131134033203e-01 -1.741633415222167969e-01 1.347258090972900391e-01 3.406517505645751953e-01 5.465776920318603516e-01 5.671703815460205078e-01 6.701333522796630859e-01 4.230220317840576172e-01 4.024295806884765625e-01 1.759109497070312500e-01 1.759109497070312500e-01 1.141331195831298828e-01 -9.179282188415527344e-02 -2.359411716461181641e-01 -3.800892829895019531e-01 -5.654227733612060547e-01
-3.594965934753417969e-01 -2.359411716461181641e-01 -2.565336227416992188e-01 -1.123855113983154297e-01 -9.422540664672851562e-03 2.170960903167724609e-01 7.936890125274658203e-01 1.205540895462036133e+00 1.123170614242553711e+00 9.172444343566894531e-01 4.642074108123779297e-01 1.965036392211914062e-01 1.347258090972900391e-01 -9.422540664672851562e-03 -1.123855113983154297e-01 -1.329779624938964844e-01 -6.066079139709472656e-01 -3.001499176025390625e-02 5.877628326416015625e-01 7.936890125274658203e-01 7.525036334991455078e-01 7.936890125274658203e-01 1.123170614242553711e+00 1.390874385833740234e+00 1.658577919006347656e+00 1.226133584976196289e+00 9.378371238708496094e-01 8.554668426513671875e-01 8.760592937469482422e-01 7.936890125274658203e-01 1.965036392211914062e-01 -1.123855113983154297e-01 -4.830522537231445312e-01 -2.359411716461181641e-01 -4.418671131134033203e-01 -5.860152244567871094e-01 -4.418671131134033203e-01 -5.036449432373046875e-01 -1.123855113983154297e-01 2.376887798309326172e-01 1.553182601928710938e-01 -9.179282188415527344e-02 -8.331265449523925781e-01 -1.039052486419677734e+00 -7.507560253143310547e-01 -6.272006034851074219e-01 -7.120037078857421875e-02 -1.329779624938964844e-01 -2.359411716461181641e-01 -8.331265449523925781e-01 -1.286163687705993652e+00 -9.360895156860351562e-01 -3.800892829895019531e-01 6.907258033752441406e-01 1.184948444366455078e+00 1.164355754852294922e+00 1.205540895462036133e+00 9.584298133850097656e-01 4.230220317840576172e-01 -6.272006034851074219e-01 -1.265571117401123047e+00 -9.566820859909057617e-01 -7.919412851333618164e-01 -2.153484821319580078e-01 -4.006819725036621094e-01 -1.080237627029418945e+00 -1.306756258010864258e+00 -8.743116855621337891e-01 -3.594965934753417969e-01 1.081985235214233398e+00 1.329096317291259766e+00 1.782133579254150391e+00 1.864504337310791016e+00 1.081985235214233398e+00 5.053925514221191406e-01 -3.594965934753417969e-01 -7.301634550094604492e-01 -7.301634550094604492e-01 -7.713487148284912109e-01 -1.947557926177978516e-01 -2.565336227416992188e-01 -4.830522537231445312e-01 -4.212744235992431641e-01 -3.800892829895019531e-01 -1.741633415222167969e-01 9.354043006896972656e-02 7.525036334991455078e-01 9.378371238708496094e-01 7.936890125274658203e-01 2.582812309265136719e-01 -1.535706520080566406e-01 -1.947557926177978516e-01 -3.389041423797607422e-01 -3.594965934753417969e-01 -2.359411716461181641e-01 -2.359411716461181641e-01 -9.422540664672851562e-03 -1.741633415222167969e-01 -3.594965934753417969e-01 -5.448300838470458984e-01 -4.006819725036621094e-01 -2.977190017700195312e-01 -3.594965934753417969e-01 -5.860152244567871094e-01 -4.418671131134033203e-01 -3.800892829895019531e-01 -5.448300838470458984e-01 -4.006819725036621094e-01 -2.771263122558593750e-01 1.347258090972900391e-01 4.230220317840576172e-01 5.465776920318603516e-01 3.200590610504150391e-01 3.406517505645751953e-01 7.294797897338867188e-02 -1.123855113983154297e-01 -4.006819725036621094e-01 -5.860152244567871094e-01 -9.566820859909057617e-01 -9.154968261718750000e-01 -7.919412851333618164e-01 -4.830522537231445312e-01 -1.535706520080566406e-01 2.376887798309326172e-01 4.230220317840576172e-01 4.024295806884765625e-01 2.376887798309326172e-01 1.553182601928710938e-01
1.117014884948730469e-02 -9.179282188415527344e-02 -9.179282188415527344e-02 -9.179282188415527344e-02 -9.179282188415527344e-02 3.176259994506835938e-02 2.788739204406738281e-01 5.465776920318603516e-01 3.406517505645751953e-01 2.376887798309326172e-01 9.354043006896972656e-02 1.553182601928710938e-01 1.347258090972900391e-01 1.965036392211914062e-01 -9.179282188415527344e-02 -1.329779624938964844e-01 -1.329779624938964844e-01 -7.120037078857421875e-02 9.354043006896972656e-02 2.788739204406738281e-01 3.612442016601562500e-01 4.024295806884765625e-01 6.289482116699218750e-01 9.378371238708496094e-01 7.525036334991455078e-01 5.877628326416015625e-01 5.671703815460205078e-01 6.495406627655029297e-01 6.495406627655029297e-01 2.582812309265136719e-01 -3.183114528656005859e-01 -5.036449432373046875e-01 -7.120037078857421875e-02 -3.389041423797607422e-01 -2.153484821319580078e-01 -3.800892829895019531e-01 -4.830522537231445312e-01 -5.036449432373046875e-01 -3.800892829895019531e-01 -1.123855113983154297e-01 1.347258090972900391e-01 -4.418671131134033203e-01 -6.066079139709472656e-01 -6.889783143997192383e-01 -5.036449432373046875e-01 -5.654227733612060547e-01 -5.860152244567871094e-01 -4.006819725036621094e-01 2.376887798309326172e-01 2.170960903167724609e-01 1.347258090972900391e-01 -4.418671131134033203e-01 -1.059645056724548340e+00 -1.389126658439636230e+00 -5.654227733612060547e-01 1.040800094604492188e+00 1.226133584976196289e+00 -2.565336227416992188e-01 -1.347941517829895020e+00 -1.327348947525024414e+00 -7.507560253143310547e-01 -2.359411716461181641e-01 -9.422540664672851562e-03 1.965036392211914062e-01 3.406517505645751953e-01 6.701333522796630859e-01 6.701333522796630859e-01 5.235528945922851562e-02 -7.713487148284912109e-01 -1.986312150955200195e+00 -1.306756258010864258e+00 -9.978673458099365234e-01 -9.978673458099365234e-01 -1.492089748382568359e+00 -1.183200716972351074e+00 -6.889783143997192383e-01 -1.741633415222167969e-01 3.200590610504150391e-01 5.053925514221191406e-01 4.436147212982177734e-01 8.760592937469482422e-01 8.966519832611083984e-01 7.113184928894042969e-01 4.230220317840576172e-01 -2.977190017700195312e-01 -1.080237627029418945e+00 -1.883349061012268066e+00 -2.109867572784423828e+00 -1.780386090278625488e+00 -1.142015457153320312e+00 -7.713487148284912109e-01 -5.036449432373046875e-01 2.376887798309326172e-01 7.525036334991455078e-01 6.701333522796630859e-01 4.436147212982177734e-01 9.790222644805908203e-01 6.907258033752441406e-01 6.701333522796630859e-01 5.877628326416015625e-01 2.582812309265136719e-01 3.406517505645751953e-01 1.141331195831298828e-01 3.176259994506835938e-02 -9.422540664672851562e-03 5.235528945922851562e-02 1.759109497070312500e-01 3.200590610504150391e-01 4.436147212982177734e-01 5.259852409362792969e-01 5.877628326416015625e-01 4.847998619079589844e-01 4.642074108123779297e-01 5.259852409362792969e-01 7.113184928894042969e-01 7.730963230133056641e-01 8.348741531372070312e-01 6.495406627655029297e-01 5.259852409362792969e-01 5.053925514221191406e-01 5.259852409362792969e-01 3.612442016601562500e-01 1.759109497070312500e-01 1.965036392211914062e-01 2.788739204406738281e-01 2.994666099548339844e-01 1.965036392211914062e-01 2.582812309265136719e-01
-2.565336227416992188e-01 -2.977190017700195312e-01 -2.359411716461181641e-01 -7.120037078857421875e-02 5.235528945922851562e-02 2.788739204406738281e-01 3.818368911743164062e-01 3.818368911743164062e-01 5.671703815460205078e-01 4.436147212982177734e-01 3.200590610504150391e-01 1.347258090972900391e-01 -3.001499176025390625e-02 -9.179282188415527344e-02 -7.120037078857421875e-02 5.235528945922851562e-02 -2.359411716461181641e-01 -9.179282188415527344e-02 3.200590610504150391e-01 4.230220317840576172e-01 3.818368911743164062e-01 5.877628326416015625e-01 6.495406627655029297e-01 1.143763065338134766e+00 1.287911415100097656e+00 1.061392784118652344e+00 8.348741531372070312e-01 6.289482116699218750e-01 5.259852409362792969e-01 4.436147212982177734e-01 1.347258090972900391e-01 -9.179282188415527344e-02 -1.123855113983154297e-01 -2.359411716461181641e-01 -2.565336227416992188e-01 -1.535706520080566406e-01 -5.060768127441406250e-02 1.117014884948730469e-02 2.994666099548339844e-01 8.142814636230468750e-01 6.907258033752441406e-01 4.642074108123779297e-01 -9.422540664672851562e-03 -2.771263122558593750e-01 -5.036449432373046875e-01 -3.800892829895019531e-01 -4.006819725036621094e-01 -3.183114528656005859e-01 1.553182601928710938e-01 -4.624595642089843750e-01 -4.212744235992431641e-01 -4.830522537231445312e-01 -5.654227733612060547e-01 7.319111824035644531e-01 1.596800327301025391e+00 1.493837356567382812e+00 1.576207637786865234e+00 1.432059288024902344e+00 1.965036392211914062e-01 -1.039052486419677734e+00 -1.100830316543579102e+00 -7.507560253143310547e-01 -3.183114528656005859e-01 -1.123855113983154297e-01 3.818368911743164062e-01 -9.179282188415527344e-02 -5.036449432373046875e-01 -6.683857440948486328e-01 -5.654227733612060547e-01 4.847998619079589844e-01 6.701333522796630859e-01 -1.329779624938964844e-01 6.495406627655029297e-01 1.226133584976196289e+00 -3.001499176025390625e-02 -7.507560253143310547e-01 -8.949042558670043945e-01 -3.183114528656005859e-01 1.141331195831298828e-01 7.294797897338867188e-02 3.818368911743164062e-01 9.354043006896972656e-02 -4.212744235992431641e-01 -1.183200716972351074e+00 -1.656830549240112305e+00 -2.171645641326904297e+00 -2.439349174499511719e+00 -2.686460494995117188e+00 -2.418756723403930664e+00 -2.068682432174682617e+00 -1.595052719116210938e+00 -1.059645056724548340e+00 -4.212744235992431641e-01 -1.123855113983154297e-01 -5.060768127441406250e-02 3.406517505645751953e-01 1.141331195831298828e-01 9.354043006896972656e-02 2.170960903167724609e-01 2.582812309265136719e-01 3.200590610504150391e-01 1.965036392211914062e-01 -1.123855113983154297e-01 -3.594965934753417969e-01 -4.006819725036621094e-01 -1.535706520080566406e-01 -1.123855113983154297e-01 1.347258090972900391e-01 5.235528945922851562e-02 -9.179282188415527344e-02 -1.535706520080566406e-01 4.642074108123779297e-01 2.788739204406738281e-01 1.347258090972900391e-01 4.024295806884765625e-01 3.200590610504150391e-01 4.642074108123779297e-01 2.582812309265136719e-01 4.436147212982177734e-01 2.582812309265136719e-01 3.612442016601562500e-01 2.376887798309326172e-01 3.818368911743164062e-01 1.759109497070312500e-01 1.347258090972900391e-01 2.994666099548339844e-01 5.053925514221191406e-01 7.319111824035644531e-01
2.376887798309326172e-01 1.759109497070312500e-01 9.354043006896972656e-02 1.117014884948730469e-02 7.294797897338867188e-02 1.347258090972900391e-01 9.354043006896972656e-02 1.965036392211914062e-01 2.376887798309326172e-01 2.994666099548339844e-01 4.230220317840576172e-01 3.406517505645751953e-01 3.818368911743164062e-01 3.200590610504150391e-01 3.818368911743164062e-01 5.465776920318603516e-01 -3.800892829895019531e-01 -2.359411716461181641e-01 -5.060768127441406250e-02 2.170960903167724609e-01 7.936890125274658203e-01 8.348741531372070312e-01 6.907258033752441406e-01 6.907258033752441406e-01 6.701333522796630859e-01 4.230220317840576172e-01 5.671703815460205078e-01 4.436147212982177734e-01 3.612442016601562500e-01 1.117014884948730469e-02 -5.060768127441406250e-02 -1.329779624938964844e-01 4.230220317840576172e-01 2.994666099548339844e-01 9.354043006896972656e-02 -9.179282188415527344e-02 -3.800892829895019531e-01 -9.360895156860351562e-01 -1.471497058868408203e+00 -1.718608260154724121e+00 -1.656830549240112305e+00 -1.389126658439636230e+00 -9.360895156860351562e-01 -6.272006034851074219e-01 -2.771263122558593750e-01 -9.179282188415527344e-02 5.235528945922851562e-02 4.230220317840576172e-01 6.701333522796630859e-01 8.966519832611083984e-01 1.143763065338134766e+00 1.637985706329345703e+00 1.432059288024902344e+00 5.235528945922851562e-02 -1.286163687705993652e+00 -9.772746562957763672e-01 -1.039052486419677734e+00 -9.772746562957763672e-01 1.965036392211914062e-01 8.760592937469482422e-01 1.040800094604492188e+00 9.378371238708496094e-01 7.936890125274658203e-01 7.319111824035644531e-01 6.495406627655029297e-01 8.760592937469482422e-01 1.287911415100097656e+00 1.432059288024902344e+00 1.226133584976196289e+00 -1.123855113983154297e-01 -1.471497058868408203e+00 -1.203793287277221680e+00 -1.142015457153320312e+00 -5.860152244567871094e-01 6.495406627655029297e-01 1.308503866195678711e+00 1.287911415100097656e+00 1.123170614242553711e+00 7.936890125274658203e-01 7.730963230133056641e-01 1.759109497070312500e-01 -9.422540664672851562e-03 -2.153484821319580078e-01 -6.477930545806884766e-01 -7.919412851333618164e-01 -1.450904488563537598e+00 -1.862756490707397461e+00 -1.821571350097656250e+00 -1.903941631317138672e+00 -1.698015689849853516e+00 -1.224385857582092285e+00 -8.537191152572631836e-01 -4.624595642089843750e-01 -7.120037078857421875e-02 2.376887798309326172e-01 5.465776920318603516e-01 -5.036449432373046875e-01 -4.006819725036621094e-01 -2.153484821319580078e-01 -7.120037078857421875e-02 2.582812309265136719e-01 2.788739204406738281e-01 2.170960903167724609e-01 1.965036392211914062e-01 5.235528945922851562e-02 5.235528945922851562e-02 -1.123855113983154297e-01 -2.771263122558593750e-01 -3.389041423797607422e-01 -6.066079139709472656e-01 -6.477930545806884766e-01 -5.036449432373046875e-01 -2.771263122558593750e-01 -2.565336227416992188e-01 -2.565336227416992188e-01 -3.001499176025390625e-02 3.176259994506835938e-02 9.354043006896972656e-02 5.235528945922851562e-02 7.294797897338867188e-02 -5.060768127441406250e-02 -9.179282188415527344e-02 -9.179282188415527344e-02 -3.001499176025390625e-02 -7.120037078857421875e-02 -1.123855113983154297e-01 -5.060768127441406250e-02 5.235528945922851562e-02
-2.359411716461181641e-01 -1.123855113983154297e-01 9.354043006896972656e-02 5.235528945922851562e-02 7.294797897338867188e-02 3.176259994506835938e-02 4.847998619079589844e-01 5.671703815460205078e-01 6.907258033752441406e-01 3.406517505645751953e-01 2.376887798309326172e-01 2.170960903167724609e-01 2.788739204406738281e-01 -7.120037078857421875e-02 -1.123855113983154297e-01 -3.001499176025390625e-02 -2.565336227416992188e-01 -2.771263122558593750e-01 -5.060768127441406250e-02 1.141331195831298828e-01 3.818368911743164062e-01 1.965036392211914062e-01 4.642074108123779297e-01 4.642074108123779297e-01 4.024295806884765625e-01 1.553182601928710938e-01 1.965036392211914062e-01 1.965036392211914062e-01 1.347258090972900391e-01 -1.741633415222167969e-01 -4.624595642089843750e-01 -3.389041423797607422e-01 -2.359411716461181641e-01 -4.006819725036621094e-01 -4.830522537231445312e-01 -6.889783143997192383e-01 -1.286163687705993652e+00 -1.142015457153320312e+00 -1.018459916114807129e+00 -1.100830316543579102e+00 -1.306756258010864258e+00 -1.615645289421081543e+00 -1.450904488563537598e+00 -8.331265449523925781e-01 -3.183114528656005859e-01 -1.535706520080566406e-01 -9.422540664672851562e-03 1.965036392211914062e-01 -2.565336227416992188e-01 2.994666099548339844e-01 6.083555221557617188e-01 1.759109497070312500e-01 -9.154968261718750000e-01 -1.677423119544982910e+00 -1.883349061012268066e+00 -1.574460029602050781e+00 -1.492089748382568359e+00 -8.949042558670043945e-01 -7.095708847045898438e-01 -9.422540664672851562e-03 3.406517505645751953e-01 3.818368911743164062e-01 2.376887798309326172e-01 -1.329779624938964844e-01 -1.123855113983154297e-01 4.436147212982177734e-01 1.164355754852294922e+00 1.267318725585937500e+00 6.701333522796630859e-01 -4.830522537231445312e-01 -1.512682318687438965e+00 -6.066079139709472656e-01 2.376887798309326172e-01 8.142814636230468750e-01 7.730963230133056641e-01 9.172444343566894531e-01 6.495406627655029297e-01 6.495406627655029297e-01 1.347258090972900391e-01 -1.123855113983154297e-01 5.259852409362792969e-01 6.907258033752441406e-01 8.142814636230468750e-01 8.760592937469482422e-01 4.642074108123779297e-01 2.994666099548339844e-01 -2.771263122558593750e-01 -2.359411716461181641e-01 -3.001499176025390625e-02 2.994666099548339844e-01 4.230220317840576172e-01 7.525036334991455078e-01 6.701333522796630859e-01 6.907258033752441406e-01 4.847998619079589844e-01 1.759109497070312500e-01 5.259852409362792969e-01 6.083555221557617188e-01 5.053925514221191406e-01 5.877628326416015625e-01 5.877628326416015625e-01 3.406517505645751953e-01 4.436147212982177734e-01 5.053925514221191406e-01 3.818368911743164062e-01 5.053925514221191406e-01 6.701333522796630859e-01 7.730963230133056641e-01 7.525036334991455078e-01 7.525036334991455078e-01 5.259852409362792969e-01 2.994666099548339844e-01 -1.329779624938964844e-01 -9.179282188415527344e-02 1.141331195831298828e-01 7.294797897338867188e-02 1.117014884948730469e-02 -5.060768127441406250e-02 9.354043006896972656e-02 1.117014884948730469e-02 5.235528945922851562e-02 9.354043006896972656e-02 -9.179282188415527344e-02 -1.741633415222167969e-01 -1.535706520080566406e-01 -1.123855113983154297e-01 3.176259994506835938e-02 1.347258090972900391e-01
-3.800892829895019531e-01 -3.800892829895019531e-01 -4.830522537231445312e-01 -4.006819725036621094e-01 -1.123855113983154297e-01 5.235528945922851562e-02 -7.120037078857421875e-02 -1.947557926177978516e-01 -4.624595642089843750e-01 -4.212744235992431641e-01 -4.418671131134033203e-01 -3.594965934753417969e-01 -2.153484821319580078e-01 -9.179282188415527344e-02 -1.947557926177978516e-01 -7.120037078857421875e-02 -1.123855113983154297e-01 -2.565336227416992188e-01 -2.977190017700195312e-01 -2.153484821319580078e-01 -2.153484821319580078e-01 -1.123855113983154297e-01 1.117014884948730469e-02 -1.741633415222167969e-01 -2.771263122558593750e-01 -6.477930545806884766e-01 -8.743116855621337891e-01 -8.949042558670043945e-01 -3.800892829895019531e-01 -7.120037078857421875e-02 7.294797897338867188e-02 2.788739204406738281e-01 2.376887798309326172e-01 7.730963230133056641e-01 1.123170614242553711e+00 1.329096317291259766e+00 1.102577924728393555e+00 1.061392784118652344e+00 1.081985235214233398e+00 8.760592937469482422e-01 1.347258090972900391e-01 -5.036449432373046875e-01 -4.624595642089843750e-01 -3.389041423797607422e-01 -4.212744235992431641e-01 -3.594965934753417969e-01 -3.800892829895019531e-01 -2.359411716461181641e-01 3.818368911743164062e-01 9.172444343566894531e-01 1.205540895462036133e+00 1.390874385833740234e+00 1.246726036071777344e+00 1.184948444366455078e+00 1.184948444366455078e+00 -9.154968261718750000e-01 -1.183200716972351074e+00 -9.566820859909057617e-01 -2.153484821319580078e-01 4.230220317840576172e-01 5.259852409362792969e-01 4.436147212982177734e-01 3.200590610504150391e-01 1.141331195831298828e-01 1.117014884948730469e-02 2.582812309265136719e-01 6.701333522796630859e-01 7.113184928894042969e-01 3.406517505645751953e-01 -5.448300838470458984e-01 -1.471497058868408203e+00 -9.154968261718750000e-01 -3.001499176025390625e-02 1.308503866195678711e+00 1.782133579254150391e+00 1.432059288024902344e+00 1.164355754852294922e+00 9.996149539947509766e-01 7.113184928894042969e-01 4.230220317840576172e-01 -4.006819725036621094e-01 -4.006819725036621094e-01 -2.153484821319580078e-01 -3.001499176025390625e-02 -1.123855113983154297e-01 -5.036449432373046875e-01 -2.153484821319580078e-01 2.994666099548339844e-01 8.760592937469482422e-01 9.996149539947509766e-01 9.584298133850097656e-01 1.020207405090332031e+00 9.996149539947509766e-01 9.378371238708496094e-01 7.525036334991455078e-01 3.818368911743164062e-01 -1.535706520080566406e-01 -2.359411716461181641e-01 -4.212744235992431641e-01 -5.242373943328857422e-01 -9.360895156860351562e-01 -9.566820859909057617e-01 -6.477930545806884766e-01 -3.389041423797607422e-01 -3.594965934753417969e-01 -4.418671131134033203e-01 -3.800892829895019531e-01 -4.418671131134033203e-01 -4.624595642089843750e-01 -6.272006034851074219e-01 -4.006819725036621094e-01 -4.006819725036621094e-01 -5.060768127441406250e-02 1.117014884948730469e-02 -5.060768127441406250e-02 -5.060768127441406250e-02 -9.179282188415527344e-02 -6.683857440948486328e-01 -1.059645056724548340e+00 -1.244978427886962891e+00 -8.949042558670043945e-01 -8.537191152572631836e-01 -6.477930545806884766e-01 -7.301634550094604492e-01 -3.594965934753417969e-01 -1.535706520080566406e-01 -1.329779624938964844e-01 1.117014884948730469e-02
