5.628405213356018066e-01 6.109605431556701660e-01 6.171740889549255371e-01 6.738181710243225098e-01 6.389480233192443848e-01 5.791347622871398926e-01 4.900751709938049316e-01 4.157843887805938721e-01 4.098767042160034180e-01 3.986403644084930420e-01 4.369779527187347412e-01 4.911484718322753906e-01 4.846183061599731445e-01 5.120086073875427246e-01 5.457516312599182129e-01 5.629906654357910156e-01 6.447389721870422363e-01 6.271249651908874512e-01 5.663341879844665527e-01 5.190486907958984375e-01 4.812666773796081543e-01 4.726660847663879395e-01 4.624747335910797119e-01 4.332504570484161377e-01 3.734951615333557129e-01 3.810096681118011475e-01 3.816135823726654053e-01 3.706927895545959473e-01 3.763755261898040771e-01 4.065625369548797607e-01 4.999740421772003174e-01 5.231534242630004883e-01 5.369796752929687500e-01 5.310575962066650391e-01 5.100615620613098145e-01 5.041342973709106445e-01 5.445494055747985840e-01 5.983013510704040527e-01 5.992954969406127930e-01 5.761914849281311035e-01 5.752853155136108398e-01 5.842951536178588867e-01 5.420561432838439941e-01 4.339254200458526611e-01 3.893439173698425293e-01 4.438522160053253174e-01 4.671317338943481445e-01 5.010135173797607422e-01 4.794387221336364746e-01 4.614228010177612305e-01 3.624266684055328369e-01 4.163102507591247559e-01 5.384624600410461426e-01 7.114862203598022461e-01 7.644329667091369629e-01 7.514209151268005371e-01 7.879260182380676270e-01 8.077637553215026855e-01 7.598799467086791992e-01 4.995358288288116455e-01 3.908565044403076172e-01 2.754717469215393066e-01 3.815163671970367432e-01 4.650155603885650635e-01 4.542090296745300293e-01 3.912415504455566406e-01 3.166236877441406250e-01 4.030519425868988037e-01 6.146505475044250488e-01 7.428503036499023438e-01 7.525876760482788086e-01 8.201069235801696777e-01 8.896400332450866699e-01 9.132848978042602539e-01 7.686133384704589844e-01 4.699920415878295898e-01 3.644258379936218262e-01 3.362685441970825195e-01 4.408425092697143555e-01 4.737373292446136475e-01 4.641531109809875488e-01 4.583117365837097168e-01 4.219458103179931641e-01 4.718285799026489258e-01 4.740715026855468750e-01 5.971720814704895020e-01 6.219266653060913086e-01 6.803725361824035645e-01 6.632323265075683594e-01 6.151779890060424805e-01 5.024390220642089844e-01 4.339768588542938232e-01 3.646382391452789307e-01 4.467008113861083984e-01 4.591239988803863525e-01 4.085821211338043213e-01 5.450993776321411133e-01 5.088479518890380859e-01 4.444063007831573486e-01 4.193599522113800049e-01 4.702655971050262451e-01 5.272782444953918457e-01 5.144967436790466309e-01 5.208435654640197754e-01 5.039486289024353027e-01 4.926796853542327881e-01 4.825412333011627197e-01 5.226499438285827637e-01 5.339716672897338867e-01 4.766102731227874756e-01 4.229351580142974854e-01 3.986850976943969727e-01 5.661143064498901367e-01 5.061448812484741211e-01 4.363921880722045898e-01 4.362256824970245361e-01 4.579809904098510742e-01 4.759488999843597412e-01 4.811923205852508545e-01 5.017631053924560547e-01 4.980581998825073242e-01 5.374975800514221191e-01 5.824622511863708496e-01 5.264495015144348145e-01 4.999091923236846924e-01 4.526624083518981934e-01 4.140445291996002197e-01 3.177642524242401123e-01
5.817534327507019043e-01 5.722041726112365723e-01 5.757466554641723633e-01 6.109699010848999023e-01 5.884436368942260742e-01 5.958915948867797852e-01 5.797227025032043457e-01 5.839721560478210449e-01 5.586215257644653320e-01 5.499922037124633789e-01 5.679700970649719238e-01 5.515342354774475098e-01 5.232434868812561035e-01 4.631305932998657227e-01 4.617559015750885010e-01 4.779732823371887207e-01 6.075367927551269531e-01 6.174293756484985352e-01 5.595084428787231445e-01 4.510840177536010742e-01 4.046039581298828125e-01 3.227259814739227295e-01 2.472711354494094849e-01 2.309660613536834717e-01 2.820915877819061279e-01 3.725778162479400635e-01 4.314492940902709961e-01 5.150543451309204102e-01 4.940514266490936279e-01 4.892528355121612549e-01 4.710808396339416504e-01 4.766958653926849365e-01 4.986708462238311768e-01 4.631169140338897705e-01 4.696127176284790039e-01 4.353850185871124268e-01 4.581394493579864502e-01 4.815921187400817871e-01 4.017032682895660400e-01 2.578803300857543945e-01 1.916735172271728516e-01 1.966592073440551758e-01 2.654139995574951172e-01 3.511283993721008301e-01 4.356397688388824463e-01 4.646301269531250000e-01 4.426233172416687012e-01 4.942333996295928955e-01 5.416419506072998047e-01 5.964519381523132324e-01 6.898536086082458496e-01 8.074312210083007812e-01 8.403587937355041504e-01 8.868240118026733398e-01 7.439986467361450195e-01 4.453275501728057861e-01 2.720422744750976562e-01 2.163962870836257935e-01 2.220744043588638306e-01 3.756476044654846191e-01 4.288417398929595947e-01 4.220111966133117676e-01 5.142063498497009277e-01 5.315256714820861816e-01 5.724699497222900391e-01 6.469768285751342773e-01 7.110155820846557617e-01 7.439808249473571777e-01 7.571054100990295410e-01 7.063053250312805176e-01 5.659922361373901367e-01 4.390564560890197754e-01 2.962009012699127197e-01 2.599482238292694092e-01 2.989069223403930664e-01 4.227725267410278320e-01 4.416351020336151123e-01 4.516344070434570312e-01 5.408294796943664551e-01 5.619242191314697266e-01 6.213331222534179688e-01 6.538670659065246582e-01 7.008364796638488770e-01 6.779704689979553223e-01 5.714385509490966797e-01 4.471933543682098389e-01 3.895325362682342529e-01 3.128187656402587891e-01 3.368765115737915039e-01 3.711794316768646240e-01 4.042046368122100830e-01 4.207780957221984863e-01 4.607230424880981445e-01 4.776503443717956543e-01 4.989814758300781250e-01 5.240148901939392090e-01 6.386477351188659668e-01 6.228254437446594238e-01 6.142658591270446777e-01 5.871131420135498047e-01 5.816331505775451660e-01 5.550934672355651855e-01 5.381765961647033691e-01 5.508621335029602051e-01 5.927112102508544922e-01 6.256173849105834961e-01 6.150233149528503418e-01 6.031565070152282715e-01 5.726680755615234375e-01 5.322117209434509277e-01 5.463754534721374512e-01 5.247319936752319336e-01 5.252789258956909180e-01 5.107616782188415527e-01 5.173141956329345703e-01 5.303953886032104492e-01 5.422296524047851562e-01 5.873135328292846680e-01 6.384026408195495605e-01 6.168973445892333984e-01 6.183492541313171387e-01 6.140189170837402344e-01 5.832492709159851074e-01 5.341547131538391113e-01 5.003164410591125488e-01 5.036795139312744141e-01 5.197450518608093262e-01 5.214864611625671387e-01
5.458241701126098633e-01 5.460186600685119629e-01 5.849603414535522461e-01 5.543364882469177246e-01 5.234742760658264160e-01 5.035583972930908203e-01 4.725109040737152100e-01 4.388507008552551270e-01 4.108751714229583740e-01 3.843931853771209717e-01 4.230321049690246582e-01 4.564632475376129150e-01 4.860560595989227295e-01 5.133692622184753418e-01 5.365406870841979980e-01 5.425891280174255371e-01 5.450642704963684082e-01 4.862551093101501465e-01 4.368430972099304199e-01 4.287717342376708984e-01 4.353124201297760010e-01 4.262261390686035156e-01 4.096557497978210449e-01 4.253235459327697754e-01 4.403688609600067139e-01 4.986547827720642090e-01 4.951176643371582031e-01 4.709109663963317871e-01 4.456098973751068115e-01 4.697862863540649414e-01 5.174531340599060059e-01 5.570439100265502930e-01 4.252707958221435547e-01 3.949995636940002441e-01 3.817586004734039307e-01 5.164940953254699707e-01 5.808601975440979004e-01 5.910087227821350098e-01 5.639869570732116699e-01 5.774654150009155273e-01 6.067640781402587891e-01 6.221991181373596191e-01 6.287893056869506836e-01 6.006783843040466309e-01 5.741143822669982910e-01 5.010660886764526367e-01 4.610943794250488281e-01 4.982417523860931396e-01 5.491526722908020020e-01 6.465575098991394043e-01 7.729065418243408203e-01 8.741436600685119629e-01 8.692802190780639648e-01 8.413010239601135254e-01 7.734847664833068848e-01 8.705431818962097168e-01 8.879034519195556641e-01 6.570817232131958008e-01 4.787454605102539062e-01 4.462266266345977783e-01 4.301440417766571045e-01 4.534411728382110596e-01 4.422759413719177246e-01 4.515840411186218262e-01 6.068646311759948730e-01 6.751193404197692871e-01 7.353374361991882324e-01 7.935975790023803711e-01 7.859478592872619629e-01 7.029662728309631348e-01 6.410827040672302246e-01 4.441518187522888184e-01 2.530317604541778564e-01 2.950209081172943115e-01 4.061833322048187256e-01 5.646889805793762207e-01 6.370794177055358887e-01 6.435738205909729004e-01 6.366956830024719238e-01 5.777717828750610352e-01 5.058506727218627930e-01 5.057663917541503906e-01 4.931789934635162354e-01 4.705125093460083008e-01 4.059150815010070801e-01 3.637631237506866455e-01 2.988658845424652100e-01 3.445661962032318115e-01 4.827831089496612549e-01 6.313424706459045410e-01 7.700799107551574707e-01 7.506245374679565430e-01 7.005683183670043945e-01 6.200944781303405762e-01 6.094161272048950195e-01 5.636113882064819336e-01 4.333266019821166992e-01 4.597697854042053223e-01 4.380997121334075928e-01 4.611511826515197754e-01 4.480237662792205811e-01 3.858579397201538086e-01 3.228069245815277100e-01 3.165558874607086182e-01 3.363949656486511230e-01 3.788394331932067871e-01 4.119704663753509521e-01 4.169635176658630371e-01 4.191704392433166504e-01 4.389632642269134521e-01 4.424133598804473877e-01 4.859597682952880859e-01 4.494760632514953613e-01 4.381358623504638672e-01 4.581078290939331055e-01 4.886353909969329834e-01 4.825588166713714600e-01 5.008459687232971191e-01 4.418770968914031982e-01 4.046403467655181885e-01 3.983722031116485596e-01 3.581255674362182617e-01 3.650557994842529297e-01 4.044857323169708252e-01 4.523414969444274902e-01 4.693770706653594971e-01 4.476371109485626221e-01 4.662439823150634766e-01
4.902286231517791748e-01 4.871080517768859863e-01 4.697597622871398926e-01 4.668091237545013428e-01 4.621183574199676514e-01 4.265397489070892334e-01 3.877399563789367676e-01 4.160014092922210693e-01 4.786868691444396973e-01 5.004983544349670410e-01 4.948476552963256836e-01 4.859598875045776367e-01 4.610609710216522217e-01 4.462484717369079590e-01 3.835190236568450928e-01 3.474259078502655029e-01 5.045742392539978027e-01 4.825401008129119873e-01 4.960291981697082520e-01 5.264419913291931152e-01 5.303041338920593262e-01 4.896009862422943115e-01 4.901342988014221191e-01 4.707446694374084473e-01 4.502935111522674561e-01 4.279385805130004883e-01 4.193567335605621338e-01 4.892625510692596436e-01 5.150564312934875488e-01 5.151206851005554199e-01 4.855895936489105225e-01 4.115105271339416504e-01 6.604220867156982422e-01 7.063383460044860840e-01 7.543001770973205566e-01 7.870903015136718750e-01 7.936609983444213867e-01 7.583984136581420898e-01 7.262473106384277344e-01 6.554966568946838379e-01 5.327120423316955566e-01 4.835402965545654297e-01 5.004811882972717285e-01 5.052162408828735352e-01 4.847693741321563721e-01 4.989201724529266357e-01 4.501433074474334717e-01 4.244158864021301270e-01 5.895599126815795898e-01 6.738973259925842285e-01 7.506199479103088379e-01 8.065882325172424316e-01 8.283169865608215332e-01 8.044137954711914062e-01 6.652178168296813965e-01 3.448485136032104492e-01 2.382774949073791504e-01 2.456295043230056763e-01 3.672377169132232666e-01 5.647781491279602051e-01 6.690561175346374512e-01 6.323891282081604004e-01 5.940098166465759277e-01 5.258189439773559570e-01 5.536727905273437500e-01 6.221443414688110352e-01 7.211744189262390137e-01 7.807829380035400391e-01 7.833580374717712402e-01 7.868439555168151855e-01 6.753050684928894043e-01 4.198340177536010742e-01 3.007648885250091553e-01 2.484237700700759888e-01 2.907312512397766113e-01 3.676506578922271729e-01 4.188543856143951416e-01 4.475768208503723145e-01 4.389897286891937256e-01 4.190613925457000732e-01 4.965265393257141113e-01 4.939475357532501221e-01 5.655223131179809570e-01 6.815447211265563965e-01 7.565530538558959961e-01 7.604459524154663086e-01 7.323414683341979980e-01 7.392686009407043457e-01 6.898056864738464355e-01 5.758941173553466797e-01 4.862296283245086670e-01 4.535992443561553955e-01 4.324815571308135986e-01 4.203219711780548096e-01 3.967609405517578125e-01 3.712471425533294678e-01 4.312784969806671143e-01 4.045370817184448242e-01 3.504393100738525391e-01 3.059518337249755859e-01 3.774680495262145996e-01 4.402281343936920166e-01 4.983654618263244629e-01 5.273385643959045410e-01 5.068662762641906738e-01 4.698839485645294189e-01 4.944521188735961914e-01 4.665540158748626709e-01 4.689477384090423584e-01 4.314864873886108398e-01 4.080130755901336670e-01 3.948132097721099854e-01 4.841140210628509521e-01 4.989419281482696533e-01 4.515056014060974121e-01 3.981058299541473389e-01 3.842667639255523682e-01 3.773117065429687500e-01 3.705396652221679688e-01 4.077084660530090332e-01 4.388240575790405273e-01 4.513599872589111328e-01 4.842240810394287109e-01 5.180951356887817383e-01 5.137292742729187012e-01 4.945307970046997070e-01 5.037958621978759766e-01 5.095666646957397461e-01
4.274899065494537354e-01 4.670457243919372559e-01 4.811446666717529297e-01 5.317420363426208496e-01 5.630201101303100586e-01 5.862051844596862793e-01 5.832458734512329102e-01 5.789533257484436035e-01 5.749853253364562988e-01 5.839730501174926758e-01 5.485128760337829590e-01 5.017457008361816406e-01 4.701226651668548584e-01 4.717521071434020996e-01 4.672824144363403320e-01 4.742824137210845947e-01 6.148083209991455078e-01 6.645670533180236816e-01 6.777719259262084961e-01 7.068002223968505859e-01 7.385731935501098633e-01 7.231844663619995117e-01 7.132672667503356934e-01 6.743740439414978027e-01 6.467449665069580078e-01 6.370875835418701172e-01 6.433732509613037109e-01 6.598915457725524902e-01 6.356782317161560059e-01 6.148729920387268066e-01 5.580074191093444824e-01 5.279240608215332031e-01 6.248171329498291016e-01 6.837327480316162109e-01 7.034467458724975586e-01 7.373002767562866211e-01 7.102373838424682617e-01 6.501600742340087891e-01 5.469000935554504395e-01 4.201014041900634766e-01 3.424347639083862305e-01 3.819764554500579834e-01 4.974718987941741943e-01 5.494401454925537109e-01 6.095902323722839355e-01 6.441934704780578613e-01 6.863345503807067871e-01 6.211846470832824707e-01 4.942209124565124512e-01 5.862495303153991699e-01 5.865376591682434082e-01 6.454964876174926758e-01 6.233336925506591797e-01 4.848063290119171143e-01 3.669536113739013672e-01 3.665049076080322266e-01 4.945500493049621582e-01 7.084867954254150391e-01 7.885476350784301758e-01 8.495757579803466797e-01 8.098793625831604004e-01 7.668891549110412598e-01 6.568880677223205566e-01 5.877093672752380371e-01 3.763681054115295410e-01 3.692277371883392334e-01 4.401921331882476807e-01 5.114225745201110840e-01 4.433364272117614746e-01 3.571082949638366699e-01 4.355197548866271973e-01 7.149557471275329590e-01 7.563293576240539551e-01 6.530674695968627930e-01 5.637130737304687500e-01 5.735981464385986328e-01 5.715548396110534668e-01 6.051147580146789551e-01 5.794102549552917480e-01 5.088458657264709473e-01 3.518343567848205566e-01 3.817830681800842285e-01 4.097910821437835693e-01 3.599899709224700928e-01 3.355727791786193848e-01 3.041628599166870117e-01 2.891655862331390381e-01 2.589781582355499268e-01 2.232910692691802979e-01 2.102236151695251465e-01 2.336067706346511841e-01 2.649260163307189941e-01 3.565176427364349365e-01 3.310668468475341797e-01 3.567462861537933350e-01 3.804459869861602783e-01 5.370923876762390137e-01 5.765559673309326172e-01 5.091222524642944336e-01 4.672314822673797607e-01 4.023432135581970215e-01 3.710890710353851318e-01 3.276338577270507812e-01 2.900450825691223145e-01 2.919131815433502197e-01 3.210765719413757324e-01 3.516602814197540283e-01 3.505565822124481201e-01 3.568038344383239746e-01 4.069104194641113281e-01 4.338032007217407227e-01 4.233400225639343262e-01 5.249513387680053711e-01 5.468602180480957031e-01 5.719538927078247070e-01 5.965921878814697266e-01 6.043718457221984863e-01 5.952629446983337402e-01 5.602811574935913086e-01 5.160751342773437500e-01 5.076455473899841309e-01 4.815464615821838379e-01 4.544959366321563721e-01 4.746946096420288086e-01 4.589236378669738770e-01 4.606651365756988525e-01 4.523100852966308594e-01 4.556481540203094482e-01
4.490694105625152588e-01 4.450644254684448242e-01 4.484096765518188477e-01 4.770909547805786133e-01 5.003556609153747559e-01 5.009437799453735352e-01 5.291681289672851562e-01 5.236189365386962891e-01 5.091239809989929199e-01 4.973112940788269043e-01 5.086653828620910645e-01 5.394127964973449707e-01 4.891771972179412842e-01 5.074986815452575684e-01 4.834011495113372803e-01 4.996254146099090576e-01 5.366204380989074707e-01 5.480817556381225586e-01 5.530702471733093262e-01 5.688552856445312500e-01 5.351470708847045898e-01 4.905497431755065918e-01 3.851239383220672607e-01 4.033987522125244141e-01 4.026992917060852051e-01 4.442340433597564697e-01 4.886070191860198975e-01 5.449359416961669922e-01 5.621291995048522949e-01 5.265721082687377930e-01 4.873109757900238037e-01 4.558445811271667480e-01 5.271536111831665039e-01 5.290766954421997070e-01 5.095838904380798340e-01 5.352364182472229004e-01 4.856237769126892090e-01 4.795515239238739014e-01 4.414269626140594482e-01 4.764734506607055664e-01 5.126500725746154785e-01 5.851705074310302734e-01 6.494202017784118652e-01 7.331361174583435059e-01 7.893162369728088379e-01 7.852402925491333008e-01 7.162905335426330566e-01 6.057872176170349121e-01 5.137028098106384277e-01 4.519557952880859375e-01 3.912610411643981934e-01 4.146769046783447266e-01 3.216063380241394043e-01 1.795111894607543945e-01 1.458359807729721069e-01 1.967249959707260132e-01 2.327923178672790527e-01 1.736948043107986450e-01 1.415666937828063965e-01 2.092275321483612061e-01 4.724871516227722168e-01 5.657879114151000977e-01 5.710239410400390625e-01 5.716276764869689941e-01 6.297461390495300293e-01 6.103661060333251953e-01 5.019384622573852539e-01 4.786874949932098389e-01 5.341137647628784180e-01 6.876510381698608398e-01 8.220718502998352051e-01 9.387521147727966309e-01 9.340459704399108887e-01 7.470971345901489258e-01 6.219633221626281738e-01 4.897746443748474121e-01 5.022956728935241699e-01 4.651539027690887451e-01 4.339476227760314941e-01 4.316923916339874268e-01 5.390304923057556152e-01 6.823052167892456055e-01 7.642346620559692383e-01 8.529040217399597168e-01 8.386168479919433594e-01 7.885754704475402832e-01 7.005059719085693359e-01 5.937209725379943848e-01 5.024137496948242188e-01 4.500333368778228760e-01 4.655511379241943359e-01 4.797765910625457764e-01 4.875343441963195801e-01 4.798667132854461670e-01 4.881536960601806641e-01 4.334028661251068115e-01 5.448986887931823730e-01 4.547666311264038086e-01 4.293487966060638428e-01 4.195558130741119385e-01 4.928252696990966797e-01 5.583299994468688965e-01 5.526056885719299316e-01 5.299232006072998047e-01 5.285065770149230957e-01 5.194096565246582031e-01 5.090206265449523926e-01 5.216253399848937988e-01 5.018823146820068359e-01 5.236768126487731934e-01 5.100057125091552734e-01 4.520563185214996338e-01 5.571379065513610840e-01 5.134454369544982910e-01 4.713996946811676025e-01 4.341055750846862793e-01 4.152855277061462402e-01 3.936477005481719971e-01 4.166316092014312744e-01 4.049558937549591064e-01 4.381703138351440430e-01 4.718746244907379150e-01 4.580405056476593018e-01 4.807592928409576416e-01 4.680116474628448486e-01 4.715949296951293945e-01 4.464892446994781494e-01 4.026806950569152832e-01
5.848326683044433594e-01 6.140145063400268555e-01 6.101505160331726074e-01 5.882529020309448242e-01 5.690287947654724121e-01 5.623210072517395020e-01 5.404155254364013672e-01 5.237777233123779297e-01 4.868462681770324707e-01 4.898367524147033691e-01 4.655465483665466309e-01 4.854964017868041992e-01 4.852308630943298340e-01 4.496809542179107666e-01 4.614393115043640137e-01 4.901030063629150391e-01 6.115205287933349609e-01 6.184849143028259277e-01 5.775159597396850586e-01 5.263239741325378418e-01 4.949715733528137207e-01 4.985159933567047119e-01 5.410208106040954590e-01 5.423607230186462402e-01 5.278504490852355957e-01 5.258845686912536621e-01 4.916436672210693359e-01 4.334205687046051025e-01 4.091222882270812988e-01 4.140050411224365234e-01 4.892579615116119385e-01 5.097109079360961914e-01 5.320746302604675293e-01 5.209483504295349121e-01 4.900239109992980957e-01 5.023833513259887695e-01 5.625904798507690430e-01 6.691279411315917969e-01 7.180657982826232910e-01 7.024619579315185547e-01 7.256668806076049805e-01 7.489169836044311523e-01 8.343768119812011719e-01 8.443975448608398438e-01 7.396426200866699219e-01 6.385636925697326660e-01 5.266606211662292480e-01 5.889527797698974609e-01 4.803929924964904785e-01 3.472830057144165039e-01 3.508989512920379639e-01 5.335428118705749512e-01 5.264890789985656738e-01 4.552787542343139648e-01 4.362736344337463379e-01 3.281242847442626953e-01 4.149543642997741699e-01 4.720588028430938721e-01 6.220692992210388184e-01 7.409528493881225586e-01 8.602667450904846191e-01 8.689705729484558105e-01 8.210836648941040039e-01 7.427847385406494141e-01 3.566126525402069092e-01 2.008054703474044800e-01 2.654305994510650635e-01 3.502914011478424072e-01 2.561218738555908203e-01 1.989395171403884888e-01 2.442265897989273071e-01 3.819110691547393799e-01 4.692020714282989502e-01 4.199723601341247559e-01 3.537648022174835205e-01 3.036045432090759277e-01 3.724651634693145752e-01 4.847828447818756104e-01 5.021750926971435547e-01 5.238075852394104004e-01 4.258232116699218750e-01 3.629831969738006592e-01 3.042253851890563965e-01 3.969593048095703125e-01 4.621635973453521729e-01 4.985358715057373047e-01 5.468904376029968262e-01 6.724918484687805176e-01 6.968644261360168457e-01 6.270225644111633301e-01 5.149778723716735840e-01 4.237332642078399658e-01 3.880490958690643311e-01 4.228309094905853271e-01 4.064723253250122070e-01 4.147045910358428955e-01 5.379186868667602539e-01 5.116041898727416992e-01 4.800763428211212158e-01 4.132230281829833984e-01 4.792416989803314209e-01 4.956484436988830566e-01 4.843593835830688477e-01 4.915714561939239502e-01 5.016509890556335449e-01 4.946773648262023926e-01 4.611233174800872803e-01 4.372264444828033447e-01 4.421880245208740234e-01 4.911050200462341309e-01 5.412067770957946777e-01 5.135045647621154785e-01 6.731598377227783203e-01 6.394214630126953125e-01 5.845457315444946289e-01 5.484041571617126465e-01 5.047421455383300781e-01 5.188128948211669922e-01 4.809579253196716309e-01 4.608750045299530029e-01 4.660697877407073975e-01 4.659051895141601562e-01 4.763564467430114746e-01 4.692866206169128418e-01 4.702394008636474609e-01 4.971480667591094971e-01 5.125102400779724121e-01 4.971636533737182617e-01
4.787775278091430664e-01 4.604707658290863037e-01 4.721031785011291504e-01 4.518587887287139893e-01 4.150200188159942627e-01 4.050145149230957031e-01 4.033415317535400391e-01 4.290172755718231201e-01 4.388307631015777588e-01 3.976003527641296387e-01 4.004546999931335449e-01 4.081521034240722656e-01 4.635265171527862549e-01 4.940567314624786377e-01 4.897457361221313477e-01 5.205854177474975586e-01 3.879468142986297607e-01 3.734501302242279053e-01 3.808054924011230469e-01 3.202764391899108887e-01 2.923066616058349609e-01 3.423380553722381592e-01 3.738176822662353516e-01 4.188599288463592529e-01 3.702864646911621094e-01 3.504590988159179688e-01 3.445686995983123779e-01 3.929632902145385742e-01 4.224483966827392578e-01 4.449331760406494141e-01 4.355565011501312256e-01 4.439993500709533691e-01 4.086586236953735352e-01 3.694517314434051514e-01 3.976963460445404053e-01 4.453899264335632324e-01 5.340270400047302246e-01 5.480207800865173340e-01 6.057005524635314941e-01 6.988580822944641113e-01 5.997591614723205566e-01 5.104856491088867188e-01 5.166431665420532227e-01 4.779565334320068359e-01 4.367493391036987305e-01 4.707108736038208008e-01 4.575064778327941895e-01 4.376954436302185059e-01 5.282989740371704102e-01 6.033529639244079590e-01 7.178414463996887207e-01 8.232516646385192871e-01 8.417308926582336426e-01 8.025861978530883789e-01 7.882301807403564453e-01 7.302547097206115723e-01 5.055311918258666992e-01 4.089570343494415283e-01 3.827353119850158691e-01 4.336012005805969238e-01 4.747126102447509766e-01 5.475591421127319336e-01 5.092481970787048340e-01 4.364497959613800049e-01 5.039223432540893555e-01 5.909968614578247070e-01 7.021160125732421875e-01 7.536023259162902832e-01 8.027070760726928711e-01 7.314438223838806152e-01 6.153783202171325684e-01 4.144476652145385742e-01 4.749243557453155518e-01 5.129369497299194336e-01 4.608577787876129150e-01 5.423330664634704590e-01 5.965787768363952637e-01 6.148144006729125977e-01 5.363429784774780273e-01 4.133089780807495117e-01 5.825535058975219727e-01 6.216891407966613770e-01 6.368477344512939453e-01 6.068719625473022461e-01 5.357939004898071289e-01 4.398448169231414795e-01 2.923435270786285400e-01 2.461393475532531738e-01 2.917211353778839111e-01 3.704556226730346680e-01 4.839331209659576416e-01 5.082002878189086914e-01 5.565287470817565918e-01 5.776079893112182617e-01 5.292986035346984863e-01 4.523797035217285156e-01 4.901642203330993652e-01 5.001313090324401855e-01 5.642872452735900879e-01 6.262587904930114746e-01 6.604204177856445312e-01 6.618876457214355469e-01 6.281269788742065430e-01 6.208533644676208496e-01 6.314424276351928711e-01 6.533892750740051270e-01 6.869852542877197266e-01 6.920331716537475586e-01 7.224869132041931152e-01 7.058444619178771973e-01 6.541439294815063477e-01 5.447301268577575684e-01 4.361161887645721436e-01 4.531172811985015869e-01 4.886305630207061768e-01 5.304817557334899902e-01 5.793089270591735840e-01 5.915552973747253418e-01 5.882214903831481934e-01 6.624677777290344238e-01 6.245628595352172852e-01 6.318357586860656738e-01 5.967986583709716797e-01 5.747497677803039551e-01 4.951776564121246338e-01 4.685201942920684814e-01 3.981158137321472168e-01 3.450184166431427002e-01
6.983976960182189941e-01 6.724794507026672363e-01 6.546885371208190918e-01 6.493109464645385742e-01 6.066589951515197754e-01 5.866651535034179688e-01 5.588520169258117676e-01 4.827314317226409912e-01 4.687512218952178955e-01 4.709593355655670166e-01 4.835139214992523193e-01 4.850341975688934326e-01 4.901574850082397461e-01 5.141019225120544434e-01 5.324451327323913574e-01 5.772371292114257812e-01 6.052427887916564941e-01 5.581197738647460938e-01 5.520788431167602539e-01 4.750202894210815430e-01 5.025504231452941895e-01 5.223510265350341797e-01 5.709941983222961426e-01 5.474320054054260254e-01 5.738658905029296875e-01 5.541837811470031738e-01 5.052149295806884766e-01 4.752744138240814209e-01 4.157216846942901611e-01 4.147265851497650146e-01 4.274107515811920166e-01 4.197423756122589111e-01 5.185109376907348633e-01 4.294857382774353027e-01 4.637263417243957520e-01 4.759566187858581543e-01 5.883918404579162598e-01 6.736211180686950684e-01 7.101948261260986328e-01 7.577602267265319824e-01 7.612910866737365723e-01 7.288313508033752441e-01 6.109775900840759277e-01 5.072680711746215820e-01 4.549411833286285400e-01 4.829210042953491211e-01 4.109394848346710205e-01 3.526816070079803467e-01 5.882894992828369141e-01 5.625642538070678711e-01 6.036490797996520996e-01 4.080971777439117432e-01 3.460006117820739746e-01 2.455868273973464966e-01 2.957691848278045654e-01 4.664534926414489746e-01 5.961867570877075195e-01 4.600170850753784180e-01 3.415581583976745605e-01 2.743790745735168457e-01 2.974962294101715088e-01 4.273238182067871094e-01 4.448350071907043457e-01 3.929751217365264893e-01 5.061376690864562988e-01 5.132712125778198242e-01 5.949066877365112305e-01 4.295905828475952148e-01 2.672315239906311035e-01 1.758248358964920044e-01 2.669400274753570557e-01 3.821130096912384033e-01 4.340679347515106201e-01 3.346743583679199219e-01 2.567774951457977295e-01 2.660403847694396973e-01 3.014706373214721680e-01 4.765224754810333252e-01 5.402100086212158203e-01 5.467348694801330566e-01 3.600486814975738525e-01 3.667671680450439453e-01 4.282838702201843262e-01 5.525789856910705566e-01 5.821971297264099121e-01 6.448886990547180176e-01 7.260035276412963867e-01 8.146619200706481934e-01 8.014525175094604492e-01 6.751573681831359863e-01 6.383779644966125488e-01 5.595144033432006836e-01 4.848940372467041016e-01 4.016412496566772461e-01 4.150898456573486328e-01 5.098167061805725098e-01 5.557236671447753906e-01 5.146625638008117676e-01 4.831453859806060791e-01 4.521177113056182861e-01 5.334110856056213379e-01 5.678053498268127441e-01 5.840679407119750977e-01 5.667228698730468750e-01 5.586801767349243164e-01 5.448665618896484375e-01 5.222322344779968262e-01 4.818529784679412842e-01 4.796194434165954590e-01 4.906468987464904785e-01 4.791713654994964600e-01 5.216764211654663086e-01 6.576354503631591797e-01 6.267774105072021484e-01 6.374443173408508301e-01 5.985521674156188965e-01 5.211024880409240723e-01 4.932622313499450684e-01 4.473891258239746094e-01 4.371145069599151611e-01 4.681225717067718506e-01 4.915137290954589844e-01 5.345254540443420410e-01 5.432791709899902344e-01 4.814639687538146973e-01 5.221387147903442383e-01 5.578210949897766113e-01 5.728330612182617188e-01
5.566799640655517578e-01 5.785115957260131836e-01 6.124171018600463867e-01 6.136277318000793457e-01 6.106755733489990234e-01 5.937874317169189453e-01 5.350282192230224609e-01 5.060171484947204590e-01 5.020332336425781250e-01 4.853495955467224121e-01 4.972216188907623291e-01 5.215718746185302734e-01 5.915780067443847656e-01 5.769723057746887207e-01 5.738766789436340332e-01 5.714530944824218750e-01 5.198069214820861816e-01 5.153126120567321777e-01 4.936350286006927490e-01 4.623226523399353027e-01 4.225884675979614258e-01 4.198674857616424561e-01 4.517042338848114014e-01 4.700866341590881348e-01 4.852906167507171631e-01 4.947237074375152588e-01 4.464474618434906006e-01 4.271949529647827148e-01 4.201805293560028076e-01 4.735943675041198730e-01 5.226956009864807129e-01 5.525660514831542969e-01 4.188054800033569336e-01 4.479719400405883789e-01 4.665617644786834717e-01 4.958984851837158203e-01 5.097122788429260254e-01 5.769902467727661133e-01 6.221599578857421875e-01 6.657238006591796875e-01 6.567074656486511230e-01 6.295534968376159668e-01 5.693135857582092285e-01 5.305850505828857422e-01 3.870293796062469482e-01 3.903176784515380859e-01 4.545487463474273682e-01 5.359407067298889160e-01 4.712742567062377930e-01 5.218281745910644531e-01 5.675113797187805176e-01 5.202973484992980957e-01 4.249998629093170166e-01 3.340164422988891602e-01 3.057855963706970215e-01 4.678371250629425049e-01 5.222018957138061523e-01 5.062981247901916504e-01 4.278475344181060791e-01 3.519460856914520264e-01 2.458131909370422363e-01 1.203016713261604309e-01 1.662334203720092773e-01 3.287783563137054443e-01 6.924700140953063965e-01 7.502682805061340332e-01 8.703546524047851562e-01 9.374072551727294922e-01 7.927759885787963867e-01 5.499700903892517090e-01 3.368282616138458252e-01 2.356379628181457520e-01 2.610775530338287354e-01 3.728549778461456299e-01 4.638051986694335938e-01 4.240053594112396240e-01 3.927013278007507324e-01 2.603237330913543701e-01 2.470566332340240479e-01 3.837514519691467285e-01 6.068601608276367188e-01 6.488373279571533203e-01 7.114799618721008301e-01 8.474138379096984863e-01 9.566380977630615234e-01 9.312304854393005371e-01 8.513894677162170410e-01 7.951720952987670898e-01 7.388285398483276367e-01 7.049208879470825195e-01 6.148095726966857910e-01 5.616191625595092773e-01 4.826141297817230225e-01 4.683828055858612061e-01 4.703371226787567139e-01 4.548882842063903809e-01 5.398609638214111328e-01 4.782014489173889160e-01 4.042189419269561768e-01 3.870800137519836426e-01 3.904246687889099121e-01 4.385136663913726807e-01 4.941282868385314941e-01 4.729158878326416016e-01 4.709267616271972656e-01 4.835722148418426514e-01 4.751647710800170898e-01 4.624838531017303467e-01 4.962801337242126465e-01 5.038495063781738281e-01 5.007168054580688477e-01 5.117950439453125000e-01 4.862189292907714844e-01 5.012934803962707520e-01 4.775113165378570557e-01 4.735335707664489746e-01 4.825587272644042969e-01 4.866354465484619141e-01 4.834855794906616211e-01 4.705761671066284180e-01 4.811185300350189209e-01 5.004192590713500977e-01 5.084024667739868164e-01 5.222148299217224121e-01 5.214315652847290039e-01 5.204674601554870605e-01 5.257652401924133301e-01 5.109255909919738770e-01
5.215950608253479004e-01 4.980863332748413086e-01 4.961842894554138184e-01 5.102564692497253418e-01 5.219916701316833496e-01 5.316487550735473633e-01 5.224036574363708496e-01 5.760556459426879883e-01 5.812379717826843262e-01 5.810845494270324707e-01 5.880801081657409668e-01 5.788929462432861328e-01 5.582404136657714844e-01 5.323989391326904297e-01 5.140439271926879883e-01 4.904187321662902832e-01 5.875017642974853516e-01 6.111818552017211914e-01 6.093851327896118164e-01 6.398999691009521484e-01 6.133387088775634766e-01 6.179307699203491211e-01 5.782828330993652344e-01 5.478814244270324707e-01 5.233129858970642090e-01 5.567462444305419922e-01 6.256887316703796387e-01 6.364744305610656738e-01 6.721487045288085938e-01 6.545594930648803711e-01 6.153302788734436035e-01 5.847074985504150391e-01 6.060532331466674805e-01 6.384466886520385742e-01 5.856526494026184082e-01 6.068376302719116211e-01 5.267776250839233398e-01 3.847546279430389404e-01 2.335344403982162476e-01 1.354442834854125977e-01 1.414733678102493286e-01 1.682495176792144775e-01 2.749147415161132812e-01 4.406894445419311523e-01 5.633426904678344727e-01 6.350898146629333496e-01 6.303092241287231445e-01 6.373571157455444336e-01 5.903519392013549805e-01 6.361030936241149902e-01 6.959447264671325684e-01 6.650590896606445312e-01 5.156618356704711914e-01 3.633635640144348145e-01 2.814729809761047363e-01 3.163112998008728027e-01 2.288168221712112427e-01 1.952727586030960083e-01 2.531070709228515625e-01 3.465098142623901367e-01 5.298516154289245605e-01 6.268063783645629883e-01 6.208707094192504883e-01 6.432195305824279785e-01 6.117673516273498535e-01 6.103572249412536621e-01 5.667513608932495117e-01 4.879761636257171631e-01 3.443804383277893066e-01 3.511914610862731934e-01 5.005124211311340332e-01 8.305377364158630371e-01 8.395932912826538086e-01 5.063770413398742676e-01 2.907514572143554688e-01 3.220654428005218506e-01 4.214565455913543701e-01 5.314234495162963867e-01 6.034339070320129395e-01 6.460825800895690918e-01 5.303654074668884277e-01 4.925354421138763428e-01 4.804944992065429688e-01 4.378241300582885742e-01 3.817397058010101318e-01 3.625308871269226074e-01 4.132407009601593018e-01 5.172216296195983887e-01 5.669494867324829102e-01 4.796899855136871338e-01 4.108212888240814209e-01 3.707376122474670410e-01 4.017464220523834229e-01 4.685549437999725342e-01 5.457414388656616211e-01 5.914262533187866211e-01 5.483150482177734375e-01 5.411862134933471680e-01 5.607618689537048340e-01 5.465576648712158203e-01 4.823608994483947754e-01 4.148130714893341064e-01 3.537239432334899902e-01 3.479084670543670654e-01 3.484652638435363770e-01 4.011839926242828369e-01 3.606459498405456543e-01 4.060462117195129395e-01 4.470526576042175293e-01 4.596396088600158691e-01 5.064139366149902344e-01 5.219916701316833496e-01 5.114284753799438477e-01 5.029273629188537598e-01 5.239480733871459961e-01 5.568026304244995117e-01 5.787249803543090820e-01 5.993861556053161621e-01 6.085432767868041992e-01 5.995410680770874023e-01 5.714684128761291504e-01 5.422410368919372559e-01 5.340535044670104980e-01 5.413618087768554688e-01 5.522407293319702148e-01 5.594523549079895020e-01 5.575801730155944824e-01 5.711733698844909668e-01
4.962509572505950928e-01 4.612223803997039795e-01 3.880931138992309570e-01 3.298741579055786133e-01 3.266520500183105469e-01 3.278257250785827637e-01 3.853035569190979004e-01 4.304195046424865723e-01 4.502435922622680664e-01 5.133385062217712402e-01 5.920531749725341797e-01 6.286857128143310547e-01 6.865367293357849121e-01 7.066689729690551758e-01 7.129828333854675293e-01 6.720445156097412109e-01 3.918503224849700928e-01 3.923243880271911621e-01 4.442367553710937500e-01 4.705663025379180908e-01 4.865029752254486084e-01 4.734703302383422852e-01 4.205873012542724609e-01 4.263546168804168701e-01 4.213925600051879883e-01 4.231674373149871826e-01 4.325866699218750000e-01 3.777261376380920410e-01 4.652239680290222168e-01 4.779611229896545410e-01 4.946049451828002930e-01 5.690050125122070312e-01 7.383455038070678711e-01 6.780719757080078125e-01 6.809256076812744141e-01 5.666588544845581055e-01 4.813343882560729980e-01 4.868198931217193604e-01 5.178909897804260254e-01 6.897277832031250000e-01 7.642856836318969727e-01 7.529056072235107422e-01 6.401218175888061523e-01 5.293714404106140137e-01 4.995043873786926270e-01 3.874824643135070801e-01 3.591845929622650146e-01 3.625206053256988525e-01 6.968602538108825684e-01 6.764741539955139160e-01 6.070582866668701172e-01 4.869353473186492920e-01 3.265480697154998779e-01 3.925703763961791992e-01 4.937698245048522949e-01 5.778400897979736328e-01 6.083681583404541016e-01 4.821312129497528076e-01 3.580760955810546875e-01 3.695001602172851562e-01 3.924183249473571777e-01 3.958425521850585938e-01 4.426563084125518799e-01 4.324548840522766113e-01 5.685183405876159668e-01 5.943372845649719238e-01 5.182185173034667969e-01 3.958572149276733398e-01 3.150503337383270264e-01 3.784852027893066406e-01 5.099273920059204102e-01 6.034749150276184082e-01 5.848746895790100098e-01 4.131085872650146484e-01 2.699533104896545410e-01 2.789915204048156738e-01 3.621312677860260010e-01 3.529187738895416260e-01 5.085653066635131836e-01 5.144794583320617676e-01 6.126669049263000488e-01 5.971559286117553711e-01 5.897681117057800293e-01 5.313174128532409668e-01 4.627970457077026367e-01 4.631873071193695068e-01 5.994166731834411621e-01 7.581610679626464844e-01 8.922602534294128418e-01 8.865259885787963867e-01 7.238883972167968750e-01 6.176112890243530273e-01 4.649291634559631348e-01 4.911580979824066162e-01 4.304100573062896729e-01 4.478392004966735840e-01 3.853558301925659180e-01 4.281732141971588135e-01 5.196572542190551758e-01 6.514409184455871582e-01 5.978614687919616699e-01 5.507789254188537598e-01 4.692024886608123779e-01 4.385234713554382324e-01 4.570521116256713867e-01 4.575604200363159180e-01 4.258358776569366455e-01 4.485912621021270752e-01 4.497216939926147461e-01 4.088447988033294678e-01 4.390032887458801270e-01 4.785296320915222168e-01 4.714847207069396973e-01 4.237450659275054932e-01 4.204873144626617432e-01 4.097372293472290039e-01 4.275872707366943359e-01 4.361301660537719727e-01 4.342889785766601562e-01 4.782207012176513672e-01 4.817703366279602051e-01 5.332417488098144531e-01 5.323756337165832520e-01 5.550059080123901367e-01 6.193615198135375977e-01 6.255807280540466309e-01 6.748217940330505371e-01 6.828815340995788574e-01
5.853029489517211914e-01 5.785750746726989746e-01 5.451231598854064941e-01 4.866918325424194336e-01 4.819636344909667969e-01 4.347523450851440430e-01 4.686743021011352539e-01 4.633511602878570557e-01 4.296544194221496582e-01 4.325551390647888184e-01 4.561204910278320312e-01 4.578636884689331055e-01 4.927949607372283936e-01 4.989615678787231445e-01 5.162671804428100586e-01 4.873276352882385254e-01 5.665729641914367676e-01 5.311148166656494141e-01 5.065417289733886719e-01 4.512804746627807617e-01 4.754770696163177490e-01 4.759439527988433838e-01 4.577668607234954834e-01 4.544530808925628662e-01 4.044683873653411865e-01 3.738124370574951172e-01 3.334727585315704346e-01 3.149336874485015869e-01 3.477375209331512451e-01 4.042774438858032227e-01 4.728974103927612305e-01 5.270083546638488770e-01 4.511379003524780273e-01 4.356857538223266602e-01 3.920085728168487549e-01 4.075528383255004883e-01 4.631181061267852783e-01 5.153391361236572266e-01 5.854711532592773438e-01 5.287775397300720215e-01 5.357238054275512695e-01 5.545701384544372559e-01 5.766715407371520996e-01 5.786601305007934570e-01 5.269756317138671875e-01 4.962159991264343262e-01 4.476721286773681641e-01 4.891678392887115479e-01 3.751471638679504395e-01 3.562805354595184326e-01 2.944707572460174561e-01 4.079478979110717773e-01 5.105945467948913574e-01 7.050615549087524414e-01 7.188284993171691895e-01 7.404533624649047852e-01 7.743505239486694336e-01 7.565317153930664062e-01 7.494672536849975586e-01 7.790519595146179199e-01 8.298609852790832520e-01 8.175878524780273438e-01 7.434598803520202637e-01 6.132566332817077637e-01 3.721684813499450684e-01 3.314855694770812988e-01 3.111377358436584473e-01 3.686613738536834717e-01 4.762282669544219971e-01 6.529486775398254395e-01 7.710021138191223145e-01 7.843483686447143555e-01 7.980760335922241211e-01 8.209789395332336426e-01 8.133682608604431152e-01 8.657248020172119141e-01 9.035734534263610840e-01 8.491416573524475098e-01 7.330674529075622559e-01 6.334853768348693848e-01 4.229107201099395752e-01 3.914011120796203613e-01 4.230810701847076416e-01 4.138506650924682617e-01 3.976108431816101074e-01 4.486766755580902100e-01 4.561001062393188477e-01 4.956220090389251709e-01 5.460499525070190430e-01 5.781864523887634277e-01 6.227996945381164551e-01 6.392719149589538574e-01 5.960924625396728516e-01 5.176801085472106934e-01 4.664243757724761963e-01 4.723044037818908691e-01 4.826526045799255371e-01 4.280196726322174072e-01 4.211550354957580566e-01 4.586447179317474365e-01 4.584714770317077637e-01 4.497239589691162109e-01 4.531688988208770752e-01 4.557957053184509277e-01 4.245073497295379639e-01 3.941094279289245605e-01 3.797777891159057617e-01 3.777539134025573730e-01 3.756722807884216309e-01 4.214209914207458496e-01 5.013457536697387695e-01 5.033029317855834961e-01 4.632450640201568604e-01 4.445201456546783447e-01 4.369530677795410156e-01 4.097300171852111816e-01 4.473246932029724121e-01 4.449709355831146240e-01 4.427009522914886475e-01 4.532322287559509277e-01 4.437865912914276123e-01 4.330498576164245605e-01 4.292726218700408936e-01 4.587911069393157959e-01 4.493573307991027832e-01 4.679036140441894531e-01 4.607834219932556152e-01 4.493790864944458008e-01
4.377424418926239014e-01 4.214908778667449951e-01 3.816916346549987793e-01 3.825951218605041504e-01 3.775578141212463379e-01 3.772967457771301270e-01 3.513756096363067627e-01 3.448329865932464600e-01 4.224891066551208496e-01 4.884027838706970215e-01 5.262418985366821289e-01 5.610274672508239746e-01 6.075857877731323242e-01 6.321188807487487793e-01 6.090060472488403320e-01 6.551651358604431152e-01 3.625463843345642090e-01 3.986231088638305664e-01 3.888891041278839111e-01 4.320102632045745850e-01 4.096392691135406494e-01 4.111977815628051758e-01 3.453783392906188965e-01 3.565323650836944580e-01 3.733898401260375977e-01 4.240914583206176758e-01 3.792709410190582275e-01 3.982361257076263428e-01 4.285431504249572754e-01 5.357697606086730957e-01 5.609959363937377930e-01 6.648052930831909180e-01 5.768246650695800781e-01 5.675104260444641113e-01 5.573213100433349609e-01 5.645216703414916992e-01 4.572979211807250977e-01 3.742730319499969482e-01 3.915761411190032959e-01 5.045837759971618652e-01 6.370731592178344727e-01 5.915220975875854492e-01 5.036541223526000977e-01 4.107525944709777832e-01 3.597906827926635742e-01 3.885769248008728027e-01 4.310815632343292236e-01 4.856446087360382080e-01 6.349166631698608398e-01 6.606643199920654297e-01 7.240239381790161133e-01 4.769802689552307129e-01 3.056607246398925781e-01 2.902120649814605713e-01 6.560362577438354492e-01 8.480378985404968262e-01 8.879196047782897949e-01 8.537287116050720215e-01 7.630093097686767578e-01 5.535477399826049805e-01 3.430921137332916260e-01 2.940189838409423828e-01 2.934764325618743896e-01 3.861667811870574951e-01 6.210126876831054688e-01 6.767668128013610840e-01 6.471825242042541504e-01 4.431236982345581055e-01 2.853981554508209229e-01 3.552938997745513916e-01 7.837941050529479980e-01 9.550848603248596191e-01 9.893463850021362305e-01 9.859700798988342285e-01 8.080896735191345215e-01 6.130581498146057129e-01 3.704560995101928711e-01 4.035089313983917236e-01 3.397809863090515137e-01 3.975392878055572510e-01 5.568357706069946289e-01 5.468104481697082520e-01 5.517331957817077637e-01 4.904845356941223145e-01 4.656414985656738281e-01 4.531703591346740723e-01 5.278520584106445312e-01 6.280717253684997559e-01 6.556577086448669434e-01 5.908234715461730957e-01 4.798770546913146973e-01 4.682767689228057861e-01 5.185291171073913574e-01 4.591057002544403076e-01 4.780918955802917480e-01 4.871247708797454834e-01 4.059963524341583252e-01 4.510138630867004395e-01 5.014047622680664062e-01 5.357317924499511719e-01 4.976533651351928711e-01 4.753428101539611816e-01 4.585315883159637451e-01 4.315903186798095703e-01 4.384774267673492432e-01 5.004664659500122070e-01 5.313463807106018066e-01 5.458853244781494141e-01 5.027306079864501953e-01 5.337545871734619141e-01 5.605756640434265137e-01 6.045544743537902832e-01 3.683459758758544922e-01 3.731423020362854004e-01 3.678871989250183105e-01 3.698713481426239014e-01 3.871811628341674805e-01 4.384111464023590088e-01 4.485619068145751953e-01 4.948397576808929443e-01 5.150604248046875000e-01 5.439835190773010254e-01 5.608422160148620605e-01 5.727382898330688477e-01 5.505189299583435059e-01 5.766484141349792480e-01 6.378111839294433594e-01 6.346402764320373535e-01
4.318788647651672363e-01 4.325364828109741211e-01 4.631235897541046143e-01 5.111616849899291992e-01 4.978444278240203857e-01 4.786833524703979492e-01 4.717644155025482178e-01 5.084646344184875488e-01 4.919517934322357178e-01 4.996359944343566895e-01 4.818387925624847412e-01 4.615596234798431396e-01 3.999966979026794434e-01 3.692637681961059570e-01 3.791766762733459473e-01 4.001918137073516846e-01 4.396695792675018311e-01 4.621909260749816895e-01 4.655224978923797607e-01 4.750323295593261719e-01 4.269480407238006592e-01 3.627259731292724609e-01 3.618394136428833008e-01 3.511340022087097168e-01 3.748477399349212646e-01 4.105458855628967285e-01 4.671948850154876709e-01 5.630190372467041016e-01 5.305649042129516602e-01 5.026837587356567383e-01 4.429531991481781006e-01 4.038240909576416016e-01 4.788546264171600342e-01 4.722262322902679443e-01 4.484457969665527344e-01 4.144436717033386230e-01 4.794370234012603760e-01 5.347663164138793945e-01 6.163035631179809570e-01 6.434153318405151367e-01 6.702624559402465820e-01 6.895946264266967773e-01 6.847187876701354980e-01 7.050541043281555176e-01 7.534996271133422852e-01 7.611070275306701660e-01 7.028464674949645996e-01 6.615377664566040039e-01 5.339289307594299316e-01 4.545358717441558838e-01 3.930422663688659668e-01 4.149017333984375000e-01 4.018059968948364258e-01 4.286491870880126953e-01 4.529589414596557617e-01 4.593530297279357910e-01 4.713535606861114502e-01 4.812806248664855957e-01 5.520526170730590820e-01 7.518516182899475098e-01 8.078129887580871582e-01 7.402592897415161133e-01 6.597673892974853516e-01 6.256128549575805664e-01 5.060408115386962891e-01 3.748774230480194092e-01 3.246550559997558594e-01 3.378176391124725342e-01 4.544775485992431641e-01 3.975359201431274414e-01 3.340731263160705566e-01 3.353284895420074463e-01 3.277465999126434326e-01 3.499167263507843018e-01 4.494692087173461914e-01 7.402313947677612305e-01 8.066976666450500488e-01 7.670701742172241211e-01 6.970275640487670898e-01 6.092690825462341309e-01 4.103103578090667725e-01 4.170224368572235107e-01 3.875301778316497803e-01 4.583034813404083252e-01 5.452782511711120605e-01 6.786676645278930664e-01 7.530214786529541016e-01 7.232986688613891602e-01 7.417268753051757812e-01 7.989040017127990723e-01 8.609572649002075195e-01 8.951494097709655762e-01 8.468326926231384277e-01 7.915286421775817871e-01 6.880454421043395996e-01 6.708751320838928223e-01 4.829690754413604736e-01 4.811998009681701660e-01 4.845644533634185791e-01 4.150099456310272217e-01 3.693008124828338623e-01 3.551294803619384766e-01 3.600803315639495850e-01 3.543727099895477295e-01 3.608624041080474854e-01 4.075525104999542236e-01 3.928539156913757324e-01 4.403373301029205322e-01 4.880792498588562012e-01 5.087339282035827637e-01 5.274225473403930664e-01 5.993779301643371582e-01 4.025467038154602051e-01 4.700605571269989014e-01 4.715658128261566162e-01 4.749959707260131836e-01 4.508273601531982422e-01 4.332422018051147461e-01 4.185690283775329590e-01 3.599916100502014160e-01 3.407841324806213379e-01 3.524245023727416992e-01 3.798882067203521729e-01 4.228396713733673096e-01 4.609511792659759521e-01 4.629770815372467041e-01 4.723188877105712891e-01 5.156364440917968750e-01
5.089762806892395020e-01 4.973364174365997314e-01 4.544849991798400879e-01 4.318859577178955078e-01 4.402783513069152832e-01 4.825810492038726807e-01 4.938030242919921875e-01 4.706655740737915039e-01 4.617758095264434814e-01 4.116061329841613770e-01 4.183273315429687500e-01 4.108524322509765625e-01 4.938608705997467041e-01 4.998040497303009033e-01 4.873729944229125977e-01 4.986412227153778076e-01 4.642842411994934082e-01 5.147718191146850586e-01 4.340590834617614746e-01 3.640536069869995117e-01 3.657107055187225342e-01 2.923377156257629395e-01 2.948885560035705566e-01 3.291863203048706055e-01 3.559931218624114990e-01 3.921358585357666016e-01 4.725970327854156494e-01 5.520399212837219238e-01 6.050878763198852539e-01 5.759075284004211426e-01 5.325332283973693848e-01 5.090205073356628418e-01 4.390151798725128174e-01 4.414960443973541260e-01 4.403210878372192383e-01 4.478803575038909912e-01 3.492765128612518311e-01 4.333237707614898682e-01 5.266886949539184570e-01 6.254326105117797852e-01 6.558120846748352051e-01 6.879509091377258301e-01 6.618108749389648438e-01 7.238906025886535645e-01 7.699413895606994629e-01 7.472041249275207520e-01 6.695972084999084473e-01 5.550960898399353027e-01 3.580915033817291260e-01 4.209953844547271729e-01 3.379101455211639404e-01 2.305621951818466187e-01 3.386165201663970947e-01 4.111116528511047363e-01 5.375541448593139648e-01 5.087299346923828125e-01 4.599848091602325439e-01 4.095193445682525635e-01 5.404461026191711426e-01 6.958634257316589355e-01 8.005061745643615723e-01 7.268936038017272949e-01 6.195314526557922363e-01 5.037014484405517578e-01 3.720473945140838623e-01 3.410543799400329590e-01 2.195190340280532837e-01 2.608813345432281494e-01 3.607281446456909180e-01 2.792231142520904541e-01 2.634566426277160645e-01 2.590167820453643799e-01 3.260294198989868164e-01 4.169288575649261475e-01 5.589024424552917480e-01 6.557897925376892090e-01 7.009185552597045898e-01 6.338046789169311523e-01 5.632945895195007324e-01 4.971910715103149414e-01 3.546164035797119141e-01 3.374842107295989990e-01 3.228799104690551758e-01 3.208249807357788086e-01 3.719420433044433594e-01 4.809743165969848633e-01 4.987158179283142090e-01 5.374741554260253906e-01 5.434672832489013672e-01 5.827540755271911621e-01 6.181331872940063477e-01 6.243405938148498535e-01 6.350809335708618164e-01 5.976349115371704102e-01 5.716544985771179199e-01 5.444068312644958496e-01 3.836138248443603516e-01 4.670609533786773682e-01 5.514596700668334961e-01 5.675246119499206543e-01 5.687529444694519043e-01 6.163648366928100586e-01 6.564887762069702148e-01 6.689084768295288086e-01 7.341307997703552246e-01 7.470100522041320801e-01 7.420513629913330078e-01 7.215530276298522949e-01 6.912930607795715332e-01 6.694691777229309082e-01 6.382877230644226074e-01 5.637205243110656738e-01 4.268434941768646240e-01 4.692067503929138184e-01 4.788080751895904541e-01 5.071402192115783691e-01 5.565213561058044434e-01 5.846575498580932617e-01 6.357553005218505859e-01 7.009328007698059082e-01 7.125454545021057129e-01 7.321874499320983887e-01 6.906480193138122559e-01 6.392830610275268555e-01 5.993421077728271484e-01 5.440232753753662109e-01 4.752029180526733398e-01 4.443491399288177490e-01
5.320150256156921387e-01 5.549053549766540527e-01 5.635977387428283691e-01 5.637993812561035156e-01 5.376763343811035156e-01 5.126612186431884766e-01 5.022577643394470215e-01 4.793129265308380127e-01 4.420267045497894287e-01 4.241438508033752441e-01 4.504030942916870117e-01 4.325023889541625977e-01 4.210513234138488770e-01 5.112775564193725586e-01 5.946149230003356934e-01 5.600740909576416016e-01 4.834375381469726562e-01 4.649951159954071045e-01 4.897046387195587158e-01 5.211656093597412109e-01 5.054447054862976074e-01 4.618550240993499756e-01 4.627965986728668213e-01 4.560317099094390869e-01 4.938266873359680176e-01 4.876656234264373779e-01 4.712969064712524414e-01 4.168015718460083008e-01 4.026944339275360107e-01 4.298237264156341553e-01 4.864833950996398926e-01 5.070305466651916504e-01 4.452656209468841553e-01 5.255704522132873535e-01 5.016537904739379883e-01 5.511536598205566406e-01 4.487372934818267822e-01 5.185121893882751465e-01 5.617771744728088379e-01 6.098438501358032227e-01 6.575408577919006348e-01 6.972935795783996582e-01 7.486619353294372559e-01 7.789544463157653809e-01 7.499308586120605469e-01 6.657237410545349121e-01 6.583945155143737793e-01 6.173846721649169922e-01 4.501474797725677490e-01 4.064472019672393799e-01 4.249812960624694824e-01 3.459974527359008789e-01 5.801790952682495117e-01 7.871723771095275879e-01 9.588527679443359375e-01 8.731091022491455078e-01 4.521719813346862793e-01 4.157962501049041748e-01 4.756656587123870850e-01 5.899666547775268555e-01 6.066032052040100098e-01 5.999735593795776367e-01 6.065684556961059570e-01 7.424080371856689453e-01 4.163531959056854248e-01 3.039833605289459229e-01 3.122299909591674805e-01 3.682125806808471680e-01 6.432982683181762695e-01 9.334563612937927246e-01 1.000000000000000000e+00 8.098965287208557129e-01 2.046050131320953369e-01 1.685627102851867676e-01 2.525252401828765869e-01 3.170593678951263428e-01 2.640887200832366943e-01 2.554128468036651611e-01 2.917313575744628906e-01 4.194523990154266357e-01 4.659445285797119141e-01 4.396318197250366211e-01 3.748528957366943359e-01 3.594660162925720215e-01 4.239174127578735352e-01 5.845113992691040039e-01 6.190387606620788574e-01 6.340733170509338379e-01 6.127285361289978027e-01 5.559296607971191406e-01 4.847244322299957275e-01 4.805417656898498535e-01 4.345237612724304199e-01 4.137791395187377930e-01 4.404588937759399414e-01 4.503351449966430664e-01 5.200399160385131836e-01 5.214579701423645020e-01 4.762697517871856689e-01 4.186593294143676758e-01 4.580811262130737305e-01 5.223777890205383301e-01 4.997108578681945801e-01 5.006984472274780273e-01 4.975139796733856201e-01 4.860924184322357178e-01 5.091026425361633301e-01 5.138418674468994141e-01 5.142395496368408203e-01 4.894825220108032227e-01 5.044066905975341797e-01 5.112156867980957031e-01 5.836555957794189453e-01 5.930572748184204102e-01 4.883346259593963623e-01 4.820843040943145752e-01 4.880344271659851074e-01 4.761486351490020752e-01 4.596988260746002197e-01 4.596909284591674805e-01 4.675159752368927002e-01 4.615011215209960938e-01 4.841152429580688477e-01 4.870621562004089355e-01 5.393069982528686523e-01 5.304143428802490234e-01 5.603078603744506836e-01 5.933068990707397461e-01
4.684090912342071533e-01 4.931942522525787354e-01 5.045683383941650391e-01 5.301036834716796875e-01 5.557627677917480469e-01 5.825054645538330078e-01 5.566402077674865723e-01 6.107358336448669434e-01 6.149996519088745117e-01 6.221144199371337891e-01 5.717812180519104004e-01 5.223139524459838867e-01 4.837036132812500000e-01 4.570557177066802979e-01 4.087395370006561279e-01 3.869425356388092041e-01 4.692030251026153564e-01 4.917156100273132324e-01 5.354986786842346191e-01 6.701307296752929688e-01 6.513729095458984375e-01 6.563550233840942383e-01 6.434952020645141602e-01 7.112618088722229004e-01 7.393341660499572754e-01 7.667863368988037109e-01 7.385677099227905273e-01 6.778297424316406250e-01 6.316783428192138672e-01 5.927530527114868164e-01 5.293869972229003906e-01 4.410024583339691162e-01 4.666008353233337402e-01 4.591142535209655762e-01 4.875344932079315186e-01 4.537344872951507568e-01 4.946732223033905029e-01 5.232346653938293457e-01 5.971467494964599609e-01 6.871654987335205078e-01 6.769880056381225586e-01 6.282290220260620117e-01 5.539914369583129883e-01 4.639542102813720703e-01 4.188470840454101562e-01 3.992828726768493652e-01 4.526292681694030762e-01 4.236153364181518555e-01 3.921856284141540527e-01 4.609009623527526855e-01 3.279696106910705566e-01 3.181037604808807373e-01 4.416189491748809814e-01 5.032584667205810547e-01 5.524832010269165039e-01 5.361093878746032715e-01 4.867017269134521484e-01 3.903709352016448975e-01 3.961541056632995605e-01 4.176790416240692139e-01 2.864813804626464844e-01 2.477501034736633301e-01 3.564723730087280273e-01 4.013754725456237793e-01 3.910865187644958496e-01 4.335639774799346924e-01 2.619969546794891357e-01 2.740513682365417480e-01 3.601654767990112305e-01 2.564569711685180664e-01 1.837618052959442139e-01 3.134038150310516357e-01 3.704146146774291992e-01 3.899197876453399658e-01 3.766275644302368164e-01 2.935653626918792725e-01 2.433348894119262695e-01 2.125455737113952637e-01 3.757604956626892090e-01 4.613436460494995117e-01 4.659212827682495117e-01 4.758868813514709473e-01 4.573657512664794922e-01 3.947867155075073242e-01 4.373768866062164307e-01 5.380915999412536621e-01 6.541463732719421387e-01 7.272636294364929199e-01 7.592774033546447754e-01 7.230851650238037109e-01 5.849250555038452148e-01 4.371581971645355225e-01 3.097253739833831787e-01 4.045548439025878906e-01 5.030198097229003906e-01 4.635455906391143799e-01 5.032232999801635742e-01 5.828233361244201660e-01 6.416262388229370117e-01 6.589764356613159180e-01 6.526736617088317871e-01 6.773048639297485352e-01 7.229408621788024902e-01 7.207442522048950195e-01 6.760972142219543457e-01 6.006589531898498535e-01 5.458975434303283691e-01 5.589495301246643066e-01 5.536516904830932617e-01 5.743914842605590820e-01 5.210728645324707031e-01 4.471789002418518066e-01 5.477120280265808105e-01 5.800648331642150879e-01 5.892928838729858398e-01 5.842569470405578613e-01 6.203851103782653809e-01 6.769517660140991211e-01 7.184531688690185547e-01 6.646412014961242676e-01 6.505904793739318848e-01 6.553604602813720703e-01 6.267202496528625488e-01 6.132189035415649414e-01 6.143090724945068359e-01 6.204103827476501465e-01 5.346428751945495605e-01 5.065045952796936035e-01
4.103620052337646484e-01 4.228797256946563721e-01 4.317739903926849365e-01 4.513473510742187500e-01 5.126852989196777344e-01 5.159717798233032227e-01 5.027692317962646484e-01 4.971458017826080322e-01 5.216469764709472656e-01 5.532954335212707520e-01 5.337511301040649414e-01 4.803407788276672363e-01 4.123294949531555176e-01 4.109359681606292725e-01 4.100517630577087402e-01 4.204785227775573730e-01 5.971031785011291504e-01 6.406141519546508789e-01 6.098588109016418457e-01 6.255084276199340820e-01 6.415683031082153320e-01 6.410550475120544434e-01 6.237228512763977051e-01 5.435168147087097168e-01 5.409359931945800781e-01 5.487865805625915527e-01 5.865115523338317871e-01 5.902892947196960449e-01 5.768174529075622559e-01 5.580490231513977051e-01 6.049693226814270020e-01 5.857254862785339355e-01 5.722391605377197266e-01 6.155302524566650391e-01 6.145880818367004395e-01 5.878182649612426758e-01 5.977278351783752441e-01 4.955733120441436768e-01 2.815822362899780273e-01 1.994901001453399658e-01 2.379126548767089844e-01 2.809076905250549316e-01 4.097098112106323242e-01 5.411234498023986816e-01 5.611125826835632324e-01 5.577785372734069824e-01 5.771710872650146484e-01 5.239339470863342285e-01 5.573231577873229980e-01 6.475691795349121094e-01 7.063410878181457520e-01 6.781795620918273926e-01 5.103338360786437988e-01 4.898159205913543701e-01 4.449777603149414062e-01 4.196625351905822754e-01 4.033628702163696289e-01 5.106979012489318848e-01 4.967063069343566895e-01 5.396887063980102539e-01 5.145875215530395508e-01 5.555428862571716309e-01 5.356405377388000488e-01 5.210986733436584473e-01 5.788371562957763672e-01 6.466144919395446777e-01 7.175561785697937012e-01 6.488906741142272949e-01 3.523024022579193115e-01 3.318284153938293457e-01 4.509617388248443604e-01 3.952687382698059082e-01 3.491332232952117920e-01 4.079340100288391113e-01 4.614974260330200195e-01 5.415561795234680176e-01 6.068053841590881348e-01 5.693461298942565918e-01 5.211519002914428711e-01 5.638638138771057129e-01 6.864454746246337891e-01 6.743084192276000977e-01 6.645315885543823242e-01 6.151865720748901367e-01 5.520170331001281738e-01 4.252596795558929443e-01 3.410762548446655273e-01 2.522580921649932861e-01 2.490782588720321655e-01 3.751485347747802734e-01 4.751012921333312988e-01 5.382305383682250977e-01 5.678149461746215820e-01 5.625230073928833008e-01 6.090754270553588867e-01 6.534134745597839355e-01 6.360611915588378906e-01 6.260256171226501465e-01 6.412134766578674316e-01 6.545529365539550781e-01 6.476310491561889648e-01 5.953647494316101074e-01 5.347605347633361816e-01 5.380114912986755371e-01 5.361850261688232422e-01 5.023377537727355957e-01 5.657498240470886230e-01 5.659870505332946777e-01 5.431916713714599609e-01 5.905549526214599609e-01 6.085788607597351074e-01 6.073533296585083008e-01 5.200272798538208008e-01 4.576075375080108643e-01 4.283460974693298340e-01 4.900974333286285400e-01 5.044319629669189453e-01 5.041481852531433105e-01 4.822089672088623047e-01 5.483157634735107422e-01 5.227522253990173340e-01 5.051091909408569336e-01 4.027727544307708740e-01 3.676283359527587891e-01 3.899511098861694336e-01 3.959001004695892334e-01 4.732816517353057861e-01 5.311902761459350586e-01
3.765894770622253418e-01 4.162676036357879639e-01 4.519329369068145752e-01 5.062930583953857422e-01 5.386907458305358887e-01 6.071213483810424805e-01 6.293241977691650391e-01 6.172097325325012207e-01 6.000061035156250000e-01 5.712974071502685547e-01 5.146331191062927246e-01 5.050067901611328125e-01 4.657618999481201172e-01 4.650131464004516602e-01 4.831258654594421387e-01 4.694398641586303711e-01 5.420739650726318359e-01 6.036344766616821289e-01 6.475604772567749023e-01 6.643204092979431152e-01 7.185943126678466797e-01 7.333424091339111328e-01 7.181162834167480469e-01 6.997788548469543457e-01 6.683902740478515625e-01 6.396763920783996582e-01 6.104388833045959473e-01 5.624834895133972168e-01 5.660350322723388672e-01 5.629092454910278320e-01 5.156994462013244629e-01 4.906435012817382812e-01 5.161979198455810547e-01 5.821036696434020996e-01 6.427385807037353516e-01 6.881058216094970703e-01 6.799725890159606934e-01 6.611000299453735352e-01 6.060846447944641113e-01 5.457764267921447754e-01 5.182492136955261230e-01 4.617449343204498291e-01 4.003731310367584229e-01 3.536371588706970215e-01 3.137221932411193848e-01 3.783257007598876953e-01 4.676487743854522705e-01 4.846666753292083740e-01 4.610935151576995850e-01 6.006175875663757324e-01 6.754159927368164062e-01 7.186215519905090332e-01 7.377631664276123047e-01 6.760088801383972168e-01 6.340136528015136719e-01 6.620679497718811035e-01 7.302060723304748535e-01 7.311095595359802246e-01 5.556893348693847656e-01 3.447530269622802734e-01 3.112916648387908936e-01 3.300779461860656738e-01 3.913726806640625000e-01 4.447827935218811035e-01 5.132797360420227051e-01 6.676837205886840820e-01 7.326691746711730957e-01 7.723099589347839355e-01 7.268642187118530273e-01 6.525642275810241699e-01 6.495414376258850098e-01 7.227852940559387207e-01 7.777665257453918457e-01 7.292336225509643555e-01 5.590406656265258789e-01 3.687706291675567627e-01 3.245059847831726074e-01 3.610250651836395264e-01 4.010893404483795166e-01 4.227697551250457764e-01 4.428500533103942871e-01 5.219748020172119141e-01 5.989152193069458008e-01 6.978535056114196777e-01 6.799480319023132324e-01 6.432965993881225586e-01 5.807893872261047363e-01 5.696429610252380371e-01 5.412309169769287109e-01 4.858352541923522949e-01 4.359057247638702393e-01 3.841509521007537842e-01 3.796439766883850098e-01 3.792343437671661377e-01 4.014696478843688965e-01 4.455569982528686523e-01 4.169402718544006348e-01 3.795037567615509033e-01 3.187509775161743164e-01 2.900242507457733154e-01 2.946113944053649902e-01 3.390677869319915771e-01 3.997564613819122314e-01 4.363070130348205566e-01 4.551858007907867432e-01 4.200606048107147217e-01 4.242323338985443115e-01 4.239173233509063721e-01 4.287234246730804443e-01 4.382287561893463135e-01 4.664371907711029053e-01 4.806266129016876221e-01 4.312185645103454590e-01 4.607459604740142822e-01 4.181963503360748291e-01 3.872044980525970459e-01 3.689658641815185547e-01 3.265574276447296143e-01 3.439984321594238281e-01 3.897416591644287109e-01 4.181635379791259766e-01 4.364759922027587891e-01 4.364198744297027588e-01 4.746638834476470947e-01 4.668309688568115234e-01 4.578389525413513184e-01 4.365290701389312744e-01 4.094643592834472656e-01
5.235955119132995605e-01 5.237361192703247070e-01 5.187269449234008789e-01 5.249373912811279297e-01 5.214812159538269043e-01 5.146555304527282715e-01 5.590849518775939941e-01 6.058624386787414551e-01 6.239256858825683594e-01 6.456000804901123047e-01 6.223643422126770020e-01 5.711798071861267090e-01 5.445220470428466797e-01 5.477058291435241699e-01 5.144228339195251465e-01 5.218257904052734375e-01 5.028759241104125977e-01 5.012006759643554688e-01 5.137295722961425781e-01 5.588862895965576172e-01 5.410144329071044922e-01 5.878081917762756348e-01 6.397687792778015137e-01 6.389930248260498047e-01 6.375665664672851562e-01 6.272150874137878418e-01 6.490663290023803711e-01 6.785166263580322266e-01 6.309798955917358398e-01 5.717754364013671875e-01 5.083100795745849609e-01 4.887271523475646973e-01 4.589175283908843994e-01 4.667665064334869385e-01 4.297274649143218994e-01 3.966308236122131348e-01 4.565919041633605957e-01 5.485953688621520996e-01 5.468641519546508789e-01 4.463810920715332031e-01 2.888567149639129639e-01 2.181112319231033325e-01 2.925640046596527100e-01 3.856654763221740723e-01 4.849444031715393066e-01 5.608199238777160645e-01 5.878682136535644531e-01 5.650575757026672363e-01 4.558262825012207031e-01 3.009209632873535156e-01 2.511736452579498291e-01 2.001882046461105347e-01 2.387787252664566040e-01 1.668935418128967285e-01 1.412219256162643433e-01 1.539677977561950684e-01 1.977261155843734741e-01 4.475917220115661621e-01 6.769242286682128906e-01 7.777356505393981934e-01 7.612448334693908691e-01 7.341826558113098145e-01 6.420403718948364258e-01 5.864644646644592285e-01 4.556877315044403076e-01 3.604392409324645996e-01 2.660166323184967041e-01 2.697755694389343262e-01 4.364774525165557861e-01 6.875588893890380859e-01 7.592293620109558105e-01 4.113120436668395996e-01 2.171110510826110840e-01 2.704050540924072266e-01 5.495180487632751465e-01 7.114107012748718262e-01 7.539717555046081543e-01 7.146818041801452637e-01 6.491270661354064941e-01 5.857353210449218750e-01 4.712207019329071045e-01 4.654884040355682373e-01 4.126027822494506836e-01 3.819049298763275146e-01 3.977322578430175781e-01 5.449615120887756348e-01 6.439040303230285645e-01 5.563359260559082031e-01 4.181574285030364990e-01 3.458007872104644775e-01 4.260453283786773682e-01 4.816367924213409424e-01 5.344012975692749023e-01 5.465062856674194336e-01 5.676348209381103516e-01 5.563967227935791016e-01 5.100081562995910645e-01 5.657187700271606445e-01 5.774989128112792969e-01 5.661936998367309570e-01 5.505357384681701660e-01 6.033214926719665527e-01 6.845629811286926270e-01 6.292185187339782715e-01 5.862668752670288086e-01 5.825151801109313965e-01 6.279895901679992676e-01 6.116863489151000977e-01 5.466823577880859375e-01 4.678822457790374756e-01 4.484238624572753906e-01 4.573432803153991699e-01 5.438061356544494629e-01 5.599356293678283691e-01 5.640370845794677734e-01 5.375827550888061523e-01 5.465049743652343750e-01 5.446668267250061035e-01 5.625535249710083008e-01 5.434945225715637207e-01 5.330186486244201660e-01 5.265811085700988770e-01 5.289121270179748535e-01 5.376450419425964355e-01 5.182826519012451172e-01 5.209375023841857910e-01 5.326203107833862305e-01 4.860033094882965088e-01
3.948059082031250000e-01 3.925011754035949707e-01 3.963781893253326416e-01 4.569987356662750244e-01 4.975249171257019043e-01 5.268722772598266602e-01 5.154139399528503418e-01 5.283819437026977539e-01 5.985285639762878418e-01 6.363500356674194336e-01 6.369335055351257324e-01 6.241860389709472656e-01 5.752742886543273926e-01 5.098551511764526367e-01 4.635771811008453369e-01 4.063270688056945801e-01 4.384087920188903809e-01 4.510793387889862061e-01 5.008155107498168945e-01 5.585651397705078125e-01 5.865636467933654785e-01 5.865346193313598633e-01 5.666586160659790039e-01 5.963944792747497559e-01 6.275342702865600586e-01 7.100667953491210938e-01 7.374395728111267090e-01 7.520613670349121094e-01 7.432422041893005371e-01 6.692376136779785156e-01 6.445353031158447266e-01 5.808902382850646973e-01 4.955731630325317383e-01 5.031720995903015137e-01 4.907881319522857666e-01 4.245106577873229980e-01 3.966695964336395264e-01 3.547884523868560791e-01 3.757291436195373535e-01 4.183293879032135010e-01 5.026638507843017578e-01 5.599790215492248535e-01 6.383478045463562012e-01 6.686397194862365723e-01 6.853064298629760742e-01 6.800975203514099121e-01 6.420359015464782715e-01 5.883579850196838379e-01 4.868624806404113770e-01 4.966590404510498047e-01 4.369215965270996094e-01 3.833371400833129883e-01 3.499650657176971436e-01 3.963133990764617920e-01 5.103884935379028320e-01 6.684774756431579590e-01 7.631397247314453125e-01 7.431726455688476562e-01 7.179287075996398926e-01 6.927365660667419434e-01 6.945742368698120117e-01 6.632744669914245605e-01 6.201611757278442383e-01 5.289047956466674805e-01 4.581106603145599365e-01 4.845348596572875977e-01 4.031417071819305420e-01 3.533141613006591797e-01 2.965179681777954102e-01 4.669051170349121094e-01 6.581927537918090820e-01 7.742726206779479980e-01 7.529827356338500977e-01 7.445572018623352051e-01 7.385991811752319336e-01 7.293021678924560547e-01 7.500481605529785156e-01 6.898050904273986816e-01 6.319280266761779785e-01 5.523671507835388184e-01 4.511466622352600098e-01 4.123981893062591553e-01 3.765878379344940186e-01 3.552238643169403076e-01 3.612224757671356201e-01 4.042332172393798828e-01 5.071078538894653320e-01 5.922784209251403809e-01 6.122934818267822266e-01 6.662517189979553223e-01 6.944655776023864746e-01 7.217531800270080566e-01 7.176571488380432129e-01 6.698781251907348633e-01 6.012886166572570801e-01 5.523535013198852539e-01 3.666557967662811279e-01 4.001148045063018799e-01 4.076524078845977783e-01 4.028168916702270508e-01 3.355085551738739014e-01 3.055243194103240967e-01 2.986400127410888672e-01 3.382331728935241699e-01 3.289692997932434082e-01 3.480613529682159424e-01 3.366333544254302979e-01 3.594309985637664795e-01 3.679595887660980225e-01 3.863109350204467773e-01 4.019809663295745850e-01 4.706717431545257568e-01 4.127773940563201904e-01 4.114460349082946777e-01 4.199107885360717773e-01 4.070082604885101318e-01 4.151840507984161377e-01 3.815864622592926025e-01 3.925608098506927490e-01 3.647001683712005615e-01 3.937926292419433594e-01 3.831048607826232910e-01 3.446425497531890869e-01 3.568256199359893799e-01 4.087386429309844971e-01 4.315834641456604004e-01 4.517065882682800293e-01 4.806832373142242432e-01
6.123263835906982422e-01 5.988296270370483398e-01 5.683479905128479004e-01 5.642868280410766602e-01 5.439257025718688965e-01 5.649290680885314941e-01 6.137578487396240234e-01 6.251949071884155273e-01 6.206858754158020020e-01 6.032506823539733887e-01 5.863536596298217773e-01 5.653382539749145508e-01 5.510771870613098145e-01 5.530586242675781250e-01 5.300573110580444336e-01 5.717614293098449707e-01 5.897650122642517090e-01 5.597134232521057129e-01 5.372024774551391602e-01 4.895622134208679199e-01 5.030765533447265625e-01 5.625965595245361328e-01 5.913409590721130371e-01 5.978974103927612305e-01 5.546313524246215820e-01 5.245728492736816406e-01 5.517242550849914551e-01 5.556590557098388672e-01 5.453404188156127930e-01 5.593751668930053711e-01 5.467702746391296387e-01 5.423865318298339844e-01 5.882651209831237793e-01 5.443385243415832520e-01 4.272671937942504883e-01 3.155874609947204590e-01 2.942684888839721680e-01 2.602451741695404053e-01 2.152401953935623169e-01 1.622631251811981201e-01 1.239850297570228577e-01 1.214296296238899231e-01 1.989683806896209717e-01 2.058207094669342041e-01 2.684327363967895508e-01 3.583451509475708008e-01 4.414107799530029297e-01 5.102069377899169922e-01 5.943350791931152344e-01 4.336656630039215088e-01 3.769294917583465576e-01 3.811530470848083496e-01 4.275145828723907471e-01 4.751188158988952637e-01 4.086776673793792725e-01 3.218934834003448486e-01 2.759471237659454346e-01 3.659011423587799072e-01 3.695284426212310791e-01 3.423101007938385010e-01 3.019036054611206055e-01 3.276147842407226562e-01 3.369270861148834229e-01 4.688171446323394775e-01 5.297864079475402832e-01 3.807840943336486816e-01 4.286864995956420898e-01 3.970687687397003174e-01 5.313547253608703613e-01 6.577542424201965332e-01 7.491574287414550781e-01 4.361877441406250000e-01 4.291938245296478271e-01 7.048535943031311035e-01 7.698422670364379883e-01 5.654954314231872559e-01 3.016493916511535645e-01 3.165821433067321777e-01 3.101573884487152100e-01 4.580159485340118408e-01 4.511783719062805176e-01 5.064557194709777832e-01 5.055183172225952148e-01 5.130079984664916992e-01 5.172559022903442383e-01 5.171419978141784668e-01 6.286236047744750977e-01 6.818835735321044922e-01 7.030793428421020508e-01 7.771642804145812988e-01 6.739975214004516602e-01 5.340018868446350098e-01 4.255741834640502930e-01 4.177601039409637451e-01 4.673682749271392822e-01 5.260542631149291992e-01 5.127189755439758301e-01 5.556721687316894531e-01 6.139326691627502441e-01 5.894761681556701660e-01 6.146952509880065918e-01 6.562492251396179199e-01 6.899127364158630371e-01 7.498444318771362305e-01 7.402851581573486328e-01 6.874521374702453613e-01 6.536601185798645020e-01 6.092631816864013672e-01 6.067045927047729492e-01 5.999774336814880371e-01 5.519896745681762695e-01 5.348763465881347656e-01 4.989240169525146484e-01 4.844397902488708496e-01 4.920676648616790771e-01 5.001343488693237305e-01 5.207316875457763672e-01 5.504491329193115234e-01 6.124953031539916992e-01 6.159899830818176270e-01 6.193533539772033691e-01 5.614145994186401367e-01 5.378742218017578125e-01 5.223410725593566895e-01 5.553011298179626465e-01 5.439357161521911621e-01 5.278155207633972168e-01 5.346480607986450195e-01
5.949713587760925293e-01 5.848821997642517090e-01 5.755950212478637695e-01 5.485705137252807617e-01 5.698327422142028809e-01 5.709496736526489258e-01 6.021139025688171387e-01 5.950675010681152344e-01 6.093295812606811523e-01 5.918105244636535645e-01 5.729066729545593262e-01 5.442070960998535156e-01 5.552620291709899902e-01 5.363942980766296387e-01 5.241647362709045410e-01 5.317633152008056641e-01 5.291981101036071777e-01 5.358288288116455078e-01 5.215513110160827637e-01 5.380119085311889648e-01 5.909433364868164062e-01 6.097353100776672363e-01 6.385573744773864746e-01 6.478570699691772461e-01 6.924642920494079590e-01 6.918014287948608398e-01 6.409602165222167969e-01 5.593478083610534668e-01 5.903573632240295410e-01 6.068873405456542969e-01 5.937425494194030762e-01 5.292198657989501953e-01 5.057471394538879395e-01 4.642980396747589111e-01 4.485718905925750732e-01 4.045893549919128418e-01 3.850038051605224609e-01 3.027915656566619873e-01 2.966424822807312012e-01 3.446623682975769043e-01 5.047557950019836426e-01 6.835145950317382812e-01 5.717465281486511230e-01 4.033753871917724609e-01 3.773565888404846191e-01 4.730645418167114258e-01 5.645205974578857422e-01 5.719870328903198242e-01 5.314239263534545898e-01 3.608251512050628662e-01 3.005332052707672119e-01 4.159976541996002197e-01 4.031437933444976807e-01 3.569410741329193115e-01 2.564257085323333740e-01 1.896171569824218750e-01 2.734398841857910156e-01 7.789689898490905762e-01 7.893340587615966797e-01 4.565413594245910645e-01 2.567327320575714111e-01 3.079268336296081543e-01 4.149258434772491455e-01 5.413463711738586426e-01 5.974955558776855469e-01 4.652123749256134033e-01 3.594232797622680664e-01 3.745498359203338623e-01 5.133634209632873535e-01 7.307972908020019531e-01 6.892824769020080566e-01 3.360974192619323730e-01 2.974792718887329102e-01 2.803915143013000488e-01 3.280763328075408936e-01 3.350212872028350830e-01 3.118425607681274414e-01 2.979097664356231689e-01 3.318667411804199219e-01 4.372305572032928467e-01 6.305348873138427734e-01 5.648763179779052734e-01 4.799437224864959717e-01 4.369199275970458984e-01 4.294030666351318359e-01 5.490216612815856934e-01 5.923066139221191406e-01 4.704681038856506348e-01 3.162349462509155273e-01 2.508313655853271484e-01 2.770856916904449463e-01 3.125695586204528809e-01 3.845596611499786377e-01 3.691788613796234131e-01 3.683830499649047852e-01 4.370095431804656982e-01 5.736790895462036133e-01 6.093782782554626465e-01 6.416344046592712402e-01 6.264104843139648438e-01 6.037310957908630371e-01 6.346854567527770996e-01 6.766670346260070801e-01 6.438786983489990234e-01 6.159071922302246094e-01 6.029592156410217285e-01 6.001366972923278809e-01 5.576586723327636719e-01 5.390661954879760742e-01 4.715873003005981445e-01 4.675558805465698242e-01 4.606588184833526611e-01 5.803867578506469727e-01 5.488924384117126465e-01 5.678320527076721191e-01 5.853307247161865234e-01 5.768451094627380371e-01 5.851750969886779785e-01 6.004365086555480957e-01 6.582180261611938477e-01 6.436640024185180664e-01 6.542660593986511230e-01 6.518622636795043945e-01 6.078501939773559570e-01 6.160630583763122559e-01 6.130738258361816406e-01 6.131167411804199219e-01 6.098911166191101074e-01
5.512816309928894043e-01 5.592579841613769531e-01 5.343279838562011719e-01 4.786087274551391602e-01 4.902680516242980957e-01 4.917976558208465576e-01 4.712797701358795166e-01 4.014686346054077148e-01 3.631670773029327393e-01 3.986085951328277588e-01 4.524691402912139893e-01 5.425009727478027344e-01 5.629066228866577148e-01 5.933435559272766113e-01 6.756072640419006348e-01 7.102664709091186523e-01 4.745060205459594727e-01 4.146650433540344238e-01 3.715988397598266602e-01 3.937117457389831543e-01 4.061026871204376221e-01 3.913123905658721924e-01 3.916679322719573975e-01 3.921378552913665771e-01 4.087768793106079102e-01 4.219818115234375000e-01 4.311347901821136475e-01 3.721909523010253906e-01 3.363212347030639648e-01 4.192451238632202148e-01 5.683520436286926270e-01 6.299548149108886719e-01 4.483631551265716553e-01 4.545188844203948975e-01 4.589918553829193115e-01 4.590004682540893555e-01 4.650630652904510498e-01 4.468795359134674072e-01 5.446507334709167480e-01 5.842760205268859863e-01 6.038005948066711426e-01 6.064990162849426270e-01 5.537307262420654297e-01 4.266941547393798828e-01 3.615842163562774658e-01 3.319895863533020020e-01 3.788385093212127686e-01 4.747965931892395020e-01 4.904068112373352051e-01 4.911452531814575195e-01 4.049897193908691406e-01 4.046897292137145996e-01 3.217134475708007812e-01 4.331610500812530518e-01 5.070635676383972168e-01 5.795416235923767090e-01 5.336384177207946777e-01 4.383808076381683350e-01 3.696533739566802979e-01 2.953229248523712158e-01 2.747277617454528809e-01 2.922286987304687500e-01 3.226323723793029785e-01 3.528568148612976074e-01 4.325997829437255859e-01 4.816280901432037354e-01 3.591016530990600586e-01 2.770062386989593506e-01 1.942948848009109497e-01 2.088169455528259277e-01 2.112181931734085083e-01 2.985789179801940918e-01 3.696599900722503662e-01 5.020086765289306641e-01 5.037698149681091309e-01 5.246826410293579102e-01 5.913087725639343262e-01 5.615639686584472656e-01 5.172827839851379395e-01 5.116045475006103516e-01 4.908339679241180420e-01 4.693387746810913086e-01 4.785538613796234131e-01 4.311140477657318115e-01 4.198444187641143799e-01 4.737219810485839844e-01 5.507587194442749023e-01 6.526950597763061523e-01 7.121641635894775391e-01 7.148411273956298828e-01 7.519654035568237305e-01 7.541637420654296875e-01 7.468537688255310059e-01 7.435206770896911621e-01 6.675208210945129395e-01 5.418658852577209473e-01 4.682174921035766602e-01 5.129684209823608398e-01 5.954856872558593750e-01 6.439936161041259766e-01 6.339937448501586914e-01 6.308490037918090820e-01 6.389239430427551270e-01 6.587353944778442383e-01 7.163270115852355957e-01 7.528747320175170898e-01 7.814408540725708008e-01 7.938495278358459473e-01 7.857016921043395996e-01 7.360558509826660156e-01 6.898527145385742188e-01 6.360012292861938477e-01 4.625171422958374023e-01 4.780313670635223389e-01 4.772279560565948486e-01 4.615906476974487305e-01 5.054693222045898438e-01 5.655018091201782227e-01 6.181945800781250000e-01 6.867547631263732910e-01 7.132509946823120117e-01 7.164974212646484375e-01 6.720480918884277344e-01 6.533219218254089355e-01 6.009647250175476074e-01 5.034487843513488770e-01 4.450232386589050293e-01 3.867626786231994629e-01
5.977959036827087402e-01 5.598109364509582520e-01 5.530291199684143066e-01 5.122377872467041016e-01 4.913235306739807129e-01 4.755253195762634277e-01 4.356807172298431396e-01 4.131585359573364258e-01 3.885523676872253418e-01 4.031446278095245361e-01 3.957703113555908203e-01 4.128322899341583252e-01 4.248515069484710693e-01 5.189613103866577148e-01 5.557498335838317871e-01 5.709016919136047363e-01 6.215403079986572266e-01 5.422220826148986816e-01 4.397577345371246338e-01 4.698466658592224121e-01 4.659942388534545898e-01 4.483994543552398682e-01 4.351279437541961670e-01 4.399349689483642578e-01 4.213451147079467773e-01 4.976922273635864258e-01 4.846033751964569092e-01 4.518573284149169922e-01 4.289744496345520020e-01 4.377556145191192627e-01 4.970017373561859131e-01 5.318177938461303711e-01 4.860858023166656494e-01 4.667716622352600098e-01 5.050073862075805664e-01 4.620851278305053711e-01 4.918581545352935791e-01 5.645387768745422363e-01 6.096063256263732910e-01 6.135748028755187988e-01 5.429805517196655273e-01 4.753945171833038330e-01 4.713173806667327881e-01 4.006482958793640137e-01 4.679735004901885986e-01 4.547208845615386963e-01 4.772091507911682129e-01 4.621958136558532715e-01 3.953071236610412598e-01 3.959159851074218750e-01 4.451146125793457031e-01 4.766745269298553467e-01 6.470231413841247559e-01 7.899524569511413574e-01 8.253615498542785645e-01 8.331107497215270996e-01 9.000437855720520020e-01 7.879443168640136719e-01 6.897293329238891602e-01 5.472083687782287598e-01 4.269561171531677246e-01 4.391168355941772461e-01 4.081508517265319824e-01 4.372652471065521240e-01 4.264087080955505371e-01 3.378548920154571533e-01 3.750362098217010498e-01 4.531043767929077148e-01 6.961534023284912109e-01 7.866403460502624512e-01 8.131211996078491211e-01 8.909321427345275879e-01 9.510303735733032227e-01 8.512644171714782715e-01 7.249202132225036621e-01 5.733559727668762207e-01 4.227925539016723633e-01 4.333838820457458496e-01 4.234644174575805664e-01 4.859021008014678955e-01 4.596570134162902832e-01 4.234064817428588867e-01 4.007780551910400391e-01 4.534844160079956055e-01 5.699961781501770020e-01 6.182968616485595703e-01 5.069457888603210449e-01 3.550994098186492920e-01 2.997725009918212891e-01 3.181584775447845459e-01 3.488561809062957764e-01 3.530296981334686279e-01 4.514551758766174316e-01 4.384378492832183838e-01 5.097088217735290527e-01 5.669681429862976074e-01 6.506208777427673340e-01 5.052370429039001465e-01 4.911269545555114746e-01 4.897180199623107910e-01 4.307776093482971191e-01 4.641449153423309326e-01 5.054094195365905762e-01 4.301816821098327637e-01 3.858937919139862061e-01 3.866624534130096436e-01 4.449919164180755615e-01 4.309965670108795166e-01 4.512497782707214355e-01 5.234789252281188965e-01 5.169054865837097168e-01 4.971682727336883545e-01 5.708209276199340820e-01 5.756682157516479492e-01 6.357161402702331543e-01 6.427628397941589355e-01 5.419865250587463379e-01 5.277553796768188477e-01 5.007352828979492188e-01 5.043963193893432617e-01 4.751028418540954590e-01 4.325514733791351318e-01 3.797941803932189941e-01 4.021407067775726318e-01 4.329725801944732666e-01 4.821530878543853760e-01 4.918958842754364014e-01 5.492799878120422363e-01
5.549551844596862793e-01 5.309834480285644531e-01 5.310184955596923828e-01 4.746955335140228271e-01 4.450223743915557861e-01 3.876575529575347900e-01 3.505251705646514893e-01 3.323067128658294678e-01 3.717513084411621094e-01 4.195248484611511230e-01 5.051565766334533691e-01 5.903029441833496094e-01 6.025189757347106934e-01 6.348376274108886719e-01 6.210814714431762695e-01 6.145534515380859375e-01 5.227516293525695801e-01 4.512174129486083984e-01 4.540351927280426025e-01 4.427236914634704590e-01 4.036420881748199463e-01 4.388339519500732422e-01 4.639821350574493408e-01 4.315595924854278564e-01 4.292158186435699463e-01 3.652815520763397217e-01 3.429122865200042725e-01 3.378485143184661865e-01 3.663741052150726318e-01 4.931960701942443848e-01 5.776243209838867188e-01 6.657270193099975586e-01 5.546247959136962891e-01 4.999617636203765869e-01 4.486949443817138672e-01 4.677334129810333252e-01 5.333332419395446777e-01 6.091623902320861816e-01 6.783434152603149414e-01 7.040166854858398438e-01 7.217186689376831055e-01 6.557138562202453613e-01 5.994716882705688477e-01 5.252512693405151367e-01 4.477442800998687744e-01 4.035611152648925781e-01 3.680937886238098145e-01 4.305005371570587158e-01 5.591995120048522949e-01 4.095532596111297607e-01 2.907326221466064453e-01 3.642414808273315430e-01 4.738778173923492432e-01 5.425409078598022461e-01 5.220582485198974609e-01 5.498356223106384277e-01 6.088575720787048340e-01 5.004281401634216309e-01 4.240601956844329834e-01 3.984602391719818115e-01 4.112962484359741211e-01 3.749457299709320068e-01 3.648090660572052002e-01 4.180620610713958740e-01 5.608205199241638184e-01 4.073463976383209229e-01 3.025044798851013184e-01 3.472791016101837158e-01 3.678382337093353271e-01 3.458330929279327393e-01 2.219129353761672974e-01 2.390399575233459473e-01 2.545621693134307861e-01 2.315017133951187134e-01 3.802857100963592529e-01 6.291236877441406250e-01 7.393553853034973145e-01 7.572059631347656250e-01 7.370609641075134277e-01 6.484932899475097656e-01 5.643410086631774902e-01 5.628046393394470215e-01 4.929724633693695068e-01 4.274032115936279297e-01 4.753519296646118164e-01 5.462421178817749023e-01 5.026844143867492676e-01 3.691740036010742188e-01 1.932250857353210449e-01 1.675855219364166260e-01 3.080677092075347900e-01 4.901227951049804688e-01 5.726546645164489746e-01 6.110503673553466797e-01 6.541653871536254883e-01 6.705622076988220215e-01 5.871356129646301270e-01 6.321651339530944824e-01 6.504206061363220215e-01 6.905666589736938477e-01 6.800391674041748047e-01 6.855021715164184570e-01 6.488066911697387695e-01 6.373987793922424316e-01 5.961015224456787109e-01 5.645062327384948730e-01 5.804842710494995117e-01 5.690369009971618652e-01 4.975519478321075439e-01 4.587234258651733398e-01 4.280071258544921875e-01 4.878552258014678955e-01 6.222234964370727539e-01 6.175233721733093262e-01 6.618511080741882324e-01 6.632289290428161621e-01 6.509169340133666992e-01 6.645606160163879395e-01 6.139424443244934082e-01 5.887628793716430664e-01 6.281654834747314453e-01 6.172785162925720215e-01 6.174848675727844238e-01 6.051359176635742188e-01 5.627714991569519043e-01 5.390052199363708496e-01 5.906453132629394531e-01 6.001701354980468750e-01
5.676730871200561523e-01 5.683504343032836914e-01 5.739815235137939453e-01 5.564718246459960938e-01 5.389137268066406250e-01 5.148098468780517578e-01 4.926707446575164795e-01 4.448910355567932129e-01 4.225041270256042480e-01 4.330514371395111084e-01 4.778146147727966309e-01 4.929351210594177246e-01 5.207294225692749023e-01 5.270950198173522949e-01 5.194150805473327637e-01 5.242205858230590820e-01 5.670049190521240234e-01 4.938981831073760986e-01 4.541423320770263672e-01 4.187936782836914062e-01 3.998061418533325195e-01 4.462087452411651611e-01 5.034925341606140137e-01 5.059055089950561523e-01 4.841435253620147705e-01 4.616874754428863525e-01 4.194992184638977051e-01 3.860588967800140381e-01 4.342904090881347656e-01 4.625219106674194336e-01 4.888696968555450439e-01 5.598029494285583496e-01 3.480609953403472900e-01 3.615958392620086670e-01 3.974380791187286377e-01 4.858169257640838623e-01 5.262982249259948730e-01 5.532830953598022461e-01 6.156348586082458496e-01 6.701395511627197266e-01 7.096688747406005859e-01 7.295935153961181641e-01 7.433615326881408691e-01 7.883543968200683594e-01 7.463293671607971191e-01 6.206728816032409668e-01 5.756998062133789062e-01 5.709148049354553223e-01 4.157356619834899902e-01 4.422237575054168701e-01 4.171309769153594971e-01 3.165913522243499756e-01 3.558859825134277344e-01 3.398167490959167480e-01 3.680338263511657715e-01 3.771058917045593262e-01 4.152483046054840088e-01 5.002653598785400391e-01 5.961635112762451172e-01 7.003870606422424316e-01 7.627388238906860352e-01 7.698809504508972168e-01 7.219071984291076660e-01 6.627135276794433594e-01 6.672066450119018555e-01 8.080727458000183105e-01 8.550289869308471680e-01 7.747572064399719238e-01 5.887160897254943848e-01 4.086670875549316406e-01 2.744400501251220703e-01 3.024348616600036621e-01 3.477595150470733643e-01 3.619000017642974854e-01 3.353671431541442871e-01 3.510809838771820068e-01 4.173105657100677490e-01 4.469719529151916504e-01 4.738087058067321777e-01 4.813338220119476318e-01 5.664008259773254395e-01 6.022793054580688477e-01 7.355027198791503906e-01 8.557229638099670410e-01 8.976708054542541504e-01 8.049076795578002930e-01 7.226517200469970703e-01 6.481773853302001953e-01 5.619772672653198242e-01 5.455996990203857422e-01 5.014824271202087402e-01 4.630900919437408447e-01 4.706812798976898193e-01 3.942270576953887939e-01 4.335623681545257568e-01 4.445254504680633545e-01 4.784159362316131592e-01 4.088877737522125244e-01 3.454453051090240479e-01 3.831511139869689941e-01 3.788282573223114014e-01 3.499230146408081055e-01 3.814218938350677490e-01 4.330614805221557617e-01 4.595457315444946289e-01 4.415091574192047119e-01 4.185657501220703125e-01 3.947842121124267578e-01 3.950710594654083252e-01 4.110493957996368408e-01 4.538735151290893555e-01 5.053090453147888184e-01 5.085998177528381348e-01 5.258854627609252930e-01 5.055794119834899902e-01 5.222746729850769043e-01 4.987812340259552002e-01 4.487460553646087646e-01 4.065367877483367920e-01 4.030187129974365234e-01 4.192515611648559570e-01 4.583549201488494873e-01 4.650116562843322754e-01 5.115845799446105957e-01 5.323685407638549805e-01 5.760126709938049316e-01 5.532295703887939453e-01 5.636346340179443359e-01
4.835974574089050293e-01 4.742655158042907715e-01 4.375287890434265137e-01 4.375827610492706299e-01 4.183605313301086426e-01 4.416324794292449951e-01 4.603104591369628906e-01 4.863165915012359619e-01 5.040416717529296875e-01 4.907138049602508545e-01 4.593655467033386230e-01 4.626377522945404053e-01 4.238168895244598389e-01 3.993044793605804443e-01 3.494898378849029541e-01 3.750087320804595947e-01 4.516027569770812988e-01 4.198920428752899170e-01 4.020553529262542725e-01 3.939729034900665283e-01 3.929794728755950928e-01 4.034029245376586914e-01 3.410854339599609375e-01 2.765737175941467285e-01 2.939074039459228516e-01 3.535520732402801514e-01 4.336620867252349854e-01 4.506950974464416504e-01 4.080226719379425049e-01 3.745242655277252197e-01 3.586974143981933594e-01 3.362667262554168701e-01 5.853005647659301758e-01 6.890982985496520996e-01 7.775098681449890137e-01 8.409076929092407227e-01 8.343093395233154297e-01 6.838327050209045410e-01 4.279175996780395508e-01 2.168143093585968018e-01 2.590546309947967529e-01 4.258826673030853271e-01 5.702664256095886230e-01 6.545304059982299805e-01 6.466398239135742188e-01 5.984753966331481934e-01 5.691486597061157227e-01 5.581752061843872070e-01 4.460226595401763916e-01 5.123292803764343262e-01 6.165757179260253906e-01 7.454702258110046387e-01 8.389941453933715820e-01 6.276786327362060547e-01 2.946146726608276367e-01 2.123083174228668213e-01 3.551316559314727783e-01 5.686026215553283691e-01 7.326542139053344727e-01 7.582116127014160156e-01 6.759095788002014160e-01 6.148755550384521484e-01 5.008539557456970215e-01 4.259198307991027832e-01 4.157749116420745850e-01 5.359352827072143555e-01 6.291503310203552246e-01 7.024829387664794922e-01 6.949663758277893066e-01 5.311357975006103516e-01 3.971751928329467773e-01 3.919867575168609619e-01 4.697563648223876953e-01 5.736697316169738770e-01 6.659429073333740234e-01 6.583067774772644043e-01 6.411811709403991699e-01 5.675866007804870605e-01 4.898265004158020020e-01 4.321088790893554688e-01 5.424579977989196777e-01 6.143434047698974609e-01 6.382623910903930664e-01 6.388393640518188477e-01 5.897312760353088379e-01 4.751945436000823975e-01 4.115882515907287598e-01 3.636500239372253418e-01 3.349572420120239258e-01 4.134112000465393066e-01 4.867701530456542969e-01 5.417689085006713867e-01 5.361011028289794922e-01 5.589984059333801270e-01 5.194165706634521484e-01 5.099849700927734375e-01 5.730509757995605469e-01 6.202011704444885254e-01 6.540031433105468750e-01 6.737822294235229492e-01 6.620306968688964844e-01 6.408423185348510742e-01 5.963218808174133301e-01 5.684902071952819824e-01 5.734162926673889160e-01 5.680563449859619141e-01 5.985146760940551758e-01 5.947958230972290039e-01 6.150496006011962891e-01 5.734733939170837402e-01 5.804569721221923828e-01 5.413001179695129395e-01 4.284454584121704102e-01 4.791422486305236816e-01 5.385816097259521484e-01 5.753129720687866211e-01 6.170917153358459473e-01 6.182548403739929199e-01 6.395604610443115234e-01 5.905289053916931152e-01 5.890317559242248535e-01 5.465189218521118164e-01 5.447173714637756348e-01 5.317930579185485840e-01 4.930801093578338623e-01 4.657913744449615479e-01 4.375792741775512695e-01 4.037474393844604492e-01
4.447184503078460693e-01 4.657723903656005859e-01 4.643961787223815918e-01 4.889131486415863037e-01 5.116127729415893555e-01 5.542355179786682129e-01 6.639614701271057129e-01 7.403862476348876953e-01 7.242775559425354004e-01 6.862623095512390137e-01 6.009109020233154297e-01 5.488823652267456055e-01 5.376636385917663574e-01 5.110635161399841309e-01 4.888557195663452148e-01 4.855836927890777588e-01 3.977774381637573242e-01 5.043644309043884277e-01 6.215893030166625977e-01 6.611558794975280762e-01 6.529930830001831055e-01 6.613277792930603027e-01 7.261690497398376465e-01 7.771928906440734863e-01 8.267096281051635742e-01 7.445997595787048340e-01 6.906733512878417969e-01 6.750900149345397949e-01 6.794267296791076660e-01 6.625064611434936523e-01 5.488229393959045410e-01 4.883444309234619141e-01 4.211160242557525635e-01 4.648987948894500732e-01 4.284889996051788330e-01 4.019067883491516113e-01 4.287046194076538086e-01 4.175201058387756348e-01 4.894685447216033936e-01 5.581403970718383789e-01 5.405307412147521973e-01 4.950810372829437256e-01 3.520475327968597412e-01 3.121871948242187500e-01 3.668434619903564453e-01 3.934024870395660400e-01 4.973413646221160889e-01 4.853134751319885254e-01 4.670823216438293457e-01 3.531236052513122559e-01 2.660814523696899414e-01 3.340567350387573242e-01 4.389262497425079346e-01 6.447252035140991211e-01 7.358440756797790527e-01 7.332428693771362305e-01 7.407845258712768555e-01 6.952312588691711426e-01 5.905808210372924805e-01 3.936429917812347412e-01 2.697356343269348145e-01 3.283205926418304443e-01 3.622352778911590576e-01 4.718817770481109619e-01 4.338065087795257568e-01 3.074688911437988281e-01 2.624390125274658203e-01 3.435934782028198242e-01 4.414815902709960938e-01 7.173806428909301758e-01 7.628912329673767090e-01 8.501122593879699707e-01 8.649669289588928223e-01 7.189329266548156738e-01 6.072033047676086426e-01 4.445871114730834961e-01 3.734837174415588379e-01 3.728060424327850342e-01 3.648524582386016846e-01 4.764678478240966797e-01 4.646855592727661133e-01 4.200158119201660156e-01 4.330593049526214600e-01 4.383606016635894775e-01 4.795720279216766357e-01 5.283695459365844727e-01 6.555870771408081055e-01 6.883367300033569336e-01 6.645828485488891602e-01 5.589817166328430176e-01 4.819706082344055176e-01 4.740831851959228516e-01 4.485750794410705566e-01 4.419549703598022461e-01 4.686192870140075684e-01 4.666628539562225342e-01 5.114036202430725098e-01 4.778134226799011230e-01 4.434763193130493164e-01 4.066436290740966797e-01 4.352587461471557617e-01 4.530053138732910156e-01 4.440008401870727539e-01 4.009463489055633545e-01 4.277659356594085693e-01 4.388206005096435547e-01 4.071497321128845215e-01 4.337049424648284912e-01 4.592742025852203369e-01 5.388733148574829102e-01 5.902835726737976074e-01 6.168222427368164062e-01 5.731601715087890625e-01 5.755510926246643066e-01 5.247644186019897461e-01 4.916048049926757812e-01 4.338626265525817871e-01 3.983129262924194336e-01 3.288200497627258301e-01 3.366431593894958496e-01 3.602247536182403564e-01 4.181344211101531982e-01 4.822338521480560303e-01 5.551396608352661133e-01 5.905696749687194824e-01 5.892761945724487305e-01 5.580386519432067871e-01 5.394207239151000977e-01
5.117775201797485352e-01 4.941394031047821045e-01 4.942406117916107178e-01 4.955901801586151123e-01 4.956667721271514893e-01 5.185321569442749023e-01 5.635609626770019531e-01 6.176449060440063477e-01 5.748423933982849121e-01 5.586637854576110840e-01 5.307105779647827148e-01 5.406818389892578125e-01 5.364509820938110352e-01 5.482664704322814941e-01 4.939452111721038818e-01 4.852223694324493408e-01 4.845097661018371582e-01 4.965431690216064453e-01 5.311391353607177734e-01 5.632804036140441895e-01 5.805411338806152344e-01 5.885016322135925293e-01 6.312633156776428223e-01 6.907802224159240723e-01 6.557968854904174805e-01 6.234548687934875488e-01 6.214847564697265625e-01 6.348553299903869629e-01 6.344884634017944336e-01 5.593571066856384277e-01 4.522856771945953369e-01 4.160538911819458008e-01 4.987078309059143066e-01 4.483281075954437256e-01 4.700099527835845947e-01 4.405266642570495605e-01 4.201303720474243164e-01 4.156895279884338379e-01 4.393223822116851807e-01 4.890019595623016357e-01 5.358567237854003906e-01 4.272422492504119873e-01 3.969632089138031006e-01 3.801596164703369141e-01 4.150997996330261230e-01 4.040266573429107666e-01 4.003677070140838623e-01 4.357726573944091797e-01 5.579145550727844238e-01 5.545484423637390137e-01 5.360227823257446289e-01 4.272080659866333008e-01 3.104689419269561768e-01 2.457111179828643799e-01 4.054835736751556396e-01 7.112783193588256836e-01 7.459332346916198730e-01 4.612045884132385254e-01 2.566059231758117676e-01 2.603250741958618164e-01 3.674149811267852783e-01 4.673262834548950195e-01 5.086709260940551758e-01 5.494295954704284668e-01 5.781115889549255371e-01 6.403147578239440918e-01 6.397669315338134766e-01 5.208218097686767578e-01 3.662812411785125732e-01 1.324200630187988281e-01 2.624696791172027588e-01 3.225653767585754395e-01 3.204586803913116455e-01 2.293513268232345581e-01 2.852386832237243652e-01 3.812051713466644287e-01 4.792516231536865234e-01 5.717732906341552734e-01 6.059242486953735352e-01 5.971698164939880371e-01 6.781619191169738770e-01 6.830868124961853027e-01 6.487952470779418945e-01 5.921375751495361328e-01 4.568500816822052002e-01 3.074102997779846191e-01 1.521297544240951538e-01 1.083211153745651245e-01 1.740648895502090454e-01 2.941094338893890381e-01 3.629255592823028564e-01 4.155522286891937256e-01 5.576649308204650879e-01 6.531983613967895508e-01 6.408029794692993164e-01 5.950096249580383301e-01 6.975733041763305664e-01 6.420637369155883789e-01 6.385178565979003906e-01 6.232544183731079102e-01 5.612239241600036621e-01 5.774829983711242676e-01 5.335118174552917480e-01 5.184208750724792480e-01 5.111466050148010254e-01 5.203726291656494141e-01 5.453904271125793457e-01 5.713359713554382324e-01 5.975298285484313965e-01 6.134375929832458496e-01 6.245483756065368652e-01 6.056104302406311035e-01 6.004243493080139160e-01 6.125640869140625000e-01 6.458575725555419922e-01 6.572800278663635254e-01 6.700642704963684082e-01 6.359220147132873535e-01 6.133380532264709473e-01 6.061140298843383789e-01 6.105700135231018066e-01 5.795035958290100098e-01 5.448016524314880371e-01 5.504921078681945801e-01 5.657441616058349609e-01 5.681155323982238770e-01 5.504196286201477051e-01 5.592532753944396973e-01
4.625909626483917236e-01 4.554879367351531982e-01 4.682110548019409180e-01 4.993056356906890869e-01 5.197312831878662109e-01 5.632098913192749023e-01 5.856788158416748047e-01 5.843719244003295898e-01 6.202953457832336426e-01 5.946367979049682617e-01 5.731704235076904297e-01 5.356611013412475586e-01 5.072844624519348145e-01 4.949251115322113037e-01 4.996986091136932373e-01 5.206903219223022461e-01 4.674475193023681641e-01 4.927222430706024170e-01 5.718153715133666992e-01 5.926588177680969238e-01 5.855917334556579590e-01 6.218537688255310059e-01 6.364194750785827637e-01 7.291066646575927734e-01 7.574445605278015137e-01 7.155844569206237793e-01 6.722462773323059082e-01 6.327379941940307617e-01 6.108080148696899414e-01 5.962367057800292969e-01 5.378401279449462891e-01 4.946098923683166504e-01 4.883433580398559570e-01 4.649917781352996826e-01 4.625304937362670898e-01 4.825126528739929199e-01 5.024439096450805664e-01 5.132535099983215332e-01 5.682102441787719727e-01 6.672595739364624023e-01 6.435983777046203613e-01 6.004508137702941895e-01 5.089415907859802246e-01 4.583760797977447510e-01 4.143489897251129150e-01 4.379936158657073975e-01 4.366383552551269531e-01 4.501445591449737549e-01 5.393531322479248047e-01 4.218914806842803955e-01 4.314346015453338623e-01 4.204397499561309814e-01 4.022441804409027100e-01 6.500485539436340332e-01 8.150737881660461426e-01 7.979794144630432129e-01 8.131670951843261719e-01 7.848140597343444824e-01 5.472822189331054688e-01 3.123238980770111084e-01 3.028346300125122070e-01 3.683715760707855225e-01 4.529268443584442139e-01 4.915653467178344727e-01 5.842810273170471191e-01 4.936761260032653809e-01 4.138942360877990723e-01 3.835190236568450928e-01 4.024249315261840820e-01 6.022703647613525391e-01 6.374794840812683105e-01 4.861665666103363037e-01 6.367978453636169434e-01 7.442013025283813477e-01 5.047252178192138672e-01 3.682562112808227539e-01 3.412694036960601807e-01 4.495146572589874268e-01 5.315217971801757812e-01 5.257981419563293457e-01 5.840443372726440430e-01 5.294503569602966309e-01 4.332389533519744873e-01 2.875745594501495361e-01 1.955108344554901123e-01 9.818597882986068726e-02 4.510177671909332275e-02 0.000000000000000000e+00 4.914944991469383240e-02 1.164881512522697449e-01 2.070737779140472412e-01 3.091874122619628906e-01 4.297021627426147461e-01 4.891347289085388184e-01 5.015283823013305664e-01 5.771132111549377441e-01 5.330203771591186523e-01 5.308013558387756348e-01 5.534042716026306152e-01 5.598404407501220703e-01 5.739517211914062500e-01 5.496612191200256348e-01 4.905914068222045898e-01 4.416910409927368164e-01 4.356783628463745117e-01 4.828030467033386230e-01 4.893860518932342529e-01 5.375780463218688965e-01 5.205689072608947754e-01 4.941605627536773682e-01 4.807098507881164551e-01 6.000155806541442871e-01 5.642264485359191895e-01 5.390732288360595703e-01 5.881339311599731445e-01 5.714817047119140625e-01 5.985428690910339355e-01 5.624929666519165039e-01 5.957279801368713379e-01 5.593681931495666504e-01 5.812550187110900879e-01 5.587125420570373535e-01 5.860643386840820312e-01 5.450984239578247070e-01 5.387514233589172363e-01 5.702360272407531738e-01 6.071346998214721680e-01 6.524253487586975098e-01
5.570910573005676270e-01 5.462580919265747070e-01 5.299702882766723633e-01 5.154114961624145508e-01 5.240853428840637207e-01 5.360953211784362793e-01 5.298400521278381348e-01 5.496617555618286133e-01 5.581270456314086914e-01 5.670843720436096191e-01 5.906521081924438477e-01 5.764765739440917969e-01 5.860930681228637695e-01 5.730747580528259277e-01 5.858484506607055664e-01 6.170179843902587891e-01 4.396717250347137451e-01 4.670666158199310303e-01 5.015812516212463379e-01 5.523582696914672852e-01 6.618578433990478516e-01 6.712393164634704590e-01 6.439680457115173340e-01 6.449958086013793945e-01 6.407763957977294922e-01 5.931760668754577637e-01 6.189959645271301270e-01 5.959061980247497559e-01 5.788609385490417480e-01 5.141205787658691406e-01 5.026479363441467285e-01 4.859045147895812988e-01 5.930263996124267578e-01 5.703976750373840332e-01 5.299744606018066406e-01 4.929688572883605957e-01 4.390684366226196289e-01 3.321850597858428955e-01 2.298703789710998535e-01 1.843177080154418945e-01 1.965183317661285400e-01 2.458221316337585449e-01 3.336584568023681641e-01 3.914776444435119629e-01 4.584686458110809326e-01 4.936281144618988037e-01 5.231216549873352051e-01 5.905921459197998047e-01 6.389029026031494141e-01 6.830800771713256836e-01 7.289306521415710449e-01 8.245170712471008301e-01 7.826568484306335449e-01 5.226173996925354004e-01 2.678865492343902588e-01 3.267107903957366943e-01 3.140592277050018311e-01 3.250099718570709229e-01 5.501164197921752930e-01 6.764977574348449707e-01 7.084704041481018066e-01 6.909859180450439453e-01 6.637976765632629395e-01 6.501048803329467773e-01 6.333349347114562988e-01 6.786130666732788086e-01 7.558212876319885254e-01 7.845562100410461426e-01 7.469539046287536621e-01 4.883147478103637695e-01 2.295104116201400757e-01 2.804874181747436523e-01 2.929452955722808838e-01 3.981388807296752930e-01 6.366165876388549805e-01 7.621754407882690430e-01 7.551039457321166992e-01 7.240686416625976562e-01 6.635476946830749512e-01 6.606357097625732422e-01 5.436552166938781738e-01 5.110538005828857422e-01 4.688737094402313232e-01 3.890828192234039307e-01 3.621256947517395020e-01 2.352641820907592773e-01 1.568580865859985352e-01 1.635037660598754883e-01 1.473898440599441528e-01 1.900536566972732544e-01 2.788852155208587646e-01 3.508877456188201904e-01 4.252502322196960449e-01 4.964604973793029785e-01 5.576484799385070801e-01 6.151340603828430176e-01 4.169136583805084229e-01 4.334087371826171875e-01 4.721673429012298584e-01 4.995527863502502441e-01 5.626696348190307617e-01 5.655579566955566406e-01 5.535862445831298828e-01 5.498119592666625977e-01 5.231044292449951172e-01 5.224938392639160156e-01 4.891828000545501709e-01 4.590781629085540771e-01 4.468218982219696045e-01 3.943854272365570068e-01 3.876228034496307373e-01 4.147467017173767090e-01 4.579097032546997070e-01 4.634916782379150391e-01 4.624133110046386719e-01 5.050553679466247559e-01 5.193195939064025879e-01 5.310202836990356445e-01 5.198599696159362793e-01 5.244101881980895996e-01 5.018754601478576660e-01 4.922694861888885498e-01 4.938435256481170654e-01 5.077269077301025391e-01 4.964683353900909424e-01 4.904067516326904297e-01 5.030905604362487793e-01 5.211214423179626465e-01
4.657866060733795166e-01 4.907518625259399414e-01 5.290278196334838867e-01 5.206983089447021484e-01 5.239704251289367676e-01 5.190358161926269531e-01 6.038873791694641113e-01 6.178932189941406250e-01 6.418377757072448730e-01 5.774731040000915527e-01 5.579922199249267578e-01 5.523747801780700684e-01 5.640791654586791992e-01 4.992090761661529541e-01 4.906795024871826172e-01 5.052158236503601074e-01 4.646452963352203369e-01 4.602109193801879883e-01 5.013903975486755371e-01 5.344405174255371094e-01 5.842828154563903809e-01 5.479434132575988770e-01 6.016440391540527344e-01 5.991308093070983887e-01 5.866894721984863281e-01 5.426647663116455078e-01 5.498140454292297363e-01 5.485622286796569824e-01 5.361522436141967773e-01 4.782290458679199219e-01 4.250120818614959717e-01 4.489237666130065918e-01 4.657088816165924072e-01 4.354609549045562744e-01 4.214442372322082520e-01 3.803470134735107422e-01 2.680002748966217041e-01 2.957769334316253662e-01 3.195283412933349609e-01 3.023621439933776855e-01 2.610846161842346191e-01 2.022524774074554443e-01 2.362772673368453979e-01 3.513580560684204102e-01 4.491764008998870850e-01 4.838332831859588623e-01 5.084261298179626465e-01 5.507361888885498047e-01 4.627029895782470703e-01 5.684597492218017578e-01 6.273462772369384766e-01 5.448687672615051270e-01 3.378988206386566162e-01 1.904051303863525391e-01 1.544467359781265259e-01 2.113751173019409180e-01 2.273911982774734497e-01 3.399892151355743408e-01 3.763530850410461426e-01 5.097281932830810547e-01 5.751895904541015625e-01 5.845185518264770508e-01 5.574355125427246094e-01 4.870600998401641846e-01 4.886446893215179443e-01 5.945846438407897949e-01 7.352783679962158203e-01 7.546534538269042969e-01 6.375540494918823242e-01 4.201304614543914795e-01 2.233982384204864502e-01 3.949252665042877197e-01 5.582778453826904297e-01 6.681665778160095215e-01 6.606290936470031738e-01 6.878361105918884277e-01 6.366156339645385742e-01 6.346182823181152344e-01 5.375117063522338867e-01 4.909799695014953613e-01 6.109029650688171387e-01 6.430309414863586426e-01 6.669390797615051270e-01 6.787653565406799316e-01 5.990602374076843262e-01 5.696191787719726562e-01 4.589017033576965332e-01 4.660404026508331299e-01 5.040789246559143066e-01 5.677925348281860352e-01 5.913467407226562500e-01 6.539062857627868652e-01 6.409821510314941406e-01 6.450340151786804199e-01 6.049650907516479492e-01 5.442476868629455566e-01 6.100231409072875977e-01 6.265673637390136719e-01 6.081355810165405273e-01 6.227127313613891602e-01 6.249045729637145996e-01 5.772863626480102539e-01 5.974682569503784180e-01 6.077659726142883301e-01 5.832206606864929199e-01 6.062698364257812500e-01 6.385720968246459961e-01 6.568754315376281738e-01 6.531044840812683105e-01 6.535563468933105469e-01 6.100118160247802734e-01 5.680410265922546387e-01 4.858323931694030762e-01 4.938782453536987305e-01 5.315056443214416504e-01 5.266231894493103027e-01 5.141131281852722168e-01 5.031499266624450684e-01 5.283291339874267578e-01 5.118899941444396973e-01 5.206617712974548340e-01 5.294675827026367188e-01 4.955434203147888184e-01 4.779285192489624023e-01 4.807730019092559814e-01 4.885336756706237793e-01 5.158692002296447754e-01 5.388358235359191895e-01
4.388482868671417236e-01 4.397358894348144531e-01 4.181343019008636475e-01 4.343397319316864014e-01 4.903433322906494141e-01 5.198292732238769531e-01 4.985015988349914551e-01 4.758153259754180908e-01 4.254679977893829346e-01 4.310047030448913574e-01 4.271135926246643066e-01 4.439021944999694824e-01 4.691912829875946045e-01 4.938158690929412842e-01 4.760737121105194092e-01 4.970934391021728516e-01 4.909763038158416748e-01 4.624624252319335938e-01 4.565691649913787842e-01 4.705921113491058350e-01 4.718781411647796631e-01 4.901439249515533447e-01 5.153975486755371094e-01 4.788502752780914307e-01 4.598728120326995850e-01 3.884020745754241943e-01 3.437047898769378662e-01 3.394870460033416748e-01 4.388765692710876465e-01 4.988996088504791260e-01 5.244079828262329102e-01 5.634492039680480957e-01 5.554002523422241211e-01 6.598669886589050293e-01 7.253662347793579102e-01 7.639113068580627441e-01 7.229247093200683594e-01 7.152957916259765625e-01 7.170367240905761719e-01 6.800544857978820801e-01 5.389295220375061035e-01 4.163706004619598389e-01 4.230421781539916992e-01 4.472531378269195557e-01 4.304434657096862793e-01 4.421503841876983643e-01 4.374778270721435547e-01 4.671913981437683105e-01 5.851013660430908203e-01 6.852002739906311035e-01 7.407319545745849609e-01 7.761911749839782715e-01 7.478001713752746582e-01 7.384954690933227539e-01 7.384089827537536621e-01 3.379204571247100830e-01 2.877396643161773682e-01 3.303667306900024414e-01 4.702904522418975830e-01 5.902523994445800781e-01 6.137170195579528809e-01 5.961981415748596191e-01 5.718951821327209473e-01 5.352272391319274902e-01 5.130877494812011719e-01 5.593167543411254883e-01 6.402375102043151855e-01 6.478042602539062500e-01 5.771943926811218262e-01 4.063336551189422607e-01 2.300469875335693359e-01 3.358671069145202637e-01 5.063128471374511719e-01 7.618927359580993652e-01 8.500596880912780762e-01 7.860517501831054688e-01 7.340868711471557617e-01 7.034202814102172852e-01 6.476642489433288574e-01 5.933912396430969238e-01 4.338887333869934082e-01 4.359014630317687988e-01 4.698311388492584229e-01 5.048367381095886230e-01 4.889952540397644043e-01 4.156609475612640381e-01 4.705444872379302979e-01 5.672402381896972656e-01 6.774163842201232910e-01 7.024899125099182129e-01 6.950978040695190430e-01 7.048334479331970215e-01 7.027000784873962402e-01 6.913449764251708984e-01 6.552776694297790527e-01 5.842021107673645020e-01 4.841963946819305420e-01 4.660852253437042236e-01 4.321163296699523926e-01 4.118316173553466797e-01 3.332167863845825195e-01 3.296100795269012451e-01 3.874812126159667969e-01 4.470053911209106445e-01 4.424878358840942383e-01 4.265805184841156006e-01 4.381215572357177734e-01 4.291135668754577637e-01 4.246802926063537598e-01 3.911536931991577148e-01 4.356582760810852051e-01 4.369335472583770752e-01 5.007452964782714844e-01 5.132454037666320801e-01 5.027781724929809570e-01 5.009043812751770020e-01 4.948395788669586182e-01 3.842185437679290771e-01 3.097634017467498779e-01 2.752886712551116943e-01 3.425141870975494385e-01 3.497174978256225586e-01 3.869601488113403320e-01 3.744066059589385986e-01 4.414976239204406738e-01 4.831856489181518555e-01 4.881044924259185791e-01 5.145655870437622070e-01
