2.796814441680908203e-01 7.256770133972167969e-01 7.256770133972167969e-01 1.171672344207763672e+00 7.256770133972167969e-01 2.796814441680908203e-01 -1.663138866424560547e-01 -6.123092174530029297e-01 -6.123092174530029297e-01 -6.123092174530029297e-01 -6.123092174530029297e-01 -1.663138866424560547e-01 -1.663138866424560547e-01 -1.663138866424560547e-01 2.796814441680908203e-01 2.796814441680908203e-01 7.256770133972167969e-01 7.256770133972167969e-01 2.796814441680908203e-01 -1.663138866424560547e-01 -1.663138866424560547e-01 -1.663138866424560547e-01 -1.663138866424560547e-01 -6.123092174530029297e-01 -1.058304548263549805e+00 -1.058304548263549805e+00 -1.058304548263549805e+00 -1.058304548263549805e+00 -6.123092174530029297e-01 -6.123092174530029297e-01 -1.663138866424560547e-01 -1.663138866424560547e-01 2.796814441680908203e-01 2.796814441680908203e-01 -1.663138866424560547e-01 -1.663138866424560547e-01 2.796814441680908203e-01 7.256770133972167969e-01 7.256770133972167969e-01 2.796814441680908203e-01 2.796814441680908203e-01 7.256770133972167969e-01 2.796814441680908203e-01 -6.123092174530029297e-01 -6.123092174530029297e-01 -1.663138866424560547e-01 -1.663138866424560547e-01 -1.663138866424560547e-01 -1.663138866424560547e-01 -1.663138866424560547e-01 -1.058304548263549805e+00 -6.123092174530029297e-01 2.796814441680908203e-01 1.171672344207763672e+00 1.617667675018310547e+00 1.617667675018310547e+00 2.063663005828857422e+00 2.063663005828857422e+00 1.617667675018310547e+00 -1.663138866424560547e-01 -6.123092174530029297e-01 -1.504299998283386230e+00 -6.123092174530029297e-01 -1.663138866424560547e-01 -6.123092174530029297e-01 -6.123092174530029297e-01 -1.504299998283386230e+00 -6.123092174530029297e-01 7.256770133972167969e-01 1.171672344207763672e+00 1.617667675018310547e+00 1.617667675018310547e+00 2.509658336639404297e+00 2.509658336639404297e+00 1.617667675018310547e+00 -1.663138866424560547e-01 -6.123092174530029297e-01 -1.058304548263549805e+00 -1.663138866424560547e-01 -1.663138866424560547e-01 -1.663138866424560547e-01 -1.663138866424560547e-01 -6.123092174530029297e-01 -1.663138866424560547e-01 -1.663138866424560547e-01 2.796814441680908203e-01 7.256770133972167969e-01 1.171672344207763672e+00 1.171672344207763672e+00 7.256770133972167969e-01 -1.663138866424560547e-01 -6.123092174530029297e-01 -1.058304548263549805e+00 -1.663138866424560547e-01 -1.663138866424560547e-01 -6.123092174530029297e-01 2.796814441680908203e-01 -1.663138866424560547e-01 -6.123092174530029297e-01 -6.123092174530029297e-01 -1.663138866424560547e-01 -1.663138866424560547e-01 -1.663138866424560547e-01 2.796814441680908203e-01 -1.663138866424560547e-01 -1.663138866424560547e-01 -1.663138866424560547e-01 -1.663138866424560547e-01 2.796814441680908203e-01 -6.123092174530029297e-01 -6.123092174530029297e-01 -6.123092174530029297e-01 2.796814441680908203e-01 -1.663138866424560547e-01 -6.123092174530029297e-01 -6.123092174530029297e-01 -1.663138866424560547e-01 -1.663138866424560547e-01 -1.663138866424560547e-01 -1.663138866424560547e-01 -1.663138866424560547e-01 2.796814441680908203e-01 7.256770133972167969e-01 2.796814441680908203e-01 -1.663138866424560547e-01 -1.663138866424560547e-01 -6.123092174530029297e-01 -1.504299998283386230e+00
2.796814441680908203e-01 7.256770133972167969e-01 2.796814441680908203e-01 7.256770133972167969e-01 7.256770133972167969e-01 7.256770133972167969e-01 2.796814441680908203e-01 2.796814441680908203e-01 2.796814441680908203e-01 2.796814441680908203e-01 2.796814441680908203e-01 2.796814441680908203e-01 -1.663138866424560547e-01 -1.663138866424560547e-01 -1.663138866424560547e-01 -1.663138866424560547e-01 7.256770133972167969e-01 2.796814441680908203e-01 2.796814441680908203e-01 -6.123092174530029297e-01 -6.123092174530029297e-01 -1.504299998283386230e+00 -1.504299998283386230e+00 -1.950295329093933105e+00 -1.504299998283386230e+00 -1.058304548263549805e+00 -6.123092174530029297e-01 2.796814441680908203e-01 2.796814441680908203e-01 -1.663138866424560547e-01 -1.663138866424560547e-01 -1.663138866424560547e-01 -1.663138866424560547e-01 -1.663138866424560547e-01 -6.123092174530029297e-01 -6.123092174530029297e-01 -6.123092174530029297e-01 -6.123092174530029297e-01 -6.123092174530029297e-01 -1.950295329093933105e+00 -1.950295329093933105e+00 -1.950295329093933105e+00 -1.504299998283386230e+00 -1.058304548263549805e+00 -6.123092174530029297e-01 -1.663138866424560547e-01 -6.123092174530029297e-01 -1.663138866424560547e-01 2.796814441680908203e-01 7.256770133972167969e-01 1.171672344207763672e+00 2.063663005828857422e+00 2.063663005828857422e+00 2.509658336639404297e+00 1.617667675018310547e+00 -6.123092174530029297e-01 -1.504299998283386230e+00 -1.950295329093933105e+00 -1.950295329093933105e+00 -6.123092174530029297e-01 -1.663138866424560547e-01 -6.123092174530029297e-01 -1.663138866424560547e-01 2.796814441680908203e-01 7.256770133972167969e-01 7.256770133972167969e-01 1.617667675018310547e+00 1.617667675018310547e+00 1.617667675018310547e+00 1.171672344207763672e+00 2.796814441680908203e-01 -6.123092174530029297e-01 -1.504299998283386230e+00 -1.504299998283386230e+00 -1.058304548263549805e+00 -6.123092174530029297e-01 -6.123092174530029297e-01 -6.123092174530029297e-01 2.796814441680908203e-01 2.796814441680908203e-01 1.171672344207763672e+00 7.256770133972167969e-01 1.171672344207763672e+00 1.171672344207763672e+00 2.796814441680908203e-01 -6.123092174530029297e-01 -1.058304548263549805e+00 -1.504299998283386230e+00 -1.058304548263549805e+00 -1.058304548263549805e+00 -6.123092174530029297e-01 -6.123092174530029297e-01 -1.663138866424560547e-01 -1.663138866424560547e-01 -1.663138866424560547e-01 -1.663138866424560547e-01 7.256770133972167969e-01 7.256770133972167969e-01 2.796814441680908203e-01 2.796814441680908203e-01 2.796814441680908203e-01 2.796814441680908203e-01 2.796814441680908203e-01 2.796814441680908203e-01 7.256770133972167969e-01 7.256770133972167969e-01 7.256770133972167969e-01 7.256770133972167969e-01 2.796814441680908203e-01 2.796814441680908203e-01 2.796814441680908203e-01 2.796814441680908203e-01 -1.663138866424560547e-01 -1.663138866424560547e-01 -1.663138866424560547e-01 2.796814441680908203e-01 2.796814441680908203e-01 7.256770133972167969e-01 1.171672344207763672e+00 7.256770133972167969e-01 7.256770133972167969e-01 7.256770133972167969e-01 2.796814441680908203e-01 2.796814441680908203e-01 -1.663138866424560547e-01 -1.663138866424560547e-01 -1.663138866424560547e-01 2.796814441680908203e-01
2.796814441680908203e-01 2.796814441680908203e-01 2.796814441680908203e-01 2.796814441680908203e-01 -1.663138866424560547e-01 -1.663138866424560547e-01 -1.663138866424560547e-01 -6.123092174530029297e-01 -6.123092174530029297e-01 -1.058304548263549805e+00 -6.123092174530029297e-01 -1.663138866424560547e-01 -1.663138866424560547e-01 2.796814441680908203e-01 2.796814441680908203e-01 2.796814441680908203e-01 2.796814441680908203e-01 -1.663138866424560547e-01 -6.123092174530029297e-01 -6.123092174530029297e-01 -6.123092174530029297e-01 -6.123092174530029297e-01 -6.123092174530029297e-01 -6.123092174530029297e-01 -6.123092174530029297e-01 -1.663138866424560547e-01 -1.663138866424560547e-01 -1.663138866424560547e-01 -6.123092174530029297e-01 -1.663138866424560547e-01 2.796814441680908203e-01 2.796814441680908203e-01 -6.123092174530029297e-01 -1.058304548263549805e+00 -1.058304548263549805e+00 -1.663138866424560547e-01 2.796814441680908203e-01 2.796814441680908203e-01 2.796814441680908203e-01 2.796814441680908203e-01 7.256770133972167969e-01 7.256770133972167969e-01 7.256770133972167969e-01 7.256770133972167969e-01 7.256770133972167969e-01 2.796814441680908203e-01 -1.663138866424560547e-01 -1.663138866424560547e-01 2.796814441680908203e-01 7.256770133972167969e-01 1.617667675018310547e+00 2.509658336639404297e+00 2.509658336639404297e+00 2.063663005828857422e+00 1.617667675018310547e+00 2.509658336639404297e+00 2.509658336639404297e+00 7.256770133972167969e-01 -1.663138866424560547e-01 -1.663138866424560547e-01 -1.663138866424560547e-01 -1.663138866424560547e-01 -6.123092174530029297e-01 -1.663138866424560547e-01 7.256770133972167969e-01 1.171672344207763672e+00 1.617667675018310547e+00 2.063663005828857422e+00 1.617667675018310547e+00 1.171672344207763672e+00 7.256770133972167969e-01 -6.123092174530029297e-01 -1.504299998283386230e+00 -1.504299998283386230e+00 -6.123092174530029297e-01 2.796814441680908203e-01 7.256770133972167969e-01 7.256770133972167969e-01 7.256770133972167969e-01 7.256770133972167969e-01 -1.663138866424560547e-01 -1.663138866424560547e-01 -6.123092174530029297e-01 -6.123092174530029297e-01 -6.123092174530029297e-01 -1.058304548263549805e+00 -1.058304548263549805e+00 -1.058304548263549805e+00 -1.663138866424560547e-01 7.256770133972167969e-01 1.617667675018310547e+00 1.617667675018310547e+00 1.171672344207763672e+00 7.256770133972167969e-01 7.256770133972167969e-01 2.796814441680908203e-01 -6.123092174530029297e-01 -6.123092174530029297e-01 -6.123092174530029297e-01 -6.123092174530029297e-01 -1.663138866424560547e-01 -1.058304548263549805e+00 -1.058304548263549805e+00 -1.504299998283386230e+00 -1.058304548263549805e+00 -1.058304548263549805e+00 -6.123092174530029297e-01 -6.123092174530029297e-01 -6.123092174530029297e-01 -6.123092174530029297e-01 -1.663138866424560547e-01 -1.663138866424560547e-01 -6.123092174530029297e-01 -6.123092174530029297e-01 -1.663138866424560547e-01 -1.663138866424560547e-01 -1.663138866424560547e-01 -1.663138866424560547e-01 -1.663138866424560547e-01 -6.123092174530029297e-01 -1.058304548263549805e+00 -1.058304548263549805e+00 -1.058304548263549805e+00 -6.123092174530029297e-01 -6.123092174530029297e-01 -1.663138866424560547e-01 -6.123092174530029297e-01 -1.663138866424560547e-01
-1.663138866424560547e-01 -1.663138866424560547e-01 -1.663138866424560547e-01 -1.663138866424560547e-01 -1.663138866424560547e-01 -6.123092174530029297e-01 -6.123092174530029297e-01 -6.123092174530029297e-01 -1.663138866424560547e-01 -1.663138866424560547e-01 2.796814441680908203e-01 -1.663138866424560547e-01 -1.663138866424560547e-01 -6.123092174530029297e-01 -6.123092174530029297e-01 -1.058304548263549805e+00 -1.663138866424560547e-01 -1.663138866424560547e-01 -1.663138866424560547e-01 -1.663138866424560547e-01 -1.663138866424560547e-01 -1.663138866424560547e-01 -1.663138866424560547e-01 -1.663138866424560547e-01 -6.123092174530029297e-01 -6.123092174530029297e-01 -6.123092174530029297e-01 -1.663138866424560547e-01 2.796814441680908203e-01 2.796814441680908203e-01 -1.663138866424560547e-01 -6.123092174530029297e-01 1.171672344207763672e+00 1.171672344207763672e+00 1.617667675018310547e+00 1.617667675018310547e+00 1.617667675018310547e+00 1.617667675018310547e+00 1.617667675018310547e+00 7.256770133972167969e-01 2.796814441680908203e-01 -1.663138866424560547e-01 2.796814441680908203e-01 2.796814441680908203e-01 -1.663138866424560547e-01 -1.663138866424560547e-01 -6.123092174530029297e-01 -6.123092174530029297e-01 2.796814441680908203e-01 1.171672344207763672e+00 1.617667675018310547e+00 1.617667675018310547e+00 2.063663005828857422e+00 2.063663005828857422e+00 1.171672344207763672e+00 -1.058304548263549805e+00 -1.950295329093933105e+00 -1.950295329093933105e+00 -1.058304548263549805e+00 2.796814441680908203e-01 7.256770133972167969e-01 7.256770133972167969e-01 2.796814441680908203e-01 2.796814441680908203e-01 2.796814441680908203e-01 7.256770133972167969e-01 1.171672344207763672e+00 1.617667675018310547e+00 1.617667675018310547e+00 1.617667675018310547e+00 1.171672344207763672e+00 -6.123092174530029297e-01 -1.504299998283386230e+00 -1.950295329093933105e+00 -1.504299998283386230e+00 -6.123092174530029297e-01 -6.123092174530029297e-01 -6.123092174530029297e-01 -1.663138866424560547e-01 -6.123092174530029297e-01 -1.663138866424560547e-01 -1.663138866424560547e-01 2.796814441680908203e-01 1.171672344207763672e+00 1.617667675018310547e+00 1.617667675018310547e+00 1.617667675018310547e+00 1.617667675018310547e+00 1.171672344207763672e+00 7.256770133972167969e-01 -1.663138866424560547e-01 -1.663138866424560547e-01 -1.663138866424560547e-01 -6.123092174530029297e-01 -6.123092174530029297e-01 -1.058304548263549805e+00 -6.123092174530029297e-01 -6.123092174530029297e-01 -1.058304548263549805e+00 -1.504299998283386230e+00 -1.058304548263549805e+00 -6.123092174530029297e-01 -1.663138866424560547e-01 -1.663138866424560547e-01 -1.663138866424560547e-01 -1.663138866424560547e-01 -1.663138866424560547e-01 -1.663138866424560547e-01 -1.663138866424560547e-01 -6.123092174530029297e-01 -6.123092174530029297e-01 -1.058304548263549805e+00 -1.663138866424560547e-01 -1.663138866424560547e-01 -6.123092174530029297e-01 -6.123092174530029297e-01 -1.058304548263549805e+00 -6.123092174530029297e-01 -6.123092174530029297e-01 -6.123092174530029297e-01 -6.123092174530029297e-01 -1.663138866424560547e-01 -1.663138866424560547e-01 -1.663138866424560547e-01 -1.663138866424560547e-01 -1.663138866424560547e-01 2.796814441680908203e-01 -1.663138866424560547e-01
-6.123092174530029297e-01 -1.663138866424560547e-01 -1.663138866424560547e-01 -1.663138866424560547e-01 2.796814441680908203e-01 2.796814441680908203e-01 2.796814441680908203e-01 2.796814441680908203e-01 2.796814441680908203e-01 2.796814441680908203e-01 2.796814441680908203e-01 -1.663138866424560547e-01 -1.663138866424560547e-01 -1.663138866424560547e-01 -1.663138866424560547e-01 -1.663138866424560547e-01 7.256770133972167969e-01 7.256770133972167969e-01 1.171672344207763672e+00 1.171672344207763672e+00 1.617667675018310547e+00 1.171672344207763672e+00 1.171672344207763672e+00 1.171672344207763672e+00 1.171672344207763672e+00 7.256770133972167969e-01 7.256770133972167969e-01 1.171672344207763672e+00 7.256770133972167969e-01 7.256770133972167969e-01 2.796814441680908203e-01 2.796814441680908203e-01 7.256770133972167969e-01 1.171672344207763672e+00 1.171672344207763672e+00 1.171672344207763672e+00 1.171672344207763672e+00 1.171672344207763672e+00 2.796814441680908203e-01 -6.123092174530029297e-01 -1.058304548263549805e+00 -6.123092174530029297e-01 -1.663138866424560547e-01 2.796814441680908203e-01 7.256770133972167969e-01 7.256770133972167969e-01 1.171672344207763672e+00 7.256770133972167969e-01 -1.663138866424560547e-01 2.796814441680908203e-01 2.796814441680908203e-01 7.256770133972167969e-01 2.796814441680908203e-01 -1.663138866424560547e-01 -1.058304548263549805e+00 -6.123092174530029297e-01 -1.663138866424560547e-01 1.171672344207763672e+00 1.617667675018310547e+00 2.063663005828857422e+00 2.063663005828857422e+00 1.617667675018310547e+00 1.171672344207763672e+00 7.256770133972167969e-01 -1.058304548263549805e+00 -1.058304548263549805e+00 -6.123092174530029297e-01 -1.663138866424560547e-01 -1.663138866424560547e-01 -1.058304548263549805e+00 -6.123092174530029297e-01 1.171672344207763672e+00 1.617667675018310547e+00 7.256770133972167969e-01 7.256770133972167969e-01 2.796814441680908203e-01 2.796814441680908203e-01 7.256770133972167969e-01 2.796814441680908203e-01 2.796814441680908203e-01 -1.058304548263549805e+00 -1.058304548263549805e+00 -1.058304548263549805e+00 -1.058304548263549805e+00 -1.058304548263549805e+00 -1.504299998283386230e+00 -1.504299998283386230e+00 -1.950295329093933105e+00 -1.950295329093933105e+00 -1.950295329093933105e+00 -1.950295329093933105e+00 -1.504299998283386230e+00 -1.058304548263549805e+00 -1.058304548263549805e+00 -1.058304548263549805e+00 -1.058304548263549805e+00 2.796814441680908203e-01 2.796814441680908203e-01 -1.663138866424560547e-01 -6.123092174530029297e-01 -1.058304548263549805e+00 -1.058304548263549805e+00 -1.058304548263549805e+00 -1.504299998283386230e+00 -1.058304548263549805e+00 -1.058304548263549805e+00 -1.058304548263549805e+00 -1.058304548263549805e+00 -1.058304548263549805e+00 -6.123092174530029297e-01 -6.123092174530029297e-01 -6.123092174530029297e-01 -1.663138866424560547e-01 2.796814441680908203e-01 7.256770133972167969e-01 7.256770133972167969e-01 7.256770133972167969e-01 7.256770133972167969e-01 2.796814441680908203e-01 -1.663138866424560547e-01 -1.663138866424560547e-01 -1.663138866424560547e-01 -1.663138866424560547e-01 -1.663138866424560547e-01 -1.663138866424560547e-01 -6.123092174530029297e-01 -1.663138866424560547e-01 -1.663138866424560547e-01
-6.123092174530029297e-01 -6.123092174530029297e-01 -6.123092174530029297e-01 -1.663138866424560547e-01 -1.663138866424560547e-01 -1.663138866424560547e-01 2.796814441680908203e-01 2.796814441680908203e-01 -1.663138866424560547e-01 -1.663138866424560547e-01 -1.663138866424560547e-01 2.796814441680908203e-01 2.796814441680908203e-01 -1.663138866424560547e-01 -1.663138866424560547e-01 -1.663138866424560547e-01 2.796814441680908203e-01 2.796814441680908203e-01 2.796814441680908203e-01 2.796814441680908203e-01 2.796814441680908203e-01 -1.663138866424560547e-01 -6.123092174530029297e-01 -6.123092174530029297e-01 -6.123092174530029297e-01 -6.123092174530029297e-01 -1.663138866424560547e-01 2.796814441680908203e-01 2.796814441680908203e-01 2.796814441680908203e-01 -1.663138866424560547e-01 -6.123092174530029297e-01 2.796814441680908203e-01 2.796814441680908203e-01 -1.663138866424560547e-01 2.796814441680908203e-01 -1.663138866424560547e-01 -1.663138866424560547e-01 -6.123092174530029297e-01 -1.663138866424560547e-01 -1.663138866424560547e-01 2.796814441680908203e-01 7.256770133972167969e-01 1.617667675018310547e+00 1.617667675018310547e+00 1.617667675018310547e+00 1.171672344207763672e+00 7.256770133972167969e-01 -1.663138866424560547e-01 -1.663138866424560547e-01 -1.058304548263549805e+00 -6.123092174530029297e-01 -1.058304548263549805e+00 -1.950295329093933105e+00 -2.396290779113769531e+00 -1.950295329093933105e+00 -1.950295329093933105e+00 -2.396290779113769531e+00 -2.396290779113769531e+00 -1.950295329093933105e+00 -1.663138866424560547e-01 2.796814441680908203e-01 2.796814441680908203e-01 2.796814441680908203e-01 7.256770133972167969e-01 7.256770133972167969e-01 2.796814441680908203e-01 -1.663138866424560547e-01 -1.663138866424560547e-01 1.171672344207763672e+00 2.063663005828857422e+00 2.955653667449951172e+00 2.509658336639404297e+00 1.617667675018310547e+00 7.256770133972167969e-01 -1.663138866424560547e-01 2.796814441680908203e-01 -1.663138866424560547e-01 -6.123092174530029297e-01 -6.123092174530029297e-01 2.796814441680908203e-01 1.171672344207763672e+00 1.617667675018310547e+00 2.063663005828857422e+00 2.063663005828857422e+00 2.063663005828857422e+00 1.171672344207763672e+00 2.796814441680908203e-01 -1.663138866424560547e-01 -6.123092174530029297e-01 -1.663138866424560547e-01 -1.663138866424560547e-01 -1.663138866424560547e-01 -1.663138866424560547e-01 -1.663138866424560547e-01 -6.123092174530029297e-01 2.796814441680908203e-01 -1.663138866424560547e-01 -6.123092174530029297e-01 -6.123092174530029297e-01 -1.663138866424560547e-01 2.796814441680908203e-01 2.796814441680908203e-01 2.796814441680908203e-01 2.796814441680908203e-01 -1.663138866424560547e-01 -1.663138866424560547e-01 -1.663138866424560547e-01 -1.663138866424560547e-01 2.796814441680908203e-01 -1.663138866424560547e-01 -6.123092174530029297e-01 2.796814441680908203e-01 -1.663138866424560547e-01 -1.663138866424560547e-01 -6.123092174530029297e-01 -6.123092174530029297e-01 -6.123092174530029297e-01 -6.123092174530029297e-01 -6.123092174530029297e-01 -6.123092174530029297e-01 -1.663138866424560547e-01 -1.663138866424560547e-01 -6.123092174530029297e-01 -1.663138866424560547e-01 -1.663138866424560547e-01 -6.123092174530029297e-01 -6.123092174530029297e-01
2.796814441680908203e-01 7.256770133972167969e-01 7.256770133972167969e-01 2.796814441680908203e-01 2.796814441680908203e-01 2.796814441680908203e-01 2.796814441680908203e-01 2.796814441680908203e-01 -1.663138866424560547e-01 -1.663138866424560547e-01 -1.663138866424560547e-01 -1.663138866424560547e-01 -1.663138866424560547e-01 -6.123092174530029297e-01 -6.123092174530029297e-01 -1.663138866424560547e-01 7.256770133972167969e-01 7.256770133972167969e-01 2.796814441680908203e-01 2.796814441680908203e-01 2.796814441680908203e-01 2.796814441680908203e-01 2.796814441680908203e-01 2.796814441680908203e-01 2.796814441680908203e-01 -1.663138866424560547e-01 -1.663138866424560547e-01 -6.123092174530029297e-01 -6.123092174530029297e-01 -6.123092174530029297e-01 -1.663138866424560547e-01 2.796814441680908203e-01 2.796814441680908203e-01 2.796814441680908203e-01 -1.663138866424560547e-01 -1.663138866424560547e-01 2.796814441680908203e-01 1.171672344207763672e+00 1.617667675018310547e+00 1.617667675018310547e+00 1.617667675018310547e+00 1.617667675018310547e+00 2.063663005828857422e+00 2.509658336639404297e+00 1.617667675018310547e+00 7.256770133972167969e-01 2.796814441680908203e-01 7.256770133972167969e-01 -1.663138866424560547e-01 -1.058304548263549805e+00 -1.058304548263549805e+00 2.796814441680908203e-01 -1.663138866424560547e-01 -6.123092174530029297e-01 -6.123092174530029297e-01 -1.058304548263549805e+00 -6.123092174530029297e-01 -1.663138866424560547e-01 7.256770133972167969e-01 1.171672344207763672e+00 2.063663005828857422e+00 2.063663005828857422e+00 2.063663005828857422e+00 1.617667675018310547e+00 -1.058304548263549805e+00 -1.950295329093933105e+00 -1.504299998283386230e+00 -6.123092174530029297e-01 -1.504299998283386230e+00 -1.950295329093933105e+00 -1.950295329093933105e+00 -1.058304548263549805e+00 -1.663138866424560547e-01 -6.123092174530029297e-01 -6.123092174530029297e-01 -1.058304548263549805e+00 -6.123092174530029297e-01 -1.663138866424560547e-01 -1.663138866424560547e-01 -1.663138866424560547e-01 -6.123092174530029297e-01 -1.058304548263549805e+00 -1.058304548263549805e+00 -6.123092174530029297e-01 -1.663138866424560547e-01 -1.663138866424560547e-01 2.796814441680908203e-01 1.171672344207763672e+00 1.171672344207763672e+00 7.256770133972167969e-01 -1.663138866424560547e-01 -6.123092174530029297e-01 -6.123092174530029297e-01 -6.123092174530029297e-01 -6.123092174530029297e-01 -6.123092174530029297e-01 2.796814441680908203e-01 2.796814441680908203e-01 -1.663138866424560547e-01 -6.123092174530029297e-01 -1.663138866424560547e-01 -1.663138866424560547e-01 -1.663138866424560547e-01 -1.663138866424560547e-01 -1.663138866424560547e-01 -1.663138866424560547e-01 -1.663138866424560547e-01 -6.123092174530029297e-01 -6.123092174530029297e-01 -1.663138866424560547e-01 2.796814441680908203e-01 -1.663138866424560547e-01 1.171672344207763672e+00 7.256770133972167969e-01 7.256770133972167969e-01 2.796814441680908203e-01 2.796814441680908203e-01 2.796814441680908203e-01 -1.663138866424560547e-01 -1.663138866424560547e-01 -1.663138866424560547e-01 -6.123092174530029297e-01 -6.123092174530029297e-01 -1.663138866424560547e-01 -1.663138866424560547e-01 2.796814441680908203e-01 -1.663138866424560547e-01 -1.663138866424560547e-01
-1.663138866424560547e-01 -1.663138866424560547e-01 -1.663138866424560547e-01 -1.663138866424560547e-01 -6.123092174530029297e-01 -6.123092174530029297e-01 -6.123092174530029297e-01 -6.123092174530029297e-01 -6.123092174530029297e-01 -6.123092174530029297e-01 -6.123092174530029297e-01 -6.123092174530029297e-01 -1.663138866424560547e-01 -1.663138866424560547e-01 2.796814441680908203e-01 2.796814441680908203e-01 -1.058304548263549805e+00 -6.123092174530029297e-01 -1.058304548263549805e+00 -1.504299998283386230e+00 -1.504299998283386230e+00 -1.058304548263549805e+00 -6.123092174530029297e-01 -6.123092174530029297e-01 -1.058304548263549805e+00 -1.058304548263549805e+00 -1.058304548263549805e+00 -6.123092174530029297e-01 -6.123092174530029297e-01 -6.123092174530029297e-01 -1.663138866424560547e-01 -1.663138866424560547e-01 -6.123092174530029297e-01 -1.058304548263549805e+00 -6.123092174530029297e-01 -6.123092174530029297e-01 -1.663138866424560547e-01 -1.663138866424560547e-01 7.256770133972167969e-01 1.171672344207763672e+00 7.256770133972167969e-01 2.796814441680908203e-01 2.796814441680908203e-01 2.796814441680908203e-01 -6.123092174530029297e-01 -1.663138866424560547e-01 -1.663138866424560547e-01 -6.123092174530029297e-01 2.796814441680908203e-01 7.256770133972167969e-01 1.171672344207763672e+00 2.063663005828857422e+00 2.509658336639404297e+00 2.063663005828857422e+00 2.063663005828857422e+00 1.171672344207763672e+00 -1.663138866424560547e-01 -6.123092174530029297e-01 -6.123092174530029297e-01 -1.663138866424560547e-01 -1.663138866424560547e-01 2.796814441680908203e-01 2.796814441680908203e-01 -1.058304548263549805e+00 -1.663138866424560547e-01 7.256770133972167969e-01 1.171672344207763672e+00 1.617667675018310547e+00 2.063663005828857422e+00 1.171672344207763672e+00 7.256770133972167969e-01 -1.058304548263549805e+00 -1.663138866424560547e-01 2.796814441680908203e-01 -1.663138866424560547e-01 2.796814441680908203e-01 7.256770133972167969e-01 7.256770133972167969e-01 2.796814441680908203e-01 -1.058304548263549805e+00 2.796814441680908203e-01 7.256770133972167969e-01 7.256770133972167969e-01 2.796814441680908203e-01 -1.663138866424560547e-01 -6.123092174530029297e-01 -1.504299998283386230e+00 -1.950295329093933105e+00 -1.504299998283386230e+00 -1.058304548263549805e+00 -1.663138866424560547e-01 -1.663138866424560547e-01 2.796814441680908203e-01 2.796814441680908203e-01 -1.663138866424560547e-01 -6.123092174530029297e-01 -6.123092174530029297e-01 -1.663138866424560547e-01 2.796814441680908203e-01 7.256770133972167969e-01 1.171672344207763672e+00 1.171672344207763672e+00 7.256770133972167969e-01 7.256770133972167969e-01 1.171672344207763672e+00 7.256770133972167969e-01 7.256770133972167969e-01 1.171672344207763672e+00 1.171672344207763672e+00 1.617667675018310547e+00 1.171672344207763672e+00 2.796814441680908203e-01 -6.123092174530029297e-01 -1.663138866424560547e-01 -1.663138866424560547e-01 2.796814441680908203e-01 7.256770133972167969e-01 2.796814441680908203e-01 2.796814441680908203e-01 1.171672344207763672e+00 7.256770133972167969e-01 7.256770133972167969e-01 2.796814441680908203e-01 2.796814441680908203e-01 -1.663138866424560547e-01 -6.123092174530029297e-01 -6.123092174530029297e-01 -1.504299998283386230e+00
1.171672344207763672e+00 1.171672344207763672e+00 7.256770133972167969e-01 7.256770133972167969e-01 7.256770133972167969e-01 2.796814441680908203e-01 2.796814441680908203e-01 -1.663138866424560547e-01 -1.663138866424560547e-01 -1.663138866424560547e-01 -1.663138866424560547e-01 -1.663138866424560547e-01 -1.663138866424560547e-01 -1.663138866424560547e-01 -1.663138866424560547e-01 2.796814441680908203e-01 2.796814441680908203e-01 2.796814441680908203e-01 2.796814441680908203e-01 -1.663138866424560547e-01 -1.663138866424560547e-01 2.796814441680908203e-01 2.796814441680908203e-01 2.796814441680908203e-01 2.796814441680908203e-01 2.796814441680908203e-01 -1.663138866424560547e-01 -1.663138866424560547e-01 -6.123092174530029297e-01 -6.123092174530029297e-01 -6.123092174530029297e-01 -6.123092174530029297e-01 -1.663138866424560547e-01 -6.123092174530029297e-01 -1.663138866424560547e-01 -1.663138866424560547e-01 7.256770133972167969e-01 1.171672344207763672e+00 1.171672344207763672e+00 1.617667675018310547e+00 1.617667675018310547e+00 1.617667675018310547e+00 2.796814441680908203e-01 -1.663138866424560547e-01 -1.663138866424560547e-01 -1.663138866424560547e-01 -6.123092174530029297e-01 -1.058304548263549805e+00 2.796814441680908203e-01 2.796814441680908203e-01 7.256770133972167969e-01 -1.058304548263549805e+00 -1.058304548263549805e+00 -1.950295329093933105e+00 -1.504299998283386230e+00 -1.663138866424560547e-01 7.256770133972167969e-01 -1.663138866424560547e-01 -1.058304548263549805e+00 -1.504299998283386230e+00 -1.504299998283386230e+00 -6.123092174530029297e-01 -1.663138866424560547e-01 -1.058304548263549805e+00 -1.663138866424560547e-01 -1.663138866424560547e-01 7.256770133972167969e-01 -1.663138866424560547e-01 -1.504299998283386230e+00 -2.396290779113769531e+00 -1.504299998283386230e+00 -1.058304548263549805e+00 -6.123092174530029297e-01 -1.058304548263549805e+00 -1.950295329093933105e+00 -1.950295329093933105e+00 -1.504299998283386230e+00 -1.663138866424560547e-01 -1.663138866424560547e-01 2.796814441680908203e-01 -1.058304548263549805e+00 -1.058304548263549805e+00 -6.123092174530029297e-01 7.256770133972167969e-01 2.796814441680908203e-01 7.256770133972167969e-01 1.617667675018310547e+00 2.063663005828857422e+00 2.063663005828857422e+00 1.171672344207763672e+00 7.256770133972167969e-01 2.796814441680908203e-01 2.796814441680908203e-01 -6.123092174530029297e-01 -6.123092174530029297e-01 -1.663138866424560547e-01 2.796814441680908203e-01 -1.663138866424560547e-01 -1.663138866424560547e-01 -6.123092174530029297e-01 2.796814441680908203e-01 7.256770133972167969e-01 2.796814441680908203e-01 2.796814441680908203e-01 2.796814441680908203e-01 2.796814441680908203e-01 -1.663138866424560547e-01 -1.663138866424560547e-01 -1.663138866424560547e-01 -1.663138866424560547e-01 -1.663138866424560547e-01 -1.663138866424560547e-01 1.171672344207763672e+00 7.256770133972167969e-01 7.256770133972167969e-01 7.256770133972167969e-01 2.796814441680908203e-01 -1.663138866424560547e-01 -1.663138866424560547e-01 -1.663138866424560547e-01 -1.663138866424560547e-01 -1.663138866424560547e-01 2.796814441680908203e-01 2.796814441680908203e-01 -1.663138866424560547e-01 -1.663138866424560547e-01 2.796814441680908203e-01 7.256770133972167969e-01
2.796814441680908203e-01 2.796814441680908203e-01 7.256770133972167969e-01 7.256770133972167969e-01 7.256770133972167969e-01 2.796814441680908203e-01 2.796814441680908203e-01 2.796814441680908203e-01 -1.663138866424560547e-01 -1.663138866424560547e-01 -1.663138866424560547e-01 -1.663138866424560547e-01 2.796814441680908203e-01 2.796814441680908203e-01 7.256770133972167969e-01 2.796814441680908203e-01 -1.663138866424560547e-01 -1.663138866424560547e-01 -1.663138866424560547e-01 -1.663138866424560547e-01 -6.123092174530029297e-01 -6.123092174530029297e-01 -6.123092174530029297e-01 -1.663138866424560547e-01 -1.663138866424560547e-01 -1.663138866424560547e-01 -6.123092174530029297e-01 -6.123092174530029297e-01 -6.123092174530029297e-01 -1.663138866424560547e-01 2.796814441680908203e-01 2.796814441680908203e-01 -6.123092174530029297e-01 -1.663138866424560547e-01 -1.663138866424560547e-01 -1.663138866424560547e-01 -1.663138866424560547e-01 2.796814441680908203e-01 7.256770133972167969e-01 7.256770133972167969e-01 1.171672344207763672e+00 7.256770133972167969e-01 2.796814441680908203e-01 -1.663138866424560547e-01 -6.123092174530029297e-01 -6.123092174530029297e-01 -1.663138866424560547e-01 2.796814441680908203e-01 -6.123092174530029297e-01 -1.663138866424560547e-01 2.796814441680908203e-01 2.796814441680908203e-01 -6.123092174530029297e-01 -1.058304548263549805e+00 -1.504299998283386230e+00 -1.663138866424560547e-01 -1.663138866424560547e-01 -1.663138866424560547e-01 -6.123092174530029297e-01 -1.058304548263549805e+00 -1.950295329093933105e+00 -2.396290779113769531e+00 -1.950295329093933105e+00 -1.504299998283386230e+00 1.171672344207763672e+00 1.617667675018310547e+00 2.509658336639404297e+00 2.509658336639404297e+00 2.063663005828857422e+00 2.796814441680908203e-01 -1.058304548263549805e+00 -1.950295329093933105e+00 -1.950295329093933105e+00 -1.058304548263549805e+00 -1.663138866424560547e-01 -6.123092174530029297e-01 -1.058304548263549805e+00 -1.504299998283386230e+00 -1.504299998283386230e+00 -1.058304548263549805e+00 7.256770133972167969e-01 7.256770133972167969e-01 1.171672344207763672e+00 2.063663005828857422e+00 2.955653667449951172e+00 2.955653667449951172e+00 2.509658336639404297e+00 2.063663005828857422e+00 1.617667675018310547e+00 1.171672344207763672e+00 7.256770133972167969e-01 7.256770133972167969e-01 -1.663138866424560547e-01 -1.663138866424560547e-01 -1.663138866424560547e-01 -1.663138866424560547e-01 2.796814441680908203e-01 -1.663138866424560547e-01 -6.123092174530029297e-01 -1.058304548263549805e+00 -6.123092174530029297e-01 -6.123092174530029297e-01 -1.663138866424560547e-01 -1.663138866424560547e-01 -1.663138866424560547e-01 -1.663138866424560547e-01 -1.663138866424560547e-01 -1.663138866424560547e-01 -1.663138866424560547e-01 -1.663138866424560547e-01 -1.663138866424560547e-01 -1.663138866424560547e-01 -1.663138866424560547e-01 -6.123092174530029297e-01 -6.123092174530029297e-01 -1.663138866424560547e-01 -1.663138866424560547e-01 -1.663138866424560547e-01 -1.663138866424560547e-01 -1.663138866424560547e-01 -1.663138866424560547e-01 -1.663138866424560547e-01 2.796814441680908203e-01 -1.663138866424560547e-01 2.796814441680908203e-01 -1.663138866424560547e-01 -1.663138866424560547e-01 -1.663138866424560547e-01
-1.663138866424560547e-01 -1.663138866424560547e-01 -1.663138866424560547e-01 -1.663138866424560547e-01 2.796814441680908203e-01 2.796814441680908203e-01 2.796814441680908203e-01 7.256770133972167969e-01 2.796814441680908203e-01 2.796814441680908203e-01 2.796814441680908203e-01 7.256770133972167969e-01 2.796814441680908203e-01 -1.663138866424560547e-01 -1.663138866424560547e-01 -1.663138866424560547e-01 2.796814441680908203e-01 2.796814441680908203e-01 7.256770133972167969e-01 7.256770133972167969e-01 7.256770133972167969e-01 7.256770133972167969e-01 7.256770133972167969e-01 2.796814441680908203e-01 2.796814441680908203e-01 7.256770133972167969e-01 7.256770133972167969e-01 7.256770133972167969e-01 7.256770133972167969e-01 7.256770133972167969e-01 2.796814441680908203e-01 2.796814441680908203e-01 7.256770133972167969e-01 7.256770133972167969e-01 2.796814441680908203e-01 2.796814441680908203e-01 -1.663138866424560547e-01 -1.058304548263549805e+00 -1.950295329093933105e+00 -2.396290779113769531e+00 -2.396290779113769531e+00 -2.396290779113769531e+00 -1.504299998283386230e+00 -6.123092174530029297e-01 2.796814441680908203e-01 7.256770133972167969e-01 7.256770133972167969e-01 7.256770133972167969e-01 2.796814441680908203e-01 7.256770133972167969e-01 1.171672344207763672e+00 1.171672344207763672e+00 2.796814441680908203e-01 -1.058304548263549805e+00 -1.504299998283386230e+00 -1.504299998283386230e+00 -1.950295329093933105e+00 -1.950295329093933105e+00 -1.504299998283386230e+00 -1.058304548263549805e+00 2.796814441680908203e-01 7.256770133972167969e-01 7.256770133972167969e-01 7.256770133972167969e-01 7.256770133972167969e-01 7.256770133972167969e-01 2.796814441680908203e-01 -1.663138866424560547e-01 -1.058304548263549805e+00 -6.123092174530029297e-01 -1.663138866424560547e-01 2.063663005828857422e+00 2.063663005828857422e+00 2.796814441680908203e-01 -1.504299998283386230e+00 -1.504299998283386230e+00 -6.123092174530029297e-01 -1.663138866424560547e-01 7.256770133972167969e-01 7.256770133972167969e-01 2.796814441680908203e-01 -1.663138866424560547e-01 -1.663138866424560547e-01 -6.123092174530029297e-01 -6.123092174530029297e-01 -1.058304548263549805e+00 -6.123092174530029297e-01 -1.663138866424560547e-01 2.796814441680908203e-01 -1.663138866424560547e-01 -6.123092174530029297e-01 -6.123092174530029297e-01 -6.123092174530029297e-01 -1.663138866424560547e-01 2.796814441680908203e-01 7.256770133972167969e-01 2.796814441680908203e-01 2.796814441680908203e-01 2.796814441680908203e-01 2.796814441680908203e-01 -1.663138866424560547e-01 -6.123092174530029297e-01 -1.058304548263549805e+00 -1.058304548263549805e+00 -1.058304548263549805e+00 -6.123092174530029297e-01 -1.058304548263549805e+00 -6.123092174530029297e-01 -1.663138866424560547e-01 -1.663138866424560547e-01 -1.663138866424560547e-01 2.796814441680908203e-01 -1.663138866424560547e-01 -1.663138866424560547e-01 2.796814441680908203e-01 2.796814441680908203e-01 2.796814441680908203e-01 7.256770133972167969e-01 7.256770133972167969e-01 7.256770133972167969e-01 2.796814441680908203e-01 2.796814441680908203e-01 2.796814441680908203e-01 2.796814441680908203e-01 2.796814441680908203e-01 2.796814441680908203e-01 2.796814441680908203e-01 2.796814441680908203e-01
-1.663138866424560547e-01 -6.123092174530029297e-01 -6.123092174530029297e-01 -1.058304548263549805e+00 -1.058304548263549805e+00 -1.058304548263549805e+00 -6.123092174530029297e-01 -6.123092174530029297e-01 -1.663138866424560547e-01 2.796814441680908203e-01 7.256770133972167969e-01 7.256770133972167969e-01 1.171672344207763672e+00 1.171672344207763672e+00 1.171672344207763672e+00 1.171672344207763672e+00 -1.058304548263549805e+00 -1.058304548263549805e+00 -6.123092174530029297e-01 -6.123092174530029297e-01 -1.663138866424560547e-01 -6.123092174530029297e-01 -6.123092174530029297e-01 -6.123092174530029297e-01 -6.123092174530029297e-01 -6.123092174530029297e-01 -6.123092174530029297e-01 -1.058304548263549805e+00 -1.663138866424560547e-01 -1.663138866424560547e-01 -1.663138866424560547e-01 2.796814441680908203e-01 1.617667675018310547e+00 1.171672344207763672e+00 1.171672344207763672e+00 2.796814441680908203e-01 -1.663138866424560547e-01 -1.663138866424560547e-01 2.796814441680908203e-01 1.171672344207763672e+00 1.617667675018310547e+00 1.617667675018310547e+00 7.256770133972167969e-01 -1.663138866424560547e-01 -1.663138866424560547e-01 -6.123092174530029297e-01 -1.058304548263549805e+00 -1.058304548263549805e+00 1.617667675018310547e+00 1.171672344207763672e+00 7.256770133972167969e-01 -1.663138866424560547e-01 -1.504299998283386230e+00 -6.123092174530029297e-01 -1.663138866424560547e-01 2.796814441680908203e-01 2.796814441680908203e-01 -1.663138866424560547e-01 -1.058304548263549805e+00 -1.058304548263549805e+00 -6.123092174530029297e-01 -6.123092174530029297e-01 -1.663138866424560547e-01 -6.123092174530029297e-01 2.796814441680908203e-01 2.796814441680908203e-01 -1.663138866424560547e-01 -6.123092174530029297e-01 -1.504299998283386230e+00 -6.123092174530029297e-01 2.796814441680908203e-01 7.256770133972167969e-01 2.796814441680908203e-01 -6.123092174530029297e-01 -1.504299998283386230e+00 -1.504299998283386230e+00 -1.058304548263549805e+00 -1.058304548263549805e+00 2.796814441680908203e-01 -1.663138866424560547e-01 7.256770133972167969e-01 7.256770133972167969e-01 7.256770133972167969e-01 2.796814441680908203e-01 -1.663138866424560547e-01 -1.663138866424560547e-01 7.256770133972167969e-01 1.617667675018310547e+00 2.955653667449951172e+00 2.509658336639404297e+00 1.617667675018310547e+00 1.171672344207763672e+00 -1.663138866424560547e-01 2.796814441680908203e-01 -1.663138866424560547e-01 -1.663138866424560547e-01 -1.058304548263549805e+00 -6.123092174530029297e-01 -1.663138866424560547e-01 7.256770133972167969e-01 7.256770133972167969e-01 2.796814441680908203e-01 -1.663138866424560547e-01 -6.123092174530029297e-01 -6.123092174530029297e-01 -6.123092174530029297e-01 -6.123092174530029297e-01 -1.663138866424560547e-01 -1.663138866424560547e-01 -6.123092174530029297e-01 -6.123092174530029297e-01 -6.123092174530029297e-01 -6.123092174530029297e-01 -6.123092174530029297e-01 -6.123092174530029297e-01 -6.123092174530029297e-01 -6.123092174530029297e-01 -6.123092174530029297e-01 -6.123092174530029297e-01 -1.663138866424560547e-01 -1.663138866424560547e-01 2.796814441680908203e-01 2.796814441680908203e-01 2.796814441680908203e-01 7.256770133972167969e-01 7.256770133972167969e-01 1.171672344207763672e+00 1.171672344207763672e+00
7.256770133972167969e-01 7.256770133972167969e-01 2.796814441680908203e-01 -1.663138866424560547e-01 -1.663138866424560547e-01 -6.123092174530029297e-01 -1.663138866424560547e-01 -1.663138866424560547e-01 -6.123092174530029297e-01 -6.123092174530029297e-01 -1.663138866424560547e-01 -1.663138866424560547e-01 -1.663138866424560547e-01 -1.663138866424560547e-01 -1.663138866424560547e-01 -1.663138866424560547e-01 2.796814441680908203e-01 2.796814441680908203e-01 -1.663138866424560547e-01 -1.663138866424560547e-01 -1.663138866424560547e-01 -1.663138866424560547e-01 -1.663138866424560547e-01 -6.123092174530029297e-01 -6.123092174530029297e-01 -1.058304548263549805e+00 -1.058304548263549805e+00 -1.504299998283386230e+00 -1.058304548263549805e+00 -1.058304548263549805e+00 -1.663138866424560547e-01 2.796814441680908203e-01 -1.663138866424560547e-01 -6.123092174530029297e-01 -6.123092174530029297e-01 -6.123092174530029297e-01 -1.663138866424560547e-01 -1.663138866424560547e-01 2.796814441680908203e-01 2.796814441680908203e-01 2.796814441680908203e-01 2.796814441680908203e-01 2.796814441680908203e-01 2.796814441680908203e-01 -1.663138866424560547e-01 -1.663138866424560547e-01 -6.123092174530029297e-01 -1.663138866424560547e-01 -1.058304548263549805e+00 -1.058304548263549805e+00 -1.504299998283386230e+00 -6.123092174530029297e-01 -1.663138866424560547e-01 1.617667675018310547e+00 1.171672344207763672e+00 1.171672344207763672e+00 1.617667675018310547e+00 1.617667675018310547e+00 1.617667675018310547e+00 1.617667675018310547e+00 2.063663005828857422e+00 2.063663005828857422e+00 1.617667675018310547e+00 7.256770133972167969e-01 -6.123092174530029297e-01 -1.058304548263549805e+00 -1.058304548263549805e+00 -1.058304548263549805e+00 -1.663138866424560547e-01 7.256770133972167969e-01 1.617667675018310547e+00 1.617667675018310547e+00 1.617667675018310547e+00 2.063663005828857422e+00 2.063663005828857422e+00 2.063663005828857422e+00 2.509658336639404297e+00 2.063663005828857422e+00 1.617667675018310547e+00 7.256770133972167969e-01 -6.123092174530029297e-01 -6.123092174530029297e-01 -6.123092174530029297e-01 -6.123092174530029297e-01 -6.123092174530029297e-01 -6.123092174530029297e-01 -6.123092174530029297e-01 -1.663138866424560547e-01 2.796814441680908203e-01 2.796814441680908203e-01 7.256770133972167969e-01 7.256770133972167969e-01 2.796814441680908203e-01 2.796814441680908203e-01 -6.123092174530029297e-01 -1.663138866424560547e-01 -1.663138866424560547e-01 -6.123092174530029297e-01 -6.123092174530029297e-01 -6.123092174530029297e-01 -1.663138866424560547e-01 -1.663138866424560547e-01 -1.663138866424560547e-01 -6.123092174530029297e-01 -6.123092174530029297e-01 -1.058304548263549805e+00 -1.058304548263549805e+00 -1.058304548263549805e+00 -6.123092174530029297e-01 -6.123092174530029297e-01 -1.663138866424560547e-01 -1.663138866424560547e-01 -6.123092174530029297e-01 -6.123092174530029297e-01 -6.123092174530029297e-01 -6.123092174530029297e-01 -6.123092174530029297e-01 -1.663138866424560547e-01 -6.123092174530029297e-01 -1.663138866424560547e-01 -1.663138866424560547e-01 -6.123092174530029297e-01 -6.123092174530029297e-01 -1.663138866424560547e-01 -1.663138866424560547e-01 -1.663138866424560547e-01 -1.663138866424560547e-01 -6.123092174530029297e-01
-6.123092174530029297e-01 -6.123092174530029297e-01 -1.058304548263549805e+00 -6.123092174530029297e-01 -1.058304548263549805e+00 -1.058304548263549805e+00 -1.058304548263549805e+00 -1.058304548263549805e+00 -6.123092174530029297e-01 -1.663138866424560547e-01 2.796814441680908203e-01 2.796814441680908203e-01 7.256770133972167969e-01 7.256770133972167969e-01 7.256770133972167969e-01 1.171672344207763672e+00 -1.058304548263549805e+00 -1.058304548263549805e+00 -1.058304548263549805e+00 -6.123092174530029297e-01 -6.123092174530029297e-01 -6.123092174530029297e-01 -1.058304548263549805e+00 -1.058304548263549805e+00 -6.123092174530029297e-01 -6.123092174530029297e-01 -6.123092174530029297e-01 -6.123092174530029297e-01 -1.663138866424560547e-01 2.796814441680908203e-01 2.796814441680908203e-01 1.171672344207763672e+00 2.796814441680908203e-01 2.796814441680908203e-01 2.796814441680908203e-01 2.796814441680908203e-01 -1.663138866424560547e-01 -6.123092174530029297e-01 -6.123092174530029297e-01 -1.663138866424560547e-01 7.256770133972167969e-01 7.256770133972167969e-01 -1.663138866424560547e-01 -6.123092174530029297e-01 -6.123092174530029297e-01 -6.123092174530029297e-01 -6.123092174530029297e-01 -1.663138866424560547e-01 7.256770133972167969e-01 7.256770133972167969e-01 1.171672344207763672e+00 -1.663138866424560547e-01 -1.504299998283386230e+00 -1.504299998283386230e+00 7.256770133972167969e-01 2.509658336639404297e+00 2.509658336639404297e+00 2.063663005828857422e+00 1.617667675018310547e+00 2.796814441680908203e-01 -1.058304548263549805e+00 -1.504299998283386230e+00 -1.058304548263549805e+00 -1.058304548263549805e+00 7.256770133972167969e-01 7.256770133972167969e-01 7.256770133972167969e-01 -1.663138866424560547e-01 -1.504299998283386230e+00 -1.058304548263549805e+00 1.617667675018310547e+00 2.955653667449951172e+00 3.401648998260498047e+00 2.955653667449951172e+00 1.617667675018310547e+00 7.256770133972167969e-01 -1.058304548263549805e+00 -6.123092174530029297e-01 -1.058304548263549805e+00 -1.058304548263549805e+00 2.796814441680908203e-01 -1.663138866424560547e-01 2.796814441680908203e-01 -1.663138866424560547e-01 -1.663138866424560547e-01 -1.663138866424560547e-01 2.796814441680908203e-01 7.256770133972167969e-01 7.256770133972167969e-01 2.796814441680908203e-01 -1.663138866424560547e-01 -1.663138866424560547e-01 2.796814441680908203e-01 -1.663138866424560547e-01 -1.663138866424560547e-01 -1.663138866424560547e-01 -1.058304548263549805e+00 -6.123092174530029297e-01 -1.663138866424560547e-01 -1.663138866424560547e-01 -1.663138866424560547e-01 -1.663138866424560547e-01 -6.123092174530029297e-01 -6.123092174530029297e-01 -6.123092174530029297e-01 2.796814441680908203e-01 2.796814441680908203e-01 2.796814441680908203e-01 -1.663138866424560547e-01 2.796814441680908203e-01 2.796814441680908203e-01 7.256770133972167969e-01 -1.058304548263549805e+00 -1.058304548263549805e+00 -1.058304548263549805e+00 -1.058304548263549805e+00 -6.123092174530029297e-01 -6.123092174530029297e-01 -1.663138866424560547e-01 -1.663138866424560547e-01 2.796814441680908203e-01 2.796814441680908203e-01 2.796814441680908203e-01 2.796814441680908203e-01 2.796814441680908203e-01 2.796814441680908203e-01 7.256770133972167969e-01 7.256770133972167969e-01
-6.123092174530029297e-01 -6.123092174530029297e-01 -1.663138866424560547e-01 2.796814441680908203e-01 -1.663138866424560547e-01 -1.663138866424560547e-01 -1.663138866424560547e-01 -1.663138866424560547e-01 -1.663138866424560547e-01 2.796814441680908203e-01 -1.663138866424560547e-01 -1.663138866424560547e-01 -6.123092174530029297e-01 -1.058304548263549805e+00 -6.123092174530029297e-01 -6.123092174530029297e-01 -1.663138866424560547e-01 -1.663138866424560547e-01 -1.663138866424560547e-01 -1.663138866424560547e-01 -6.123092174530029297e-01 -6.123092174530029297e-01 -6.123092174530029297e-01 -1.058304548263549805e+00 -6.123092174530029297e-01 -6.123092174530029297e-01 -1.663138866424560547e-01 2.796814441680908203e-01 2.796814441680908203e-01 -1.663138866424560547e-01 -6.123092174530029297e-01 -1.058304548263549805e+00 -1.663138866424560547e-01 -1.663138866424560547e-01 -6.123092174530029297e-01 -6.123092174530029297e-01 -1.663138866424560547e-01 2.796814441680908203e-01 7.256770133972167969e-01 7.256770133972167969e-01 1.171672344207763672e+00 1.171672344207763672e+00 1.171672344207763672e+00 1.171672344207763672e+00 1.171672344207763672e+00 1.617667675018310547e+00 1.171672344207763672e+00 1.171672344207763672e+00 -1.663138866424560547e-01 -1.663138866424560547e-01 -6.123092174530029297e-01 -6.123092174530029297e-01 -1.058304548263549805e+00 -6.123092174530029297e-01 -6.123092174530029297e-01 -6.123092174530029297e-01 -1.663138866424560547e-01 -1.663138866424560547e-01 2.796814441680908203e-01 1.617667675018310547e+00 2.063663005828857422e+00 1.617667675018310547e+00 1.171672344207763672e+00 7.256770133972167969e-01 -1.663138866424560547e-01 -1.058304548263549805e+00 -1.058304548263549805e+00 -1.058304548263549805e+00 -1.663138866424560547e-01 -6.123092174530029297e-01 -1.058304548263549805e+00 -1.504299998283386230e+00 -1.504299998283386230e+00 -1.058304548263549805e+00 -6.123092174530029297e-01 1.617667675018310547e+00 1.617667675018310547e+00 1.617667675018310547e+00 1.171672344207763672e+00 7.256770133972167969e-01 -6.123092174530029297e-01 -6.123092174530029297e-01 -6.123092174530029297e-01 -1.663138866424560547e-01 2.796814441680908203e-01 1.171672344207763672e+00 1.617667675018310547e+00 1.617667675018310547e+00 1.617667675018310547e+00 2.063663005828857422e+00 2.509658336639404297e+00 2.509658336639404297e+00 2.063663005828857422e+00 1.617667675018310547e+00 1.171672344207763672e+00 7.256770133972167969e-01 -1.663138866424560547e-01 -1.663138866424560547e-01 -1.663138866424560547e-01 -6.123092174530029297e-01 -1.058304548263549805e+00 -1.058304548263549805e+00 -1.058304548263549805e+00 -1.058304548263549805e+00 -1.058304548263549805e+00 -6.123092174530029297e-01 -1.058304548263549805e+00 -6.123092174530029297e-01 -1.663138866424560547e-01 -1.663138866424560547e-01 2.796814441680908203e-01 7.256770133972167969e-01 -1.058304548263549805e+00 -1.663138866424560547e-01 -1.663138866424560547e-01 -1.663138866424560547e-01 -6.123092174530029297e-01 -6.123092174530029297e-01 -6.123092174530029297e-01 -1.058304548263549805e+00 -1.058304548263549805e+00 -1.058304548263549805e+00 -6.123092174530029297e-01 -6.123092174530029297e-01 -6.123092174530029297e-01 -1.663138866424560547e-01 -1.663138866424560547e-01 -1.663138866424560547e-01
-1.663138866424560547e-01 -1.663138866424560547e-01 -1.663138866424560547e-01 -6.123092174530029297e-01 -6.123092174530029297e-01 -1.663138866424560547e-01 -1.663138866424560547e-01 -1.663138866424560547e-01 -1.663138866424560547e-01 -6.123092174530029297e-01 -6.123092174530029297e-01 -6.123092174530029297e-01 -1.663138866424560547e-01 2.796814441680908203e-01 -1.663138866424560547e-01 -1.663138866424560547e-01 -1.663138866424560547e-01 2.796814441680908203e-01 -6.123092174530029297e-01 -1.058304548263549805e+00 -1.058304548263549805e+00 -1.504299998283386230e+00 -1.504299998283386230e+00 -1.058304548263549805e+00 -1.058304548263549805e+00 -6.123092174530029297e-01 -1.663138866424560547e-01 2.796814441680908203e-01 7.256770133972167969e-01 2.796814441680908203e-01 2.796814441680908203e-01 2.796814441680908203e-01 -6.123092174530029297e-01 -1.663138866424560547e-01 -1.663138866424560547e-01 -1.663138866424560547e-01 -1.058304548263549805e+00 -6.123092174530029297e-01 2.796814441680908203e-01 7.256770133972167969e-01 1.171672344207763672e+00 1.171672344207763672e+00 1.171672344207763672e+00 1.617667675018310547e+00 1.617667675018310547e+00 1.617667675018310547e+00 7.256770133972167969e-01 2.796814441680908203e-01 -1.058304548263549805e+00 -6.123092174530029297e-01 -1.058304548263549805e+00 -1.950295329093933105e+00 -1.058304548263549805e+00 -6.123092174530029297e-01 2.796814441680908203e-01 2.796814441680908203e-01 -1.663138866424560547e-01 -6.123092174530029297e-01 2.796814441680908203e-01 1.171672344207763672e+00 2.063663005828857422e+00 1.171672344207763672e+00 7.256770133972167969e-01 2.796814441680908203e-01 -1.058304548263549805e+00 -1.058304548263549805e+00 -1.950295329093933105e+00 -1.950295329093933105e+00 -1.058304548263549805e+00 -1.504299998283386230e+00 -1.504299998283386230e+00 -1.950295329093933105e+00 -1.504299998283386230e+00 -6.123092174530029297e-01 2.796814441680908203e-01 7.256770133972167969e-01 1.171672344207763672e+00 7.256770133972167969e-01 2.796814441680908203e-01 -1.663138866424560547e-01 -1.058304548263549805e+00 -1.504299998283386230e+00 -1.058304548263549805e+00 -1.058304548263549805e+00 -1.058304548263549805e+00 -1.663138866424560547e-01 -1.663138866424560547e-01 2.796814441680908203e-01 -1.663138866424560547e-01 2.796814441680908203e-01 2.796814441680908203e-01 7.256770133972167969e-01 7.256770133972167969e-01 7.256770133972167969e-01 2.796814441680908203e-01 2.796814441680908203e-01 -6.123092174530029297e-01 -1.663138866424560547e-01 2.796814441680908203e-01 2.796814441680908203e-01 2.796814441680908203e-01 7.256770133972167969e-01 7.256770133972167969e-01 1.171672344207763672e+00 1.617667675018310547e+00 1.617667675018310547e+00 1.171672344207763672e+00 1.171672344207763672e+00 1.171672344207763672e+00 7.256770133972167969e-01 7.256770133972167969e-01 2.796814441680908203e-01 -1.663138866424560547e-01 -1.663138866424560547e-01 2.796814441680908203e-01 2.796814441680908203e-01 2.796814441680908203e-01 2.796814441680908203e-01 7.256770133972167969e-01 1.171672344207763672e+00 1.171672344207763672e+00 1.171672344207763672e+00 1.171672344207763672e+00 7.256770133972167969e-01 7.256770133972167969e-01 2.796814441680908203e-01 -1.663138866424560547e-01 -6.123092174530029297e-01
2.796814441680908203e-01 2.796814441680908203e-01 2.796814441680908203e-01 2.796814441680908203e-01 2.796814441680908203e-01 2.796814441680908203e-01 -1.663138866424560547e-01 -1.663138866424560547e-01 -1.663138866424560547e-01 -6.123092174530029297e-01 -6.123092174530029297e-01 -6.123092174530029297e-01 -6.123092174530029297e-01 -1.663138866424560547e-01 7.256770133972167969e-01 2.796814441680908203e-01 -1.663138866424560547e-01 -1.663138866424560547e-01 -1.663138866424560547e-01 -1.663138866424560547e-01 -1.663138866424560547e-01 -1.663138866424560547e-01 -1.663138866424560547e-01 -1.663138866424560547e-01 -1.663138866424560547e-01 -1.663138866424560547e-01 -1.663138866424560547e-01 -6.123092174530029297e-01 -6.123092174530029297e-01 -6.123092174530029297e-01 -1.663138866424560547e-01 -1.663138866424560547e-01 -6.123092174530029297e-01 2.796814441680908203e-01 -1.663138866424560547e-01 2.796814441680908203e-01 -6.123092174530029297e-01 -1.663138866424560547e-01 2.796814441680908203e-01 7.256770133972167969e-01 7.256770133972167969e-01 1.171672344207763672e+00 1.617667675018310547e+00 1.617667675018310547e+00 1.617667675018310547e+00 7.256770133972167969e-01 1.171672344207763672e+00 7.256770133972167969e-01 -1.663138866424560547e-01 -6.123092174530029297e-01 -6.123092174530029297e-01 -1.058304548263549805e+00 2.796814441680908203e-01 2.063663005828857422e+00 2.955653667449951172e+00 2.509658336639404297e+00 -6.123092174530029297e-01 -6.123092174530029297e-01 -1.663138866424560547e-01 7.256770133972167969e-01 7.256770133972167969e-01 2.796814441680908203e-01 7.256770133972167969e-01 1.617667675018310547e+00 -6.123092174530029297e-01 -1.058304548263549805e+00 -1.504299998283386230e+00 -1.058304548263549805e+00 7.256770133972167969e-01 2.955653667449951172e+00 3.401648998260498047e+00 2.063663005828857422e+00 -1.950295329093933105e+00 -2.396290779113769531e+00 -1.504299998283386230e+00 -1.058304548263549805e+00 -1.504299998283386230e+00 -1.504299998283386230e+00 -1.504299998283386230e+00 -6.123092174530029297e-01 -1.663138866424560547e-01 -6.123092174530029297e-01 -6.123092174530029297e-01 -1.058304548263549805e+00 -6.123092174530029297e-01 2.796814441680908203e-01 7.256770133972167969e-01 7.256770133972167969e-01 7.256770133972167969e-01 2.796814441680908203e-01 -1.663138866424560547e-01 -1.663138866424560547e-01 -6.123092174530029297e-01 -6.123092174530029297e-01 -6.123092174530029297e-01 -1.663138866424560547e-01 2.796814441680908203e-01 2.796814441680908203e-01 -1.663138866424560547e-01 -6.123092174530029297e-01 -1.663138866424560547e-01 -1.663138866424560547e-01 -1.663138866424560547e-01 -1.663138866424560547e-01 -1.663138866424560547e-01 -1.663138866424560547e-01 -1.663138866424560547e-01 2.796814441680908203e-01 -1.663138866424560547e-01 -1.663138866424560547e-01 -1.663138866424560547e-01 -1.663138866424560547e-01 2.796814441680908203e-01 2.796814441680908203e-01 -1.663138866424560547e-01 -1.663138866424560547e-01 -1.663138866424560547e-01 -1.663138866424560547e-01 -1.663138866424560547e-01 -1.663138866424560547e-01 -1.663138866424560547e-01 -1.663138866424560547e-01 -1.663138866424560547e-01 -1.663138866424560547e-01 -1.663138866424560547e-01 2.796814441680908203e-01 2.796814441680908203e-01 2.796814441680908203e-01
-1.663138866424560547e-01 -1.663138866424560547e-01 -1.663138866424560547e-01 2.796814441680908203e-01 2.796814441680908203e-01 2.796814441680908203e-01 2.796814441680908203e-01 7.256770133972167969e-01 7.256770133972167969e-01 7.256770133972167969e-01 2.796814441680908203e-01 2.796814441680908203e-01 -1.663138866424560547e-01 -6.123092174530029297e-01 -6.123092174530029297e-01 -1.058304548263549805e+00 -1.663138866424560547e-01 -1.663138866424560547e-01 2.796814441680908203e-01 1.171672344207763672e+00 1.171672344207763672e+00 7.256770133972167969e-01 7.256770133972167969e-01 1.171672344207763672e+00 1.171672344207763672e+00 1.617667675018310547e+00 1.617667675018310547e+00 1.171672344207763672e+00 7.256770133972167969e-01 7.256770133972167969e-01 2.796814441680908203e-01 -6.123092174530029297e-01 -1.663138866424560547e-01 -1.663138866424560547e-01 -1.663138866424560547e-01 -1.663138866424560547e-01 -1.663138866424560547e-01 -1.663138866424560547e-01 7.256770133972167969e-01 1.171672344207763672e+00 1.171672344207763672e+00 7.256770133972167969e-01 2.796814441680908203e-01 -1.663138866424560547e-01 -6.123092174530029297e-01 -6.123092174530029297e-01 -1.663138866424560547e-01 -6.123092174530029297e-01 -1.058304548263549805e+00 -1.663138866424560547e-01 -1.058304548263549805e+00 -1.504299998283386230e+00 -6.123092174530029297e-01 -1.663138866424560547e-01 2.796814441680908203e-01 2.796814441680908203e-01 -1.663138866424560547e-01 -1.058304548263549805e+00 -6.123092174530029297e-01 -6.123092174530029297e-01 -1.504299998283386230e+00 -1.950295329093933105e+00 -1.058304548263549805e+00 -6.123092174530029297e-01 -1.058304548263549805e+00 -6.123092174530029297e-01 -1.504299998283386230e+00 -1.504299998283386230e+00 -1.058304548263549805e+00 -1.504299998283386230e+00 -2.396290779113769531e+00 -1.504299998283386230e+00 -1.058304548263549805e+00 -6.123092174530029297e-01 -1.058304548263549805e+00 -1.504299998283386230e+00 -1.950295329093933105e+00 -1.950295329093933105e+00 -1.058304548263549805e+00 -1.663138866424560547e-01 -1.663138866424560547e-01 -1.663138866424560547e-01 -6.123092174530029297e-01 -1.058304548263549805e+00 -6.123092174530029297e-01 2.796814441680908203e-01 1.171672344207763672e+00 1.617667675018310547e+00 1.617667675018310547e+00 1.617667675018310547e+00 2.796814441680908203e-01 -6.123092174530029297e-01 -1.504299998283386230e+00 -6.123092174530029297e-01 2.796814441680908203e-01 -1.663138866424560547e-01 -1.663138866424560547e-01 7.256770133972167969e-01 1.171672344207763672e+00 1.171672344207763672e+00 7.256770133972167969e-01 1.171672344207763672e+00 1.171672344207763672e+00 1.617667675018310547e+00 7.256770133972167969e-01 2.796814441680908203e-01 2.796814441680908203e-01 2.796814441680908203e-01 2.796814441680908203e-01 7.256770133972167969e-01 2.796814441680908203e-01 -6.123092174530029297e-01 2.796814441680908203e-01 7.256770133972167969e-01 7.256770133972167969e-01 7.256770133972167969e-01 7.256770133972167969e-01 1.171672344207763672e+00 1.171672344207763672e+00 7.256770133972167969e-01 7.256770133972167969e-01 7.256770133972167969e-01 7.256770133972167969e-01 7.256770133972167969e-01 7.256770133972167969e-01 7.256770133972167969e-01 2.796814441680908203e-01 -1.663138866424560547e-01
-6.123092174530029297e-01 -6.123092174530029297e-01 -1.663138866424560547e-01 -1.663138866424560547e-01 2.796814441680908203e-01 2.796814441680908203e-01 -1.663138866424560547e-01 -1.663138866424560547e-01 2.796814441680908203e-01 2.796814441680908203e-01 2.796814441680908203e-01 -1.663138866424560547e-01 -6.123092174530029297e-01 -6.123092174530029297e-01 -6.123092174530029297e-01 -6.123092174530029297e-01 7.256770133972167969e-01 7.256770133972167969e-01 7.256770133972167969e-01 7.256770133972167969e-01 7.256770133972167969e-01 7.256770133972167969e-01 7.256770133972167969e-01 2.796814441680908203e-01 2.796814441680908203e-01 2.796814441680908203e-01 2.796814441680908203e-01 7.256770133972167969e-01 2.796814441680908203e-01 2.796814441680908203e-01 2.796814441680908203e-01 7.256770133972167969e-01 2.796814441680908203e-01 2.796814441680908203e-01 7.256770133972167969e-01 2.796814441680908203e-01 7.256770133972167969e-01 -1.663138866424560547e-01 -1.504299998283386230e+00 -2.396290779113769531e+00 -1.950295329093933105e+00 -1.504299998283386230e+00 -6.123092174530029297e-01 2.796814441680908203e-01 2.796814441680908203e-01 2.796814441680908203e-01 2.796814441680908203e-01 -1.663138866424560547e-01 2.796814441680908203e-01 1.171672344207763672e+00 1.617667675018310547e+00 1.171672344207763672e+00 -1.663138866424560547e-01 2.796814441680908203e-01 -1.663138866424560547e-01 -6.123092174530029297e-01 -6.123092174530029297e-01 2.796814441680908203e-01 -1.663138866424560547e-01 2.796814441680908203e-01 -1.663138866424560547e-01 2.796814441680908203e-01 2.796814441680908203e-01 -1.663138866424560547e-01 7.256770133972167969e-01 1.171672344207763672e+00 1.171672344207763672e+00 7.256770133972167969e-01 -1.504299998283386230e+00 -1.504299998283386230e+00 -1.663138866424560547e-01 -6.123092174530029297e-01 -1.058304548263549805e+00 -6.123092174530029297e-01 -6.123092174530029297e-01 2.796814441680908203e-01 7.256770133972167969e-01 2.796814441680908203e-01 -1.663138866424560547e-01 2.796814441680908203e-01 1.171672344207763672e+00 1.171672344207763672e+00 7.256770133972167969e-01 7.256770133972167969e-01 2.796814441680908203e-01 -6.123092174530029297e-01 -1.058304548263549805e+00 -1.950295329093933105e+00 -1.504299998283386230e+00 -6.123092174530029297e-01 -1.663138866424560547e-01 2.796814441680908203e-01 2.796814441680908203e-01 2.796814441680908203e-01 7.256770133972167969e-01 1.171672344207763672e+00 7.256770133972167969e-01 7.256770133972167969e-01 7.256770133972167969e-01 1.171672344207763672e+00 7.256770133972167969e-01 7.256770133972167969e-01 2.796814441680908203e-01 2.796814441680908203e-01 2.796814441680908203e-01 -1.663138866424560547e-01 2.796814441680908203e-01 2.796814441680908203e-01 -1.663138866424560547e-01 2.796814441680908203e-01 2.796814441680908203e-01 7.256770133972167969e-01 2.796814441680908203e-01 -1.663138866424560547e-01 -6.123092174530029297e-01 -1.663138866424560547e-01 -1.663138866424560547e-01 2.796814441680908203e-01 -1.663138866424560547e-01 2.796814441680908203e-01 2.796814441680908203e-01 -1.663138866424560547e-01 -6.123092174530029297e-01 -1.058304548263549805e+00 -6.123092174530029297e-01 -6.123092174530029297e-01 -6.123092174530029297e-01 2.796814441680908203e-01
-1.058304548263549805e+00 -6.123092174530029297e-01 -6.123092174530029297e-01 -1.663138866424560547e-01 2.796814441680908203e-01 7.256770133972167969e-01 7.256770133972167969e-01 7.256770133972167969e-01 2.796814441680908203e-01 2.796814441680908203e-01 -1.663138866424560547e-01 -1.663138866424560547e-01 -1.663138866424560547e-01 -1.663138866424560547e-01 -1.663138866424560547e-01 -1.663138866424560547e-01 2.796814441680908203e-01 7.256770133972167969e-01 7.256770133972167969e-01 1.171672344207763672e+00 1.171672344207763672e+00 1.171672344207763672e+00 1.171672344207763672e+00 1.171672344207763672e+00 7.256770133972167969e-01 7.256770133972167969e-01 7.256770133972167969e-01 2.796814441680908203e-01 2.796814441680908203e-01 2.796814441680908203e-01 -1.663138866424560547e-01 -1.663138866424560547e-01 -1.663138866424560547e-01 2.796814441680908203e-01 7.256770133972167969e-01 7.256770133972167969e-01 7.256770133972167969e-01 7.256770133972167969e-01 7.256770133972167969e-01 2.796814441680908203e-01 -1.663138866424560547e-01 -1.663138866424560547e-01 -6.123092174530029297e-01 -1.058304548263549805e+00 -1.058304548263549805e+00 -6.123092174530029297e-01 -1.663138866424560547e-01 -1.663138866424560547e-01 -1.663138866424560547e-01 7.256770133972167969e-01 1.171672344207763672e+00 1.171672344207763672e+00 1.171672344207763672e+00 1.171672344207763672e+00 7.256770133972167969e-01 7.256770133972167969e-01 1.617667675018310547e+00 1.617667675018310547e+00 2.796814441680908203e-01 -1.058304548263549805e+00 -1.058304548263549805e+00 -1.058304548263549805e+00 -6.123092174530029297e-01 -6.123092174530029297e-01 -1.663138866424560547e-01 1.171672344207763672e+00 1.171672344207763672e+00 1.617667675018310547e+00 1.171672344207763672e+00 7.256770133972167969e-01 7.256770133972167969e-01 1.171672344207763672e+00 1.617667675018310547e+00 1.617667675018310547e+00 2.796814441680908203e-01 -6.123092174530029297e-01 -1.058304548263549805e+00 -1.058304548263549805e+00 -6.123092174530029297e-01 -6.123092174530029297e-01 -1.663138866424560547e-01 2.796814441680908203e-01 7.256770133972167969e-01 1.171672344207763672e+00 1.171672344207763672e+00 7.256770133972167969e-01 2.796814441680908203e-01 2.796814441680908203e-01 2.796814441680908203e-01 -1.663138866424560547e-01 -1.663138866424560547e-01 -6.123092174530029297e-01 -6.123092174530029297e-01 -6.123092174530029297e-01 -6.123092174530029297e-01 -1.663138866424560547e-01 -6.123092174530029297e-01 -1.058304548263549805e+00 -1.504299998283386230e+00 -1.504299998283386230e+00 -1.504299998283386230e+00 -1.504299998283386230e+00 -6.123092174530029297e-01 -6.123092174530029297e-01 -1.663138866424560547e-01 -6.123092174530029297e-01 -6.123092174530029297e-01 -1.663138866424560547e-01 -6.123092174530029297e-01 -6.123092174530029297e-01 -1.663138866424560547e-01 -1.663138866424560547e-01 -6.123092174530029297e-01 -1.663138866424560547e-01 -6.123092174530029297e-01 -6.123092174530029297e-01 -1.058304548263549805e+00 -1.058304548263549805e+00 -1.058304548263549805e+00 -6.123092174530029297e-01 -6.123092174530029297e-01 -6.123092174530029297e-01 -1.663138866424560547e-01 -1.663138866424560547e-01 -1.663138866424560547e-01 -1.663138866424560547e-01 -6.123092174530029297e-01 -6.123092174530029297e-01
2.796814441680908203e-01 -1.663138866424560547e-01 2.796814441680908203e-01 2.796814441680908203e-01 2.796814441680908203e-01 2.796814441680908203e-01 2.796814441680908203e-01 7.256770133972167969e-01 7.256770133972167969e-01 7.256770133972167969e-01 7.256770133972167969e-01 2.796814441680908203e-01 2.796814441680908203e-01 2.796814441680908203e-01 -1.663138866424560547e-01 -1.663138866424560547e-01 -1.663138866424560547e-01 -1.663138866424560547e-01 2.796814441680908203e-01 2.796814441680908203e-01 2.796814441680908203e-01 2.796814441680908203e-01 7.256770133972167969e-01 1.171672344207763672e+00 7.256770133972167969e-01 7.256770133972167969e-01 7.256770133972167969e-01 1.171672344207763672e+00 7.256770133972167969e-01 2.796814441680908203e-01 -1.663138866424560547e-01 -1.663138866424560547e-01 -1.663138866424560547e-01 -1.663138866424560547e-01 -6.123092174530029297e-01 -6.123092174530029297e-01 -6.123092174530029297e-01 2.796814441680908203e-01 2.796814441680908203e-01 -6.123092174530029297e-01 -1.504299998283386230e+00 -1.950295329093933105e+00 -1.504299998283386230e+00 -1.058304548263549805e+00 -1.663138866424560547e-01 2.796814441680908203e-01 2.796814441680908203e-01 2.796814441680908203e-01 -1.663138866424560547e-01 -1.058304548263549805e+00 -1.950295329093933105e+00 -1.950295329093933105e+00 -1.950295329093933105e+00 -2.396290779113769531e+00 -2.396290779113769531e+00 -2.396290779113769531e+00 -1.950295329093933105e+00 -1.663138866424560547e-01 7.256770133972167969e-01 1.617667675018310547e+00 1.617667675018310547e+00 1.171672344207763672e+00 1.171672344207763672e+00 2.796814441680908203e-01 -1.663138866424560547e-01 -1.058304548263549805e+00 -1.504299998283386230e+00 -1.504299998283386230e+00 -6.123092174530029297e-01 1.171672344207763672e+00 1.617667675018310547e+00 -6.123092174530029297e-01 -1.950295329093933105e+00 -1.504299998283386230e+00 2.796814441680908203e-01 1.171672344207763672e+00 1.617667675018310547e+00 1.171672344207763672e+00 7.256770133972167969e-01 2.796814441680908203e-01 -1.663138866424560547e-01 -1.663138866424560547e-01 -6.123092174530029297e-01 -6.123092174530029297e-01 -6.123092174530029297e-01 2.796814441680908203e-01 7.256770133972167969e-01 2.796814441680908203e-01 -1.663138866424560547e-01 -1.058304548263549805e+00 -1.663138866424560547e-01 -1.663138866424560547e-01 2.796814441680908203e-01 2.796814441680908203e-01 2.796814441680908203e-01 2.796814441680908203e-01 2.796814441680908203e-01 7.256770133972167969e-01 2.796814441680908203e-01 2.796814441680908203e-01 2.796814441680908203e-01 7.256770133972167969e-01 1.171672344207763672e+00 7.256770133972167969e-01 7.256770133972167969e-01 2.796814441680908203e-01 7.256770133972167969e-01 7.256770133972167969e-01 2.796814441680908203e-01 -1.663138866424560547e-01 -6.123092174530029297e-01 -6.123092174530029297e-01 2.796814441680908203e-01 2.796814441680908203e-01 2.796814441680908203e-01 2.796814441680908203e-01 2.796814441680908203e-01 2.796814441680908203e-01 2.796814441680908203e-01 2.796814441680908203e-01 -1.663138866424560547e-01 -1.663138866424560547e-01 -1.663138866424560547e-01 2.796814441680908203e-01 2.796814441680908203e-01 2.796814441680908203e-01 2.796814441680908203e-01 -1.663138866424560547e-01
-1.058304548263549805e+00 -1.058304548263549805e+00 -6.123092174530029297e-01 -1.663138866424560547e-01 -1.663138866424560547e-01 2.796814441680908203e-01 -1.663138866424560547e-01 2.796814441680908203e-01 2.796814441680908203e-01 7.256770133972167969e-01 7.256770133972167969e-01 7.256770133972167969e-01 2.796814441680908203e-01 -1.663138866424560547e-01 -6.123092174530029297e-01 -6.123092174530029297e-01 -6.123092174530029297e-01 -1.663138866424560547e-01 -1.663138866424560547e-01 2.796814441680908203e-01 7.256770133972167969e-01 2.796814441680908203e-01 2.796814441680908203e-01 2.796814441680908203e-01 7.256770133972167969e-01 1.171672344207763672e+00 1.171672344207763672e+00 1.617667675018310547e+00 1.171672344207763672e+00 7.256770133972167969e-01 7.256770133972167969e-01 2.796814441680908203e-01 -1.663138866424560547e-01 -1.663138866424560547e-01 -1.663138866424560547e-01 -6.123092174530029297e-01 -6.123092174530029297e-01 -1.058304548263549805e+00 -1.058304548263549805e+00 -6.123092174530029297e-01 -1.663138866424560547e-01 2.796814441680908203e-01 7.256770133972167969e-01 7.256770133972167969e-01 1.171672344207763672e+00 1.171672344207763672e+00 7.256770133972167969e-01 7.256770133972167969e-01 -1.663138866424560547e-01 -1.663138866424560547e-01 -6.123092174530029297e-01 -6.123092174530029297e-01 -1.058304548263549805e+00 -6.123092174530029297e-01 -1.663138866424560547e-01 1.171672344207763672e+00 1.617667675018310547e+00 1.617667675018310547e+00 1.171672344207763672e+00 1.171672344207763672e+00 1.171672344207763672e+00 1.171672344207763672e+00 7.256770133972167969e-01 2.796814441680908203e-01 -1.663138866424560547e-01 -1.663138866424560547e-01 -6.123092174530029297e-01 -1.058304548263549805e+00 -1.504299998283386230e+00 -1.663138866424560547e-01 7.256770133972167969e-01 2.063663005828857422e+00 1.617667675018310547e+00 1.617667675018310547e+00 1.617667675018310547e+00 1.171672344207763672e+00 1.171672344207763672e+00 1.171672344207763672e+00 7.256770133972167969e-01 2.796814441680908203e-01 -1.663138866424560547e-01 -6.123092174530029297e-01 -1.058304548263549805e+00 -1.058304548263549805e+00 -1.058304548263549805e+00 -6.123092174530029297e-01 2.796814441680908203e-01 7.256770133972167969e-01 7.256770133972167969e-01 7.256770133972167969e-01 1.171672344207763672e+00 1.617667675018310547e+00 1.171672344207763672e+00 1.171672344207763672e+00 7.256770133972167969e-01 2.796814441680908203e-01 -1.058304548263549805e+00 -6.123092174530029297e-01 -6.123092174530029297e-01 -6.123092174530029297e-01 -1.058304548263549805e+00 -1.504299998283386230e+00 -1.504299998283386230e+00 -1.058304548263549805e+00 -1.058304548263549805e+00 -1.058304548263549805e+00 -1.058304548263549805e+00 -1.058304548263549805e+00 -1.058304548263549805e+00 -6.123092174530029297e-01 -6.123092174530029297e-01 -1.663138866424560547e-01 -6.123092174530029297e-01 -6.123092174530029297e-01 -6.123092174530029297e-01 -6.123092174530029297e-01 -6.123092174530029297e-01 -1.058304548263549805e+00 -6.123092174530029297e-01 -1.058304548263549805e+00 -1.058304548263549805e+00 -1.058304548263549805e+00 -1.058304548263549805e+00 -1.058304548263549805e+00 -6.123092174530029297e-01 -1.663138866424560547e-01 -1.663138866424560547e-01 -1.663138866424560547e-01
7.256770133972167969e-01 7.256770133972167969e-01 7.256770133972167969e-01 2.796814441680908203e-01 2.796814441680908203e-01 2.796814441680908203e-01 7.256770133972167969e-01 7.256770133972167969e-01 7.256770133972167969e-01 7.256770133972167969e-01 2.796814441680908203e-01 2.796814441680908203e-01 2.796814441680908203e-01 2.796814441680908203e-01 2.796814441680908203e-01 2.796814441680908203e-01 7.256770133972167969e-01 7.256770133972167969e-01 2.796814441680908203e-01 -1.663138866424560547e-01 -1.663138866424560547e-01 2.796814441680908203e-01 7.256770133972167969e-01 7.256770133972167969e-01 2.796814441680908203e-01 -1.663138866424560547e-01 2.796814441680908203e-01 2.796814441680908203e-01 2.796814441680908203e-01 2.796814441680908203e-01 2.796814441680908203e-01 2.796814441680908203e-01 2.796814441680908203e-01 2.796814441680908203e-01 -6.123092174530029297e-01 -1.504299998283386230e+00 -1.504299998283386230e+00 -1.504299998283386230e+00 -1.950295329093933105e+00 -2.396290779113769531e+00 -2.842286109924316406e+00 -2.396290779113769531e+00 -1.950295329093933105e+00 -1.950295329093933105e+00 -1.504299998283386230e+00 -1.058304548263549805e+00 -1.663138866424560547e-01 -1.663138866424560547e-01 7.256770133972167969e-01 -6.123092174530029297e-01 -6.123092174530029297e-01 -1.058304548263549805e+00 -6.123092174530029297e-01 -1.663138866424560547e-01 -6.123092174530029297e-01 -1.058304548263549805e+00 -1.504299998283386230e+00 -1.058304548263549805e+00 -6.123092174530029297e-01 -1.058304548263549805e+00 -1.058304548263549805e+00 -1.058304548263549805e+00 -1.058304548263549805e+00 -1.663138866424560547e-01 2.796814441680908203e-01 -1.058304548263549805e+00 -1.663138866424560547e-01 -6.123092174530029297e-01 2.796814441680908203e-01 7.256770133972167969e-01 1.617667675018310547e+00 -6.123092174530029297e-01 -6.123092174530029297e-01 1.171672344207763672e+00 1.617667675018310547e+00 2.796814441680908203e-01 -1.504299998283386230e+00 -1.504299998283386230e+00 -1.058304548263549805e+00 -6.123092174530029297e-01 -1.663138866424560547e-01 -1.663138866424560547e-01 2.796814441680908203e-01 2.796814441680908203e-01 -1.663138866424560547e-01 -1.663138866424560547e-01 7.256770133972167969e-01 1.171672344207763672e+00 1.171672344207763672e+00 1.617667675018310547e+00 7.256770133972167969e-01 2.796814441680908203e-01 -1.663138866424560547e-01 -6.123092174530029297e-01 -1.663138866424560547e-01 -1.663138866424560547e-01 -1.663138866424560547e-01 2.796814441680908203e-01 7.256770133972167969e-01 2.796814441680908203e-01 7.256770133972167969e-01 7.256770133972167969e-01 1.171672344207763672e+00 1.617667675018310547e+00 1.617667675018310547e+00 1.171672344207763672e+00 7.256770133972167969e-01 2.796814441680908203e-01 7.256770133972167969e-01 7.256770133972167969e-01 7.256770133972167969e-01 2.796814441680908203e-01 -1.663138866424560547e-01 -1.663138866424560547e-01 -1.663138866424560547e-01 -1.663138866424560547e-01 -1.663138866424560547e-01 2.796814441680908203e-01 2.796814441680908203e-01 7.256770133972167969e-01 2.796814441680908203e-01 2.796814441680908203e-01 2.796814441680908203e-01 2.796814441680908203e-01 2.796814441680908203e-01 2.796814441680908203e-01 2.796814441680908203e-01 2.796814441680908203e-01
2.796814441680908203e-01 7.256770133972167969e-01 2.796814441680908203e-01 2.796814441680908203e-01 2.796814441680908203e-01 2.796814441680908203e-01 2.796814441680908203e-01 2.796814441680908203e-01 7.256770133972167969e-01 2.796814441680908203e-01 2.796814441680908203e-01 2.796814441680908203e-01 2.796814441680908203e-01 2.796814441680908203e-01 -1.663138866424560547e-01 -1.663138866424560547e-01 2.796814441680908203e-01 2.796814441680908203e-01 2.796814441680908203e-01 2.796814441680908203e-01 7.256770133972167969e-01 7.256770133972167969e-01 7.256770133972167969e-01 7.256770133972167969e-01 1.171672344207763672e+00 1.171672344207763672e+00 7.256770133972167969e-01 2.796814441680908203e-01 7.256770133972167969e-01 7.256770133972167969e-01 2.796814441680908203e-01 -1.663138866424560547e-01 -1.663138866424560547e-01 -1.663138866424560547e-01 -1.663138866424560547e-01 -6.123092174530029297e-01 -6.123092174530029297e-01 -1.058304548263549805e+00 -1.058304548263549805e+00 -1.058304548263549805e+00 -1.663138866424560547e-01 1.171672344207763672e+00 2.796814441680908203e-01 -1.058304548263549805e+00 -6.123092174530029297e-01 -1.663138866424560547e-01 2.796814441680908203e-01 2.796814441680908203e-01 2.796814441680908203e-01 -1.058304548263549805e+00 -1.504299998283386230e+00 -6.123092174530029297e-01 -6.123092174530029297e-01 -1.058304548263549805e+00 -1.504299998283386230e+00 -1.950295329093933105e+00 -1.950295329093933105e+00 1.617667675018310547e+00 2.063663005828857422e+00 -6.123092174530029297e-01 -1.504299998283386230e+00 -1.058304548263549805e+00 -6.123092174530029297e-01 2.796814441680908203e-01 7.256770133972167969e-01 -1.663138866424560547e-01 -1.058304548263549805e+00 -1.058304548263549805e+00 -1.663138866424560547e-01 1.171672344207763672e+00 1.171672344207763672e+00 -1.058304548263549805e+00 -1.504299998283386230e+00 -1.504299998283386230e+00 -1.058304548263549805e+00 -1.058304548263549805e+00 -1.504299998283386230e+00 -1.504299998283386230e+00 -1.058304548263549805e+00 -6.123092174530029297e-01 1.171672344207763672e+00 2.796814441680908203e-01 -1.663138866424560547e-01 -6.123092174530029297e-01 -6.123092174530029297e-01 -1.663138866424560547e-01 2.796814441680908203e-01 -1.663138866424560547e-01 -1.504299998283386230e+00 -1.504299998283386230e+00 -1.504299998283386230e+00 -1.058304548263549805e+00 -6.123092174530029297e-01 -1.058304548263549805e+00 -1.058304548263549805e+00 -6.123092174530029297e-01 2.796814441680908203e-01 7.256770133972167969e-01 7.256770133972167969e-01 7.256770133972167969e-01 7.256770133972167969e-01 7.256770133972167969e-01 1.171672344207763672e+00 7.256770133972167969e-01 7.256770133972167969e-01 7.256770133972167969e-01 7.256770133972167969e-01 7.256770133972167969e-01 2.796814441680908203e-01 -1.663138866424560547e-01 -1.663138866424560547e-01 -1.663138866424560547e-01 2.796814441680908203e-01 2.796814441680908203e-01 2.796814441680908203e-01 2.796814441680908203e-01 7.256770133972167969e-01 2.796814441680908203e-01 7.256770133972167969e-01 7.256770133972167969e-01 7.256770133972167969e-01 7.256770133972167969e-01 1.171672344207763672e+00 7.256770133972167969e-01 7.256770133972167969e-01 7.256770133972167969e-01 7.256770133972167969e-01 7.256770133972167969e-01
2.796814441680908203e-01 2.796814441680908203e-01 2.796814441680908203e-01 -1.663138866424560547e-01 2.796814441680908203e-01 -1.663138866424560547e-01 -1.663138866424560547e-01 -6.123092174530029297e-01 -1.058304548263549805e+00 -6.123092174530029297e-01 -1.663138866424560547e-01 2.796814441680908203e-01 2.796814441680908203e-01 2.796814441680908203e-01 1.171672344207763672e+00 1.617667675018310547e+00 -1.663138866424560547e-01 -6.123092174530029297e-01 -1.058304548263549805e+00 -6.123092174530029297e-01 -6.123092174530029297e-01 -6.123092174530029297e-01 -6.123092174530029297e-01 -1.058304548263549805e+00 -6.123092174530029297e-01 -6.123092174530029297e-01 -6.123092174530029297e-01 -1.058304548263549805e+00 -1.058304548263549805e+00 -6.123092174530029297e-01 2.796814441680908203e-01 7.256770133972167969e-01 -6.123092174530029297e-01 -6.123092174530029297e-01 -1.663138866424560547e-01 -1.663138866424560547e-01 -1.663138866424560547e-01 -6.123092174530029297e-01 2.796814441680908203e-01 2.796814441680908203e-01 7.256770133972167969e-01 2.796814441680908203e-01 2.796814441680908203e-01 -6.123092174530029297e-01 -6.123092174530029297e-01 -1.058304548263549805e+00 -6.123092174530029297e-01 -1.663138866424560547e-01 -1.663138866424560547e-01 -1.663138866424560547e-01 -6.123092174530029297e-01 -6.123092174530029297e-01 -1.504299998283386230e+00 -6.123092174530029297e-01 -1.663138866424560547e-01 2.796814441680908203e-01 2.796814441680908203e-01 -6.123092174530029297e-01 -1.058304548263549805e+00 -1.504299998283386230e+00 -1.504299998283386230e+00 -1.504299998283386230e+00 -1.504299998283386230e+00 -1.058304548263549805e+00 -6.123092174530029297e-01 -1.663138866424560547e-01 -1.058304548263549805e+00 -1.504299998283386230e+00 -2.396290779113769531e+00 -1.950295329093933105e+00 -1.950295329093933105e+00 -1.504299998283386230e+00 -1.058304548263549805e+00 2.796814441680908203e-01 -1.663138866424560547e-01 -1.663138866424560547e-01 2.796814441680908203e-01 2.796814441680908203e-01 2.796814441680908203e-01 -1.663138866424560547e-01 -1.663138866424560547e-01 -6.123092174530029297e-01 -1.663138866424560547e-01 -6.123092174530029297e-01 -6.123092174530029297e-01 -6.123092174530029297e-01 2.796814441680908203e-01 7.256770133972167969e-01 1.617667675018310547e+00 1.617667675018310547e+00 1.617667675018310547e+00 1.171672344207763672e+00 1.617667675018310547e+00 1.617667675018310547e+00 1.171672344207763672e+00 -1.663138866424560547e-01 -1.663138866424560547e-01 2.796814441680908203e-01 7.256770133972167969e-01 1.171672344207763672e+00 1.171672344207763672e+00 7.256770133972167969e-01 7.256770133972167969e-01 7.256770133972167969e-01 1.171672344207763672e+00 1.617667675018310547e+00 1.617667675018310547e+00 1.617667675018310547e+00 2.063663005828857422e+00 1.617667675018310547e+00 1.171672344207763672e+00 7.256770133972167969e-01 -1.663138866424560547e-01 -1.663138866424560547e-01 -1.663138866424560547e-01 -1.663138866424560547e-01 -1.663138866424560547e-01 2.796814441680908203e-01 7.256770133972167969e-01 1.171672344207763672e+00 1.171672344207763672e+00 1.171672344207763672e+00 1.171672344207763672e+00 7.256770133972167969e-01 2.796814441680908203e-01 -1.663138866424560547e-01 -6.123092174530029297e-01 -1.058304548263549805e+00
7.256770133972167969e-01 2.796814441680908203e-01 2.796814441680908203e-01 -1.663138866424560547e-01 -1.663138866424560547e-01 -1.663138866424560547e-01 -1.663138866424560547e-01 -6.123092174530029297e-01 -6.123092174530029297e-01 -6.123092174530029297e-01 -6.123092174530029297e-01 -6.123092174530029297e-01 -6.123092174530029297e-01 2.796814441680908203e-01 2.796814441680908203e-01 2.796814441680908203e-01 7.256770133972167969e-01 2.796814441680908203e-01 -6.123092174530029297e-01 -1.663138866424560547e-01 -1.663138866424560547e-01 -1.663138866424560547e-01 -6.123092174530029297e-01 -6.123092174530029297e-01 -6.123092174530029297e-01 -1.663138866424560547e-01 -1.663138866424560547e-01 -1.663138866424560547e-01 -6.123092174530029297e-01 -6.123092174530029297e-01 2.796814441680908203e-01 2.796814441680908203e-01 -1.663138866424560547e-01 -1.663138866424560547e-01 2.796814441680908203e-01 -1.663138866424560547e-01 -1.663138866424560547e-01 2.796814441680908203e-01 7.256770133972167969e-01 7.256770133972167969e-01 2.796814441680908203e-01 -6.123092174530029297e-01 -1.663138866424560547e-01 -6.123092174530029297e-01 -1.663138866424560547e-01 -1.663138866424560547e-01 -1.663138866424560547e-01 -1.663138866424560547e-01 -1.058304548263549805e+00 -6.123092174530029297e-01 -1.663138866424560547e-01 -1.663138866424560547e-01 7.256770133972167969e-01 1.617667675018310547e+00 2.063663005828857422e+00 2.063663005828857422e+00 2.509658336639404297e+00 1.617667675018310547e+00 1.171672344207763672e+00 2.796814441680908203e-01 -6.123092174530029297e-01 -1.663138866424560547e-01 -6.123092174530029297e-01 -1.663138866424560547e-01 -6.123092174530029297e-01 -1.058304548263549805e+00 -6.123092174530029297e-01 -6.123092174530029297e-01 1.171672344207763672e+00 1.617667675018310547e+00 2.063663005828857422e+00 2.509658336639404297e+00 2.955653667449951172e+00 2.063663005828857422e+00 1.617667675018310547e+00 7.256770133972167969e-01 -6.123092174530029297e-01 -1.663138866424560547e-01 -6.123092174530029297e-01 -1.663138866424560547e-01 -1.663138866424560547e-01 -6.123092174530029297e-01 -6.123092174530029297e-01 -6.123092174530029297e-01 2.796814441680908203e-01 7.256770133972167969e-01 -1.663138866424560547e-01 -1.504299998283386230e+00 -1.504299998283386230e+00 -1.504299998283386230e+00 -1.058304548263549805e+00 -1.058304548263549805e+00 -1.663138866424560547e-01 -6.123092174530029297e-01 -1.663138866424560547e-01 2.796814441680908203e-01 1.171672344207763672e+00 2.796814441680908203e-01 -1.663138866424560547e-01 -1.663138866424560547e-01 -6.123092174530029297e-01 -1.663138866424560547e-01 -1.663138866424560547e-01 -6.123092174530029297e-01 -1.058304548263549805e+00 -1.058304548263549805e+00 -6.123092174530029297e-01 -6.123092174530029297e-01 -1.663138866424560547e-01 -1.663138866424560547e-01 -1.663138866424560547e-01 -1.663138866424560547e-01 2.796814441680908203e-01 2.796814441680908203e-01 7.256770133972167969e-01 7.256770133972167969e-01 2.796814441680908203e-01 -1.663138866424560547e-01 -1.663138866424560547e-01 -1.663138866424560547e-01 -1.663138866424560547e-01 -6.123092174530029297e-01 -1.058304548263549805e+00 -6.123092174530029297e-01 -6.123092174530029297e-01 -6.123092174530029297e-01 -1.663138866424560547e-01 2.796814441680908203e-01
2.796814441680908203e-01 2.796814441680908203e-01 -1.663138866424560547e-01 -1.663138866424560547e-01 -6.123092174530029297e-01 -6.123092174530029297e-01 -1.058304548263549805e+00 -1.058304548263549805e+00 -6.123092174530029297e-01 -6.123092174530029297e-01 -1.663138866424560547e-01 2.796814441680908203e-01 2.796814441680908203e-01 7.256770133972167969e-01 7.256770133972167969e-01 7.256770133972167969e-01 2.796814441680908203e-01 -1.663138866424560547e-01 -1.663138866424560547e-01 -6.123092174530029297e-01 -6.123092174530029297e-01 -6.123092174530029297e-01 -1.663138866424560547e-01 -6.123092174530029297e-01 -6.123092174530029297e-01 -1.058304548263549805e+00 -1.058304548263549805e+00 -1.058304548263549805e+00 -1.058304548263549805e+00 -1.663138866424560547e-01 2.796814441680908203e-01 7.256770133972167969e-01 2.796814441680908203e-01 -1.663138866424560547e-01 -1.663138866424560547e-01 -1.663138866424560547e-01 2.796814441680908203e-01 7.256770133972167969e-01 1.171672344207763672e+00 1.617667675018310547e+00 1.171672344207763672e+00 7.256770133972167969e-01 7.256770133972167969e-01 2.796814441680908203e-01 -1.663138866424560547e-01 -6.123092174530029297e-01 -1.058304548263549805e+00 -6.123092174530029297e-01 2.796814441680908203e-01 -6.123092174530029297e-01 -1.504299998283386230e+00 -1.058304548263549805e+00 -1.663138866424560547e-01 2.796814441680908203e-01 -1.663138866424560547e-01 2.796814441680908203e-01 7.256770133972167969e-01 -1.663138866424560547e-01 -6.123092174530029297e-01 -6.123092174530029297e-01 -6.123092174530029297e-01 -1.058304548263549805e+00 -1.058304548263549805e+00 -6.123092174530029297e-01 2.796814441680908203e-01 -6.123092174530029297e-01 -1.504299998283386230e+00 -1.058304548263549805e+00 -6.123092174530029297e-01 -1.058304548263549805e+00 -1.950295329093933105e+00 -1.950295329093933105e+00 -1.504299998283386230e+00 -1.950295329093933105e+00 -1.058304548263549805e+00 7.256770133972167969e-01 1.617667675018310547e+00 1.617667675018310547e+00 1.617667675018310547e+00 1.171672344207763672e+00 7.256770133972167969e-01 7.256770133972167969e-01 -1.663138866424560547e-01 -6.123092174530029297e-01 -1.663138866424560547e-01 2.796814441680908203e-01 -1.663138866424560547e-01 -1.058304548263549805e+00 -2.396290779113769531e+00 -2.396290779113769531e+00 -1.058304548263549805e+00 -1.663138866424560547e-01 2.796814441680908203e-01 2.796814441680908203e-01 7.256770133972167969e-01 1.171672344207763672e+00 7.256770133972167969e-01 7.256770133972167969e-01 1.171672344207763672e+00 1.171672344207763672e+00 1.171672344207763672e+00 1.171672344207763672e+00 7.256770133972167969e-01 7.256770133972167969e-01 7.256770133972167969e-01 2.796814441680908203e-01 7.256770133972167969e-01 2.796814441680908203e-01 -1.663138866424560547e-01 -6.123092174530029297e-01 -6.123092174530029297e-01 -1.663138866424560547e-01 7.256770133972167969e-01 7.256770133972167969e-01 1.171672344207763672e+00 1.171672344207763672e+00 1.171672344207763672e+00 7.256770133972167969e-01 7.256770133972167969e-01 2.796814441680908203e-01 7.256770133972167969e-01 7.256770133972167969e-01 7.256770133972167969e-01 7.256770133972167969e-01 2.796814441680908203e-01 2.796814441680908203e-01 2.796814441680908203e-01 2.796814441680908203e-01
2.796814441680908203e-01 2.796814441680908203e-01 7.256770133972167969e-01 2.796814441680908203e-01 2.796814441680908203e-01 2.796814441680908203e-01 -1.663138866424560547e-01 -6.123092174530029297e-01 -1.663138866424560547e-01 -1.663138866424560547e-01 -1.663138866424560547e-01 -1.663138866424560547e-01 -1.663138866424560547e-01 2.796814441680908203e-01 -1.663138866424560547e-01 -1.663138866424560547e-01 2.796814441680908203e-01 -1.663138866424560547e-01 -6.123092174530029297e-01 -6.123092174530029297e-01 -6.123092174530029297e-01 -1.663138866424560547e-01 -1.663138866424560547e-01 -1.663138866424560547e-01 -1.663138866424560547e-01 -6.123092174530029297e-01 -6.123092174530029297e-01 -6.123092174530029297e-01 -1.663138866424560547e-01 -1.663138866424560547e-01 -1.663138866424560547e-01 2.796814441680908203e-01 -1.058304548263549805e+00 -1.058304548263549805e+00 -6.123092174530029297e-01 -1.663138866424560547e-01 2.796814441680908203e-01 2.796814441680908203e-01 7.256770133972167969e-01 1.171672344207763672e+00 1.171672344207763672e+00 1.617667675018310547e+00 1.617667675018310547e+00 1.617667675018310547e+00 1.617667675018310547e+00 2.796814441680908203e-01 2.796814441680908203e-01 2.796814441680908203e-01 -6.123092174530029297e-01 -1.663138866424560547e-01 -6.123092174530029297e-01 -1.504299998283386230e+00 -6.123092174530029297e-01 -1.058304548263549805e+00 -6.123092174530029297e-01 -1.058304548263549805e+00 -1.058304548263549805e+00 -1.663138866424560547e-01 7.256770133972167969e-01 1.171672344207763672e+00 1.617667675018310547e+00 1.617667675018310547e+00 1.171672344207763672e+00 1.171672344207763672e+00 1.171672344207763672e+00 2.063663005828857422e+00 2.063663005828857422e+00 1.617667675018310547e+00 2.796814441680908203e-01 -6.123092174530029297e-01 -1.504299998283386230e+00 -1.504299998283386230e+00 -1.058304548263549805e+00 -1.058304548263549805e+00 -1.058304548263549805e+00 -1.058304548263549805e+00 -6.123092174530029297e-01 -1.663138866424560547e-01 -1.663138866424560547e-01 -1.663138866424560547e-01 2.796814441680908203e-01 7.256770133972167969e-01 1.171672344207763672e+00 2.063663005828857422e+00 2.509658336639404297e+00 2.063663005828857422e+00 1.617667675018310547e+00 7.256770133972167969e-01 2.796814441680908203e-01 2.796814441680908203e-01 -1.663138866424560547e-01 -1.663138866424560547e-01 -1.663138866424560547e-01 -6.123092174530029297e-01 -6.123092174530029297e-01 -6.123092174530029297e-01 -1.663138866424560547e-01 -6.123092174530029297e-01 -1.058304548263549805e+00 -1.058304548263549805e+00 -1.058304548263549805e+00 -1.058304548263549805e+00 -1.058304548263549805e+00 -6.123092174530029297e-01 -1.663138866424560547e-01 -6.123092174530029297e-01 -6.123092174530029297e-01 -6.123092174530029297e-01 -6.123092174530029297e-01 -6.123092174530029297e-01 -1.663138866424560547e-01 -1.663138866424560547e-01 2.796814441680908203e-01 -1.663138866424560547e-01 -1.663138866424560547e-01 2.796814441680908203e-01 -1.663138866424560547e-01 -6.123092174530029297e-01 -6.123092174530029297e-01 -6.123092174530029297e-01 -6.123092174530029297e-01 -1.663138866424560547e-01 -1.663138866424560547e-01 -1.663138866424560547e-01 2.796814441680908203e-01 2.796814441680908203e-01 2.796814441680908203e-01 2.796814441680908203e-01
-1.663138866424560547e-01 -1.663138866424560547e-01 -1.663138866424560547e-01 -6.123092174530029297e-01 -6.123092174530029297e-01 -1.663138866424560547e-01 -1.663138866424560547e-01 -1.663138866424560547e-01 -1.663138866424560547e-01 -1.663138866424560547e-01 -1.663138866424560547e-01 -1.663138866424560547e-01 -6.123092174530029297e-01 -6.123092174530029297e-01 -1.058304548263549805e+00 -1.058304548263549805e+00 -1.663138866424560547e-01 -6.123092174530029297e-01 -6.123092174530029297e-01 -6.123092174530029297e-01 -6.123092174530029297e-01 -6.123092174530029297e-01 -1.058304548263549805e+00 -1.504299998283386230e+00 -1.504299998283386230e+00 -1.058304548263549805e+00 -6.123092174530029297e-01 -6.123092174530029297e-01 -6.123092174530029297e-01 -1.058304548263549805e+00 -1.058304548263549805e+00 -1.058304548263549805e+00 7.256770133972167969e-01 1.171672344207763672e+00 1.617667675018310547e+00 2.063663005828857422e+00 2.063663005828857422e+00 1.171672344207763672e+00 -6.123092174530029297e-01 -1.504299998283386230e+00 -1.504299998283386230e+00 -1.663138866424560547e-01 2.796814441680908203e-01 7.256770133972167969e-01 7.256770133972167969e-01 2.796814441680908203e-01 2.796814441680908203e-01 2.796814441680908203e-01 -6.123092174530029297e-01 2.796814441680908203e-01 7.256770133972167969e-01 1.617667675018310547e+00 2.509658336639404297e+00 7.256770133972167969e-01 -1.504299998283386230e+00 -1.950295329093933105e+00 -1.058304548263549805e+00 2.796814441680908203e-01 1.617667675018310547e+00 1.617667675018310547e+00 1.171672344207763672e+00 7.256770133972167969e-01 -1.663138866424560547e-01 -6.123092174530029297e-01 -6.123092174530029297e-01 -1.663138866424560547e-01 7.256770133972167969e-01 1.171672344207763672e+00 1.171672344207763672e+00 2.796814441680908203e-01 -6.123092174530029297e-01 -6.123092174530029297e-01 -1.663138866424560547e-01 2.796814441680908203e-01 1.171672344207763672e+00 7.256770133972167969e-01 7.256770133972167969e-01 2.796814441680908203e-01 -1.663138866424560547e-01 -6.123092174530029297e-01 2.796814441680908203e-01 7.256770133972167969e-01 1.171672344207763672e+00 7.256770133972167969e-01 7.256770133972167969e-01 -1.663138866424560547e-01 -6.123092174530029297e-01 -1.058304548263549805e+00 -1.058304548263549805e+00 -6.123092174530029297e-01 -1.663138866424560547e-01 2.796814441680908203e-01 -1.663138866424560547e-01 2.796814441680908203e-01 2.796814441680908203e-01 -1.663138866424560547e-01 2.796814441680908203e-01 7.256770133972167969e-01 7.256770133972167969e-01 1.171672344207763672e+00 1.171672344207763672e+00 7.256770133972167969e-01 7.256770133972167969e-01 7.256770133972167969e-01 2.796814441680908203e-01 2.796814441680908203e-01 2.796814441680908203e-01 7.256770133972167969e-01 7.256770133972167969e-01 2.796814441680908203e-01 2.796814441680908203e-01 2.796814441680908203e-01 -6.123092174530029297e-01 -1.663138866424560547e-01 2.796814441680908203e-01 2.796814441680908203e-01 7.256770133972167969e-01 7.256770133972167969e-01 1.171672344207763672e+00 7.256770133972167969e-01 2.796814441680908203e-01 2.796814441680908203e-01 2.796814441680908203e-01 2.796814441680908203e-01 -1.663138866424560547e-01 -1.663138866424560547e-01 -6.123092174530029297e-01 -6.123092174530029297e-01
-6.123092174530029297e-01 -1.663138866424560547e-01 -1.663138866424560547e-01 -1.663138866424560547e-01 2.796814441680908203e-01 2.796814441680908203e-01 7.256770133972167969e-01 1.617667675018310547e+00 1.171672344207763672e+00 7.256770133972167969e-01 7.256770133972167969e-01 2.796814441680908203e-01 2.796814441680908203e-01 2.796814441680908203e-01 -1.663138866424560547e-01 -1.663138866424560547e-01 -6.123092174530029297e-01 2.796814441680908203e-01 1.171672344207763672e+00 1.171672344207763672e+00 1.171672344207763672e+00 1.171672344207763672e+00 1.171672344207763672e+00 2.063663005828857422e+00 2.063663005828857422e+00 1.617667675018310547e+00 1.171672344207763672e+00 1.171672344207763672e+00 1.171672344207763672e+00 1.171672344207763672e+00 7.256770133972167969e-01 -1.663138866424560547e-01 -6.123092174530029297e-01 -1.663138866424560547e-01 -6.123092174530029297e-01 -1.058304548263549805e+00 -6.123092174530029297e-01 -1.058304548263549805e+00 -1.663138866424560547e-01 2.796814441680908203e-01 -1.663138866424560547e-01 -1.663138866424560547e-01 -1.058304548263549805e+00 -1.504299998283386230e+00 -1.058304548263549805e+00 -6.123092174530029297e-01 -1.663138866424560547e-01 -1.663138866424560547e-01 -6.123092174530029297e-01 -1.058304548263549805e+00 -1.504299998283386230e+00 -1.058304548263549805e+00 -6.123092174530029297e-01 7.256770133972167969e-01 1.617667675018310547e+00 1.617667675018310547e+00 1.617667675018310547e+00 1.171672344207763672e+00 2.796814441680908203e-01 -1.058304548263549805e+00 -1.504299998283386230e+00 -1.058304548263549805e+00 -1.058304548263549805e+00 -1.663138866424560547e-01 -6.123092174530029297e-01 -1.504299998283386230e+00 -1.504299998283386230e+00 -1.058304548263549805e+00 -6.123092174530029297e-01 1.171672344207763672e+00 2.063663005828857422e+00 2.063663005828857422e+00 2.509658336639404297e+00 1.171672344207763672e+00 7.256770133972167969e-01 -6.123092174530029297e-01 -6.123092174530029297e-01 -6.123092174530029297e-01 -1.058304548263549805e+00 -1.663138866424560547e-01 -1.663138866424560547e-01 -6.123092174530029297e-01 -1.663138866424560547e-01 -6.123092174530029297e-01 -1.663138866424560547e-01 2.796814441680908203e-01 7.256770133972167969e-01 1.171672344207763672e+00 1.171672344207763672e+00 2.796814441680908203e-01 -1.663138866424560547e-01 -1.663138866424560547e-01 -1.663138866424560547e-01 -6.123092174530029297e-01 -6.123092174530029297e-01 -1.663138866424560547e-01 -1.663138866424560547e-01 -1.663138866424560547e-01 -6.123092174530029297e-01 -6.123092174530029297e-01 -6.123092174530029297e-01 -6.123092174530029297e-01 -6.123092174530029297e-01 -6.123092174530029297e-01 -6.123092174530029297e-01 -6.123092174530029297e-01 -6.123092174530029297e-01 -6.123092174530029297e-01 -1.663138866424560547e-01 2.796814441680908203e-01 7.256770133972167969e-01 7.256770133972167969e-01 2.796814441680908203e-01 2.796814441680908203e-01 -1.663138866424560547e-01 -1.663138866424560547e-01 -6.123092174530029297e-01 -6.123092174530029297e-01 -1.058304548263549805e+00 -1.058304548263549805e+00 -1.058304548263549805e+00 -6.123092174530029297e-01 -1.663138866424560547e-01 2.796814441680908203e-01 7.256770133972167969e-01 2.796814441680908203e-01 2.796814441680908203e-01 2.796814441680908203e-01
-1.663138866424560547e-01 -1.663138866424560547e-01 -1.663138866424560547e-01 -1.663138866424560547e-01 -1.663138866424560547e-01 -1.663138866424560547e-01 2.796814441680908203e-01 7.256770133972167969e-01 2.796814441680908203e-01 2.796814441680908203e-01 2.796814441680908203e-01 2.796814441680908203e-01 2.796814441680908203e-01 2.796814441680908203e-01 -1.663138866424560547e-01 -1.663138866424560547e-01 -1.663138866424560547e-01 -1.663138866424560547e-01 2.796814441680908203e-01 2.796814441680908203e-01 2.796814441680908203e-01 2.796814441680908203e-01 7.256770133972167969e-01 1.171672344207763672e+00 7.256770133972167969e-01 7.256770133972167969e-01 7.256770133972167969e-01 7.256770133972167969e-01 7.256770133972167969e-01 2.796814441680908203e-01 -1.663138866424560547e-01 -6.123092174530029297e-01 -1.663138866424560547e-01 -1.663138866424560547e-01 -1.663138866424560547e-01 -6.123092174530029297e-01 -6.123092174530029297e-01 -6.123092174530029297e-01 -6.123092174530029297e-01 -1.663138866424560547e-01 -1.663138866424560547e-01 -6.123092174530029297e-01 -1.058304548263549805e+00 -6.123092174530029297e-01 -6.123092174530029297e-01 -6.123092174530029297e-01 -6.123092174530029297e-01 -6.123092174530029297e-01 2.796814441680908203e-01 2.796814441680908203e-01 2.796814441680908203e-01 -6.123092174530029297e-01 -1.504299998283386230e+00 -1.504299998283386230e+00 -6.123092174530029297e-01 1.617667675018310547e+00 1.617667675018310547e+00 -6.123092174530029297e-01 -1.504299998283386230e+00 -1.504299998283386230e+00 -6.123092174530029297e-01 -6.123092174530029297e-01 -1.663138866424560547e-01 2.796814441680908203e-01 2.796814441680908203e-01 7.256770133972167969e-01 7.256770133972167969e-01 2.796814441680908203e-01 -6.123092174530029297e-01 -2.396290779113769531e+00 -1.950295329093933105e+00 -1.058304548263549805e+00 -1.504299998283386230e+00 -1.950295329093933105e+00 -1.504299998283386230e+00 -1.058304548263549805e+00 -1.663138866424560547e-01 2.796814441680908203e-01 7.256770133972167969e-01 7.256770133972167969e-01 1.171672344207763672e+00 1.171672344207763672e+00 7.256770133972167969e-01 2.796814441680908203e-01 -6.123092174530029297e-01 -1.504299998283386230e+00 -2.396290779113769531e+00 -2.842286109924316406e+00 -1.950295329093933105e+00 -1.504299998283386230e+00 -1.058304548263549805e+00 -6.123092174530029297e-01 -1.663138866424560547e-01 7.256770133972167969e-01 7.256770133972167969e-01 7.256770133972167969e-01 1.171672344207763672e+00 7.256770133972167969e-01 7.256770133972167969e-01 7.256770133972167969e-01 2.796814441680908203e-01 2.796814441680908203e-01 2.796814441680908203e-01 2.796814441680908203e-01 2.796814441680908203e-01 2.796814441680908203e-01 2.796814441680908203e-01 2.796814441680908203e-01 2.796814441680908203e-01 7.256770133972167969e-01 7.256770133972167969e-01 7.256770133972167969e-01 7.256770133972167969e-01 7.256770133972167969e-01 7.256770133972167969e-01 1.171672344207763672e+00 1.171672344207763672e+00 1.171672344207763672e+00 7.256770133972167969e-01 7.256770133972167969e-01 7.256770133972167969e-01 7.256770133972167969e-01 2.796814441680908203e-01 2.796814441680908203e-01 2.796814441680908203e-01 2.796814441680908203e-01 2.796814441680908203e-01 2.796814441680908203e-01
-1.663138866424560547e-01 -6.123092174530029297e-01 -1.663138866424560547e-01 -1.663138866424560547e-01 -1.663138866424560547e-01 2.796814441680908203e-01 2.796814441680908203e-01 2.796814441680908203e-01 2.796814441680908203e-01 2.796814441680908203e-01 2.796814441680908203e-01 -1.663138866424560547e-01 -1.663138866424560547e-01 -1.663138866424560547e-01 -1.663138866424560547e-01 2.796814441680908203e-01 -6.123092174530029297e-01 -1.663138866424560547e-01 2.796814441680908203e-01 7.256770133972167969e-01 7.256770133972167969e-01 2.796814441680908203e-01 7.256770133972167969e-01 1.171672344207763672e+00 1.617667675018310547e+00 1.171672344207763672e+00 7.256770133972167969e-01 7.256770133972167969e-01 7.256770133972167969e-01 7.256770133972167969e-01 2.796814441680908203e-01 -1.663138866424560547e-01 -1.663138866424560547e-01 -1.663138866424560547e-01 -1.663138866424560547e-01 -1.663138866424560547e-01 -1.663138866424560547e-01 -1.663138866424560547e-01 2.796814441680908203e-01 7.256770133972167969e-01 7.256770133972167969e-01 7.256770133972167969e-01 -1.663138866424560547e-01 -6.123092174530029297e-01 -6.123092174530029297e-01 -6.123092174530029297e-01 -1.663138866424560547e-01 -6.123092174530029297e-01 -1.663138866424560547e-01 -6.123092174530029297e-01 -6.123092174530029297e-01 -6.123092174530029297e-01 -6.123092174530029297e-01 7.256770133972167969e-01 2.063663005828857422e+00 2.063663005828857422e+00 2.063663005828857422e+00 1.617667675018310547e+00 2.796814441680908203e-01 -1.504299998283386230e+00 -1.504299998283386230e+00 -1.058304548263549805e+00 -1.663138866424560547e-01 -1.663138866424560547e-01 7.256770133972167969e-01 -1.663138866424560547e-01 -6.123092174530029297e-01 -6.123092174530029297e-01 -6.123092174530029297e-01 7.256770133972167969e-01 7.256770133972167969e-01 -1.663138866424560547e-01 1.171672344207763672e+00 1.617667675018310547e+00 2.796814441680908203e-01 -1.058304548263549805e+00 -1.058304548263549805e+00 -6.123092174530029297e-01 2.796814441680908203e-01 -1.663138866424560547e-01 2.796814441680908203e-01 -1.663138866424560547e-01 -6.123092174530029297e-01 -1.504299998283386230e+00 -2.396290779113769531e+00 -2.842286109924316406e+00 -2.842286109924316406e+00 -3.288281440734863281e+00 -3.288281440734863281e+00 -2.396290779113769531e+00 -1.950295329093933105e+00 -1.058304548263549805e+00 -6.123092174530029297e-01 -1.663138866424560547e-01 -1.663138866424560547e-01 2.796814441680908203e-01 -1.663138866424560547e-01 2.796814441680908203e-01 2.796814441680908203e-01 2.796814441680908203e-01 7.256770133972167969e-01 2.796814441680908203e-01 2.796814441680908203e-01 -1.663138866424560547e-01 -1.663138866424560547e-01 -1.663138866424560547e-01 -1.663138866424560547e-01 -1.663138866424560547e-01 2.796814441680908203e-01 -1.663138866424560547e-01 -1.663138866424560547e-01 7.256770133972167969e-01 2.796814441680908203e-01 2.796814441680908203e-01 7.256770133972167969e-01 2.796814441680908203e-01 2.796814441680908203e-01 2.796814441680908203e-01 7.256770133972167969e-01 2.796814441680908203e-01 2.796814441680908203e-01 2.796814441680908203e-01 2.796814441680908203e-01 2.796814441680908203e-01 2.796814441680908203e-01 2.796814441680908203e-01 7.256770133972167969e-01 1.171672344207763672e+00
2.796814441680908203e-01 2.796814441680908203e-01 -1.663138866424560547e-01 -1.663138866424560547e-01 -1.663138866424560547e-01 2.796814441680908203e-01 -1.663138866424560547e-01 2.796814441680908203e-01 2.796814441680908203e-01 2.796814441680908203e-01 7.256770133972167969e-01 2.796814441680908203e-01 2.796814441680908203e-01 2.796814441680908203e-01 2.796814441680908203e-01 7.256770133972167969e-01 -6.123092174530029297e-01 -1.663138866424560547e-01 2.796814441680908203e-01 2.796814441680908203e-01 1.171672344207763672e+00 1.171672344207763672e+00 1.171672344207763672e+00 7.256770133972167969e-01 7.256770133972167969e-01 7.256770133972167969e-01 7.256770133972167969e-01 7.256770133972167969e-01 2.796814441680908203e-01 -1.663138866424560547e-01 -1.663138866424560547e-01 -1.663138866424560547e-01 2.796814441680908203e-01 2.796814441680908203e-01 -1.663138866424560547e-01 -1.663138866424560547e-01 -6.123092174530029297e-01 -1.058304548263549805e+00 -1.950295329093933105e+00 -2.396290779113769531e+00 -1.950295329093933105e+00 -1.950295329093933105e+00 -1.058304548263549805e+00 -1.058304548263549805e+00 -6.123092174530029297e-01 -1.663138866424560547e-01 -1.663138866424560547e-01 2.796814441680908203e-01 1.171672344207763672e+00 1.171672344207763672e+00 1.617667675018310547e+00 2.063663005828857422e+00 2.063663005828857422e+00 2.796814441680908203e-01 -1.504299998283386230e+00 -1.058304548263549805e+00 -1.058304548263549805e+00 -1.058304548263549805e+00 2.796814441680908203e-01 1.171672344207763672e+00 1.171672344207763672e+00 1.171672344207763672e+00 1.171672344207763672e+00 1.171672344207763672e+00 1.171672344207763672e+00 1.171672344207763672e+00 1.617667675018310547e+00 1.617667675018310547e+00 1.617667675018310547e+00 2.796814441680908203e-01 -1.504299998283386230e+00 -1.058304548263549805e+00 -1.504299998283386230e+00 -6.123092174530029297e-01 1.171672344207763672e+00 1.617667675018310547e+00 1.617667675018310547e+00 1.617667675018310547e+00 1.171672344207763672e+00 1.171672344207763672e+00 2.796814441680908203e-01 -1.663138866424560547e-01 -6.123092174530029297e-01 -1.058304548263549805e+00 -1.058304548263549805e+00 -1.950295329093933105e+00 -2.396290779113769531e+00 -2.396290779113769531e+00 -2.396290779113769531e+00 -1.950295329093933105e+00 -1.504299998283386230e+00 -1.058304548263549805e+00 -6.123092174530029297e-01 -1.663138866424560547e-01 2.796814441680908203e-01 7.256770133972167969e-01 -6.123092174530029297e-01 -6.123092174530029297e-01 -1.663138866424560547e-01 -1.663138866424560547e-01 2.796814441680908203e-01 2.796814441680908203e-01 2.796814441680908203e-01 2.796814441680908203e-01 2.796814441680908203e-01 -1.663138866424560547e-01 -1.663138866424560547e-01 -1.663138866424560547e-01 -6.123092174530029297e-01 -6.123092174530029297e-01 -1.058304548263549805e+00 -6.123092174530029297e-01 -6.123092174530029297e-01 -1.663138866424560547e-01 -1.663138866424560547e-01 -1.663138866424560547e-01 -1.663138866424560547e-01 2.796814441680908203e-01 -1.663138866424560547e-01 -1.663138866424560547e-01 -1.663138866424560547e-01 -1.663138866424560547e-01 -1.663138866424560547e-01 -1.663138866424560547e-01 -1.663138866424560547e-01 -1.663138866424560547e-01 2.796814441680908203e-01 2.796814441680908203e-01
-1.663138866424560547e-01 -1.663138866424560547e-01 2.796814441680908203e-01 2.796814441680908203e-01 2.796814441680908203e-01 2.796814441680908203e-01 7.256770133972167969e-01 7.256770133972167969e-01 7.256770133972167969e-01 2.796814441680908203e-01 2.796814441680908203e-01 2.796814441680908203e-01 2.796814441680908203e-01 -1.663138866424560547e-01 -1.663138866424560547e-01 -1.663138866424560547e-01 -1.663138866424560547e-01 -1.663138866424560547e-01 -1.663138866424560547e-01 2.796814441680908203e-01 2.796814441680908203e-01 2.796814441680908203e-01 7.256770133972167969e-01 2.796814441680908203e-01 2.796814441680908203e-01 2.796814441680908203e-01 2.796814441680908203e-01 2.796814441680908203e-01 2.796814441680908203e-01 -1.663138866424560547e-01 -6.123092174530029297e-01 -6.123092174530029297e-01 -1.663138866424560547e-01 -6.123092174530029297e-01 -6.123092174530029297e-01 -6.123092174530029297e-01 -1.504299998283386230e+00 -1.504299998283386230e+00 -1.504299998283386230e+00 -1.504299998283386230e+00 -1.950295329093933105e+00 -2.396290779113769531e+00 -1.950295329093933105e+00 -1.058304548263549805e+00 -6.123092174530029297e-01 -1.663138866424560547e-01 -1.663138866424560547e-01 2.796814441680908203e-01 -1.663138866424560547e-01 2.796814441680908203e-01 7.256770133972167969e-01 -1.663138866424560547e-01 -1.058304548263549805e+00 -1.950295329093933105e+00 -2.396290779113769531e+00 -1.950295329093933105e+00 -1.950295329093933105e+00 -1.058304548263549805e+00 -1.058304548263549805e+00 -1.663138866424560547e-01 2.796814441680908203e-01 2.796814441680908203e-01 2.796814441680908203e-01 -1.663138866424560547e-01 -1.663138866424560547e-01 7.256770133972167969e-01 1.617667675018310547e+00 1.617667675018310547e+00 1.171672344207763672e+00 -6.123092174530029297e-01 -1.950295329093933105e+00 -6.123092174530029297e-01 2.796814441680908203e-01 7.256770133972167969e-01 7.256770133972167969e-01 1.171672344207763672e+00 7.256770133972167969e-01 7.256770133972167969e-01 2.796814441680908203e-01 -1.663138866424560547e-01 7.256770133972167969e-01 1.171672344207763672e+00 1.171672344207763672e+00 1.171672344207763672e+00 7.256770133972167969e-01 2.796814441680908203e-01 -1.663138866424560547e-01 -1.663138866424560547e-01 2.796814441680908203e-01 2.796814441680908203e-01 2.796814441680908203e-01 7.256770133972167969e-01 7.256770133972167969e-01 7.256770133972167969e-01 2.796814441680908203e-01 2.796814441680908203e-01 7.256770133972167969e-01 7.256770133972167969e-01 7.256770133972167969e-01 7.256770133972167969e-01 7.256770133972167969e-01 2.796814441680908203e-01 7.256770133972167969e-01 7.256770133972167969e-01 7.256770133972167969e-01 7.256770133972167969e-01 7.256770133972167969e-01 7.256770133972167969e-01 7.256770133972167969e-01 7.256770133972167969e-01 7.256770133972167969e-01 7.256770133972167969e-01 -1.663138866424560547e-01 -1.663138866424560547e-01 -1.663138866424560547e-01 -1.663138866424560547e-01 -1.663138866424560547e-01 -1.663138866424560547e-01 -1.663138866424560547e-01 -1.663138866424560547e-01 2.796814441680908203e-01 -1.663138866424560547e-01 -1.663138866424560547e-01 -1.663138866424560547e-01 -1.663138866424560547e-01 -1.663138866424560547e-01 -1.663138866424560547e-01 2.796814441680908203e-01
-6.123092174530029297e-01 -6.123092174530029297e-01 -6.123092174530029297e-01 -6.123092174530029297e-01 -1.663138866424560547e-01 2.796814441680908203e-01 2.796814441680908203e-01 -1.663138866424560547e-01 -6.123092174530029297e-01 -6.123092174530029297e-01 -6.123092174530029297e-01 -6.123092174530029297e-01 -1.663138866424560547e-01 -1.663138866424560547e-01 -1.663138866424560547e-01 -1.663138866424560547e-01 -1.663138866424560547e-01 -1.663138866424560547e-01 -6.123092174530029297e-01 -1.663138866424560547e-01 -1.663138866424560547e-01 -1.663138866424560547e-01 -1.663138866424560547e-01 -1.663138866424560547e-01 -1.663138866424560547e-01 -6.123092174530029297e-01 -1.058304548263549805e+00 -1.058304548263549805e+00 -6.123092174530029297e-01 -1.663138866424560547e-01 2.796814441680908203e-01 2.796814441680908203e-01 2.796814441680908203e-01 7.256770133972167969e-01 1.617667675018310547e+00 1.617667675018310547e+00 1.617667675018310547e+00 1.171672344207763672e+00 1.617667675018310547e+00 1.171672344207763672e+00 2.796814441680908203e-01 -6.123092174530029297e-01 -6.123092174530029297e-01 -1.663138866424560547e-01 -6.123092174530029297e-01 -6.123092174530029297e-01 -6.123092174530029297e-01 -6.123092174530029297e-01 7.256770133972167969e-01 1.171672344207763672e+00 1.617667675018310547e+00 1.617667675018310547e+00 1.617667675018310547e+00 1.617667675018310547e+00 1.617667675018310547e+00 -1.504299998283386230e+00 -1.504299998283386230e+00 -1.058304548263549805e+00 -1.663138866424560547e-01 2.796814441680908203e-01 7.256770133972167969e-01 2.796814441680908203e-01 2.796814441680908203e-01 2.796814441680908203e-01 -1.663138866424560547e-01 2.796814441680908203e-01 7.256770133972167969e-01 7.256770133972167969e-01 2.796814441680908203e-01 -6.123092174530029297e-01 -1.504299998283386230e+00 -1.058304548263549805e+00 -1.663138866424560547e-01 1.617667675018310547e+00 2.063663005828857422e+00 1.617667675018310547e+00 1.617667675018310547e+00 1.171672344207763672e+00 1.171672344207763672e+00 7.256770133972167969e-01 -6.123092174530029297e-01 -6.123092174530029297e-01 -1.663138866424560547e-01 -1.663138866424560547e-01 2.796814441680908203e-01 -6.123092174530029297e-01 -1.663138866424560547e-01 2.796814441680908203e-01 1.171672344207763672e+00 1.171672344207763672e+00 1.171672344207763672e+00 1.171672344207763672e+00 1.171672344207763672e+00 1.171672344207763672e+00 1.171672344207763672e+00 2.796814441680908203e-01 -1.663138866424560547e-01 -1.663138866424560547e-01 -6.123092174530029297e-01 -6.123092174530029297e-01 -1.058304548263549805e+00 -1.058304548263549805e+00 -1.058304548263549805e+00 -1.663138866424560547e-01 -6.123092174530029297e-01 -6.123092174530029297e-01 -6.123092174530029297e-01 -6.123092174530029297e-01 -6.123092174530029297e-01 -1.058304548263549805e+00 -6.123092174530029297e-01 -6.123092174530029297e-01 -1.663138866424560547e-01 -1.663138866424560547e-01 -1.663138866424560547e-01 -1.663138866424560547e-01 -1.663138866424560547e-01 -1.058304548263549805e+00 -1.504299998283386230e+00 -1.504299998283386230e+00 -1.058304548263549805e+00 -1.058304548263549805e+00 -1.058304548263549805e+00 -1.058304548263549805e+00 -6.123092174530029297e-01 -1.663138866424560547e-01 -1.663138866424560547e-01 -1.663138866424560547e-01
