1.171672344207763672e+00 1.171672344207763672e+00 1.171672344207763672e+00 1.171672344207763672e+00 1.171672344207763672e+00 1.171672344207763672e+00 -1.058304548263549805e+00 -1.058304548263549805e+00 -1.058304548263549805e+00 -1.058304548263549805e+00 -1.058304548263549805e+00 -1.058304548263549805e+00 -1.058304548263549805e+00 -1.058304548263549805e+00 1.171672344207763672e+00 1.171672344207763672e+00 1.171672344207763672e+00 1.171672344207763672e+00 1.171672344207763672e+00 -1.058304548263549805e+00 -1.058304548263549805e+00 -1.058304548263549805e+00 -1.058304548263549805e+00 -1.058304548263549805e+00 -1.058304548263549805e+00 -1.058304548263549805e+00 -1.058304548263549805e+00 -1.058304548263549805e+00 -1.058304548263549805e+00 -1.058304548263549805e+00 -1.058304548263549805e+00 -1.058304548263549805e+00 1.171672344207763672e+00 1.171672344207763672e+00 -1.058304548263549805e+00 -1.058304548263549805e+00 1.171672344207763672e+00 1.171672344207763672e+00 1.171672344207763672e+00 1.171672344207763672e+00 1.171672344207763672e+00 1.171672344207763672e+00 1.171672344207763672e+00 -1.058304548263549805e+00 -1.058304548263549805e+00 -1.058304548263549805e+00 -1.058304548263549805e+00 -1.058304548263549805e+00 -1.058304548263549805e+00 -1.058304548263549805e+00 -1.058304548263549805e+00 -1.058304548263549805e+00 1.171672344207763672e+00 1.171672344207763672e+00 1.171672344207763672e+00 1.171672344207763672e+00 1.171672344207763672e+00 1.171672344207763672e+00 1.171672344207763672e+00 -1.058304548263549805e+00 -1.058304548263549805e+00 -1.058304548263549805e+00 -1.058304548263549805e+00 -1.058304548263549805e+00 -1.058304548263549805e+00 -1.058304548263549805e+00 -1.058304548263549805e+00 -1.058304548263549805e+00 1.171672344207763672e+00 1.171672344207763672e+00 1.171672344207763672e+00 1.171672344207763672e+00 3.401649475097656250e+00 3.401649475097656250e+00 1.171672344207763672e+00 -1.058304548263549805e+00 -1.058304548263549805e+00 -1.058304548263549805e+00 -1.058304548263549805e+00 -1.058304548263549805e+00 -1.058304548263549805e+00 -1.058304548263549805e+00 -1.058304548263549805e+00 -1.058304548263549805e+00 -1.058304548263549805e+00 1.171672344207763672e+00 1.171672344207763672e+00 1.171672344207763672e+00 1.171672344207763672e+00 1.171672344207763672e+00 -1.058304548263549805e+00 -1.058304548263549805e+00 -1.058304548263549805e+00 -1.058304548263549805e+00 -1.058304548263549805e+00 -1.058304548263549805e+00 1.171672344207763672e+00 -1.058304548263549805e+00 -1.058304548263549805e+00 -1.058304548263549805e+00 -1.058304548263549805e+00 -1.058304548263549805e+00 -1.058304548263549805e+00 1.171672344207763672e+00 -1.058304548263549805e+00 -1.058304548263549805e+00 -1.058304548263549805e+00 -1.058304548263549805e+00 1.171672344207763672e+00 -1.058304548263549805e+00 -1.058304548263549805e+00 -1.058304548263549805e+00 1.171672344207763672e+00 -1.058304548263549805e+00 -1.058304548263549805e+00 -1.058304548263549805e+00 -1.058304548263549805e+00 -1.058304548263549805e+00 -1.058304548263549805e+00 -1.058304548263549805e+00 -1.058304548263549805e+00 1.171672344207763672e+00 1.171672344207763672e+00 1.171672344207763672e+00 -1.058304548263549805e+00 -1.058304548263549805e+00 -1.058304548263549805e+00 -1.058304548263549805e+00
1.171672344207763672e+00 1.171672344207763672e+00 1.171672344207763672e+00 1.171672344207763672e+00 1.171672344207763672e+00 1.171672344207763672e+00 1.171672344207763672e+00 1.171672344207763672e+00 1.171672344207763672e+00 1.171672344207763672e+00 1.171672344207763672e+00 1.171672344207763672e+00 -1.058304548263549805e+00 -1.058304548263549805e+00 -1.058304548263549805e+00 -1.058304548263549805e+00 1.171672344207763672e+00 1.171672344207763672e+00 1.171672344207763672e+00 -1.058304548263549805e+00 -1.058304548263549805e+00 -1.058304548263549805e+00 -1.058304548263549805e+00 -1.058304548263549805e+00 -1.058304548263549805e+00 -1.058304548263549805e+00 -1.058304548263549805e+00 1.171672344207763672e+00 1.171672344207763672e+00 -1.058304548263549805e+00 -1.058304548263549805e+00 -1.058304548263549805e+00 -1.058304548263549805e+00 -1.058304548263549805e+00 -1.058304548263549805e+00 -1.058304548263549805e+00 -1.058304548263549805e+00 -1.058304548263549805e+00 -1.058304548263549805e+00 -1.058304548263549805e+00 -1.058304548263549805e+00 -1.058304548263549805e+00 -1.058304548263549805e+00 -1.058304548263549805e+00 -1.058304548263549805e+00 -1.058304548263549805e+00 -1.058304548263549805e+00 -1.058304548263549805e+00 1.171672344207763672e+00 1.171672344207763672e+00 1.171672344207763672e+00 1.171672344207763672e+00 1.171672344207763672e+00 3.401649475097656250e+00 1.171672344207763672e+00 -1.058304548263549805e+00 -1.058304548263549805e+00 -1.058304548263549805e+00 -1.058304548263549805e+00 -1.058304548263549805e+00 -1.058304548263549805e+00 -1.058304548263549805e+00 -1.058304548263549805e+00 1.171672344207763672e+00 1.171672344207763672e+00 1.171672344207763672e+00 1.171672344207763672e+00 1.171672344207763672e+00 1.171672344207763672e+00 1.171672344207763672e+00 1.171672344207763672e+00 -1.058304548263549805e+00 -1.058304548263549805e+00 -1.058304548263549805e+00 -1.058304548263549805e+00 -1.058304548263549805e+00 -1.058304548263549805e+00 -1.058304548263549805e+00 1.171672344207763672e+00 1.171672344207763672e+00 1.171672344207763672e+00 1.171672344207763672e+00 1.171672344207763672e+00 1.171672344207763672e+00 1.171672344207763672e+00 -1.058304548263549805e+00 -1.058304548263549805e+00 -1.058304548263549805e+00 -1.058304548263549805e+00 -1.058304548263549805e+00 -1.058304548263549805e+00 -1.058304548263549805e+00 -1.058304548263549805e+00 -1.058304548263549805e+00 -1.058304548263549805e+00 -1.058304548263549805e+00 1.171672344207763672e+00 1.171672344207763672e+00 1.171672344207763672e+00 1.171672344207763672e+00 1.171672344207763672e+00 1.171672344207763672e+00 1.171672344207763672e+00 1.171672344207763672e+00 1.171672344207763672e+00 1.171672344207763672e+00 1.171672344207763672e+00 1.171672344207763672e+00 1.171672344207763672e+00 1.171672344207763672e+00 1.171672344207763672e+00 1.171672344207763672e+00 -1.058304548263549805e+00 -1.058304548263549805e+00 -1.058304548263549805e+00 1.171672344207763672e+00 1.171672344207763672e+00 1.171672344207763672e+00 1.171672344207763672e+00 1.171672344207763672e+00 1.171672344207763672e+00 1.171672344207763672e+00 1.171672344207763672e+00 1.171672344207763672e+00 -1.058304548263549805e+00 -1.058304548263549805e+00 -1.058304548263549805e+00 1.171672344207763672e+00
1.171672344207763672e+00 1.171672344207763672e+00 1.171672344207763672e+00 1.171672344207763672e+00 -1.058304548263549805e+00 -1.058304548263549805e+00 -1.058304548263549805e+00 -1.058304548263549805e+00 -1.058304548263549805e+00 -1.058304548263549805e+00 -1.058304548263549805e+00 -1.058304548263549805e+00 -1.058304548263549805e+00 1.171672344207763672e+00 1.171672344207763672e+00 1.171672344207763672e+00 1.171672344207763672e+00 -1.058304548263549805e+00 -1.058304548263549805e+00 -1.058304548263549805e+00 -1.058304548263549805e+00 -1.058304548263549805e+00 -1.058304548263549805e+00 -1.058304548263549805e+00 -1.058304548263549805e+00 -1.058304548263549805e+00 -1.058304548263549805e+00 -1.058304548263549805e+00 -1.058304548263549805e+00 -1.058304548263549805e+00 1.171672344207763672e+00 1.171672344207763672e+00 -1.058304548263549805e+00 -1.058304548263549805e+00 -1.058304548263549805e+00 -1.058304548263549805e+00 1.171672344207763672e+00 1.171672344207763672e+00 1.171672344207763672e+00 1.171672344207763672e+00 1.171672344207763672e+00 1.171672344207763672e+00 1.171672344207763672e+00 1.171672344207763672e+00 1.171672344207763672e+00 1.171672344207763672e+00 -1.058304548263549805e+00 -1.058304548263549805e+00 1.171672344207763672e+00 1.171672344207763672e+00 1.171672344207763672e+00 3.401649475097656250e+00 3.401649475097656250e+00 1.171672344207763672e+00 1.171672344207763672e+00 3.401649475097656250e+00 3.401649475097656250e+00 1.171672344207763672e+00 -1.058304548263549805e+00 -1.058304548263549805e+00 -1.058304548263549805e+00 -1.058304548263549805e+00 -1.058304548263549805e+00 -1.058304548263549805e+00 1.171672344207763672e+00 1.171672344207763672e+00 1.171672344207763672e+00 1.171672344207763672e+00 1.171672344207763672e+00 1.171672344207763672e+00 1.171672344207763672e+00 -1.058304548263549805e+00 -1.058304548263549805e+00 -1.058304548263549805e+00 -1.058304548263549805e+00 1.171672344207763672e+00 1.171672344207763672e+00 1.171672344207763672e+00 1.171672344207763672e+00 1.171672344207763672e+00 -1.058304548263549805e+00 -1.058304548263549805e+00 -1.058304548263549805e+00 -1.058304548263549805e+00 -1.058304548263549805e+00 -1.058304548263549805e+00 -1.058304548263549805e+00 -1.058304548263549805e+00 -1.058304548263549805e+00 1.171672344207763672e+00 1.171672344207763672e+00 1.171672344207763672e+00 1.171672344207763672e+00 1.171672344207763672e+00 1.171672344207763672e+00 1.171672344207763672e+00 -1.058304548263549805e+00 -1.058304548263549805e+00 -1.058304548263549805e+00 -1.058304548263549805e+00 -1.058304548263549805e+00 -1.058304548263549805e+00 -1.058304548263549805e+00 -1.058304548263549805e+00 -1.058304548263549805e+00 -1.058304548263549805e+00 -1.058304548263549805e+00 -1.058304548263549805e+00 -1.058304548263549805e+00 -1.058304548263549805e+00 -1.058304548263549805e+00 -1.058304548263549805e+00 -1.058304548263549805e+00 -1.058304548263549805e+00 -1.058304548263549805e+00 -1.058304548263549805e+00 -1.058304548263549805e+00 -1.058304548263549805e+00 -1.058304548263549805e+00 -1.058304548263549805e+00 -1.058304548263549805e+00 -1.058304548263549805e+00 -1.058304548263549805e+00 -1.058304548263549805e+00 -1.058304548263549805e+00 -1.058304548263549805e+00 -1.058304548263549805e+00 -1.058304548263549805e+00
-1.058304548263549805e+00 -1.058304548263549805e+00 -1.058304548263549805e+00 -1.058304548263549805e+00 -1.058304548263549805e+00 -1.058304548263549805e+00 -1.058304548263549805e+00 -1.058304548263549805e+00 -1.058304548263549805e+00 -1.058304548263549805e+00 1.171672344207763672e+00 -1.058304548263549805e+00 -1.058304548263549805e+00 -1.058304548263549805e+00 -1.058304548263549805e+00 -1.058304548263549805e+00 -1.058304548263549805e+00 -1.058304548263549805e+00 -1.058304548263549805e+00 -1.058304548263549805e+00 -1.058304548263549805e+00 -1.058304548263549805e+00 -1.058304548263549805e+00 -1.058304548263549805e+00 -1.058304548263549805e+00 -1.058304548263549805e+00 -1.058304548263549805e+00 -1.058304548263549805e+00 1.171672344207763672e+00 1.171672344207763672e+00 -1.058304548263549805e+00 -1.058304548263549805e+00 1.171672344207763672e+00 1.171672344207763672e+00 1.171672344207763672e+00 1.171672344207763672e+00 1.171672344207763672e+00 1.171672344207763672e+00 1.171672344207763672e+00 1.171672344207763672e+00 1.171672344207763672e+00 -1.058304548263549805e+00 1.171672344207763672e+00 1.171672344207763672e+00 -1.058304548263549805e+00 -1.058304548263549805e+00 -1.058304548263549805e+00 -1.058304548263549805e+00 1.171672344207763672e+00 1.171672344207763672e+00 1.171672344207763672e+00 1.171672344207763672e+00 1.171672344207763672e+00 1.171672344207763672e+00 1.171672344207763672e+00 -1.058304548263549805e+00 -1.058304548263549805e+00 -1.058304548263549805e+00 -1.058304548263549805e+00 1.171672344207763672e+00 1.171672344207763672e+00 1.171672344207763672e+00 1.171672344207763672e+00 1.171672344207763672e+00 1.171672344207763672e+00 1.171672344207763672e+00 1.171672344207763672e+00 1.171672344207763672e+00 1.171672344207763672e+00 1.171672344207763672e+00 1.171672344207763672e+00 -1.058304548263549805e+00 -1.058304548263549805e+00 -1.058304548263549805e+00 -1.058304548263549805e+00 -1.058304548263549805e+00 -1.058304548263549805e+00 -1.058304548263549805e+00 -1.058304548263549805e+00 -1.058304548263549805e+00 -1.058304548263549805e+00 -1.058304548263549805e+00 1.171672344207763672e+00 1.171672344207763672e+00 1.171672344207763672e+00 1.171672344207763672e+00 1.171672344207763672e+00 1.171672344207763672e+00 1.171672344207763672e+00 1.171672344207763672e+00 -1.058304548263549805e+00 -1.058304548263549805e+00 -1.058304548263549805e+00 -1.058304548263549805e+00 -1.058304548263549805e+00 -1.058304548263549805e+00 -1.058304548263549805e+00 -1.058304548263549805e+00 -1.058304548263549805e+00 -1.058304548263549805e+00 -1.058304548263549805e+00 -1.058304548263549805e+00 -1.058304548263549805e+00 -1.058304548263549805e+00 -1.058304548263549805e+00 -1.058304548263549805e+00 -1.058304548263549805e+00 -1.058304548263549805e+00 -1.058304548263549805e+00 -1.058304548263549805e+00 -1.058304548263549805e+00 -1.058304548263549805e+00 -1.058304548263549805e+00 -1.058304548263549805e+00 -1.058304548263549805e+00 -1.058304548263549805e+00 -1.058304548263549805e+00 -1.058304548263549805e+00 -1.058304548263549805e+00 -1.058304548263549805e+00 -1.058304548263549805e+00 -1.058304548263549805e+00 -1.058304548263549805e+00 -1.058304548263549805e+00 -1.058304548263549805e+00 -1.058304548263549805e+00 1.171672344207763672e+00 -1.058304548263549805e+00
-1.058304548263549805e+00 -1.058304548263549805e+00 -1.058304548263549805e+00 -1.058304548263549805e+00 1.171672344207763672e+00 1.171672344207763672e+00 1.171672344207763672e+00 1.171672344207763672e+00 1.171672344207763672e+00 1.171672344207763672e+00 1.171672344207763672e+00 -1.058304548263549805e+00 -1.058304548263549805e+00 -1.058304548263549805e+00 -1.058304548263549805e+00 -1.058304548263549805e+00 1.171672344207763672e+00 1.171672344207763672e+00 1.171672344207763672e+00 1.171672344207763672e+00 1.171672344207763672e+00 1.171672344207763672e+00 1.171672344207763672e+00 1.171672344207763672e+00 1.171672344207763672e+00 1.171672344207763672e+00 1.171672344207763672e+00 1.171672344207763672e+00 1.171672344207763672e+00 1.171672344207763672e+00 1.171672344207763672e+00 1.171672344207763672e+00 1.171672344207763672e+00 1.171672344207763672e+00 1.171672344207763672e+00 1.171672344207763672e+00 1.171672344207763672e+00 1.171672344207763672e+00 1.171672344207763672e+00 -1.058304548263549805e+00 -1.058304548263549805e+00 -1.058304548263549805e+00 -1.058304548263549805e+00 1.171672344207763672e+00 1.171672344207763672e+00 1.171672344207763672e+00 1.171672344207763672e+00 1.171672344207763672e+00 -1.058304548263549805e+00 1.171672344207763672e+00 1.171672344207763672e+00 1.171672344207763672e+00 1.171672344207763672e+00 -1.058304548263549805e+00 -1.058304548263549805e+00 -1.058304548263549805e+00 -1.058304548263549805e+00 1.171672344207763672e+00 1.171672344207763672e+00 1.171672344207763672e+00 1.171672344207763672e+00 1.171672344207763672e+00 1.171672344207763672e+00 1.171672344207763672e+00 -1.058304548263549805e+00 -1.058304548263549805e+00 -1.058304548263549805e+00 -1.058304548263549805e+00 -1.058304548263549805e+00 -1.058304548263549805e+00 -1.058304548263549805e+00 1.171672344207763672e+00 1.171672344207763672e+00 1.171672344207763672e+00 1.171672344207763672e+00 1.171672344207763672e+00 1.171672344207763672e+00 1.171672344207763672e+00 1.171672344207763672e+00 1.171672344207763672e+00 -1.058304548263549805e+00 -1.058304548263549805e+00 -1.058304548263549805e+00 -1.058304548263549805e+00 -1.058304548263549805e+00 -1.058304548263549805e+00 -1.058304548263549805e+00 -1.058304548263549805e+00 -1.058304548263549805e+00 -1.058304548263549805e+00 -1.058304548263549805e+00 -1.058304548263549805e+00 -1.058304548263549805e+00 -1.058304548263549805e+00 -1.058304548263549805e+00 -1.058304548263549805e+00 1.171672344207763672e+00 1.171672344207763672e+00 -1.058304548263549805e+00 -1.058304548263549805e+00 -1.058304548263549805e+00 -1.058304548263549805e+00 -1.058304548263549805e+00 -1.058304548263549805e+00 -1.058304548263549805e+00 -1.058304548263549805e+00 -1.058304548263549805e+00 -1.058304548263549805e+00 -1.058304548263549805e+00 -1.058304548263549805e+00 -1.058304548263549805e+00 -1.058304548263549805e+00 -1.058304548263549805e+00 1.171672344207763672e+00 1.171672344207763672e+00 1.171672344207763672e+00 1.171672344207763672e+00 1.171672344207763672e+00 1.171672344207763672e+00 -1.058304548263549805e+00 -1.058304548263549805e+00 -1.058304548263549805e+00 -1.058304548263549805e+00 -1.058304548263549805e+00 -1.058304548263549805e+00 -1.058304548263549805e+00 -1.058304548263549805e+00 -1.058304548263549805e+00
-1.058304548263549805e+00 -1.058304548263549805e+00 -1.058304548263549805e+00 -1.058304548263549805e+00 -1.058304548263549805e+00 -1.058304548263549805e+00 1.171672344207763672e+00 1.171672344207763672e+00 -1.058304548263549805e+00 -1.058304548263549805e+00 -1.058304548263549805e+00 1.171672344207763672e+00 1.171672344207763672e+00 -1.058304548263549805e+00 -1.058304548263549805e+00 -1.058304548263549805e+00 1.171672344207763672e+00 1.171672344207763672e+00 1.171672344207763672e+00 1.171672344207763672e+00 1.171672344207763672e+00 -1.058304548263549805e+00 -1.058304548263549805e+00 -1.058304548263549805e+00 -1.058304548263549805e+00 -1.058304548263549805e+00 -1.058304548263549805e+00 1.171672344207763672e+00 1.171672344207763672e+00 1.171672344207763672e+00 -1.058304548263549805e+00 -1.058304548263549805e+00 1.171672344207763672e+00 1.171672344207763672e+00 -1.058304548263549805e+00 1.171672344207763672e+00 -1.058304548263549805e+00 -1.058304548263549805e+00 -1.058304548263549805e+00 -1.058304548263549805e+00 -1.058304548263549805e+00 1.171672344207763672e+00 1.171672344207763672e+00 1.171672344207763672e+00 1.171672344207763672e+00 1.171672344207763672e+00 1.171672344207763672e+00 1.171672344207763672e+00 -1.058304548263549805e+00 -1.058304548263549805e+00 -1.058304548263549805e+00 -1.058304548263549805e+00 -1.058304548263549805e+00 -1.058304548263549805e+00 -3.288281440734863281e+00 -1.058304548263549805e+00 -1.058304548263549805e+00 -3.288281440734863281e+00 -3.288281440734863281e+00 -1.058304548263549805e+00 -1.058304548263549805e+00 1.171672344207763672e+00 1.171672344207763672e+00 1.171672344207763672e+00 1.171672344207763672e+00 1.171672344207763672e+00 1.171672344207763672e+00 -1.058304548263549805e+00 -1.058304548263549805e+00 1.171672344207763672e+00 1.171672344207763672e+00 3.401649475097656250e+00 3.401649475097656250e+00 1.171672344207763672e+00 1.171672344207763672e+00 -1.058304548263549805e+00 1.171672344207763672e+00 -1.058304548263549805e+00 -1.058304548263549805e+00 -1.058304548263549805e+00 1.171672344207763672e+00 1.171672344207763672e+00 1.171672344207763672e+00 1.171672344207763672e+00 1.171672344207763672e+00 1.171672344207763672e+00 1.171672344207763672e+00 1.171672344207763672e+00 -1.058304548263549805e+00 -1.058304548263549805e+00 -1.058304548263549805e+00 -1.058304548263549805e+00 -1.058304548263549805e+00 -1.058304548263549805e+00 -1.058304548263549805e+00 -1.058304548263549805e+00 1.171672344207763672e+00 -1.058304548263549805e+00 -1.058304548263549805e+00 -1.058304548263549805e+00 -1.058304548263549805e+00 1.171672344207763672e+00 1.171672344207763672e+00 1.171672344207763672e+00 1.171672344207763672e+00 -1.058304548263549805e+00 -1.058304548263549805e+00 -1.058304548263549805e+00 -1.058304548263549805e+00 1.171672344207763672e+00 -1.058304548263549805e+00 -1.058304548263549805e+00 1.171672344207763672e+00 -1.058304548263549805e+00 -1.058304548263549805e+00 -1.058304548263549805e+00 -1.058304548263549805e+00 -1.058304548263549805e+00 -1.058304548263549805e+00 -1.058304548263549805e+00 -1.058304548263549805e+00 -1.058304548263549805e+00 -1.058304548263549805e+00 -1.058304548263549805e+00 -1.058304548263549805e+00 -1.058304548263549805e+00 -1.058304548263549805e+00 -1.058304548263549805e+00
1.171672344207763672e+00 1.171672344207763672e+00 1.171672344207763672e+00 1.171672344207763672e+00 1.171672344207763672e+00 1.171672344207763672e+00 1.171672344207763672e+00 1.171672344207763672e+00 -1.058304548263549805e+00 -1.058304548263549805e+00 -1.058304548263549805e+00 -1.058304548263549805e+00 -1.058304548263549805e+00 -1.058304548263549805e+00 -1.058304548263549805e+00 -1.058304548263549805e+00 1.171672344207763672e+00 1.171672344207763672e+00 1.171672344207763672e+00 1.171672344207763672e+00 1.171672344207763672e+00 1.171672344207763672e+00 1.171672344207763672e+00 1.171672344207763672e+00 1.171672344207763672e+00 -1.058304548263549805e+00 -1.058304548263549805e+00 -1.058304548263549805e+00 -1.058304548263549805e+00 -1.058304548263549805e+00 -1.058304548263549805e+00 1.171672344207763672e+00 1.171672344207763672e+00 1.171672344207763672e+00 -1.058304548263549805e+00 -1.058304548263549805e+00 1.171672344207763672e+00 1.171672344207763672e+00 1.171672344207763672e+00 1.171672344207763672e+00 1.171672344207763672e+00 1.171672344207763672e+00 1.171672344207763672e+00 3.401649475097656250e+00 1.171672344207763672e+00 1.171672344207763672e+00 1.171672344207763672e+00 1.171672344207763672e+00 -1.058304548263549805e+00 -1.058304548263549805e+00 -1.058304548263549805e+00 1.171672344207763672e+00 -1.058304548263549805e+00 -1.058304548263549805e+00 -1.058304548263549805e+00 -1.058304548263549805e+00 -1.058304548263549805e+00 -1.058304548263549805e+00 1.171672344207763672e+00 1.171672344207763672e+00 1.171672344207763672e+00 1.171672344207763672e+00 1.171672344207763672e+00 1.171672344207763672e+00 -1.058304548263549805e+00 -1.058304548263549805e+00 -1.058304548263549805e+00 -1.058304548263549805e+00 -1.058304548263549805e+00 -1.058304548263549805e+00 -1.058304548263549805e+00 -1.058304548263549805e+00 -1.058304548263549805e+00 -1.058304548263549805e+00 -1.058304548263549805e+00 -1.058304548263549805e+00 -1.058304548263549805e+00 -1.058304548263549805e+00 -1.058304548263549805e+00 -1.058304548263549805e+00 -1.058304548263549805e+00 -1.058304548263549805e+00 -1.058304548263549805e+00 -1.058304548263549805e+00 -1.058304548263549805e+00 -1.058304548263549805e+00 1.171672344207763672e+00 1.171672344207763672e+00 1.171672344207763672e+00 1.171672344207763672e+00 -1.058304548263549805e+00 -1.058304548263549805e+00 -1.058304548263549805e+00 -1.058304548263549805e+00 -1.058304548263549805e+00 -1.058304548263549805e+00 1.171672344207763672e+00 1.171672344207763672e+00 -1.058304548263549805e+00 -1.058304548263549805e+00 -1.058304548263549805e+00 -1.058304548263549805e+00 -1.058304548263549805e+00 -1.058304548263549805e+00 -1.058304548263549805e+00 -1.058304548263549805e+00 -1.058304548263549805e+00 -1.058304548263549805e+00 -1.058304548263549805e+00 -1.058304548263549805e+00 1.171672344207763672e+00 -1.058304548263549805e+00 1.171672344207763672e+00 1.171672344207763672e+00 1.171672344207763672e+00 1.171672344207763672e+00 1.171672344207763672e+00 1.171672344207763672e+00 -1.058304548263549805e+00 -1.058304548263549805e+00 -1.058304548263549805e+00 -1.058304548263549805e+00 -1.058304548263549805e+00 -1.058304548263549805e+00 -1.058304548263549805e+00 1.171672344207763672e+00 -1.058304548263549805e+00 -1.058304548263549805e+00
-1.058304548263549805e+00 -1.058304548263549805e+00 -1.058304548263549805e+00 -1.058304548263549805e+00 -1.058304548263549805e+00 -1.058304548263549805e+00 -1.058304548263549805e+00 -1.058304548263549805e+00 -1.058304548263549805e+00 -1.058304548263549805e+00 -1.058304548263549805e+00 -1.058304548263549805e+00 -1.058304548263549805e+00 -1.058304548263549805e+00 1.171672344207763672e+00 1.171672344207763672e+00 -1.058304548263549805e+00 -1.058304548263549805e+00 -1.058304548263549805e+00 -1.058304548263549805e+00 -1.058304548263549805e+00 -1.058304548263549805e+00 -1.058304548263549805e+00 -1.058304548263549805e+00 -1.058304548263549805e+00 -1.058304548263549805e+00 -1.058304548263549805e+00 -1.058304548263549805e+00 -1.058304548263549805e+00 -1.058304548263549805e+00 -1.058304548263549805e+00 -1.058304548263549805e+00 -1.058304548263549805e+00 -1.058304548263549805e+00 -1.058304548263549805e+00 -1.058304548263549805e+00 -1.058304548263549805e+00 -1.058304548263549805e+00 1.171672344207763672e+00 1.171672344207763672e+00 1.171672344207763672e+00 1.171672344207763672e+00 1.171672344207763672e+00 1.171672344207763672e+00 -1.058304548263549805e+00 -1.058304548263549805e+00 -1.058304548263549805e+00 -1.058304548263549805e+00 1.171672344207763672e+00 1.171672344207763672e+00 1.171672344207763672e+00 1.171672344207763672e+00 3.401649475097656250e+00 1.171672344207763672e+00 1.171672344207763672e+00 1.171672344207763672e+00 -1.058304548263549805e+00 -1.058304548263549805e+00 -1.058304548263549805e+00 -1.058304548263549805e+00 -1.058304548263549805e+00 1.171672344207763672e+00 1.171672344207763672e+00 -1.058304548263549805e+00 -1.058304548263549805e+00 1.171672344207763672e+00 1.171672344207763672e+00 1.171672344207763672e+00 1.171672344207763672e+00 1.171672344207763672e+00 1.171672344207763672e+00 -1.058304548263549805e+00 -1.058304548263549805e+00 1.171672344207763672e+00 -1.058304548263549805e+00 1.171672344207763672e+00 1.171672344207763672e+00 1.171672344207763672e+00 1.171672344207763672e+00 -1.058304548263549805e+00 1.171672344207763672e+00 1.171672344207763672e+00 1.171672344207763672e+00 1.171672344207763672e+00 -1.058304548263549805e+00 -1.058304548263549805e+00 -1.058304548263549805e+00 -1.058304548263549805e+00 -1.058304548263549805e+00 -1.058304548263549805e+00 -1.058304548263549805e+00 -1.058304548263549805e+00 1.171672344207763672e+00 1.171672344207763672e+00 -1.058304548263549805e+00 -1.058304548263549805e+00 -1.058304548263549805e+00 -1.058304548263549805e+00 1.171672344207763672e+00 1.171672344207763672e+00 1.171672344207763672e+00 1.171672344207763672e+00 1.171672344207763672e+00 1.171672344207763672e+00 1.171672344207763672e+00 1.171672344207763672e+00 1.171672344207763672e+00 1.171672344207763672e+00 1.171672344207763672e+00 1.171672344207763672e+00 1.171672344207763672e+00 1.171672344207763672e+00 -1.058304548263549805e+00 -1.058304548263549805e+00 -1.058304548263549805e+00 1.171672344207763672e+00 1.171672344207763672e+00 1.171672344207763672e+00 1.171672344207763672e+00 1.171672344207763672e+00 1.171672344207763672e+00 1.171672344207763672e+00 1.171672344207763672e+00 1.171672344207763672e+00 -1.058304548263549805e+00 -1.058304548263549805e+00 -1.058304548263549805e+00 -1.058304548263549805e+00
1.171672344207763672e+00 1.171672344207763672e+00 1.171672344207763672e+00 1.171672344207763672e+00 1.171672344207763672e+00 1.171672344207763672e+00 1.171672344207763672e+00 -1.058304548263549805e+00 -1.058304548263549805e+00 -1.058304548263549805e+00 -1.058304548263549805e+00 -1.058304548263549805e+00 -1.058304548263549805e+00 -1.058304548263549805e+00 -1.058304548263549805e+00 1.171672344207763672e+00 1.171672344207763672e+00 1.171672344207763672e+00 1.171672344207763672e+00 -1.058304548263549805e+00 -1.058304548263549805e+00 1.171672344207763672e+00 1.171672344207763672e+00 1.171672344207763672e+00 1.171672344207763672e+00 1.171672344207763672e+00 -1.058304548263549805e+00 -1.058304548263549805e+00 -1.058304548263549805e+00 -1.058304548263549805e+00 -1.058304548263549805e+00 -1.058304548263549805e+00 -1.058304548263549805e+00 -1.058304548263549805e+00 -1.058304548263549805e+00 -1.058304548263549805e+00 1.171672344207763672e+00 1.171672344207763672e+00 1.171672344207763672e+00 1.171672344207763672e+00 1.171672344207763672e+00 1.171672344207763672e+00 1.171672344207763672e+00 -1.058304548263549805e+00 -1.058304548263549805e+00 -1.058304548263549805e+00 -1.058304548263549805e+00 -1.058304548263549805e+00 1.171672344207763672e+00 1.171672344207763672e+00 1.171672344207763672e+00 -1.058304548263549805e+00 -1.058304548263549805e+00 -1.058304548263549805e+00 -1.058304548263549805e+00 -1.058304548263549805e+00 1.171672344207763672e+00 -1.058304548263549805e+00 -1.058304548263549805e+00 -1.058304548263549805e+00 -1.058304548263549805e+00 -1.058304548263549805e+00 -1.058304548263549805e+00 -1.058304548263549805e+00 -1.058304548263549805e+00 -1.058304548263549805e+00 1.171672344207763672e+00 -1.058304548263549805e+00 -1.058304548263549805e+00 -3.288281440734863281e+00 -1.058304548263549805e+00 -1.058304548263549805e+00 -1.058304548263549805e+00 -1.058304548263549805e+00 -1.058304548263549805e+00 -1.058304548263549805e+00 -1.058304548263549805e+00 -1.058304548263549805e+00 -1.058304548263549805e+00 1.171672344207763672e+00 -1.058304548263549805e+00 -1.058304548263549805e+00 -1.058304548263549805e+00 1.171672344207763672e+00 1.171672344207763672e+00 1.171672344207763672e+00 1.171672344207763672e+00 1.171672344207763672e+00 1.171672344207763672e+00 1.171672344207763672e+00 1.171672344207763672e+00 1.171672344207763672e+00 1.171672344207763672e+00 -1.058304548263549805e+00 -1.058304548263549805e+00 -1.058304548263549805e+00 1.171672344207763672e+00 -1.058304548263549805e+00 -1.058304548263549805e+00 -1.058304548263549805e+00 1.171672344207763672e+00 1.171672344207763672e+00 1.171672344207763672e+00 1.171672344207763672e+00 1.171672344207763672e+00 1.171672344207763672e+00 -1.058304548263549805e+00 -1.058304548263549805e+00 -1.058304548263549805e+00 -1.058304548263549805e+00 -1.058304548263549805e+00 -1.058304548263549805e+00 1.171672344207763672e+00 1.171672344207763672e+00 1.171672344207763672e+00 1.171672344207763672e+00 1.171672344207763672e+00 -1.058304548263549805e+00 -1.058304548263549805e+00 -1.058304548263549805e+00 -1.058304548263549805e+00 -1.058304548263549805e+00 1.171672344207763672e+00 1.171672344207763672e+00 -1.058304548263549805e+00 -1.058304548263549805e+00 1.171672344207763672e+00 1.171672344207763672e+00
1.171672344207763672e+00 1.171672344207763672e+00 1.171672344207763672e+00 1.171672344207763672e+00 1.171672344207763672e+00 1.171672344207763672e+00 1.171672344207763672e+00 1.171672344207763672e+00 -1.058304548263549805e+00 -1.058304548263549805e+00 -1.058304548263549805e+00 -1.058304548263549805e+00 1.171672344207763672e+00 1.171672344207763672e+00 1.171672344207763672e+00 1.171672344207763672e+00 -1.058304548263549805e+00 -1.058304548263549805e+00 -1.058304548263549805e+00 -1.058304548263549805e+00 -1.058304548263549805e+00 -1.058304548263549805e+00 -1.058304548263549805e+00 -1.058304548263549805e+00 -1.058304548263549805e+00 -1.058304548263549805e+00 -1.058304548263549805e+00 -1.058304548263549805e+00 -1.058304548263549805e+00 -1.058304548263549805e+00 1.171672344207763672e+00 1.171672344207763672e+00 -1.058304548263549805e+00 -1.058304548263549805e+00 -1.058304548263549805e+00 -1.058304548263549805e+00 -1.058304548263549805e+00 1.171672344207763672e+00 1.171672344207763672e+00 1.171672344207763672e+00 1.171672344207763672e+00 1.171672344207763672e+00 1.171672344207763672e+00 -1.058304548263549805e+00 -1.058304548263549805e+00 -1.058304548263549805e+00 -1.058304548263549805e+00 1.171672344207763672e+00 -1.058304548263549805e+00 -1.058304548263549805e+00 1.171672344207763672e+00 1.171672344207763672e+00 -1.058304548263549805e+00 -1.058304548263549805e+00 -1.058304548263549805e+00 -1.058304548263549805e+00 -1.058304548263549805e+00 -1.058304548263549805e+00 -1.058304548263549805e+00 -1.058304548263549805e+00 -1.058304548263549805e+00 -3.288281440734863281e+00 -1.058304548263549805e+00 -1.058304548263549805e+00 1.171672344207763672e+00 1.171672344207763672e+00 3.401649475097656250e+00 3.401649475097656250e+00 1.171672344207763672e+00 1.171672344207763672e+00 -1.058304548263549805e+00 -1.058304548263549805e+00 -1.058304548263549805e+00 -1.058304548263549805e+00 -1.058304548263549805e+00 -1.058304548263549805e+00 -1.058304548263549805e+00 -1.058304548263549805e+00 -1.058304548263549805e+00 -1.058304548263549805e+00 1.171672344207763672e+00 1.171672344207763672e+00 1.171672344207763672e+00 1.171672344207763672e+00 3.401649475097656250e+00 3.401649475097656250e+00 3.401649475097656250e+00 1.171672344207763672e+00 1.171672344207763672e+00 1.171672344207763672e+00 1.171672344207763672e+00 1.171672344207763672e+00 -1.058304548263549805e+00 -1.058304548263549805e+00 -1.058304548263549805e+00 -1.058304548263549805e+00 1.171672344207763672e+00 -1.058304548263549805e+00 -1.058304548263549805e+00 -1.058304548263549805e+00 -1.058304548263549805e+00 -1.058304548263549805e+00 -1.058304548263549805e+00 -1.058304548263549805e+00 -1.058304548263549805e+00 -1.058304548263549805e+00 -1.058304548263549805e+00 -1.058304548263549805e+00 -1.058304548263549805e+00 -1.058304548263549805e+00 -1.058304548263549805e+00 -1.058304548263549805e+00 -1.058304548263549805e+00 -1.058304548263549805e+00 -1.058304548263549805e+00 -1.058304548263549805e+00 -1.058304548263549805e+00 -1.058304548263549805e+00 -1.058304548263549805e+00 -1.058304548263549805e+00 -1.058304548263549805e+00 -1.058304548263549805e+00 1.171672344207763672e+00 -1.058304548263549805e+00 1.171672344207763672e+00 -1.058304548263549805e+00 -1.058304548263549805e+00 -1.058304548263549805e+00
-1.058304548263549805e+00 -1.058304548263549805e+00 -1.058304548263549805e+00 -1.058304548263549805e+00 1.171672344207763672e+00 1.171672344207763672e+00 1.171672344207763672e+00 1.171672344207763672e+00 1.171672344207763672e+00 1.171672344207763672e+00 1.171672344207763672e+00 1.171672344207763672e+00 1.171672344207763672e+00 -1.058304548263549805e+00 -1.058304548263549805e+00 -1.058304548263549805e+00 1.171672344207763672e+00 1.171672344207763672e+00 1.171672344207763672e+00 1.171672344207763672e+00 1.171672344207763672e+00 1.171672344207763672e+00 1.171672344207763672e+00 1.171672344207763672e+00 1.171672344207763672e+00 1.171672344207763672e+00 1.171672344207763672e+00 1.171672344207763672e+00 1.171672344207763672e+00 1.171672344207763672e+00 1.171672344207763672e+00 1.171672344207763672e+00 1.171672344207763672e+00 1.171672344207763672e+00 1.171672344207763672e+00 1.171672344207763672e+00 -1.058304548263549805e+00 -1.058304548263549805e+00 -1.058304548263549805e+00 -3.288281440734863281e+00 -3.288281440734863281e+00 -3.288281440734863281e+00 -1.058304548263549805e+00 -1.058304548263549805e+00 1.171672344207763672e+00 1.171672344207763672e+00 1.171672344207763672e+00 1.171672344207763672e+00 1.171672344207763672e+00 1.171672344207763672e+00 1.171672344207763672e+00 1.171672344207763672e+00 1.171672344207763672e+00 -1.058304548263549805e+00 -1.058304548263549805e+00 -1.058304548263549805e+00 -1.058304548263549805e+00 -1.058304548263549805e+00 -1.058304548263549805e+00 -1.058304548263549805e+00 1.171672344207763672e+00 1.171672344207763672e+00 1.171672344207763672e+00 1.171672344207763672e+00 1.171672344207763672e+00 1.171672344207763672e+00 1.171672344207763672e+00 -1.058304548263549805e+00 -1.058304548263549805e+00 -1.058304548263549805e+00 -1.058304548263549805e+00 1.171672344207763672e+00 1.171672344207763672e+00 1.171672344207763672e+00 -1.058304548263549805e+00 -1.058304548263549805e+00 -1.058304548263549805e+00 -1.058304548263549805e+00 1.171672344207763672e+00 1.171672344207763672e+00 1.171672344207763672e+00 -1.058304548263549805e+00 -1.058304548263549805e+00 -1.058304548263549805e+00 -1.058304548263549805e+00 -1.058304548263549805e+00 -1.058304548263549805e+00 -1.058304548263549805e+00 1.171672344207763672e+00 -1.058304548263549805e+00 -1.058304548263549805e+00 -1.058304548263549805e+00 -1.058304548263549805e+00 -1.058304548263549805e+00 1.171672344207763672e+00 1.171672344207763672e+00 1.171672344207763672e+00 1.171672344207763672e+00 1.171672344207763672e+00 1.171672344207763672e+00 -1.058304548263549805e+00 -1.058304548263549805e+00 -1.058304548263549805e+00 -1.058304548263549805e+00 -1.058304548263549805e+00 -1.058304548263549805e+00 -1.058304548263549805e+00 -1.058304548263549805e+00 -1.058304548263549805e+00 -1.058304548263549805e+00 -1.058304548263549805e+00 1.171672344207763672e+00 -1.058304548263549805e+00 -1.058304548263549805e+00 1.171672344207763672e+00 1.171672344207763672e+00 1.171672344207763672e+00 1.171672344207763672e+00 1.171672344207763672e+00 1.171672344207763672e+00 1.171672344207763672e+00 1.171672344207763672e+00 1.171672344207763672e+00 1.171672344207763672e+00 1.171672344207763672e+00 1.171672344207763672e+00 1.171672344207763672e+00 1.171672344207763672e+00
-1.058304548263549805e+00 -1.058304548263549805e+00 -1.058304548263549805e+00 -1.058304548263549805e+00 -1.058304548263549805e+00 -1.058304548263549805e+00 -1.058304548263549805e+00 -1.058304548263549805e+00 -1.058304548263549805e+00 1.171672344207763672e+00 1.171672344207763672e+00 1.171672344207763672e+00 1.171672344207763672e+00 1.171672344207763672e+00 1.171672344207763672e+00 1.171672344207763672e+00 -1.058304548263549805e+00 -1.058304548263549805e+00 -1.058304548263549805e+00 -1.058304548263549805e+00 -1.058304548263549805e+00 -1.058304548263549805e+00 -1.058304548263549805e+00 -1.058304548263549805e+00 -1.058304548263549805e+00 -1.058304548263549805e+00 -1.058304548263549805e+00 -1.058304548263549805e+00 -1.058304548263549805e+00 -1.058304548263549805e+00 -1.058304548263549805e+00 1.171672344207763672e+00 1.171672344207763672e+00 1.171672344207763672e+00 1.171672344207763672e+00 1.171672344207763672e+00 -1.058304548263549805e+00 -1.058304548263549805e+00 1.171672344207763672e+00 1.171672344207763672e+00 1.171672344207763672e+00 1.171672344207763672e+00 1.171672344207763672e+00 -1.058304548263549805e+00 -1.058304548263549805e+00 -1.058304548263549805e+00 -1.058304548263549805e+00 -1.058304548263549805e+00 1.171672344207763672e+00 1.171672344207763672e+00 1.171672344207763672e+00 -1.058304548263549805e+00 -1.058304548263549805e+00 -1.058304548263549805e+00 -1.058304548263549805e+00 1.171672344207763672e+00 1.171672344207763672e+00 -1.058304548263549805e+00 -1.058304548263549805e+00 -1.058304548263549805e+00 -1.058304548263549805e+00 -1.058304548263549805e+00 -1.058304548263549805e+00 -1.058304548263549805e+00 1.171672344207763672e+00 1.171672344207763672e+00 -1.058304548263549805e+00 -1.058304548263549805e+00 -1.058304548263549805e+00 -1.058304548263549805e+00 1.171672344207763672e+00 1.171672344207763672e+00 1.171672344207763672e+00 -1.058304548263549805e+00 -1.058304548263549805e+00 -1.058304548263549805e+00 -1.058304548263549805e+00 -1.058304548263549805e+00 1.171672344207763672e+00 -1.058304548263549805e+00 1.171672344207763672e+00 1.171672344207763672e+00 1.171672344207763672e+00 1.171672344207763672e+00 -1.058304548263549805e+00 -1.058304548263549805e+00 1.171672344207763672e+00 1.171672344207763672e+00 3.401649475097656250e+00 3.401649475097656250e+00 1.171672344207763672e+00 1.171672344207763672e+00 -1.058304548263549805e+00 1.171672344207763672e+00 -1.058304548263549805e+00 -1.058304548263549805e+00 -1.058304548263549805e+00 -1.058304548263549805e+00 -1.058304548263549805e+00 1.171672344207763672e+00 1.171672344207763672e+00 1.171672344207763672e+00 -1.058304548263549805e+00 -1.058304548263549805e+00 -1.058304548263549805e+00 -1.058304548263549805e+00 -1.058304548263549805e+00 -1.058304548263549805e+00 -1.058304548263549805e+00 -1.058304548263549805e+00 -1.058304548263549805e+00 -1.058304548263549805e+00 -1.058304548263549805e+00 -1.058304548263549805e+00 -1.058304548263549805e+00 -1.058304548263549805e+00 -1.058304548263549805e+00 -1.058304548263549805e+00 -1.058304548263549805e+00 -1.058304548263549805e+00 -1.058304548263549805e+00 1.171672344207763672e+00 1.171672344207763672e+00 1.171672344207763672e+00 1.171672344207763672e+00 1.171672344207763672e+00 1.171672344207763672e+00 1.171672344207763672e+00
1.171672344207763672e+00 1.171672344207763672e+00 1.171672344207763672e+00 -1.058304548263549805e+00 -1.058304548263549805e+00 -1.058304548263549805e+00 -1.058304548263549805e+00 -1.058304548263549805e+00 -1.058304548263549805e+00 -1.058304548263549805e+00 -1.058304548263549805e+00 -1.058304548263549805e+00 -1.058304548263549805e+00 -1.058304548263549805e+00 -1.058304548263549805e+00 -1.058304548263549805e+00 1.171672344207763672e+00 1.171672344207763672e+00 -1.058304548263549805e+00 -1.058304548263549805e+00 -1.058304548263549805e+00 -1.058304548263549805e+00 -1.058304548263549805e+00 -1.058304548263549805e+00 -1.058304548263549805e+00 -1.058304548263549805e+00 -1.058304548263549805e+00 -1.058304548263549805e+00 -1.058304548263549805e+00 -1.058304548263549805e+00 -1.058304548263549805e+00 1.171672344207763672e+00 -1.058304548263549805e+00 -1.058304548263549805e+00 -1.058304548263549805e+00 -1.058304548263549805e+00 -1.058304548263549805e+00 -1.058304548263549805e+00 1.171672344207763672e+00 1.171672344207763672e+00 1.171672344207763672e+00 1.171672344207763672e+00 1.171672344207763672e+00 1.171672344207763672e+00 -1.058304548263549805e+00 -1.058304548263549805e+00 -1.058304548263549805e+00 -1.058304548263549805e+00 -1.058304548263549805e+00 -1.058304548263549805e+00 -1.058304548263549805e+00 -1.058304548263549805e+00 -1.058304548263549805e+00 1.171672344207763672e+00 1.171672344207763672e+00 1.171672344207763672e+00 1.171672344207763672e+00 1.171672344207763672e+00 1.171672344207763672e+00 1.171672344207763672e+00 1.171672344207763672e+00 1.171672344207763672e+00 1.171672344207763672e+00 1.171672344207763672e+00 -1.058304548263549805e+00 -1.058304548263549805e+00 -1.058304548263549805e+00 -1.058304548263549805e+00 -1.058304548263549805e+00 1.171672344207763672e+00 1.171672344207763672e+00 1.171672344207763672e+00 1.171672344207763672e+00 1.171672344207763672e+00 1.171672344207763672e+00 1.171672344207763672e+00 3.401649475097656250e+00 1.171672344207763672e+00 1.171672344207763672e+00 1.171672344207763672e+00 -1.058304548263549805e+00 -1.058304548263549805e+00 -1.058304548263549805e+00 -1.058304548263549805e+00 -1.058304548263549805e+00 -1.058304548263549805e+00 -1.058304548263549805e+00 -1.058304548263549805e+00 1.171672344207763672e+00 1.171672344207763672e+00 1.171672344207763672e+00 1.171672344207763672e+00 1.171672344207763672e+00 1.171672344207763672e+00 -1.058304548263549805e+00 -1.058304548263549805e+00 -1.058304548263549805e+00 -1.058304548263549805e+00 -1.058304548263549805e+00 -1.058304548263549805e+00 -1.058304548263549805e+00 -1.058304548263549805e+00 -1.058304548263549805e+00 -1.058304548263549805e+00 -1.058304548263549805e+00 -1.058304548263549805e+00 -1.058304548263549805e+00 -1.058304548263549805e+00 -1.058304548263549805e+00 -1.058304548263549805e+00 -1.058304548263549805e+00 -1.058304548263549805e+00 -1.058304548263549805e+00 -1.058304548263549805e+00 -1.058304548263549805e+00 -1.058304548263549805e+00 -1.058304548263549805e+00 -1.058304548263549805e+00 -1.058304548263549805e+00 -1.058304548263549805e+00 -1.058304548263549805e+00 -1.058304548263549805e+00 -1.058304548263549805e+00 -1.058304548263549805e+00 -1.058304548263549805e+00 -1.058304548263549805e+00 -1.058304548263549805e+00 -1.058304548263549805e+00
-1.058304548263549805e+00 -1.058304548263549805e+00 -1.058304548263549805e+00 -1.058304548263549805e+00 -1.058304548263549805e+00 -1.058304548263549805e+00 -1.058304548263549805e+00 -1.058304548263549805e+00 -1.058304548263549805e+00 -1.058304548263549805e+00 1.171672344207763672e+00 1.171672344207763672e+00 1.171672344207763672e+00 1.171672344207763672e+00 1.171672344207763672e+00 1.171672344207763672e+00 -1.058304548263549805e+00 -1.058304548263549805e+00 -1.058304548263549805e+00 -1.058304548263549805e+00 -1.058304548263549805e+00 -1.058304548263549805e+00 -1.058304548263549805e+00 -1.058304548263549805e+00 -1.058304548263549805e+00 -1.058304548263549805e+00 -1.058304548263549805e+00 -1.058304548263549805e+00 -1.058304548263549805e+00 1.171672344207763672e+00 1.171672344207763672e+00 1.171672344207763672e+00 1.171672344207763672e+00 1.171672344207763672e+00 1.171672344207763672e+00 1.171672344207763672e+00 -1.058304548263549805e+00 -1.058304548263549805e+00 -1.058304548263549805e+00 -1.058304548263549805e+00 1.171672344207763672e+00 1.171672344207763672e+00 -1.058304548263549805e+00 -1.058304548263549805e+00 -1.058304548263549805e+00 -1.058304548263549805e+00 -1.058304548263549805e+00 -1.058304548263549805e+00 1.171672344207763672e+00 1.171672344207763672e+00 1.171672344207763672e+00 -1.058304548263549805e+00 -1.058304548263549805e+00 -1.058304548263549805e+00 1.171672344207763672e+00 3.401649475097656250e+00 3.401649475097656250e+00 1.171672344207763672e+00 1.171672344207763672e+00 1.171672344207763672e+00 -1.058304548263549805e+00 -1.058304548263549805e+00 -1.058304548263549805e+00 -1.058304548263549805e+00 1.171672344207763672e+00 1.171672344207763672e+00 1.171672344207763672e+00 -1.058304548263549805e+00 -1.058304548263549805e+00 -1.058304548263549805e+00 1.171672344207763672e+00 3.401649475097656250e+00 3.401649475097656250e+00 3.401649475097656250e+00 1.171672344207763672e+00 1.171672344207763672e+00 -1.058304548263549805e+00 -1.058304548263549805e+00 -1.058304548263549805e+00 -1.058304548263549805e+00 1.171672344207763672e+00 -1.058304548263549805e+00 1.171672344207763672e+00 -1.058304548263549805e+00 -1.058304548263549805e+00 -1.058304548263549805e+00 1.171672344207763672e+00 1.171672344207763672e+00 1.171672344207763672e+00 1.171672344207763672e+00 -1.058304548263549805e+00 -1.058304548263549805e+00 1.171672344207763672e+00 -1.058304548263549805e+00 -1.058304548263549805e+00 -1.058304548263549805e+00 -1.058304548263549805e+00 -1.058304548263549805e+00 -1.058304548263549805e+00 -1.058304548263549805e+00 -1.058304548263549805e+00 -1.058304548263549805e+00 -1.058304548263549805e+00 -1.058304548263549805e+00 -1.058304548263549805e+00 1.171672344207763672e+00 1.171672344207763672e+00 1.171672344207763672e+00 -1.058304548263549805e+00 1.171672344207763672e+00 1.171672344207763672e+00 1.171672344207763672e+00 -1.058304548263549805e+00 -1.058304548263549805e+00 -1.058304548263549805e+00 -1.058304548263549805e+00 -1.058304548263549805e+00 -1.058304548263549805e+00 -1.058304548263549805e+00 -1.058304548263549805e+00 1.171672344207763672e+00 1.171672344207763672e+00 1.171672344207763672e+00 1.171672344207763672e+00 1.171672344207763672e+00 1.171672344207763672e+00 1.171672344207763672e+00 1.171672344207763672e+00
-1.058304548263549805e+00 -1.058304548263549805e+00 -1.058304548263549805e+00 1.171672344207763672e+00 -1.058304548263549805e+00 -1.058304548263549805e+00 -1.058304548263549805e+00 -1.058304548263549805e+00 -1.058304548263549805e+00 1.171672344207763672e+00 -1.058304548263549805e+00 -1.058304548263549805e+00 -1.058304548263549805e+00 -1.058304548263549805e+00 -1.058304548263549805e+00 -1.058304548263549805e+00 -1.058304548263549805e+00 -1.058304548263549805e+00 -1.058304548263549805e+00 -1.058304548263549805e+00 -1.058304548263549805e+00 -1.058304548263549805e+00 -1.058304548263549805e+00 -1.058304548263549805e+00 -1.058304548263549805e+00 -1.058304548263549805e+00 -1.058304548263549805e+00 1.171672344207763672e+00 1.171672344207763672e+00 -1.058304548263549805e+00 -1.058304548263549805e+00 -1.058304548263549805e+00 -1.058304548263549805e+00 -1.058304548263549805e+00 -1.058304548263549805e+00 -1.058304548263549805e+00 -1.058304548263549805e+00 1.171672344207763672e+00 1.171672344207763672e+00 1.171672344207763672e+00 1.171672344207763672e+00 1.171672344207763672e+00 1.171672344207763672e+00 1.171672344207763672e+00 1.171672344207763672e+00 1.171672344207763672e+00 1.171672344207763672e+00 1.171672344207763672e+00 -1.058304548263549805e+00 -1.058304548263549805e+00 -1.058304548263549805e+00 -1.058304548263549805e+00 -1.058304548263549805e+00 -1.058304548263549805e+00 -1.058304548263549805e+00 -1.058304548263549805e+00 -1.058304548263549805e+00 -1.058304548263549805e+00 1.171672344207763672e+00 1.171672344207763672e+00 1.171672344207763672e+00 1.171672344207763672e+00 1.171672344207763672e+00 1.171672344207763672e+00 -1.058304548263549805e+00 -1.058304548263549805e+00 -1.058304548263549805e+00 -1.058304548263549805e+00 -1.058304548263549805e+00 -1.058304548263549805e+00 -1.058304548263549805e+00 -1.058304548263549805e+00 -1.058304548263549805e+00 -1.058304548263549805e+00 -1.058304548263549805e+00 1.171672344207763672e+00 1.171672344207763672e+00 1.171672344207763672e+00 1.171672344207763672e+00 1.171672344207763672e+00 -1.058304548263549805e+00 -1.058304548263549805e+00 -1.058304548263549805e+00 -1.058304548263549805e+00 1.171672344207763672e+00 1.171672344207763672e+00 1.171672344207763672e+00 1.171672344207763672e+00 1.171672344207763672e+00 1.171672344207763672e+00 3.401649475097656250e+00 3.401649475097656250e+00 1.171672344207763672e+00 1.171672344207763672e+00 1.171672344207763672e+00 1.171672344207763672e+00 -1.058304548263549805e+00 -1.058304548263549805e+00 -1.058304548263549805e+00 -1.058304548263549805e+00 -1.058304548263549805e+00 -1.058304548263549805e+00 -1.058304548263549805e+00 -1.058304548263549805e+00 -1.058304548263549805e+00 -1.058304548263549805e+00 -1.058304548263549805e+00 -1.058304548263549805e+00 -1.058304548263549805e+00 -1.058304548263549805e+00 1.171672344207763672e+00 1.171672344207763672e+00 -1.058304548263549805e+00 -1.058304548263549805e+00 -1.058304548263549805e+00 -1.058304548263549805e+00 -1.058304548263549805e+00 -1.058304548263549805e+00 -1.058304548263549805e+00 -1.058304548263549805e+00 -1.058304548263549805e+00 -1.058304548263549805e+00 -1.058304548263549805e+00 -1.058304548263549805e+00 -1.058304548263549805e+00 -1.058304548263549805e+00 -1.058304548263549805e+00 -1.058304548263549805e+00
-1.058304548263549805e+00 -1.058304548263549805e+00 -1.058304548263549805e+00 -1.058304548263549805e+00 -1.058304548263549805e+00 -1.058304548263549805e+00 -1.058304548263549805e+00 -1.058304548263549805e+00 -1.058304548263549805e+00 -1.058304548263549805e+00 -1.058304548263549805e+00 -1.058304548263549805e+00 -1.058304548263549805e+00 1.171672344207763672e+00 -1.058304548263549805e+00 -1.058304548263549805e+00 -1.058304548263549805e+00 1.171672344207763672e+00 -1.058304548263549805e+00 -1.058304548263549805e+00 -1.058304548263549805e+00 -1.058304548263549805e+00 -1.058304548263549805e+00 -1.058304548263549805e+00 -1.058304548263549805e+00 -1.058304548263549805e+00 -1.058304548263549805e+00 1.171672344207763672e+00 1.171672344207763672e+00 1.171672344207763672e+00 1.171672344207763672e+00 1.171672344207763672e+00 -1.058304548263549805e+00 -1.058304548263549805e+00 -1.058304548263549805e+00 -1.058304548263549805e+00 -1.058304548263549805e+00 -1.058304548263549805e+00 1.171672344207763672e+00 1.171672344207763672e+00 1.171672344207763672e+00 1.171672344207763672e+00 1.171672344207763672e+00 1.171672344207763672e+00 1.171672344207763672e+00 1.171672344207763672e+00 1.171672344207763672e+00 1.171672344207763672e+00 -1.058304548263549805e+00 -1.058304548263549805e+00 -1.058304548263549805e+00 -1.058304548263549805e+00 -1.058304548263549805e+00 -1.058304548263549805e+00 1.171672344207763672e+00 1.171672344207763672e+00 -1.058304548263549805e+00 -1.058304548263549805e+00 1.171672344207763672e+00 1.171672344207763672e+00 1.171672344207763672e+00 1.171672344207763672e+00 1.171672344207763672e+00 1.171672344207763672e+00 -1.058304548263549805e+00 -1.058304548263549805e+00 -1.058304548263549805e+00 -1.058304548263549805e+00 -1.058304548263549805e+00 -1.058304548263549805e+00 -1.058304548263549805e+00 -1.058304548263549805e+00 -1.058304548263549805e+00 -1.058304548263549805e+00 1.171672344207763672e+00 1.171672344207763672e+00 1.171672344207763672e+00 1.171672344207763672e+00 1.171672344207763672e+00 -1.058304548263549805e+00 -1.058304548263549805e+00 -1.058304548263549805e+00 -1.058304548263549805e+00 -1.058304548263549805e+00 -1.058304548263549805e+00 -1.058304548263549805e+00 -1.058304548263549805e+00 1.171672344207763672e+00 -1.058304548263549805e+00 1.171672344207763672e+00 1.171672344207763672e+00 1.171672344207763672e+00 1.171672344207763672e+00 1.171672344207763672e+00 1.171672344207763672e+00 1.171672344207763672e+00 -1.058304548263549805e+00 -1.058304548263549805e+00 1.171672344207763672e+00 1.171672344207763672e+00 1.171672344207763672e+00 1.171672344207763672e+00 1.171672344207763672e+00 1.171672344207763672e+00 1.171672344207763672e+00 1.171672344207763672e+00 1.171672344207763672e+00 1.171672344207763672e+00 1.171672344207763672e+00 1.171672344207763672e+00 1.171672344207763672e+00 1.171672344207763672e+00 -1.058304548263549805e+00 -1.058304548263549805e+00 1.171672344207763672e+00 1.171672344207763672e+00 1.171672344207763672e+00 1.171672344207763672e+00 1.171672344207763672e+00 1.171672344207763672e+00 1.171672344207763672e+00 1.171672344207763672e+00 1.171672344207763672e+00 1.171672344207763672e+00 1.171672344207763672e+00 1.171672344207763672e+00 -1.058304548263549805e+00 -1.058304548263549805e+00
1.171672344207763672e+00 1.171672344207763672e+00 1.171672344207763672e+00 1.171672344207763672e+00 1.171672344207763672e+00 1.171672344207763672e+00 -1.058304548263549805e+00 -1.058304548263549805e+00 -1.058304548263549805e+00 -1.058304548263549805e+00 -1.058304548263549805e+00 -1.058304548263549805e+00 -1.058304548263549805e+00 -1.058304548263549805e+00 1.171672344207763672e+00 1.171672344207763672e+00 -1.058304548263549805e+00 -1.058304548263549805e+00 -1.058304548263549805e+00 -1.058304548263549805e+00 -1.058304548263549805e+00 -1.058304548263549805e+00 -1.058304548263549805e+00 -1.058304548263549805e+00 -1.058304548263549805e+00 -1.058304548263549805e+00 -1.058304548263549805e+00 -1.058304548263549805e+00 -1.058304548263549805e+00 -1.058304548263549805e+00 -1.058304548263549805e+00 -1.058304548263549805e+00 -1.058304548263549805e+00 1.171672344207763672e+00 -1.058304548263549805e+00 1.171672344207763672e+00 -1.058304548263549805e+00 -1.058304548263549805e+00 1.171672344207763672e+00 1.171672344207763672e+00 1.171672344207763672e+00 1.171672344207763672e+00 1.171672344207763672e+00 1.171672344207763672e+00 1.171672344207763672e+00 1.171672344207763672e+00 1.171672344207763672e+00 1.171672344207763672e+00 -1.058304548263549805e+00 -1.058304548263549805e+00 -1.058304548263549805e+00 -1.058304548263549805e+00 1.171672344207763672e+00 1.171672344207763672e+00 3.401649475097656250e+00 3.401649475097656250e+00 -1.058304548263549805e+00 -1.058304548263549805e+00 -1.058304548263549805e+00 1.171672344207763672e+00 1.171672344207763672e+00 1.171672344207763672e+00 1.171672344207763672e+00 1.171672344207763672e+00 -1.058304548263549805e+00 -1.058304548263549805e+00 -1.058304548263549805e+00 -1.058304548263549805e+00 1.171672344207763672e+00 3.401649475097656250e+00 3.401649475097656250e+00 1.171672344207763672e+00 -1.058304548263549805e+00 -3.288281440734863281e+00 -1.058304548263549805e+00 -1.058304548263549805e+00 -1.058304548263549805e+00 -1.058304548263549805e+00 -1.058304548263549805e+00 -1.058304548263549805e+00 -1.058304548263549805e+00 -1.058304548263549805e+00 -1.058304548263549805e+00 -1.058304548263549805e+00 -1.058304548263549805e+00 1.171672344207763672e+00 1.171672344207763672e+00 1.171672344207763672e+00 1.171672344207763672e+00 1.171672344207763672e+00 -1.058304548263549805e+00 -1.058304548263549805e+00 -1.058304548263549805e+00 -1.058304548263549805e+00 -1.058304548263549805e+00 -1.058304548263549805e+00 1.171672344207763672e+00 1.171672344207763672e+00 -1.058304548263549805e+00 -1.058304548263549805e+00 -1.058304548263549805e+00 -1.058304548263549805e+00 -1.058304548263549805e+00 -1.058304548263549805e+00 -1.058304548263549805e+00 -1.058304548263549805e+00 -1.058304548263549805e+00 1.171672344207763672e+00 -1.058304548263549805e+00 -1.058304548263549805e+00 -1.058304548263549805e+00 -1.058304548263549805e+00 1.171672344207763672e+00 1.171672344207763672e+00 -1.058304548263549805e+00 -1.058304548263549805e+00 -1.058304548263549805e+00 -1.058304548263549805e+00 -1.058304548263549805e+00 -1.058304548263549805e+00 -1.058304548263549805e+00 -1.058304548263549805e+00 -1.058304548263549805e+00 -1.058304548263549805e+00 -1.058304548263549805e+00 1.171672344207763672e+00 1.171672344207763672e+00 1.171672344207763672e+00
-1.058304548263549805e+00 -1.058304548263549805e+00 -1.058304548263549805e+00 1.171672344207763672e+00 1.171672344207763672e+00 1.171672344207763672e+00 1.171672344207763672e+00 1.171672344207763672e+00 1.171672344207763672e+00 1.171672344207763672e+00 1.171672344207763672e+00 1.171672344207763672e+00 -1.058304548263549805e+00 -1.058304548263549805e+00 -1.058304548263549805e+00 -1.058304548263549805e+00 -1.058304548263549805e+00 -1.058304548263549805e+00 1.171672344207763672e+00 1.171672344207763672e+00 1.171672344207763672e+00 1.171672344207763672e+00 1.171672344207763672e+00 1.171672344207763672e+00 1.171672344207763672e+00 1.171672344207763672e+00 1.171672344207763672e+00 1.171672344207763672e+00 1.171672344207763672e+00 1.171672344207763672e+00 1.171672344207763672e+00 -1.058304548263549805e+00 -1.058304548263549805e+00 -1.058304548263549805e+00 -1.058304548263549805e+00 -1.058304548263549805e+00 -1.058304548263549805e+00 -1.058304548263549805e+00 1.171672344207763672e+00 1.171672344207763672e+00 1.171672344207763672e+00 1.171672344207763672e+00 1.171672344207763672e+00 -1.058304548263549805e+00 -1.058304548263549805e+00 -1.058304548263549805e+00 -1.058304548263549805e+00 -1.058304548263549805e+00 -1.058304548263549805e+00 -1.058304548263549805e+00 -1.058304548263549805e+00 -1.058304548263549805e+00 -1.058304548263549805e+00 -1.058304548263549805e+00 1.171672344207763672e+00 1.171672344207763672e+00 -1.058304548263549805e+00 -1.058304548263549805e+00 -1.058304548263549805e+00 -1.058304548263549805e+00 -1.058304548263549805e+00 -1.058304548263549805e+00 -1.058304548263549805e+00 -1.058304548263549805e+00 -1.058304548263549805e+00 -1.058304548263549805e+00 -1.058304548263549805e+00 -1.058304548263549805e+00 -1.058304548263549805e+00 -1.058304548263549805e+00 -3.288281440734863281e+00 -1.058304548263549805e+00 -1.058304548263549805e+00 -1.058304548263549805e+00 -1.058304548263549805e+00 -1.058304548263549805e+00 -1.058304548263549805e+00 -1.058304548263549805e+00 -1.058304548263549805e+00 -1.058304548263549805e+00 -1.058304548263549805e+00 -1.058304548263549805e+00 -1.058304548263549805e+00 -1.058304548263549805e+00 -1.058304548263549805e+00 1.171672344207763672e+00 1.171672344207763672e+00 1.171672344207763672e+00 1.171672344207763672e+00 1.171672344207763672e+00 1.171672344207763672e+00 -1.058304548263549805e+00 -1.058304548263549805e+00 -1.058304548263549805e+00 1.171672344207763672e+00 -1.058304548263549805e+00 -1.058304548263549805e+00 1.171672344207763672e+00 1.171672344207763672e+00 1.171672344207763672e+00 1.171672344207763672e+00 1.171672344207763672e+00 1.171672344207763672e+00 1.171672344207763672e+00 1.171672344207763672e+00 1.171672344207763672e+00 1.171672344207763672e+00 1.171672344207763672e+00 1.171672344207763672e+00 1.171672344207763672e+00 1.171672344207763672e+00 -1.058304548263549805e+00 1.171672344207763672e+00 1.171672344207763672e+00 1.171672344207763672e+00 1.171672344207763672e+00 1.171672344207763672e+00 1.171672344207763672e+00 1.171672344207763672e+00 1.171672344207763672e+00 1.171672344207763672e+00 1.171672344207763672e+00 1.171672344207763672e+00 1.171672344207763672e+00 1.171672344207763672e+00 1.171672344207763672e+00 1.171672344207763672e+00 -1.058304548263549805e+00
-1.058304548263549805e+00 -1.058304548263549805e+00 -1.058304548263549805e+00 -1.058304548263549805e+00 1.171672344207763672e+00 1.171672344207763672e+00 -1.058304548263549805e+00 -1.058304548263549805e+00 1.171672344207763672e+00 1.171672344207763672e+00 1.171672344207763672e+00 -1.058304548263549805e+00 -1.058304548263549805e+00 -1.058304548263549805e+00 -1.058304548263549805e+00 -1.058304548263549805e+00 1.171672344207763672e+00 1.171672344207763672e+00 1.171672344207763672e+00 1.171672344207763672e+00 1.171672344207763672e+00 1.171672344207763672e+00 1.171672344207763672e+00 1.171672344207763672e+00 1.171672344207763672e+00 1.171672344207763672e+00 1.171672344207763672e+00 1.171672344207763672e+00 1.171672344207763672e+00 1.171672344207763672e+00 1.171672344207763672e+00 1.171672344207763672e+00 1.171672344207763672e+00 1.171672344207763672e+00 1.171672344207763672e+00 1.171672344207763672e+00 1.171672344207763672e+00 -1.058304548263549805e+00 -1.058304548263549805e+00 -3.288281440734863281e+00 -1.058304548263549805e+00 -1.058304548263549805e+00 -1.058304548263549805e+00 1.171672344207763672e+00 1.171672344207763672e+00 1.171672344207763672e+00 1.171672344207763672e+00 -1.058304548263549805e+00 1.171672344207763672e+00 1.171672344207763672e+00 1.171672344207763672e+00 1.171672344207763672e+00 -1.058304548263549805e+00 1.171672344207763672e+00 -1.058304548263549805e+00 -1.058304548263549805e+00 -1.058304548263549805e+00 1.171672344207763672e+00 -1.058304548263549805e+00 1.171672344207763672e+00 -1.058304548263549805e+00 1.171672344207763672e+00 1.171672344207763672e+00 -1.058304548263549805e+00 1.171672344207763672e+00 1.171672344207763672e+00 1.171672344207763672e+00 1.171672344207763672e+00 -1.058304548263549805e+00 -1.058304548263549805e+00 -1.058304548263549805e+00 -1.058304548263549805e+00 -1.058304548263549805e+00 -1.058304548263549805e+00 -1.058304548263549805e+00 1.171672344207763672e+00 1.171672344207763672e+00 1.171672344207763672e+00 -1.058304548263549805e+00 1.171672344207763672e+00 1.171672344207763672e+00 1.171672344207763672e+00 1.171672344207763672e+00 1.171672344207763672e+00 1.171672344207763672e+00 -1.058304548263549805e+00 -1.058304548263549805e+00 -1.058304548263549805e+00 -1.058304548263549805e+00 -1.058304548263549805e+00 -1.058304548263549805e+00 1.171672344207763672e+00 1.171672344207763672e+00 1.171672344207763672e+00 1.171672344207763672e+00 1.171672344207763672e+00 1.171672344207763672e+00 1.171672344207763672e+00 1.171672344207763672e+00 1.171672344207763672e+00 1.171672344207763672e+00 1.171672344207763672e+00 1.171672344207763672e+00 1.171672344207763672e+00 1.171672344207763672e+00 -1.058304548263549805e+00 1.171672344207763672e+00 1.171672344207763672e+00 -1.058304548263549805e+00 1.171672344207763672e+00 1.171672344207763672e+00 1.171672344207763672e+00 1.171672344207763672e+00 -1.058304548263549805e+00 -1.058304548263549805e+00 -1.058304548263549805e+00 -1.058304548263549805e+00 1.171672344207763672e+00 -1.058304548263549805e+00 1.171672344207763672e+00 1.171672344207763672e+00 -1.058304548263549805e+00 -1.058304548263549805e+00 -1.058304548263549805e+00 -1.058304548263549805e+00 -1.058304548263549805e+00 -1.058304548263549805e+00 1.171672344207763672e+00
-1.058304548263549805e+00 -1.058304548263549805e+00 -1.058304548263549805e+00 -1.058304548263549805e+00 1.171672344207763672e+00 1.171672344207763672e+00 1.171672344207763672e+00 1.171672344207763672e+00 1.171672344207763672e+00 1.171672344207763672e+00 -1.058304548263549805e+00 -1.058304548263549805e+00 -1.058304548263549805e+00 -1.058304548263549805e+00 -1.058304548263549805e+00 -1.058304548263549805e+00 1.171672344207763672e+00 1.171672344207763672e+00 1.171672344207763672e+00 1.171672344207763672e+00 1.171672344207763672e+00 1.171672344207763672e+00 1.171672344207763672e+00 1.171672344207763672e+00 1.171672344207763672e+00 1.171672344207763672e+00 1.171672344207763672e+00 1.171672344207763672e+00 1.171672344207763672e+00 1.171672344207763672e+00 -1.058304548263549805e+00 -1.058304548263549805e+00 -1.058304548263549805e+00 1.171672344207763672e+00 1.171672344207763672e+00 1.171672344207763672e+00 1.171672344207763672e+00 1.171672344207763672e+00 1.171672344207763672e+00 1.171672344207763672e+00 -1.058304548263549805e+00 -1.058304548263549805e+00 -1.058304548263549805e+00 -1.058304548263549805e+00 -1.058304548263549805e+00 -1.058304548263549805e+00 -1.058304548263549805e+00 -1.058304548263549805e+00 -1.058304548263549805e+00 1.171672344207763672e+00 1.171672344207763672e+00 1.171672344207763672e+00 1.171672344207763672e+00 1.171672344207763672e+00 1.171672344207763672e+00 1.171672344207763672e+00 1.171672344207763672e+00 1.171672344207763672e+00 1.171672344207763672e+00 -1.058304548263549805e+00 -1.058304548263549805e+00 -1.058304548263549805e+00 -1.058304548263549805e+00 -1.058304548263549805e+00 -1.058304548263549805e+00 1.171672344207763672e+00 1.171672344207763672e+00 1.171672344207763672e+00 1.171672344207763672e+00 1.171672344207763672e+00 1.171672344207763672e+00 1.171672344207763672e+00 1.171672344207763672e+00 1.171672344207763672e+00 1.171672344207763672e+00 -1.058304548263549805e+00 -1.058304548263549805e+00 -1.058304548263549805e+00 -1.058304548263549805e+00 -1.058304548263549805e+00 -1.058304548263549805e+00 1.171672344207763672e+00 1.171672344207763672e+00 1.171672344207763672e+00 1.171672344207763672e+00 1.171672344207763672e+00 1.171672344207763672e+00 1.171672344207763672e+00 1.171672344207763672e+00 -1.058304548263549805e+00 -1.058304548263549805e+00 -1.058304548263549805e+00 -1.058304548263549805e+00 -1.058304548263549805e+00 -1.058304548263549805e+00 -1.058304548263549805e+00 -1.058304548263549805e+00 -1.058304548263549805e+00 -1.058304548263549805e+00 -1.058304548263549805e+00 -1.058304548263549805e+00 -1.058304548263549805e+00 -1.058304548263549805e+00 -1.058304548263549805e+00 -1.058304548263549805e+00 -1.058304548263549805e+00 -1.058304548263549805e+00 -1.058304548263549805e+00 -1.058304548263549805e+00 -1.058304548263549805e+00 -1.058304548263549805e+00 -1.058304548263549805e+00 -1.058304548263549805e+00 -1.058304548263549805e+00 -1.058304548263549805e+00 -1.058304548263549805e+00 -1.058304548263549805e+00 -1.058304548263549805e+00 -1.058304548263549805e+00 -1.058304548263549805e+00 -1.058304548263549805e+00 -1.058304548263549805e+00 -1.058304548263549805e+00 -1.058304548263549805e+00 -1.058304548263549805e+00 -1.058304548263549805e+00 -1.058304548263549805e+00 -1.058304548263549805e+00
1.171672344207763672e+00 -1.058304548263549805e+00 1.171672344207763672e+00 1.171672344207763672e+00 1.171672344207763672e+00 1.171672344207763672e+00 1.171672344207763672e+00 1.171672344207763672e+00 1.171672344207763672e+00 1.171672344207763672e+00 1.171672344207763672e+00 1.171672344207763672e+00 1.171672344207763672e+00 1.171672344207763672e+00 -1.058304548263549805e+00 -1.058304548263549805e+00 -1.058304548263549805e+00 -1.058304548263549805e+00 1.171672344207763672e+00 1.171672344207763672e+00 1.171672344207763672e+00 1.171672344207763672e+00 1.171672344207763672e+00 1.171672344207763672e+00 1.171672344207763672e+00 1.171672344207763672e+00 1.171672344207763672e+00 1.171672344207763672e+00 1.171672344207763672e+00 1.171672344207763672e+00 -1.058304548263549805e+00 -1.058304548263549805e+00 -1.058304548263549805e+00 -1.058304548263549805e+00 -1.058304548263549805e+00 -1.058304548263549805e+00 -1.058304548263549805e+00 1.171672344207763672e+00 1.171672344207763672e+00 -1.058304548263549805e+00 -1.058304548263549805e+00 -1.058304548263549805e+00 -1.058304548263549805e+00 -1.058304548263549805e+00 -1.058304548263549805e+00 1.171672344207763672e+00 1.171672344207763672e+00 1.171672344207763672e+00 -1.058304548263549805e+00 -1.058304548263549805e+00 -1.058304548263549805e+00 -1.058304548263549805e+00 -1.058304548263549805e+00 -3.288281440734863281e+00 -3.288281440734863281e+00 -3.288281440734863281e+00 -1.058304548263549805e+00 -1.058304548263549805e+00 1.171672344207763672e+00 1.171672344207763672e+00 1.171672344207763672e+00 1.171672344207763672e+00 1.171672344207763672e+00 1.171672344207763672e+00 -1.058304548263549805e+00 -1.058304548263549805e+00 -1.058304548263549805e+00 -1.058304548263549805e+00 -1.058304548263549805e+00 1.171672344207763672e+00 1.171672344207763672e+00 -1.058304548263549805e+00 -1.058304548263549805e+00 -1.058304548263549805e+00 1.171672344207763672e+00 1.171672344207763672e+00 1.171672344207763672e+00 1.171672344207763672e+00 1.171672344207763672e+00 1.171672344207763672e+00 -1.058304548263549805e+00 -1.058304548263549805e+00 -1.058304548263549805e+00 -1.058304548263549805e+00 -1.058304548263549805e+00 1.171672344207763672e+00 1.171672344207763672e+00 1.171672344207763672e+00 -1.058304548263549805e+00 -1.058304548263549805e+00 -1.058304548263549805e+00 -1.058304548263549805e+00 1.171672344207763672e+00 1.171672344207763672e+00 1.171672344207763672e+00 1.171672344207763672e+00 1.171672344207763672e+00 1.171672344207763672e+00 1.171672344207763672e+00 1.171672344207763672e+00 1.171672344207763672e+00 1.171672344207763672e+00 1.171672344207763672e+00 1.171672344207763672e+00 1.171672344207763672e+00 1.171672344207763672e+00 1.171672344207763672e+00 1.171672344207763672e+00 1.171672344207763672e+00 -1.058304548263549805e+00 -1.058304548263549805e+00 -1.058304548263549805e+00 1.171672344207763672e+00 1.171672344207763672e+00 1.171672344207763672e+00 1.171672344207763672e+00 1.171672344207763672e+00 1.171672344207763672e+00 1.171672344207763672e+00 1.171672344207763672e+00 -1.058304548263549805e+00 -1.058304548263549805e+00 -1.058304548263549805e+00 1.171672344207763672e+00 1.171672344207763672e+00 1.171672344207763672e+00 1.171672344207763672e+00 -1.058304548263549805e+00
-1.058304548263549805e+00 -1.058304548263549805e+00 -1.058304548263549805e+00 -1.058304548263549805e+00 -1.058304548263549805e+00 1.171672344207763672e+00 -1.058304548263549805e+00 1.171672344207763672e+00 1.171672344207763672e+00 1.171672344207763672e+00 1.171672344207763672e+00 1.171672344207763672e+00 1.171672344207763672e+00 -1.058304548263549805e+00 -1.058304548263549805e+00 -1.058304548263549805e+00 -1.058304548263549805e+00 -1.058304548263549805e+00 -1.058304548263549805e+00 1.171672344207763672e+00 1.171672344207763672e+00 1.171672344207763672e+00 1.171672344207763672e+00 1.171672344207763672e+00 1.171672344207763672e+00 1.171672344207763672e+00 1.171672344207763672e+00 1.171672344207763672e+00 1.171672344207763672e+00 1.171672344207763672e+00 1.171672344207763672e+00 1.171672344207763672e+00 -1.058304548263549805e+00 -1.058304548263549805e+00 -1.058304548263549805e+00 -1.058304548263549805e+00 -1.058304548263549805e+00 -1.058304548263549805e+00 -1.058304548263549805e+00 -1.058304548263549805e+00 -1.058304548263549805e+00 1.171672344207763672e+00 1.171672344207763672e+00 1.171672344207763672e+00 1.171672344207763672e+00 1.171672344207763672e+00 1.171672344207763672e+00 1.171672344207763672e+00 -1.058304548263549805e+00 -1.058304548263549805e+00 -1.058304548263549805e+00 -1.058304548263549805e+00 -1.058304548263549805e+00 -1.058304548263549805e+00 -1.058304548263549805e+00 1.171672344207763672e+00 1.171672344207763672e+00 1.171672344207763672e+00 1.171672344207763672e+00 1.171672344207763672e+00 1.171672344207763672e+00 1.171672344207763672e+00 1.171672344207763672e+00 1.171672344207763672e+00 -1.058304548263549805e+00 -1.058304548263549805e+00 -1.058304548263549805e+00 -1.058304548263549805e+00 -1.058304548263549805e+00 -1.058304548263549805e+00 1.171672344207763672e+00 1.171672344207763672e+00 1.171672344207763672e+00 1.171672344207763672e+00 1.171672344207763672e+00 1.171672344207763672e+00 1.171672344207763672e+00 1.171672344207763672e+00 1.171672344207763672e+00 1.171672344207763672e+00 -1.058304548263549805e+00 -1.058304548263549805e+00 -1.058304548263549805e+00 -1.058304548263549805e+00 -1.058304548263549805e+00 -1.058304548263549805e+00 1.171672344207763672e+00 1.171672344207763672e+00 1.171672344207763672e+00 1.171672344207763672e+00 1.171672344207763672e+00 1.171672344207763672e+00 1.171672344207763672e+00 1.171672344207763672e+00 1.171672344207763672e+00 1.171672344207763672e+00 -1.058304548263549805e+00 -1.058304548263549805e+00 -1.058304548263549805e+00 -1.058304548263549805e+00 -1.058304548263549805e+00 -1.058304548263549805e+00 -1.058304548263549805e+00 -1.058304548263549805e+00 -1.058304548263549805e+00 -1.058304548263549805e+00 -1.058304548263549805e+00 -1.058304548263549805e+00 -1.058304548263549805e+00 -1.058304548263549805e+00 -1.058304548263549805e+00 -1.058304548263549805e+00 -1.058304548263549805e+00 -1.058304548263549805e+00 -1.058304548263549805e+00 -1.058304548263549805e+00 -1.058304548263549805e+00 -1.058304548263549805e+00 -1.058304548263549805e+00 -1.058304548263549805e+00 -1.058304548263549805e+00 -1.058304548263549805e+00 -1.058304548263549805e+00 -1.058304548263549805e+00 -1.058304548263549805e+00 -1.058304548263549805e+00 -1.058304548263549805e+00 -1.058304548263549805e+00
1.171672344207763672e+00 1.171672344207763672e+00 1.171672344207763672e+00 1.171672344207763672e+00 1.171672344207763672e+00 1.171672344207763672e+00 1.171672344207763672e+00 1.171672344207763672e+00 1.171672344207763672e+00 1.171672344207763672e+00 1.171672344207763672e+00 1.171672344207763672e+00 1.171672344207763672e+00 1.171672344207763672e+00 1.171672344207763672e+00 1.171672344207763672e+00 1.171672344207763672e+00 1.171672344207763672e+00 1.171672344207763672e+00 -1.058304548263549805e+00 -1.058304548263549805e+00 1.171672344207763672e+00 1.171672344207763672e+00 1.171672344207763672e+00 1.171672344207763672e+00 -1.058304548263549805e+00 1.171672344207763672e+00 1.171672344207763672e+00 1.171672344207763672e+00 1.171672344207763672e+00 1.171672344207763672e+00 1.171672344207763672e+00 1.171672344207763672e+00 1.171672344207763672e+00 -1.058304548263549805e+00 -1.058304548263549805e+00 -1.058304548263549805e+00 -1.058304548263549805e+00 -1.058304548263549805e+00 -3.288281440734863281e+00 -3.288281440734863281e+00 -3.288281440734863281e+00 -1.058304548263549805e+00 -1.058304548263549805e+00 -1.058304548263549805e+00 -1.058304548263549805e+00 -1.058304548263549805e+00 -1.058304548263549805e+00 1.171672344207763672e+00 -1.058304548263549805e+00 -1.058304548263549805e+00 -1.058304548263549805e+00 -1.058304548263549805e+00 -1.058304548263549805e+00 -1.058304548263549805e+00 -1.058304548263549805e+00 -1.058304548263549805e+00 -1.058304548263549805e+00 -1.058304548263549805e+00 -1.058304548263549805e+00 -1.058304548263549805e+00 -1.058304548263549805e+00 -1.058304548263549805e+00 -1.058304548263549805e+00 1.171672344207763672e+00 -1.058304548263549805e+00 -1.058304548263549805e+00 -1.058304548263549805e+00 1.171672344207763672e+00 1.171672344207763672e+00 1.171672344207763672e+00 -1.058304548263549805e+00 -1.058304548263549805e+00 1.171672344207763672e+00 1.171672344207763672e+00 1.171672344207763672e+00 -1.058304548263549805e+00 -1.058304548263549805e+00 -1.058304548263549805e+00 -1.058304548263549805e+00 -1.058304548263549805e+00 -1.058304548263549805e+00 1.171672344207763672e+00 1.171672344207763672e+00 -1.058304548263549805e+00 -1.058304548263549805e+00 1.171672344207763672e+00 1.171672344207763672e+00 1.171672344207763672e+00 1.171672344207763672e+00 1.171672344207763672e+00 1.171672344207763672e+00 -1.058304548263549805e+00 -1.058304548263549805e+00 -1.058304548263549805e+00 -1.058304548263549805e+00 -1.058304548263549805e+00 1.171672344207763672e+00 1.171672344207763672e+00 1.171672344207763672e+00 1.171672344207763672e+00 1.171672344207763672e+00 1.171672344207763672e+00 1.171672344207763672e+00 1.171672344207763672e+00 1.171672344207763672e+00 1.171672344207763672e+00 1.171672344207763672e+00 1.171672344207763672e+00 1.171672344207763672e+00 1.171672344207763672e+00 1.171672344207763672e+00 -1.058304548263549805e+00 -1.058304548263549805e+00 -1.058304548263549805e+00 -1.058304548263549805e+00 -1.058304548263549805e+00 1.171672344207763672e+00 1.171672344207763672e+00 1.171672344207763672e+00 1.171672344207763672e+00 1.171672344207763672e+00 1.171672344207763672e+00 1.171672344207763672e+00 1.171672344207763672e+00 1.171672344207763672e+00 1.171672344207763672e+00 1.171672344207763672e+00
1.171672344207763672e+00 1.171672344207763672e+00 1.171672344207763672e+00 1.171672344207763672e+00 1.171672344207763672e+00 1.171672344207763672e+00 1.171672344207763672e+00 1.171672344207763672e+00 1.171672344207763672e+00 1.171672344207763672e+00 1.171672344207763672e+00 1.171672344207763672e+00 1.171672344207763672e+00 1.171672344207763672e+00 -1.058304548263549805e+00 -1.058304548263549805e+00 1.171672344207763672e+00 1.171672344207763672e+00 1.171672344207763672e+00 1.171672344207763672e+00 1.171672344207763672e+00 1.171672344207763672e+00 1.171672344207763672e+00 1.171672344207763672e+00 1.171672344207763672e+00 1.171672344207763672e+00 1.171672344207763672e+00 1.171672344207763672e+00 1.171672344207763672e+00 1.171672344207763672e+00 1.171672344207763672e+00 -1.058304548263549805e+00 -1.058304548263549805e+00 -1.058304548263549805e+00 -1.058304548263549805e+00 -1.058304548263549805e+00 -1.058304548263549805e+00 -1.058304548263549805e+00 -1.058304548263549805e+00 -1.058304548263549805e+00 -1.058304548263549805e+00 1.171672344207763672e+00 1.171672344207763672e+00 -1.058304548263549805e+00 -1.058304548263549805e+00 -1.058304548263549805e+00 1.171672344207763672e+00 1.171672344207763672e+00 1.171672344207763672e+00 -1.058304548263549805e+00 -1.058304548263549805e+00 -1.058304548263549805e+00 -1.058304548263549805e+00 -1.058304548263549805e+00 -1.058304548263549805e+00 -1.058304548263549805e+00 -1.058304548263549805e+00 1.171672344207763672e+00 1.171672344207763672e+00 -1.058304548263549805e+00 -1.058304548263549805e+00 -1.058304548263549805e+00 -1.058304548263549805e+00 1.171672344207763672e+00 1.171672344207763672e+00 -1.058304548263549805e+00 -1.058304548263549805e+00 -1.058304548263549805e+00 -1.058304548263549805e+00 1.171672344207763672e+00 1.171672344207763672e+00 -1.058304548263549805e+00 -1.058304548263549805e+00 -1.058304548263549805e+00 -1.058304548263549805e+00 -1.058304548263549805e+00 -1.058304548263549805e+00 -1.058304548263549805e+00 -1.058304548263549805e+00 -1.058304548263549805e+00 1.171672344207763672e+00 1.171672344207763672e+00 -1.058304548263549805e+00 -1.058304548263549805e+00 -1.058304548263549805e+00 -1.058304548263549805e+00 1.171672344207763672e+00 -1.058304548263549805e+00 -1.058304548263549805e+00 -1.058304548263549805e+00 -1.058304548263549805e+00 -1.058304548263549805e+00 -1.058304548263549805e+00 -1.058304548263549805e+00 -1.058304548263549805e+00 -1.058304548263549805e+00 1.171672344207763672e+00 1.171672344207763672e+00 1.171672344207763672e+00 1.171672344207763672e+00 1.171672344207763672e+00 1.171672344207763672e+00 1.171672344207763672e+00 1.171672344207763672e+00 1.171672344207763672e+00 1.171672344207763672e+00 1.171672344207763672e+00 1.171672344207763672e+00 1.171672344207763672e+00 -1.058304548263549805e+00 -1.058304548263549805e+00 -1.058304548263549805e+00 1.171672344207763672e+00 1.171672344207763672e+00 1.171672344207763672e+00 1.171672344207763672e+00 1.171672344207763672e+00 1.171672344207763672e+00 1.171672344207763672e+00 1.171672344207763672e+00 1.171672344207763672e+00 1.171672344207763672e+00 1.171672344207763672e+00 1.171672344207763672e+00 1.171672344207763672e+00 1.171672344207763672e+00 1.171672344207763672e+00 1.171672344207763672e+00
1.171672344207763672e+00 1.171672344207763672e+00 1.171672344207763672e+00 -1.058304548263549805e+00 1.171672344207763672e+00 -1.058304548263549805e+00 -1.058304548263549805e+00 -1.058304548263549805e+00 -1.058304548263549805e+00 -1.058304548263549805e+00 -1.058304548263549805e+00 1.171672344207763672e+00 1.171672344207763672e+00 1.171672344207763672e+00 1.171672344207763672e+00 1.171672344207763672e+00 -1.058304548263549805e+00 -1.058304548263549805e+00 -1.058304548263549805e+00 -1.058304548263549805e+00 -1.058304548263549805e+00 -1.058304548263549805e+00 -1.058304548263549805e+00 -1.058304548263549805e+00 -1.058304548263549805e+00 -1.058304548263549805e+00 -1.058304548263549805e+00 -1.058304548263549805e+00 -1.058304548263549805e+00 -1.058304548263549805e+00 1.171672344207763672e+00 1.171672344207763672e+00 -1.058304548263549805e+00 -1.058304548263549805e+00 -1.058304548263549805e+00 -1.058304548263549805e+00 -1.058304548263549805e+00 -1.058304548263549805e+00 1.171672344207763672e+00 1.171672344207763672e+00 1.171672344207763672e+00 1.171672344207763672e+00 1.171672344207763672e+00 -1.058304548263549805e+00 -1.058304548263549805e+00 -1.058304548263549805e+00 -1.058304548263549805e+00 -1.058304548263549805e+00 -1.058304548263549805e+00 -1.058304548263549805e+00 -1.058304548263549805e+00 -1.058304548263549805e+00 -1.058304548263549805e+00 -1.058304548263549805e+00 -1.058304548263549805e+00 1.171672344207763672e+00 1.171672344207763672e+00 -1.058304548263549805e+00 -1.058304548263549805e+00 -1.058304548263549805e+00 -1.058304548263549805e+00 -1.058304548263549805e+00 -1.058304548263549805e+00 -1.058304548263549805e+00 -1.058304548263549805e+00 -1.058304548263549805e+00 -1.058304548263549805e+00 -1.058304548263549805e+00 -3.288281440734863281e+00 -1.058304548263549805e+00 -1.058304548263549805e+00 -1.058304548263549805e+00 -1.058304548263549805e+00 1.171672344207763672e+00 -1.058304548263549805e+00 -1.058304548263549805e+00 1.171672344207763672e+00 1.171672344207763672e+00 1.171672344207763672e+00 -1.058304548263549805e+00 -1.058304548263549805e+00 -1.058304548263549805e+00 -1.058304548263549805e+00 -1.058304548263549805e+00 -1.058304548263549805e+00 -1.058304548263549805e+00 1.171672344207763672e+00 1.171672344207763672e+00 1.171672344207763672e+00 1.171672344207763672e+00 1.171672344207763672e+00 1.171672344207763672e+00 1.171672344207763672e+00 1.171672344207763672e+00 1.171672344207763672e+00 -1.058304548263549805e+00 -1.058304548263549805e+00 1.171672344207763672e+00 1.171672344207763672e+00 1.171672344207763672e+00 1.171672344207763672e+00 1.171672344207763672e+00 1.171672344207763672e+00 1.171672344207763672e+00 1.171672344207763672e+00 1.171672344207763672e+00 1.171672344207763672e+00 1.171672344207763672e+00 1.171672344207763672e+00 1.171672344207763672e+00 1.171672344207763672e+00 1.171672344207763672e+00 -1.058304548263549805e+00 -1.058304548263549805e+00 -1.058304548263549805e+00 -1.058304548263549805e+00 -1.058304548263549805e+00 1.171672344207763672e+00 1.171672344207763672e+00 1.171672344207763672e+00 1.171672344207763672e+00 1.171672344207763672e+00 1.171672344207763672e+00 1.171672344207763672e+00 1.171672344207763672e+00 -1.058304548263549805e+00 -1.058304548263549805e+00 -1.058304548263549805e+00
1.171672344207763672e+00 1.171672344207763672e+00 1.171672344207763672e+00 -1.058304548263549805e+00 -1.058304548263549805e+00 -1.058304548263549805e+00 -1.058304548263549805e+00 -1.058304548263549805e+00 -1.058304548263549805e+00 -1.058304548263549805e+00 -1.058304548263549805e+00 -1.058304548263549805e+00 -1.058304548263549805e+00 1.171672344207763672e+00 1.171672344207763672e+00 1.171672344207763672e+00 1.171672344207763672e+00 1.171672344207763672e+00 -1.058304548263549805e+00 -1.058304548263549805e+00 -1.058304548263549805e+00 -1.058304548263549805e+00 -1.058304548263549805e+00 -1.058304548263549805e+00 -1.058304548263549805e+00 -1.058304548263549805e+00 -1.058304548263549805e+00 -1.058304548263549805e+00 -1.058304548263549805e+00 -1.058304548263549805e+00 1.171672344207763672e+00 1.171672344207763672e+00 -1.058304548263549805e+00 -1.058304548263549805e+00 1.171672344207763672e+00 -1.058304548263549805e+00 -1.058304548263549805e+00 1.171672344207763672e+00 1.171672344207763672e+00 1.171672344207763672e+00 1.171672344207763672e+00 -1.058304548263549805e+00 -1.058304548263549805e+00 -1.058304548263549805e+00 -1.058304548263549805e+00 -1.058304548263549805e+00 -1.058304548263549805e+00 -1.058304548263549805e+00 -1.058304548263549805e+00 -1.058304548263549805e+00 -1.058304548263549805e+00 -1.058304548263549805e+00 1.171672344207763672e+00 1.171672344207763672e+00 1.171672344207763672e+00 1.171672344207763672e+00 3.401649475097656250e+00 1.171672344207763672e+00 1.171672344207763672e+00 1.171672344207763672e+00 -1.058304548263549805e+00 -1.058304548263549805e+00 -1.058304548263549805e+00 -1.058304548263549805e+00 -1.058304548263549805e+00 -1.058304548263549805e+00 -1.058304548263549805e+00 -1.058304548263549805e+00 1.171672344207763672e+00 1.171672344207763672e+00 1.171672344207763672e+00 3.401649475097656250e+00 3.401649475097656250e+00 1.171672344207763672e+00 1.171672344207763672e+00 1.171672344207763672e+00 -1.058304548263549805e+00 -1.058304548263549805e+00 -1.058304548263549805e+00 -1.058304548263549805e+00 -1.058304548263549805e+00 -1.058304548263549805e+00 -1.058304548263549805e+00 -1.058304548263549805e+00 1.171672344207763672e+00 1.171672344207763672e+00 -1.058304548263549805e+00 -1.058304548263549805e+00 -1.058304548263549805e+00 -1.058304548263549805e+00 -1.058304548263549805e+00 -1.058304548263549805e+00 -1.058304548263549805e+00 -1.058304548263549805e+00 -1.058304548263549805e+00 1.171672344207763672e+00 1.171672344207763672e+00 1.171672344207763672e+00 -1.058304548263549805e+00 -1.058304548263549805e+00 -1.058304548263549805e+00 -1.058304548263549805e+00 -1.058304548263549805e+00 -1.058304548263549805e+00 -1.058304548263549805e+00 -1.058304548263549805e+00 -1.058304548263549805e+00 -1.058304548263549805e+00 -1.058304548263549805e+00 -1.058304548263549805e+00 -1.058304548263549805e+00 -1.058304548263549805e+00 1.171672344207763672e+00 1.171672344207763672e+00 1.171672344207763672e+00 1.171672344207763672e+00 1.171672344207763672e+00 -1.058304548263549805e+00 -1.058304548263549805e+00 -1.058304548263549805e+00 -1.058304548263549805e+00 -1.058304548263549805e+00 -1.058304548263549805e+00 -1.058304548263549805e+00 -1.058304548263549805e+00 -1.058304548263549805e+00 -1.058304548263549805e+00 1.171672344207763672e+00
1.171672344207763672e+00 1.171672344207763672e+00 -1.058304548263549805e+00 -1.058304548263549805e+00 -1.058304548263549805e+00 -1.058304548263549805e+00 -1.058304548263549805e+00 -1.058304548263549805e+00 -1.058304548263549805e+00 -1.058304548263549805e+00 -1.058304548263549805e+00 1.171672344207763672e+00 1.171672344207763672e+00 1.171672344207763672e+00 1.171672344207763672e+00 1.171672344207763672e+00 1.171672344207763672e+00 -1.058304548263549805e+00 -1.058304548263549805e+00 -1.058304548263549805e+00 -1.058304548263549805e+00 -1.058304548263549805e+00 -1.058304548263549805e+00 -1.058304548263549805e+00 -1.058304548263549805e+00 -1.058304548263549805e+00 -1.058304548263549805e+00 -1.058304548263549805e+00 -1.058304548263549805e+00 -1.058304548263549805e+00 1.171672344207763672e+00 1.171672344207763672e+00 1.171672344207763672e+00 -1.058304548263549805e+00 -1.058304548263549805e+00 -1.058304548263549805e+00 1.171672344207763672e+00 1.171672344207763672e+00 1.171672344207763672e+00 1.171672344207763672e+00 1.171672344207763672e+00 1.171672344207763672e+00 1.171672344207763672e+00 1.171672344207763672e+00 -1.058304548263549805e+00 -1.058304548263549805e+00 -1.058304548263549805e+00 -1.058304548263549805e+00 1.171672344207763672e+00 -1.058304548263549805e+00 -1.058304548263549805e+00 -1.058304548263549805e+00 -1.058304548263549805e+00 1.171672344207763672e+00 -1.058304548263549805e+00 1.171672344207763672e+00 1.171672344207763672e+00 -1.058304548263549805e+00 -1.058304548263549805e+00 -1.058304548263549805e+00 -1.058304548263549805e+00 -1.058304548263549805e+00 -1.058304548263549805e+00 -1.058304548263549805e+00 1.171672344207763672e+00 -1.058304548263549805e+00 -1.058304548263549805e+00 -1.058304548263549805e+00 -1.058304548263549805e+00 -1.058304548263549805e+00 -1.058304548263549805e+00 -1.058304548263549805e+00 -1.058304548263549805e+00 -1.058304548263549805e+00 -1.058304548263549805e+00 1.171672344207763672e+00 1.171672344207763672e+00 1.171672344207763672e+00 1.171672344207763672e+00 1.171672344207763672e+00 1.171672344207763672e+00 1.171672344207763672e+00 -1.058304548263549805e+00 -1.058304548263549805e+00 -1.058304548263549805e+00 1.171672344207763672e+00 -1.058304548263549805e+00 -1.058304548263549805e+00 -3.288281440734863281e+00 -3.288281440734863281e+00 -1.058304548263549805e+00 -1.058304548263549805e+00 1.171672344207763672e+00 1.171672344207763672e+00 1.171672344207763672e+00 1.171672344207763672e+00 1.171672344207763672e+00 1.171672344207763672e+00 1.171672344207763672e+00 1.171672344207763672e+00 1.171672344207763672e+00 1.171672344207763672e+00 1.171672344207763672e+00 1.171672344207763672e+00 1.171672344207763672e+00 1.171672344207763672e+00 1.171672344207763672e+00 1.171672344207763672e+00 -1.058304548263549805e+00 -1.058304548263549805e+00 -1.058304548263549805e+00 -1.058304548263549805e+00 1.171672344207763672e+00 1.171672344207763672e+00 1.171672344207763672e+00 1.171672344207763672e+00 1.171672344207763672e+00 1.171672344207763672e+00 1.171672344207763672e+00 1.171672344207763672e+00 1.171672344207763672e+00 1.171672344207763672e+00 1.171672344207763672e+00 1.171672344207763672e+00 1.171672344207763672e+00 1.171672344207763672e+00 1.171672344207763672e+00 1.171672344207763672e+00
1.171672344207763672e+00 1.171672344207763672e+00 1.171672344207763672e+00 1.171672344207763672e+00 1.171672344207763672e+00 1.171672344207763672e+00 -1.058304548263549805e+00 -1.058304548263549805e+00 -1.058304548263549805e+00 -1.058304548263549805e+00 -1.058304548263549805e+00 -1.058304548263549805e+00 -1.058304548263549805e+00 1.171672344207763672e+00 -1.058304548263549805e+00 -1.058304548263549805e+00 1.171672344207763672e+00 -1.058304548263549805e+00 -1.058304548263549805e+00 -1.058304548263549805e+00 -1.058304548263549805e+00 -1.058304548263549805e+00 -1.058304548263549805e+00 -1.058304548263549805e+00 -1.058304548263549805e+00 -1.058304548263549805e+00 -1.058304548263549805e+00 -1.058304548263549805e+00 -1.058304548263549805e+00 -1.058304548263549805e+00 -1.058304548263549805e+00 1.171672344207763672e+00 -1.058304548263549805e+00 -1.058304548263549805e+00 -1.058304548263549805e+00 -1.058304548263549805e+00 1.171672344207763672e+00 1.171672344207763672e+00 1.171672344207763672e+00 1.171672344207763672e+00 1.171672344207763672e+00 1.171672344207763672e+00 1.171672344207763672e+00 1.171672344207763672e+00 1.171672344207763672e+00 1.171672344207763672e+00 1.171672344207763672e+00 1.171672344207763672e+00 -1.058304548263549805e+00 -1.058304548263549805e+00 -1.058304548263549805e+00 -1.058304548263549805e+00 -1.058304548263549805e+00 -1.058304548263549805e+00 -1.058304548263549805e+00 -1.058304548263549805e+00 -1.058304548263549805e+00 -1.058304548263549805e+00 1.171672344207763672e+00 1.171672344207763672e+00 1.171672344207763672e+00 1.171672344207763672e+00 1.171672344207763672e+00 1.171672344207763672e+00 1.171672344207763672e+00 1.171672344207763672e+00 1.171672344207763672e+00 1.171672344207763672e+00 1.171672344207763672e+00 -1.058304548263549805e+00 -1.058304548263549805e+00 -1.058304548263549805e+00 -1.058304548263549805e+00 -1.058304548263549805e+00 -1.058304548263549805e+00 -1.058304548263549805e+00 -1.058304548263549805e+00 -1.058304548263549805e+00 -1.058304548263549805e+00 -1.058304548263549805e+00 1.171672344207763672e+00 1.171672344207763672e+00 1.171672344207763672e+00 1.171672344207763672e+00 3.401649475097656250e+00 1.171672344207763672e+00 1.171672344207763672e+00 1.171672344207763672e+00 1.171672344207763672e+00 1.171672344207763672e+00 -1.058304548263549805e+00 -1.058304548263549805e+00 -1.058304548263549805e+00 -1.058304548263549805e+00 -1.058304548263549805e+00 -1.058304548263549805e+00 -1.058304548263549805e+00 -1.058304548263549805e+00 -1.058304548263549805e+00 -1.058304548263549805e+00 -1.058304548263549805e+00 -1.058304548263549805e+00 -1.058304548263549805e+00 -1.058304548263549805e+00 -1.058304548263549805e+00 -1.058304548263549805e+00 -1.058304548263549805e+00 -1.058304548263549805e+00 -1.058304548263549805e+00 -1.058304548263549805e+00 -1.058304548263549805e+00 -1.058304548263549805e+00 1.171672344207763672e+00 -1.058304548263549805e+00 -1.058304548263549805e+00 1.171672344207763672e+00 -1.058304548263549805e+00 -1.058304548263549805e+00 -1.058304548263549805e+00 -1.058304548263549805e+00 -1.058304548263549805e+00 -1.058304548263549805e+00 -1.058304548263549805e+00 -1.058304548263549805e+00 1.171672344207763672e+00 1.171672344207763672e+00 1.171672344207763672e+00 1.171672344207763672e+00
-1.058304548263549805e+00 -1.058304548263549805e+00 -1.058304548263549805e+00 -1.058304548263549805e+00 -1.058304548263549805e+00 -1.058304548263549805e+00 -1.058304548263549805e+00 -1.058304548263549805e+00 -1.058304548263549805e+00 -1.058304548263549805e+00 -1.058304548263549805e+00 -1.058304548263549805e+00 -1.058304548263549805e+00 -1.058304548263549805e+00 -1.058304548263549805e+00 -1.058304548263549805e+00 -1.058304548263549805e+00 -1.058304548263549805e+00 -1.058304548263549805e+00 -1.058304548263549805e+00 -1.058304548263549805e+00 -1.058304548263549805e+00 -1.058304548263549805e+00 -1.058304548263549805e+00 -1.058304548263549805e+00 -1.058304548263549805e+00 -1.058304548263549805e+00 -1.058304548263549805e+00 -1.058304548263549805e+00 -1.058304548263549805e+00 -1.058304548263549805e+00 -1.058304548263549805e+00 1.171672344207763672e+00 1.171672344207763672e+00 1.171672344207763672e+00 1.171672344207763672e+00 1.171672344207763672e+00 1.171672344207763672e+00 -1.058304548263549805e+00 -1.058304548263549805e+00 -1.058304548263549805e+00 -1.058304548263549805e+00 1.171672344207763672e+00 1.171672344207763672e+00 1.171672344207763672e+00 1.171672344207763672e+00 1.171672344207763672e+00 1.171672344207763672e+00 -1.058304548263549805e+00 1.171672344207763672e+00 1.171672344207763672e+00 1.171672344207763672e+00 3.401649475097656250e+00 1.171672344207763672e+00 -1.058304548263549805e+00 -1.058304548263549805e+00 -1.058304548263549805e+00 1.171672344207763672e+00 1.171672344207763672e+00 1.171672344207763672e+00 1.171672344207763672e+00 1.171672344207763672e+00 -1.058304548263549805e+00 -1.058304548263549805e+00 -1.058304548263549805e+00 -1.058304548263549805e+00 1.171672344207763672e+00 1.171672344207763672e+00 1.171672344207763672e+00 1.171672344207763672e+00 -1.058304548263549805e+00 -1.058304548263549805e+00 -1.058304548263549805e+00 1.171672344207763672e+00 1.171672344207763672e+00 1.171672344207763672e+00 1.171672344207763672e+00 1.171672344207763672e+00 -1.058304548263549805e+00 -1.058304548263549805e+00 1.171672344207763672e+00 1.171672344207763672e+00 1.171672344207763672e+00 1.171672344207763672e+00 1.171672344207763672e+00 -1.058304548263549805e+00 -1.058304548263549805e+00 -1.058304548263549805e+00 -1.058304548263549805e+00 -1.058304548263549805e+00 -1.058304548263549805e+00 1.171672344207763672e+00 -1.058304548263549805e+00 1.171672344207763672e+00 1.171672344207763672e+00 -1.058304548263549805e+00 1.171672344207763672e+00 1.171672344207763672e+00 1.171672344207763672e+00 1.171672344207763672e+00 1.171672344207763672e+00 1.171672344207763672e+00 1.171672344207763672e+00 1.171672344207763672e+00 1.171672344207763672e+00 1.171672344207763672e+00 1.171672344207763672e+00 1.171672344207763672e+00 1.171672344207763672e+00 1.171672344207763672e+00 1.171672344207763672e+00 1.171672344207763672e+00 -1.058304548263549805e+00 -1.058304548263549805e+00 1.171672344207763672e+00 1.171672344207763672e+00 1.171672344207763672e+00 1.171672344207763672e+00 1.171672344207763672e+00 1.171672344207763672e+00 1.171672344207763672e+00 1.171672344207763672e+00 1.171672344207763672e+00 1.171672344207763672e+00 -1.058304548263549805e+00 -1.058304548263549805e+00 -1.058304548263549805e+00 -1.058304548263549805e+00
-1.058304548263549805e+00 -1.058304548263549805e+00 -1.058304548263549805e+00 -1.058304548263549805e+00 1.171672344207763672e+00 1.171672344207763672e+00 1.171672344207763672e+00 1.171672344207763672e+00 1.171672344207763672e+00 1.171672344207763672e+00 1.171672344207763672e+00 1.171672344207763672e+00 1.171672344207763672e+00 1.171672344207763672e+00 -1.058304548263549805e+00 -1.058304548263549805e+00 -1.058304548263549805e+00 1.171672344207763672e+00 1.171672344207763672e+00 1.171672344207763672e+00 1.171672344207763672e+00 1.171672344207763672e+00 1.171672344207763672e+00 1.171672344207763672e+00 1.171672344207763672e+00 1.171672344207763672e+00 1.171672344207763672e+00 1.171672344207763672e+00 1.171672344207763672e+00 1.171672344207763672e+00 1.171672344207763672e+00 -1.058304548263549805e+00 -1.058304548263549805e+00 -1.058304548263549805e+00 -1.058304548263549805e+00 -1.058304548263549805e+00 -1.058304548263549805e+00 -1.058304548263549805e+00 -1.058304548263549805e+00 1.171672344207763672e+00 -1.058304548263549805e+00 -1.058304548263549805e+00 -1.058304548263549805e+00 -1.058304548263549805e+00 -1.058304548263549805e+00 -1.058304548263549805e+00 -1.058304548263549805e+00 -1.058304548263549805e+00 -1.058304548263549805e+00 -1.058304548263549805e+00 -1.058304548263549805e+00 -1.058304548263549805e+00 -1.058304548263549805e+00 1.171672344207763672e+00 1.171672344207763672e+00 1.171672344207763672e+00 1.171672344207763672e+00 1.171672344207763672e+00 1.171672344207763672e+00 -1.058304548263549805e+00 -1.058304548263549805e+00 -1.058304548263549805e+00 -1.058304548263549805e+00 -1.058304548263549805e+00 -1.058304548263549805e+00 -1.058304548263549805e+00 -1.058304548263549805e+00 -1.058304548263549805e+00 -1.058304548263549805e+00 1.171672344207763672e+00 1.171672344207763672e+00 1.171672344207763672e+00 3.401649475097656250e+00 1.171672344207763672e+00 1.171672344207763672e+00 -1.058304548263549805e+00 -1.058304548263549805e+00 -1.058304548263549805e+00 -1.058304548263549805e+00 -1.058304548263549805e+00 -1.058304548263549805e+00 -1.058304548263549805e+00 -1.058304548263549805e+00 -1.058304548263549805e+00 -1.058304548263549805e+00 1.171672344207763672e+00 1.171672344207763672e+00 1.171672344207763672e+00 1.171672344207763672e+00 1.171672344207763672e+00 -1.058304548263549805e+00 -1.058304548263549805e+00 -1.058304548263549805e+00 -1.058304548263549805e+00 -1.058304548263549805e+00 -1.058304548263549805e+00 -1.058304548263549805e+00 -1.058304548263549805e+00 -1.058304548263549805e+00 -1.058304548263549805e+00 -1.058304548263549805e+00 -1.058304548263549805e+00 -1.058304548263549805e+00 -1.058304548263549805e+00 -1.058304548263549805e+00 -1.058304548263549805e+00 -1.058304548263549805e+00 -1.058304548263549805e+00 -1.058304548263549805e+00 1.171672344207763672e+00 1.171672344207763672e+00 1.171672344207763672e+00 1.171672344207763672e+00 1.171672344207763672e+00 -1.058304548263549805e+00 -1.058304548263549805e+00 -1.058304548263549805e+00 -1.058304548263549805e+00 -1.058304548263549805e+00 -1.058304548263549805e+00 -1.058304548263549805e+00 -1.058304548263549805e+00 -1.058304548263549805e+00 1.171672344207763672e+00 1.171672344207763672e+00 1.171672344207763672e+00 1.171672344207763672e+00 1.171672344207763672e+00
-1.058304548263549805e+00 -1.058304548263549805e+00 -1.058304548263549805e+00 -1.058304548263549805e+00 -1.058304548263549805e+00 -1.058304548263549805e+00 1.171672344207763672e+00 1.171672344207763672e+00 1.171672344207763672e+00 1.171672344207763672e+00 1.171672344207763672e+00 1.171672344207763672e+00 1.171672344207763672e+00 1.171672344207763672e+00 -1.058304548263549805e+00 -1.058304548263549805e+00 -1.058304548263549805e+00 -1.058304548263549805e+00 1.171672344207763672e+00 1.171672344207763672e+00 1.171672344207763672e+00 1.171672344207763672e+00 1.171672344207763672e+00 1.171672344207763672e+00 1.171672344207763672e+00 1.171672344207763672e+00 1.171672344207763672e+00 1.171672344207763672e+00 1.171672344207763672e+00 1.171672344207763672e+00 -1.058304548263549805e+00 -1.058304548263549805e+00 -1.058304548263549805e+00 -1.058304548263549805e+00 -1.058304548263549805e+00 -1.058304548263549805e+00 -1.058304548263549805e+00 -1.058304548263549805e+00 -1.058304548263549805e+00 -1.058304548263549805e+00 -1.058304548263549805e+00 -1.058304548263549805e+00 -1.058304548263549805e+00 -1.058304548263549805e+00 -1.058304548263549805e+00 -1.058304548263549805e+00 -1.058304548263549805e+00 -1.058304548263549805e+00 1.171672344207763672e+00 1.171672344207763672e+00 1.171672344207763672e+00 -1.058304548263549805e+00 -1.058304548263549805e+00 -1.058304548263549805e+00 -1.058304548263549805e+00 1.171672344207763672e+00 1.171672344207763672e+00 -1.058304548263549805e+00 -1.058304548263549805e+00 -1.058304548263549805e+00 -1.058304548263549805e+00 -1.058304548263549805e+00 -1.058304548263549805e+00 1.171672344207763672e+00 1.171672344207763672e+00 1.171672344207763672e+00 1.171672344207763672e+00 1.171672344207763672e+00 -1.058304548263549805e+00 -3.288281440734863281e+00 -1.058304548263549805e+00 -1.058304548263549805e+00 -1.058304548263549805e+00 -1.058304548263549805e+00 -1.058304548263549805e+00 -1.058304548263549805e+00 -1.058304548263549805e+00 1.171672344207763672e+00 1.171672344207763672e+00 1.171672344207763672e+00 1.171672344207763672e+00 1.171672344207763672e+00 1.171672344207763672e+00 1.171672344207763672e+00 -1.058304548263549805e+00 -1.058304548263549805e+00 -3.288281440734863281e+00 -3.288281440734863281e+00 -1.058304548263549805e+00 -1.058304548263549805e+00 -1.058304548263549805e+00 -1.058304548263549805e+00 -1.058304548263549805e+00 1.171672344207763672e+00 1.171672344207763672e+00 1.171672344207763672e+00 1.171672344207763672e+00 1.171672344207763672e+00 1.171672344207763672e+00 1.171672344207763672e+00 1.171672344207763672e+00 1.171672344207763672e+00 1.171672344207763672e+00 1.171672344207763672e+00 1.171672344207763672e+00 1.171672344207763672e+00 1.171672344207763672e+00 1.171672344207763672e+00 1.171672344207763672e+00 1.171672344207763672e+00 1.171672344207763672e+00 1.171672344207763672e+00 1.171672344207763672e+00 1.171672344207763672e+00 1.171672344207763672e+00 1.171672344207763672e+00 1.171672344207763672e+00 1.171672344207763672e+00 1.171672344207763672e+00 1.171672344207763672e+00 1.171672344207763672e+00 1.171672344207763672e+00 1.171672344207763672e+00 1.171672344207763672e+00 1.171672344207763672e+00 1.171672344207763672e+00 1.171672344207763672e+00 1.171672344207763672e+00
-1.058304548263549805e+00 -1.058304548263549805e+00 -1.058304548263549805e+00 -1.058304548263549805e+00 -1.058304548263549805e+00 1.171672344207763672e+00 1.171672344207763672e+00 1.171672344207763672e+00 1.171672344207763672e+00 1.171672344207763672e+00 1.171672344207763672e+00 -1.058304548263549805e+00 -1.058304548263549805e+00 -1.058304548263549805e+00 -1.058304548263549805e+00 1.171672344207763672e+00 -1.058304548263549805e+00 -1.058304548263549805e+00 1.171672344207763672e+00 1.171672344207763672e+00 1.171672344207763672e+00 1.171672344207763672e+00 1.171672344207763672e+00 1.171672344207763672e+00 1.171672344207763672e+00 1.171672344207763672e+00 1.171672344207763672e+00 1.171672344207763672e+00 1.171672344207763672e+00 1.171672344207763672e+00 1.171672344207763672e+00 -1.058304548263549805e+00 -1.058304548263549805e+00 -1.058304548263549805e+00 -1.058304548263549805e+00 -1.058304548263549805e+00 -1.058304548263549805e+00 -1.058304548263549805e+00 1.171672344207763672e+00 1.171672344207763672e+00 1.171672344207763672e+00 1.171672344207763672e+00 -1.058304548263549805e+00 -1.058304548263549805e+00 -1.058304548263549805e+00 -1.058304548263549805e+00 -1.058304548263549805e+00 -1.058304548263549805e+00 -1.058304548263549805e+00 -1.058304548263549805e+00 -1.058304548263549805e+00 -1.058304548263549805e+00 -1.058304548263549805e+00 1.171672344207763672e+00 1.171672344207763672e+00 1.171672344207763672e+00 1.171672344207763672e+00 1.171672344207763672e+00 1.171672344207763672e+00 -1.058304548263549805e+00 -1.058304548263549805e+00 -1.058304548263549805e+00 -1.058304548263549805e+00 -1.058304548263549805e+00 1.171672344207763672e+00 -1.058304548263549805e+00 -1.058304548263549805e+00 -1.058304548263549805e+00 -1.058304548263549805e+00 1.171672344207763672e+00 1.171672344207763672e+00 -1.058304548263549805e+00 1.171672344207763672e+00 1.171672344207763672e+00 1.171672344207763672e+00 -1.058304548263549805e+00 -1.058304548263549805e+00 -1.058304548263549805e+00 1.171672344207763672e+00 -1.058304548263549805e+00 1.171672344207763672e+00 -1.058304548263549805e+00 -1.058304548263549805e+00 -1.058304548263549805e+00 -3.288281440734863281e+00 -3.288281440734863281e+00 -3.288281440734863281e+00 -3.288281440734863281e+00 -3.288281440734863281e+00 -3.288281440734863281e+00 -1.058304548263549805e+00 -1.058304548263549805e+00 -1.058304548263549805e+00 -1.058304548263549805e+00 -1.058304548263549805e+00 1.171672344207763672e+00 -1.058304548263549805e+00 1.171672344207763672e+00 1.171672344207763672e+00 1.171672344207763672e+00 1.171672344207763672e+00 1.171672344207763672e+00 1.171672344207763672e+00 -1.058304548263549805e+00 -1.058304548263549805e+00 -1.058304548263549805e+00 -1.058304548263549805e+00 -1.058304548263549805e+00 1.171672344207763672e+00 -1.058304548263549805e+00 -1.058304548263549805e+00 1.171672344207763672e+00 1.171672344207763672e+00 1.171672344207763672e+00 1.171672344207763672e+00 1.171672344207763672e+00 1.171672344207763672e+00 1.171672344207763672e+00 1.171672344207763672e+00 1.171672344207763672e+00 1.171672344207763672e+00 1.171672344207763672e+00 1.171672344207763672e+00 1.171672344207763672e+00 1.171672344207763672e+00 1.171672344207763672e+00 1.171672344207763672e+00 1.171672344207763672e+00
1.171672344207763672e+00 1.171672344207763672e+00 -1.058304548263549805e+00 -1.058304548263549805e+00 -1.058304548263549805e+00 1.171672344207763672e+00 -1.058304548263549805e+00 1.171672344207763672e+00 1.171672344207763672e+00 1.171672344207763672e+00 1.171672344207763672e+00 1.171672344207763672e+00 1.171672344207763672e+00 1.171672344207763672e+00 1.171672344207763672e+00 1.171672344207763672e+00 -1.058304548263549805e+00 -1.058304548263549805e+00 1.171672344207763672e+00 1.171672344207763672e+00 1.171672344207763672e+00 1.171672344207763672e+00 1.171672344207763672e+00 1.171672344207763672e+00 1.171672344207763672e+00 1.171672344207763672e+00 1.171672344207763672e+00 1.171672344207763672e+00 1.171672344207763672e+00 -1.058304548263549805e+00 -1.058304548263549805e+00 -1.058304548263549805e+00 1.171672344207763672e+00 1.171672344207763672e+00 -1.058304548263549805e+00 -1.058304548263549805e+00 -1.058304548263549805e+00 -1.058304548263549805e+00 -1.058304548263549805e+00 -3.288281440734863281e+00 -1.058304548263549805e+00 -1.058304548263549805e+00 -1.058304548263549805e+00 -1.058304548263549805e+00 -1.058304548263549805e+00 -1.058304548263549805e+00 -1.058304548263549805e+00 1.171672344207763672e+00 1.171672344207763672e+00 1.171672344207763672e+00 1.171672344207763672e+00 1.171672344207763672e+00 1.171672344207763672e+00 1.171672344207763672e+00 -1.058304548263549805e+00 -1.058304548263549805e+00 -1.058304548263549805e+00 -1.058304548263549805e+00 1.171672344207763672e+00 1.171672344207763672e+00 1.171672344207763672e+00 1.171672344207763672e+00 1.171672344207763672e+00 1.171672344207763672e+00 1.171672344207763672e+00 1.171672344207763672e+00 1.171672344207763672e+00 1.171672344207763672e+00 1.171672344207763672e+00 1.171672344207763672e+00 -1.058304548263549805e+00 -1.058304548263549805e+00 -1.058304548263549805e+00 -1.058304548263549805e+00 1.171672344207763672e+00 1.171672344207763672e+00 1.171672344207763672e+00 1.171672344207763672e+00 1.171672344207763672e+00 1.171672344207763672e+00 1.171672344207763672e+00 -1.058304548263549805e+00 -1.058304548263549805e+00 -1.058304548263549805e+00 -1.058304548263549805e+00 -1.058304548263549805e+00 -3.288281440734863281e+00 -3.288281440734863281e+00 -3.288281440734863281e+00 -1.058304548263549805e+00 -1.058304548263549805e+00 -1.058304548263549805e+00 -1.058304548263549805e+00 -1.058304548263549805e+00 1.171672344207763672e+00 1.171672344207763672e+00 -1.058304548263549805e+00 -1.058304548263549805e+00 -1.058304548263549805e+00 -1.058304548263549805e+00 1.171672344207763672e+00 1.171672344207763672e+00 1.171672344207763672e+00 1.171672344207763672e+00 1.171672344207763672e+00 -1.058304548263549805e+00 -1.058304548263549805e+00 -1.058304548263549805e+00 -1.058304548263549805e+00 -1.058304548263549805e+00 -1.058304548263549805e+00 -1.058304548263549805e+00 -1.058304548263549805e+00 -1.058304548263549805e+00 -1.058304548263549805e+00 -1.058304548263549805e+00 -1.058304548263549805e+00 1.171672344207763672e+00 -1.058304548263549805e+00 -1.058304548263549805e+00 -1.058304548263549805e+00 -1.058304548263549805e+00 -1.058304548263549805e+00 -1.058304548263549805e+00 -1.058304548263549805e+00 -1.058304548263549805e+00 1.171672344207763672e+00 1.171672344207763672e+00
-1.058304548263549805e+00 -1.058304548263549805e+00 1.171672344207763672e+00 1.171672344207763672e+00 1.171672344207763672e+00 1.171672344207763672e+00 1.171672344207763672e+00 1.171672344207763672e+00 1.171672344207763672e+00 1.171672344207763672e+00 1.171672344207763672e+00 1.171672344207763672e+00 1.171672344207763672e+00 -1.058304548263549805e+00 -1.058304548263549805e+00 -1.058304548263549805e+00 -1.058304548263549805e+00 -1.058304548263549805e+00 -1.058304548263549805e+00 1.171672344207763672e+00 1.171672344207763672e+00 1.171672344207763672e+00 1.171672344207763672e+00 1.171672344207763672e+00 1.171672344207763672e+00 1.171672344207763672e+00 1.171672344207763672e+00 1.171672344207763672e+00 1.171672344207763672e+00 -1.058304548263549805e+00 -1.058304548263549805e+00 -1.058304548263549805e+00 -1.058304548263549805e+00 -1.058304548263549805e+00 -1.058304548263549805e+00 -1.058304548263549805e+00 -1.058304548263549805e+00 -1.058304548263549805e+00 -1.058304548263549805e+00 -1.058304548263549805e+00 -1.058304548263549805e+00 -3.288281440734863281e+00 -1.058304548263549805e+00 -1.058304548263549805e+00 -1.058304548263549805e+00 -1.058304548263549805e+00 -1.058304548263549805e+00 1.171672344207763672e+00 -1.058304548263549805e+00 1.171672344207763672e+00 1.171672344207763672e+00 -1.058304548263549805e+00 -1.058304548263549805e+00 -1.058304548263549805e+00 -3.288281440734863281e+00 -1.058304548263549805e+00 -1.058304548263549805e+00 -1.058304548263549805e+00 -1.058304548263549805e+00 -1.058304548263549805e+00 1.171672344207763672e+00 1.171672344207763672e+00 1.171672344207763672e+00 -1.058304548263549805e+00 -1.058304548263549805e+00 1.171672344207763672e+00 1.171672344207763672e+00 1.171672344207763672e+00 1.171672344207763672e+00 -1.058304548263549805e+00 -1.058304548263549805e+00 -1.058304548263549805e+00 1.171672344207763672e+00 1.171672344207763672e+00 1.171672344207763672e+00 1.171672344207763672e+00 1.171672344207763672e+00 1.171672344207763672e+00 1.171672344207763672e+00 -1.058304548263549805e+00 1.171672344207763672e+00 1.171672344207763672e+00 1.171672344207763672e+00 1.171672344207763672e+00 1.171672344207763672e+00 1.171672344207763672e+00 -1.058304548263549805e+00 -1.058304548263549805e+00 1.171672344207763672e+00 1.171672344207763672e+00 1.171672344207763672e+00 1.171672344207763672e+00 1.171672344207763672e+00 1.171672344207763672e+00 1.171672344207763672e+00 1.171672344207763672e+00 1.171672344207763672e+00 1.171672344207763672e+00 1.171672344207763672e+00 1.171672344207763672e+00 1.171672344207763672e+00 1.171672344207763672e+00 1.171672344207763672e+00 1.171672344207763672e+00 1.171672344207763672e+00 1.171672344207763672e+00 1.171672344207763672e+00 1.171672344207763672e+00 1.171672344207763672e+00 1.171672344207763672e+00 1.171672344207763672e+00 1.171672344207763672e+00 -1.058304548263549805e+00 -1.058304548263549805e+00 -1.058304548263549805e+00 -1.058304548263549805e+00 -1.058304548263549805e+00 -1.058304548263549805e+00 -1.058304548263549805e+00 -1.058304548263549805e+00 1.171672344207763672e+00 -1.058304548263549805e+00 -1.058304548263549805e+00 -1.058304548263549805e+00 -1.058304548263549805e+00 -1.058304548263549805e+00 -1.058304548263549805e+00 1.171672344207763672e+00
-1.058304548263549805e+00 -1.058304548263549805e+00 -1.058304548263549805e+00 -1.058304548263549805e+00 -1.058304548263549805e+00 1.171672344207763672e+00 1.171672344207763672e+00 -1.058304548263549805e+00 -1.058304548263549805e+00 -1.058304548263549805e+00 -1.058304548263549805e+00 -1.058304548263549805e+00 -1.058304548263549805e+00 -1.058304548263549805e+00 -1.058304548263549805e+00 -1.058304548263549805e+00 -1.058304548263549805e+00 -1.058304548263549805e+00 -1.058304548263549805e+00 -1.058304548263549805e+00 -1.058304548263549805e+00 -1.058304548263549805e+00 -1.058304548263549805e+00 -1.058304548263549805e+00 -1.058304548263549805e+00 -1.058304548263549805e+00 -1.058304548263549805e+00 -1.058304548263549805e+00 -1.058304548263549805e+00 -1.058304548263549805e+00 1.171672344207763672e+00 1.171672344207763672e+00 1.171672344207763672e+00 1.171672344207763672e+00 1.171672344207763672e+00 1.171672344207763672e+00 1.171672344207763672e+00 1.171672344207763672e+00 1.171672344207763672e+00 1.171672344207763672e+00 1.171672344207763672e+00 -1.058304548263549805e+00 -1.058304548263549805e+00 -1.058304548263549805e+00 -1.058304548263549805e+00 -1.058304548263549805e+00 -1.058304548263549805e+00 -1.058304548263549805e+00 1.171672344207763672e+00 1.171672344207763672e+00 1.171672344207763672e+00 1.171672344207763672e+00 1.171672344207763672e+00 1.171672344207763672e+00 1.171672344207763672e+00 -1.058304548263549805e+00 -1.058304548263549805e+00 -1.058304548263549805e+00 -1.058304548263549805e+00 1.171672344207763672e+00 1.171672344207763672e+00 1.171672344207763672e+00 1.171672344207763672e+00 1.171672344207763672e+00 -1.058304548263549805e+00 1.171672344207763672e+00 1.171672344207763672e+00 1.171672344207763672e+00 1.171672344207763672e+00 -1.058304548263549805e+00 -1.058304548263549805e+00 -1.058304548263549805e+00 -1.058304548263549805e+00 1.171672344207763672e+00 1.171672344207763672e+00 1.171672344207763672e+00 1.171672344207763672e+00 1.171672344207763672e+00 1.171672344207763672e+00 1.171672344207763672e+00 -1.058304548263549805e+00 -1.058304548263549805e+00 -1.058304548263549805e+00 -1.058304548263549805e+00 1.171672344207763672e+00 -1.058304548263549805e+00 -1.058304548263549805e+00 1.171672344207763672e+00 1.171672344207763672e+00 1.171672344207763672e+00 1.171672344207763672e+00 1.171672344207763672e+00 1.171672344207763672e+00 1.171672344207763672e+00 1.171672344207763672e+00 1.171672344207763672e+00 -1.058304548263549805e+00 -1.058304548263549805e+00 -1.058304548263549805e+00 -1.058304548263549805e+00 -1.058304548263549805e+00 -1.058304548263549805e+00 -1.058304548263549805e+00 -1.058304548263549805e+00 -1.058304548263549805e+00 -1.058304548263549805e+00 -1.058304548263549805e+00 -1.058304548263549805e+00 -1.058304548263549805e+00 -1.058304548263549805e+00 -1.058304548263549805e+00 -1.058304548263549805e+00 -1.058304548263549805e+00 -1.058304548263549805e+00 -1.058304548263549805e+00 -1.058304548263549805e+00 -1.058304548263549805e+00 -1.058304548263549805e+00 -1.058304548263549805e+00 -1.058304548263549805e+00 -1.058304548263549805e+00 -1.058304548263549805e+00 -1.058304548263549805e+00 -1.058304548263549805e+00 -1.058304548263549805e+00 -1.058304548263549805e+00 -1.058304548263549805e+00 -1.058304548263549805e+00
