2.662421762943267822e-01 4.919856786727905273e-01 6.202318668365478516e-01 7.529746890068054199e-01 6.748972535133361816e-01 4.032610952854156494e-01 -6.102573871612548828e-02 -5.334329009056091309e-01 -6.215968728065490723e-01 -5.360704660415649414e-01 -4.692241847515106201e-01 -1.373342573642730713e-01 -1.243906021118164062e-01 -3.750247880816459656e-02 1.270390152931213379e-01 1.956457793712615967e-01 7.295562028884887695e-01 6.055162549018859863e-01 3.423999845981597900e-01 5.593516677618026733e-02 -1.818000674247741699e-01 -3.192518055438995361e-01 -1.664932221174240112e-01 -3.964849710464477539e-01 -6.848007440567016602e-01 -7.721141576766967773e-01 -6.942710876464843750e-01 -6.589341163635253906e-01 -7.795872092247009277e-01 -4.449946582317352295e-01 -9.297641366720199585e-02 1.235029101371765137e-01 1.184902265667915344e-01 1.188189089298248291e-01 -1.300249695777893066e-01 -1.152022108435630798e-01 1.153245270252227783e-01 4.399451911449432373e-01 4.598742425441741943e-01 3.127659261226654053e-01 3.610655963420867920e-01 4.337077438831329346e-01 1.654237061738967896e-01 -3.362451195716857910e-01 -6.541526913642883301e-01 -4.407538771629333496e-01 -2.090695053339004517e-01 -1.387744583189487457e-02 -2.638245820999145508e-01 -3.172298371791839600e-01 -8.019176125526428223e-01 -4.951821565628051758e-01 2.349423319101333618e-01 1.073367238044738770e+00 1.278124451637268066e+00 1.293546080589294434e+00 1.560215830802917480e+00 1.446865558624267578e+00 1.299301385879516602e+00 8.734762668609619141e-03 -5.859652757644653320e-01 -1.291658163070678711e+00 -7.023853659629821777e-01 -2.570609748363494873e-01 -2.399652451276779175e-01 -5.179364085197448730e-01 -9.827667474746704102e-01 -7.063258290290832520e-01 5.025104284286499023e-01 1.143506050109863281e+00 1.282604932785034180e+00 1.608009815216064453e+00 2.103791952133178711e+00 2.093239068984985352e+00 1.308092832565307617e+00 -1.812165081501007080e-01 -7.374647855758666992e-01 -1.026630759239196777e+00 -3.545129299163818359e-01 -3.133343756198883057e-01 -2.868521809577941895e-01 -3.344809710979461670e-01 -4.443061351776123047e-01 -1.532334238290786743e-01 -1.710119992494583130e-01 3.727677464485168457e-01 6.274538636207580566e-01 8.320210576057434082e-01 7.853328585624694824e-01 5.281587839126586914e-01 -2.240205183625221252e-02 -4.919831752777099609e-01 -6.826561689376831055e-01 -2.960428595542907715e-01 -2.994168698787689209e-01 -4.625696241855621338e-01 1.198492646217346191e-01 -8.885160833597183228e-02 -3.796927630901336670e-01 -5.688803791999816895e-01 -1.761811226606369019e-01 1.067159548401832581e-01 -2.143641747534275055e-02 1.396846771240234375e-01 -3.146263584494590759e-02 -1.049419045448303223e-01 -7.720568776130676270e-02 7.217163220047950745e-03 6.213606894016265869e-02 -2.233364135026931763e-01 -4.878255426883697510e-01 -6.381865143775939941e-01 2.474796324968338013e-01 5.359617993235588074e-03 -3.466541171073913574e-01 -3.954955041408538818e-01 -2.417806535959243774e-01 -1.834028810262680054e-01 -1.792918145656585693e-01 -5.876874923706054688e-02 -8.621210604906082153e-02 1.346247494220733643e-01 3.940046429634094238e-01 6.053266674280166626e-02 -5.482909828424453735e-02 -2.827687859535217285e-01 -6.169001460075378418e-01 -9.905744194984436035e-01
2.587240338325500488e-01 3.083439469337463379e-01 3.411602377891540527e-01 4.501997530460357666e-01 3.679363131523132324e-01 4.818825721740722656e-01 3.956104218959808350e-01 3.739960789680480957e-01 2.872171700000762939e-01 1.982794106006622314e-01 2.273367345333099365e-01 1.980137228965759277e-01 7.207141071557998657e-02 -1.665092408657073975e-01 -2.797130048274993896e-01 -1.519355326890945435e-01 4.768781960010528564e-01 5.753110051155090332e-01 2.582459449768066406e-01 -3.292014300823211670e-01 -6.083889603614807129e-01 -1.035397052764892578e+00 -1.301753044128417969e+00 -1.490329027175903320e+00 -1.250592589378356934e+00 -6.737186908721923828e-01 -3.827631771564483643e-01 4.547353892121464014e-04 -6.373543292284011841e-03 -3.530553728342056274e-02 -2.735839784145355225e-01 -2.317973077297210693e-01 -1.079834923148155212e-01 -2.430408149957656860e-01 -2.401079386472702026e-01 -4.071007072925567627e-01 -2.789788246154785156e-01 -1.566624939441680908e-01 -5.394634604454040527e-01 -1.395354390144348145e+00 -1.676848053932189941e+00 -1.608395576477050781e+00 -1.280964016914367676e+00 -8.388871550559997559e-01 -3.129338324069976807e-01 -1.953259706497192383e-01 -3.372822999954223633e-01 -1.934202462434768677e-01 1.494518667459487915e-01 5.443747043609619141e-01 9.145497679710388184e-01 1.550191760063171387e+00 1.693023920059204102e+00 2.011398077011108398e+00 1.170665502548217773e+00 -3.878027200698852539e-01 -1.298658609390258789e+00 -1.582556247711181641e+00 -1.413858652114868164e+00 -7.994329333305358887e-01 -4.313690364360809326e-01 -3.658813536167144775e-01 6.297993659973144531e-02 9.529361128807067871e-02 4.162762165069580078e-01 5.672935843467712402e-01 1.021327972412109375e+00 1.322953462600708008e+00 1.302603244781494141e+00 9.257335662841796875e-01 3.120436966419219971e-01 -3.291854262351989746e-01 -1.101715087890625000e+00 -1.224613785743713379e+00 -1.083902835845947266e+00 -5.498333573341369629e-01 -3.264486193656921387e-01 -4.261137247085571289e-01 3.383451700210571289e-02 2.976016700267791748e-01 6.818502545356750488e-01 7.754719853401184082e-01 8.943201303482055664e-01 8.725702762603759766e-01 2.867838442325592041e-01 -2.418899089097976685e-01 -6.851884722709655762e-01 -1.017736673355102539e+00 -9.695734381675720215e-01 -7.911227941513061523e-01 -5.226098895072937012e-01 -5.310534238815307617e-01 -2.444543391466140747e-01 -1.549406200647354126e-01 -1.581867970526218414e-02 2.271450497210025787e-02 6.136535406112670898e-01 6.537605524063110352e-01 4.512213468551635742e-01 4.745043218135833740e-01 3.955425024032592773e-01 1.818822175264358521e-01 1.705455183982849121e-01 2.302131652832031250e-01 4.203433394432067871e-01 6.050118803977966309e-01 6.117583513259887695e-01 4.311544597148895264e-01 1.832486689090728760e-01 7.357820123434066772e-02 1.410119682550430298e-01 7.055852562189102173e-02 1.156337559223175049e-01 -2.740615047514438629e-02 -2.112078014761209488e-03 1.119538769125938416e-01 1.280265599489212036e-01 4.380865693092346191e-01 7.554852366447448730e-01 5.449439287185668945e-01 5.692562460899353027e-01 4.943128228187561035e-01 3.353867828845977783e-01 1.677333116531372070e-01 -9.376735985279083252e-02 -8.339560031890869141e-02 -7.617477327585220337e-02 1.340604126453399658e-01
1.162932589650154114e-01 2.172380834817886353e-01 2.993727922439575195e-01 2.470587044954299927e-01 -6.023291032761335373e-03 -6.746413558721542358e-02 -1.510554403066635132e-01 -3.017837107181549072e-01 -5.839208364486694336e-01 -6.385655403137207031e-01 -4.688000679016113281e-01 -3.695711493492126465e-01 -2.356566786766052246e-01 7.751590758562088013e-02 1.283970177173614502e-01 1.792251616716384888e-01 2.658141851425170898e-01 -1.653942614793777466e-01 -4.098373651504516602e-01 -3.874702453613281250e-01 -4.952638745307922363e-01 -4.434597492218017578e-01 -4.781717061996459961e-01 -4.060643911361694336e-01 -4.354431629180908203e-01 -9.783111512660980225e-02 -2.539373934268951416e-02 -1.504773795604705811e-01 -3.945654332637786865e-01 -1.911135017871856689e-01 4.965202882885932922e-02 2.652266621589660645e-01 -5.422881841659545898e-01 -6.402173042297363281e-01 -6.482271552085876465e-01 -2.163536474108695984e-02 3.938184678554534912e-01 4.075871706008911133e-01 2.684511542320251465e-01 3.039309084415435791e-01 4.908804893493652344e-01 5.617215037345886230e-01 6.103764176368713379e-01 4.152409136295318604e-01 3.289059400558471680e-01 -3.413313254714012146e-02 -2.221934050321578979e-01 -1.651949733495712280e-01 1.630932837724685669e-01 7.638396024703979492e-01 1.371330499649047852e+00 1.910092473030090332e+00 1.864905953407287598e+00 1.625178337097167969e+00 1.319689989089965820e+00 1.931941032409667969e+00 2.045109510421752930e+00 6.819449067115783691e-01 -1.439442038536071777e-01 -3.632180392742156982e-01 -3.045630455017089844e-01 -4.236482381820678711e-01 -4.214740395545959473e-01 -3.167928457260131836e-01 5.100023150444030762e-01 8.302937150001525879e-01 1.170155644416809082e+00 1.461289167404174805e+00 1.391633629798889160e+00 1.024459958076477051e+00 5.468465685844421387e-01 -2.782249748706817627e-01 -1.337844252586364746e+00 -1.264607548713684082e+00 -4.806430637836456299e-01 2.599381506443023682e-01 7.182811498641967773e-01 5.911110639572143555e-01 6.195363998413085938e-01 4.268340766429901123e-01 1.319367811083793640e-02 -1.258392632007598877e-01 -9.354621917009353638e-02 -2.196679860353469849e-01 -4.700152277946472168e-01 -7.691171765327453613e-01 -1.114749073982238770e+00 -9.277432560920715332e-01 -1.964629143476486206e-01 6.226429343223571777e-01 1.435908436775207520e+00 1.229679226875305176e+00 9.036840200424194336e-01 7.047121524810791016e-01 4.220678806304931641e-01 2.793704867362976074e-01 -4.174397587776184082e-01 -3.485664427280426025e-01 -3.953248560428619385e-01 -2.766755223274230957e-01 -3.161456882953643799e-01 -7.344281673431396484e-01 -9.652420878410339355e-01 -9.972419142723083496e-01 -9.310651421546936035e-01 -6.454797387123107910e-01 -5.247746706008911133e-01 -4.740777611732482910e-01 -5.780041217803955078e-01 -3.362373709678649902e-01 -3.218408524990081787e-01 -2.309688329696655273e-01 -3.281715810298919678e-01 -3.278376460075378418e-01 -3.197786211967468262e-01 -1.362068355083465576e-01 -1.493986397981643677e-01 -6.367325037717819214e-02 -2.910616993904113770e-01 -4.868536591529846191e-01 -7.304982542991638184e-01 -7.610780000686645508e-01 -7.309835553169250488e-01 -5.745949149131774902e-01 -3.061223030090332031e-01 -3.062632083892822266e-01 -2.867619395256042480e-01 -2.317816764116287231e-01
-8.120082318782806396e-02 -1.127139776945114136e-01 -2.641948163509368896e-01 -1.261779367923736572e-01 -3.097247481346130371e-01 -4.390491545200347900e-01 -5.296628475189208984e-01 -5.272206664085388184e-01 -2.307772785425186157e-01 -6.150829419493675232e-02 -2.255048602819442749e-02 -1.767940670251846313e-01 -2.235184013843536377e-01 -4.268497526645660400e-01 -6.916656494140625000e-01 -8.189619779586791992e-01 -1.785537302494049072e-01 -3.526428341865539551e-02 -5.999774113297462463e-02 7.630229741334915161e-02 5.806225165724754333e-02 -2.930991910398006439e-02 -1.623908877372741699e-01 -2.135073989629745483e-01 -2.806656062602996826e-01 -5.171194672584533691e-01 -4.154842793941497803e-01 -2.104709595441818237e-01 1.591413915157318115e-01 3.148547373712062836e-03 -2.671635448932647705e-01 -4.735348820686340332e-01 7.019914984703063965e-01 1.118262171745300293e+00 1.176989674568176270e+00 1.485697150230407715e+00 1.509641289710998535e+00 1.354398012161254883e+00 1.134260416030883789e+00 7.593701481819152832e-01 1.438948512077331543e-01 -2.041035592555999756e-01 -1.556849777698516846e-01 2.720385976135730743e-02 -1.127381697297096252e-01 -2.988663129508495331e-02 -3.543530106544494629e-01 -4.873728156089782715e-01 3.520031273365020752e-01 8.849351406097412109e-01 1.156932234764099121e+00 1.544305562973022461e+00 1.611642718315124512e+00 1.453907132148742676e+00 7.594428658485412598e-01 -8.381219506263732910e-01 -1.409529805183410645e+00 -1.401812314987182617e+00 -8.158365488052368164e-01 3.220200240612030029e-01 7.353065013885498047e-01 6.741215586662292480e-01 4.269864261150360107e-01 1.061364114284515381e-01 1.590897440910339355e-01 6.261494755744934082e-01 1.010997295379638672e+00 1.447588205337524414e+00 1.433725953102111816e+00 1.475835919380187988e+00 9.151550531387329102e-01 -4.416726529598236084e-01 -1.099916577339172363e+00 -1.376617550849914551e+00 -1.218961596488952637e+00 -6.893489956855773926e-01 -3.811462819576263428e-01 -2.531531453132629395e-01 -3.630597889423370361e-01 -5.094766616821289062e-01 -8.401728421449661255e-02 8.490895852446556091e-03 2.878434062004089355e-01 8.822297453880310059e-01 1.335701107978820801e+00 1.330191254615783691e+00 1.251652121543884277e+00 1.118903517723083496e+00 8.774353861808776855e-01 4.622305035591125488e-01 -1.111064702272415161e-01 -3.265197873115539551e-01 -4.057923555374145508e-01 -6.155850887298583984e-01 -6.282685399055480957e-01 -6.771556138992309570e-01 -5.084844827651977539e-01 -5.220196247100830078e-01 -8.530207276344299316e-01 -1.072246551513671875e+00 -7.551245689392089844e-01 -3.859820365905761719e-01 -2.536399662494659424e-02 5.068882182240486145e-02 -3.560572862625122070e-02 -1.993241012096405029e-01 -4.288719967007637024e-02 -2.628904879093170166e-01 -2.483222037553787231e-01 -3.364820778369903564e-01 -4.291325509548187256e-01 -6.639767289161682129e-01 -8.292324841022491455e-02 -1.075098291039466858e-01 -2.425319552421569824e-01 -4.741986393928527832e-01 -7.750030755996704102e-01 -6.926593780517578125e-01 -7.117677927017211914e-01 -5.627578496932983398e-01 -3.488971292972564697e-01 -2.725584805011749268e-01 -1.472596079111099243e-01 2.195537835359573364e-02 -9.688634425401687622e-02 -1.556255817413330078e-01 -9.961396455764770508e-02 2.366295456886291504e-02
-3.232600390911102295e-01 -3.453296422958374023e-01 -1.041480079293251038e-01 1.660621725022792816e-02 1.852693408727645874e-01 3.170336484909057617e-01 4.983837902545928955e-01 3.715142309665679932e-01 3.436293601989746094e-01 2.904899716377258301e-01 1.680749207735061646e-01 -8.319598436355590820e-02 -9.872406721115112305e-02 -2.527367472648620605e-01 -1.988641321659088135e-01 -2.185532599687576294e-01 5.307707190513610840e-01 7.998033761978149414e-01 9.715828299522399902e-01 1.113720774650573730e+00 1.139143109321594238e+00 1.132036328315734863e+00 1.035614848136901855e+00 8.936597704887390137e-01 7.330302596092224121e-01 6.266061067581176758e-01 7.216356992721557617e-01 7.383542060852050781e-01 8.165522813796997070e-01 4.609056413173675537e-01 2.828362584114074707e-01 6.220185756683349609e-02 5.750011801719665527e-01 9.015474319458007812e-01 1.060456752777099609e+00 1.078244447708129883e+00 9.938824176788330078e-01 7.940791249275207520e-01 2.156802415847778320e-01 -4.646607637405395508e-01 -9.786301255226135254e-01 -5.866644978523254395e-01 -1.342817991971969604e-01 2.483233958482742310e-01 4.832886457443237305e-01 8.192189931869506836e-01 9.278484582901000977e-01 5.854908823966979980e-01 -4.644257575273513794e-02 3.540929555892944336e-01 4.530549347400665283e-01 7.009830474853515625e-01 4.660875797271728516e-01 -7.587154209613800049e-02 -9.161463975906372070e-01 -6.676414608955383301e-01 -2.335276640951633453e-02 1.036545157432556152e+00 1.508525133132934570e+00 1.676787972450256348e+00 1.557084560394287109e+00 1.351374983787536621e+00 7.605695724487304688e-01 3.105875253677368164e-01 -6.801218986511230469e-01 -7.136316299438476562e-01 -3.081012070178985596e-01 -2.007954940199851990e-02 -3.029286563396453857e-01 -7.441247701644897461e-01 -3.289668262004852295e-01 1.016803741455078125e+00 1.233902573585510254e+00 7.841144204139709473e-01 2.671937644481658936e-01 3.244785964488983154e-01 3.493925631046295166e-01 4.861909747123718262e-01 3.795508444309234619e-01 -2.545236609876155853e-02 -7.695572376251220703e-01 -7.467110753059387207e-01 -6.325607299804687500e-01 -6.970568299293518066e-01 -9.985911846160888672e-01 -1.167953372001647949e+00 -1.142467379570007324e+00 -1.276826977729797363e+00 -1.522802352905273438e+00 -1.539723515510559082e+00 -1.449039340019226074e+00 -1.242750525474548340e+00 -8.434160947799682617e-01 -8.650054931640625000e-01 -8.826685547828674316e-01 -6.413204669952392578e-01 9.538982808589935303e-02 2.664697468280792236e-01 6.130618974566459656e-02 -2.781401574611663818e-01 -5.973483324050903320e-01 -7.947093844413757324e-01 -9.482866525650024414e-01 -1.182856321334838867e+00 -1.086805224418640137e+00 -1.089501023292541504e+00 -8.956202864646911621e-01 -8.314376473426818848e-01 -8.131948709487915039e-01 -5.398364663124084473e-01 -3.724282085895538330e-01 -5.205435156822204590e-01 9.028739482164382935e-02 1.714803725481033325e-01 3.094189465045928955e-01 5.691733956336975098e-01 4.492454230785369873e-01 5.432701706886291504e-01 1.994823217391967773e-01 8.490996807813644409e-02 1.277952268719673157e-02 -1.757895797491073608e-01 -2.239146977663040161e-01 -1.239532157778739929e-01 -2.892752885818481445e-01 -3.508871197700500488e-01 -3.235238492488861084e-01 -3.230269849300384521e-01
-2.645438313484191895e-01 -3.635409474372863770e-01 -2.709663510322570801e-01 -1.848580688238143921e-01 -6.342844665050506592e-02 -4.813534766435623169e-02 8.229088038206100464e-02 1.274014115333557129e-01 -4.422522336244583130e-02 -6.330133415758609772e-03 -2.013259008526802063e-02 1.181190982460975647e-01 -3.175850957632064819e-02 -2.318368107080459595e-02 -1.772965043783187866e-01 -1.667369753122329712e-01 7.003431022167205811e-02 2.607493400573730469e-01 2.572479546070098877e-01 2.667130827903747559e-01 1.298161000013351440e-01 -1.198559254407882690e-01 -6.055175065994262695e-01 -5.385999083518981934e-01 -5.317309498786926270e-01 -3.261731564998626709e-01 -1.979752629995346069e-01 2.192171216011047363e-01 2.972121238708496094e-01 9.191595762968063354e-02 -2.755787968635559082e-01 -2.803230285644531250e-01 1.353129148483276367e-01 -1.584676280617713928e-02 4.864901676774024963e-02 1.233569607138633728e-01 -1.056247726082801819e-01 -2.135486006736755371e-01 -3.433983027935028076e-01 -2.180092334747314453e-01 -4.614172875881195068e-02 4.057836234569549561e-01 7.537240386009216309e-01 1.227961659431457520e+00 1.454417705535888672e+00 1.393467664718627930e+00 1.007977962493896484e+00 5.825613141059875488e-01 5.691546574234962463e-02 -2.807409763336181641e-01 -6.994963884353637695e-01 -5.025466680526733398e-01 -1.008789539337158203e+00 -1.738141179084777832e+00 -1.957560658454895020e+00 -1.635208606719970703e+00 -1.528080582618713379e+00 -1.837059378623962402e+00 -1.884421944618225098e+00 -1.554994106292724609e+00 -2.482362240552902222e-01 3.356221914291381836e-01 2.975800633430480957e-01 3.275509178638458252e-01 5.216546058654785156e-01 5.206689238548278809e-01 -6.614243239164352417e-02 -1.396546810865402222e-01 3.810641542077064514e-02 9.368615150451660156e-01 1.694243311882019043e+00 2.289028167724609375e+00 2.171204805374145508e+00 1.271661520004272461e+00 5.930689573287963867e-01 -1.276887357234954834e-01 -9.787026792764663696e-02 -1.997829079627990723e-01 -3.810793459415435791e-01 -5.006616711616516113e-01 1.771171838045120239e-01 7.975192666053771973e-01 1.457840681076049805e+00 1.767327785491943359e+00 1.644031643867492676e+00 1.445310354232788086e+00 1.035069465637207031e+00 3.837313055992126465e-01 -2.851775847375392914e-02 -3.213954865932464600e-01 -1.860100775957107544e-01 -8.074487745761871338e-02 -7.411031424999237061e-02 -2.176914215087890625e-01 -1.745474487543106079e-01 -3.937653899192810059e-01 1.761853992938995361e-01 -3.305172622203826904e-01 -4.201326072216033936e-01 -4.735755622386932373e-01 -8.165964484214782715e-02 2.619457840919494629e-01 1.934954375028610229e-01 8.779563754796981812e-02 1.262330412864685059e-01 -3.866141487378627062e-04 1.582593284547328949e-02 -1.976676099002361298e-02 4.000003973487764597e-04 6.702561676502227783e-02 -3.776042535901069641e-02 -3.172539174556732178e-01 2.005276381969451904e-01 1.142535805702209473e-01 -1.845717281103134155e-01 -4.600816369056701660e-01 -5.061963200569152832e-01 -5.606924295425415039e-01 -5.255715250968933105e-01 -5.412266254425048828e-01 -4.523642361164093018e-01 -2.339838892221450806e-01 -1.661609858274459839e-01 -2.123351842164993286e-01 -2.597474455833435059e-01 -1.994830965995788574e-01 -3.788727819919586182e-01 -4.416517019271850586e-01
3.356840908527374268e-01 6.015322208404541016e-01 5.452309250831604004e-01 4.617944061756134033e-01 3.362076878547668457e-01 2.131692469120025635e-01 2.369334548711776733e-01 6.587549299001693726e-02 -1.507211327552795410e-01 -2.075504660606384277e-01 -2.007239907979965210e-01 -1.242565438151359558e-01 -1.485951393842697144e-01 -3.272775113582611084e-01 -2.837458550930023193e-01 -6.520245969295501709e-02 6.262513399124145508e-01 4.841091930866241455e-01 2.675702571868896484e-01 1.279801428318023682e-01 -8.196101337671279907e-02 8.232865482568740845e-03 1.601510494947433472e-01 2.419701814651489258e-01 1.053644046187400818e-01 1.016337350010871887e-01 -1.631076931953430176e-01 -4.338683784008026123e-01 -5.671568512916564941e-01 -5.611360669136047363e-01 -1.046500205993652344e-01 3.299541398882865906e-02 1.838293522596359253e-01 2.267471328377723694e-02 -1.967198252677917480e-01 -2.935861051082611084e-02 2.631922066211700439e-01 7.355190515518188477e-01 9.906324744224548340e-01 1.080636501312255859e+00 9.847781658172607422e-01 1.256088018417358398e+00 1.615442395210266113e+00 1.806408405303955078e+00 1.234460353851318359e+00 7.806643843650817871e-01 1.333142966032028198e-01 3.281712532043457031e-01 -3.151510953903198242e-01 -8.605762124061584473e-01 -8.525204658508300781e-01 7.765427976846694946e-02 1.441291570663452148e-01 -2.649880945682525635e-01 -4.291815459728240967e-01 -9.095301032066345215e-01 -4.440242052078247070e-01 -1.840634942054748535e-01 4.986519515514373779e-01 1.220582127571105957e+00 1.743735790252685547e+00 1.903046011924743652e+00 1.705514907836914062e+00 1.156345605850219727e+00 -7.613983154296875000e-01 -1.570358395576477051e+00 -1.371726393699645996e+00 -7.415233850479125977e-01 -1.300054311752319336e+00 -1.655481219291687012e+00 -1.480810523033142090e+00 -6.502646803855895996e-01 -2.060558497905731201e-01 -4.802433550357818604e-01 -7.932007908821105957e-01 -1.121456146240234375e+00 -7.261928915977478027e-01 -8.498170226812362671e-02 4.198501631617546082e-02 9.720341302454471588e-03 -3.818290829658508301e-01 -8.221037387847900391e-01 -1.004086375236511230e+00 -6.928912997245788574e-01 -2.207205146551132202e-01 -1.071692928671836853e-01 1.982554793357849121e-01 8.484144210815429688e-01 1.062806844711303711e+00 5.193381905555725098e-01 4.592394083738327026e-02 -3.350290954113006592e-01 -6.827814579010009766e-01 -4.980445206165313721e-01 -5.900548100471496582e-01 -5.071362257003784180e-01 2.168732732534408569e-01 3.429677337408065796e-02 -2.123261839151382446e-01 -4.280396103858947754e-01 -1.998828500509262085e-01 -9.200952202081680298e-02 -1.104797199368476868e-01 -5.721866711974143982e-02 -1.432489790022373199e-02 -1.084154993295669556e-01 -2.319604009389877319e-01 -4.465636014938354492e-01 -3.474105000495910645e-01 -3.299494087696075439e-02 4.390856623649597168e-02 -8.085794746875762939e-03 8.798359036445617676e-01 6.087915301322937012e-01 4.142159819602966309e-01 2.344387024641036987e-01 2.078500203788280487e-02 1.715794578194618225e-02 -1.497919559478759766e-01 -2.336156517267227173e-01 -2.756765186786651611e-01 -2.262973785400390625e-01 -2.433520108461380005e-01 -2.428636997938156128e-01 -1.730689704418182373e-01 -3.180060908198356628e-02 -8.047813177108764648e-02 -4.393497481942176819e-02
-1.393373757600784302e-01 -1.860119849443435669e-01 -3.127071857452392578e-01 -2.072935253381729126e-01 -4.458616673946380615e-01 -5.577268004417419434e-01 -5.900345444679260254e-01 -4.594441652297973633e-01 -4.038592875003814697e-01 -5.102505087852478027e-01 -5.628231167793273926e-01 -5.606158375740051270e-01 -1.472902894020080566e-01 -1.560772806406021118e-01 -8.032849431037902832e-02 7.057795673608779907e-02 -7.298968434333801270e-01 -5.983629822731018066e-01 -7.272878289222717285e-01 -9.866598248481750488e-01 -1.108566522598266602e+00 -9.030666947364807129e-01 -6.484519243240356445e-01 -4.855450391769409180e-01 -7.820627093315124512e-01 -9.049996733665466309e-01 -8.338872790336608887e-01 -6.354637742042541504e-01 -4.247753918170928955e-01 -4.746932983398437500e-01 -2.492288202047348022e-01 -3.578611612319946289e-01 -4.590137600898742676e-01 -8.270747065544128418e-01 -6.533247828483581543e-01 -2.733369469642639160e-01 1.205231994390487671e-01 2.102283090353012085e-01 5.508878827095031738e-01 9.905108213424682617e-01 4.559080302715301514e-01 3.405303508043289185e-02 -6.026119366288185120e-02 -2.308926582336425781e-01 -3.047636151313781738e-01 -2.706551253795623779e-01 -2.449645996093750000e-01 -3.174072504043579102e-01 1.248540356755256653e-01 4.909853637218475342e-01 1.144304394721984863e+00 1.580822110176086426e+00 1.715391159057617188e+00 1.420096397399902344e+00 1.481498241424560547e+00 1.159620165824890137e+00 1.302700676023960114e-02 -4.508628547191619873e-01 -5.979766249656677246e-01 -3.711826205253601074e-01 -1.269937455654144287e-01 1.353743672370910645e-01 8.184928447008132935e-02 -5.086724758148193359e-01 -1.576914340257644653e-01 4.464238584041595459e-01 9.861804842948913574e-01 1.417858600616455078e+00 1.560185670852661133e+00 1.177753686904907227e+00 4.826121926307678223e-01 -3.636337518692016602e-01 -2.324850112199783325e-01 -7.324501127004623413e-02 -1.813830286264419556e-01 1.818681806325912476e-01 3.445231616497039795e-01 5.456000566482543945e-01 9.318060427904129028e-02 -5.505399107933044434e-01 3.974300324916839600e-01 6.367025375366210938e-01 6.585996150970458984e-01 4.923660457134246826e-01 7.974762469530105591e-02 -3.119570314884185791e-01 -1.083697557449340820e+00 -1.462008237838745117e+00 -1.103188872337341309e+00 -7.245739102363586426e-01 -2.636524736881256104e-01 4.119222983717918396e-03 3.531275093555450439e-01 3.823488950729370117e-01 1.179716289043426514e-01 -3.299327194690704346e-01 -1.112539693713188171e-01 -3.199744224548339844e-02 2.531541287899017334e-01 6.076549291610717773e-01 7.814099788665771484e-01 8.003916144371032715e-01 6.215445995330810547e-01 6.205600500106811523e-01 5.720556974411010742e-01 8.423758745193481445e-01 8.833517432212829590e-01 9.315792918205261230e-01 1.171965122222900391e+00 1.002784371376037598e+00 8.513701558113098145e-01 1.644496321678161621e-01 -2.838003933429718018e-01 -3.326770663261413574e-01 -1.565688848495483398e-02 1.036081239581108093e-01 3.490923643112182617e-01 3.650054335594177246e-01 4.983489215373992920e-01 8.037102222442626953e-01 6.105771660804748535e-01 5.821329951286315918e-01 4.644450247287750244e-01 3.139366507530212402e-01 1.921062730252742767e-02 -3.301962912082672119e-01 -5.457312464714050293e-01 -8.242803215980529785e-01
9.089844226837158203e-01 8.954147100448608398e-01 7.874156832695007324e-01 7.062472105026245117e-01 4.335854351520538330e-01 4.381891787052154541e-01 2.628286778926849365e-01 -1.624633222818374634e-01 -2.045841515064239502e-01 -2.502854168415069580e-01 -1.911300569772720337e-01 -9.286475926637649536e-02 -1.219847500324249268e-01 -5.670185759663581848e-02 1.431899666786193848e-01 3.225980103015899658e-01 5.654970407485961914e-01 2.387758493423461914e-01 2.250837087631225586e-01 -2.580518424510955811e-01 -8.284585922956466675e-02 1.458442062139511108e-01 2.030779570341110229e-01 2.319753021001815796e-01 3.114435970783233643e-01 1.813190579414367676e-01 -2.129201032221317291e-02 -1.384829729795455933e-01 -5.854410529136657715e-01 -5.137267708778381348e-01 -4.898524284362792969e-01 -4.434548318386077881e-01 1.359361689537763596e-02 -5.770770907402038574e-01 -3.236279189586639404e-01 -1.297839879989624023e-01 4.282080829143524170e-01 7.533673048019409180e-01 9.644317030906677246e-01 1.353612780570983887e+00 1.282940268516540527e+00 1.088184356689453125e+00 5.695307254791259766e-01 -7.981467992067337036e-02 -3.008183538913726807e-01 -1.336110532283782959e-01 -4.626784622669219971e-01 -9.547567963600158691e-01 2.852953076362609863e-01 3.328490257263183594e-01 4.221755862236022949e-01 -5.893358588218688965e-01 -8.808855414390563965e-01 -1.359230041503906250e+00 -1.159244537353515625e+00 -2.345067113637924194e-01 4.411013126373291016e-01 -2.352449297904968262e-01 -9.983727931976318359e-01 -1.128047585487365723e+00 -1.233596920967102051e+00 -4.625571072101593018e-01 -2.627205252647399902e-01 -7.655669450759887695e-01 -9.727739542722702026e-02 -3.614356368780136108e-02 4.123373031616210938e-01 -3.601989746093750000e-01 -1.351608395576477051e+00 -1.733296036720275879e+00 -1.302214145660400391e+00 -6.165484189987182617e-01 -3.329425156116485596e-01 -9.444608092308044434e-01 -1.380316019058227539e+00 -1.305644035339355469e+00 -1.131882667541503906e+00 -1.860049366950988770e-01 8.750820159912109375e-02 2.421660572290420532e-01 -7.663688063621520996e-01 -8.174275755882263184e-01 -4.816650748252868652e-01 2.251003086566925049e-01 4.180113077163696289e-01 6.348405480384826660e-01 1.152788162231445312e+00 1.557969212532043457e+00 1.463518500328063965e+00 8.879498243331909180e-01 6.470264196395874023e-01 2.585571408271789551e-01 -1.490093469619750977e-01 -4.954323768615722656e-01 -5.237600207328796387e-01 -5.508923903107643127e-02 2.094371765851974487e-01 -3.618137538433074951e-02 -1.190527975559234619e-01 -2.926760911941528320e-01 1.149031445384025574e-01 2.490851134061813354e-01 3.568952083587646484e-01 3.248935937881469727e-01 2.156716436147689819e-01 1.929493099451065063e-01 4.368754103779792786e-02 -1.382315009832382202e-01 -2.648996412754058838e-01 -1.087075546383857727e-01 -2.755781412124633789e-01 3.163202106952667236e-02 8.718308806419372559e-01 6.235204935073852539e-01 5.789044499397277832e-01 4.230630099773406982e-01 1.443444043397903442e-01 -2.146791666746139526e-01 -2.778636515140533447e-01 -3.338922858238220215e-01 -3.243383169174194336e-01 -8.530679345130920410e-02 8.616088330745697021e-02 6.473501026630401611e-02 -2.883278392255306244e-02 -2.623340487480163574e-02 1.960159838199615479e-01 3.716386556625366211e-01
2.802820801734924316e-01 3.348837494850158691e-01 5.418087840080261230e-01 5.673121809959411621e-01 4.529933035373687744e-01 4.289014041423797607e-01 2.046411633491516113e-01 -6.789832562208175659e-02 -2.232890017330646515e-02 -8.105592429637908936e-02 -5.451434105634689331e-02 9.027809649705886841e-02 3.022119104862213135e-01 3.575557172298431396e-01 4.109397530555725098e-01 2.096026688814163208e-01 3.160454332828521729e-02 -5.014070868492126465e-02 2.191325277090072632e-02 -3.124226927757263184e-01 -3.867407441139221191e-01 -5.463088750839233398e-01 -3.837401270866394043e-01 -1.692066937685012817e-01 -1.288291513919830322e-01 -1.458958685398101807e-01 -2.961492538452148438e-01 -4.089692234992980957e-01 -4.875406920909881592e-01 -1.482166349887847900e-01 -7.205719593912363052e-03 2.550147175788879395e-01 -4.476238191127777100e-01 -2.330610901117324829e-01 -2.613031864166259766e-01 -6.441292166709899902e-02 5.736644566059112549e-02 3.165075480937957764e-01 5.437402725219726562e-01 7.440204620361328125e-01 8.100075125694274902e-01 6.792477369308471680e-01 3.188076913356781006e-01 5.618805065751075745e-02 -5.681238174438476562e-01 -6.126815080642700195e-01 -3.287400305271148682e-01 1.527091711759567261e-01 -2.823634445667266846e-01 -1.160485111176967621e-02 2.683832347393035889e-01 7.187572121620178223e-02 -4.681910872459411621e-01 -9.610077142715454102e-01 -1.090557932853698730e+00 -2.497476339340209961e-01 1.776590794324874878e-01 -8.625156432390213013e-02 -4.658895730972290039e-01 -8.845212459564208984e-01 -1.411934852600097656e+00 -2.034709692001342773e+00 -1.710596561431884766e+00 -1.055294990539550781e+00 9.126542210578918457e-01 1.239785671234130859e+00 1.948356747627258301e+00 2.157752275466918945e+00 1.585733294486999512e+00 1.309327036142349243e-01 -8.580058217048645020e-01 -1.544125556945800781e+00 -1.233423471450805664e+00 -7.364280819892883301e-01 -2.148532718420028687e-01 -4.289379417896270752e-01 -6.774877309799194336e-01 -1.343389749526977539e+00 -1.414830088615417480e+00 -7.380641698837280273e-01 4.877216219902038574e-01 7.282461524009704590e-01 9.867923855781555176e-01 1.798220872879028320e+00 2.335825204849243164e+00 2.229838848114013672e+00 1.865530252456665039e+00 1.425057411193847656e+00 1.172011494636535645e+00 9.093779325485229492e-01 5.589545965194702148e-01 2.678088843822479248e-01 -1.893166303634643555e-01 -1.887101531028747559e-01 -2.817897200584411621e-01 -2.664925456047058105e-01 1.996924132108688354e-01 -2.266356647014617920e-01 -5.891739130020141602e-01 -6.037924885749816895e-01 -6.506953835487365723e-01 -4.263501167297363281e-01 -1.954064220190048218e-01 -6.880787014961242676e-02 -2.256353348493576050e-01 -1.178656890988349915e-01 -1.311335265636444092e-01 -2.802887558937072754e-01 -1.301651448011398315e-01 -5.956242233514785767e-02 -2.540332823991775513e-02 -3.795699775218963623e-02 -7.918427698314189911e-03 -1.992940604686737061e-01 -1.287490874528884888e-01 -1.623567491769790649e-01 -1.399998962879180908e-01 -1.349137425422668457e-01 -1.826685518026351929e-01 -1.876833736896514893e-01 -2.173842489719390869e-01 -3.548116236925125122e-02 3.485096618533134460e-02 4.981216508895158768e-03 1.044440940022468567e-01 -1.557424315251410007e-03 5.173704028129577637e-02 5.040566250681877136e-02
-2.613578923046588898e-02 -3.295685723423957825e-02 -6.593617610633373260e-03 -6.297731772065162659e-03 1.073546111583709717e-01 1.198299229145050049e-01 4.204614087939262390e-03 3.465998470783233643e-01 3.615783154964447021e-01 3.736400902271270752e-01 3.235639035701751709e-01 4.047145843505859375e-01 2.351955771446228027e-01 1.192092597484588623e-01 6.436362117528915405e-02 -1.700806319713592529e-01 3.543630540370941162e-01 4.177714884281158447e-01 6.183858513832092285e-01 6.152152419090270996e-01 4.977221488952636719e-01 5.607854127883911133e-01 3.358519077301025391e-01 2.034895420074462891e-01 9.293882176280021667e-03 2.623604536056518555e-01 5.988856554031372070e-01 7.118967175483703613e-01 6.932925581932067871e-01 7.382092475891113281e-01 5.896546840667724609e-01 3.752072453498840332e-01 6.168791055679321289e-01 6.118703484535217285e-01 4.705049693584442139e-01 4.762500822544097900e-01 3.978748247027397156e-02 -6.271442174911499023e-01 -1.435104012489318848e+00 -1.993528366088867188e+00 -2.025091409683227539e+00 -1.803817868232727051e+00 -1.229293704032897949e+00 -4.143908619880676270e-01 3.021661341190338135e-01 6.897140145301818848e-01 6.582586765289306641e-01 5.671132206916809082e-01 3.013165891170501709e-01 5.953542590141296387e-01 1.000065565109252930e+00 7.476465702056884766e-01 4.299405217170715332e-02 -8.323710560798645020e-01 -1.155991792678833008e+00 -1.048094272613525391e+00 -1.463942646980285645e+00 -1.746737837791442871e+00 -1.417359590530395508e+00 -8.140486478805541992e-01 1.201470345258712769e-01 5.062617659568786621e-01 5.831606388092041016e-01 6.266033649444580078e-01 5.372150540351867676e-01 4.872602224349975586e-01 3.805129528045654297e-01 -1.551076173782348633e-01 -8.968952894210815430e-01 -8.106327652931213379e-01 -9.170380420982837677e-03 1.674979090690612793e+00 1.698154091835021973e+00 2.631603367626667023e-02 -1.106116414070129395e+00 -1.109343409538269043e+00 -3.815023303031921387e-01 1.126833781599998474e-01 4.589663147926330566e-01 6.767660975456237793e-01 5.546873807907104492e-02 -4.823542758822441101e-02 -1.806711703538894653e-01 -3.643952310085296631e-01 -7.318891882896423340e-01 -7.569831013679504395e-01 -5.916773080825805664e-01 1.009824872016906738e-01 1.968305408954620361e-01 -1.668906360864639282e-01 -4.370272755622863770e-01 -7.516848444938659668e-01 -6.569728851318359375e-01 -2.337070107460021973e-01 2.929810881614685059e-01 3.939804136753082275e-01 9.187956899404525757e-02 1.782275587320327759e-01 2.556903660297393799e-01 1.659505367279052734e-01 -1.320713907480239868e-01 -4.958024322986602783e-01 -8.556634187698364258e-01 -8.691323995590209961e-01 -8.263141512870788574e-01 -6.590148210525512695e-01 -7.729265689849853516e-01 -4.723062217235565186e-01 -3.917570114135742188e-01 -3.678635060787200928e-01 2.146509103477001190e-02 5.912091955542564392e-02 -1.793548837304115295e-02 -4.843809455633163452e-02 3.813748434185981750e-02 3.152914345264434814e-01 3.161548078060150146e-01 4.789902865886688232e-01 4.907926321029663086e-01 5.074363350868225098e-01 3.102940022945404053e-01 2.162500321865081787e-01 1.082308888435363770e-01 1.994461715221405029e-01 2.376181334257125854e-01 1.709576696157455444e-01 2.224667221307754517e-01 1.964818537235260010e-01
-3.285671770572662354e-02 -3.278020918369293213e-01 -5.974381566047668457e-01 -8.712785840034484863e-01 -9.596610069274902344e-01 -9.410047531127929688e-01 -6.738126873970031738e-01 -5.127677321434020996e-01 -3.152594864368438721e-01 9.102278947830200195e-02 4.058378934860229492e-01 7.051509022712707520e-01 8.141481280326843262e-01 9.791600704193115234e-01 1.046402335166931152e+00 9.253634810447692871e-01 -5.960448980331420898e-01 -5.610360503196716309e-01 -3.531392812728881836e-01 -2.538226544857025146e-01 -1.413673013448715210e-01 -2.066152840852737427e-01 -4.213823974132537842e-01 -3.766099214553833008e-01 -5.593479871749877930e-01 -4.557712972164154053e-01 -4.180464148521423340e-01 -6.578020453453063965e-01 -2.818042337894439697e-01 -1.286498755216598511e-01 -1.303989589214324951e-01 3.291934728622436523e-01 1.132285952568054199e+00 8.662413358688354492e-01 8.075023293495178223e-01 2.598327994346618652e-01 -1.053863167762756348e-01 -1.777837574481964111e-01 9.727925062179565430e-02 9.688702225685119629e-01 1.298600077629089355e+00 1.249008417129516602e+00 6.570419073104858398e-01 7.936410605907440186e-02 -1.849666424095630646e-02 -7.290611267089843750e-01 -7.880793213844299316e-01 -7.753580808639526367e-01 1.016240715980529785e+00 9.478027224540710449e-01 5.501482486724853516e-01 -1.883072257041931152e-01 -1.008327484130859375e+00 -6.845010519027709961e-01 -7.606871426105499268e-02 2.157706022262573242e-01 4.968763291835784912e-01 -1.788956671953201294e-01 -7.242969870567321777e-01 -8.270002603530883789e-01 -5.856343507766723633e-01 -6.413918733596801758e-01 -2.626838982105255127e-01 -4.765582978725433350e-01 3.564682900905609131e-01 3.379766941070556641e-01 1.906334608793258667e-02 -5.050140619277954102e-01 -1.109998703002929688e+00 -6.972596645355224609e-01 -2.475739456713199615e-02 5.682444572448730469e-01 3.274160027503967285e-01 -5.483385920524597168e-01 -1.273314833641052246e+00 -1.146246790885925293e+00 -8.236427307128906250e-01 -9.034181833267211914e-01 -5.160607397556304932e-02 3.961178287863731384e-02 5.785257220268249512e-01 4.288853108882904053e-01 4.879616200923919678e-01 1.366332024335861206e-01 -3.096076250076293945e-01 -3.272752165794372559e-01 5.257161259651184082e-01 1.332027316093444824e+00 1.990748763084411621e+00 2.039986848831176758e+00 1.093241810798645020e+00 5.679769515991210938e-01 -2.231066226959228516e-01 -1.642651557922363281e-01 -3.488331139087677002e-01 -2.673979103565216064e-01 -6.723933815956115723e-01 -3.912833631038665771e-01 -3.765191882848739624e-02 7.155632972717285156e-01 4.953599274158477783e-01 1.370803862810134888e-01 -1.699349880218505859e-01 -3.789507448673248291e-01 -3.221203088760375977e-01 -3.736015558242797852e-01 -3.210730552673339844e-01 -3.411443233489990234e-01 -3.806386291980743408e-01 -4.741420745849609375e-01 -3.383036553859710693e-01 -1.581267863512039185e-01 -1.779402494430541992e-01 -4.815526902675628662e-01 -4.243062734603881836e-01 -5.368289947509765625e-01 -4.156759083271026611e-01 -4.201306104660034180e-01 -4.101767241954803467e-01 -1.603730469942092896e-01 -1.061055064201354980e-01 3.478239849209785461e-02 1.774984747171401978e-01 1.955097168684005737e-01 5.167180895805358887e-01 6.681653261184692383e-01 7.631832957267761230e-01 8.677833080291748047e-01
4.112864732742309570e-01 3.080347478389739990e-01 2.633312642574310303e-01 -1.329821795225143433e-01 -1.938036531209945679e-01 -2.947604060173034668e-01 -3.296250998973846436e-01 -2.923356294631958008e-01 -4.070793986320495605e-01 -3.730300068855285645e-01 -4.302333295345306396e-01 -2.185889929533004761e-01 -1.566816419363021851e-01 -1.039750054478645325e-01 2.150731347501277924e-02 -1.272294111549854279e-02 2.528659105300903320e-01 1.013198569416999817e-01 -9.214666485786437988e-02 -3.832085728645324707e-01 -2.114371955394744873e-01 -2.390401512384414673e-01 -1.672329306602478027e-01 -3.155961632728576660e-01 -6.027252078056335449e-01 -7.830994129180908203e-01 -8.819037079811096191e-01 -9.436014294624328613e-01 -8.314777016639709473e-01 -6.239875555038452148e-01 -1.965007185935974121e-01 5.710707232356071472e-02 -3.161208033561706543e-01 -4.924384653568267822e-01 -5.033261775970458984e-01 -6.003709435462951660e-01 -2.599677443504333496e-01 -1.543449424207210541e-02 3.110894560813903809e-01 1.243440657854080200e-01 8.521733433008193970e-02 2.473281323909759521e-01 3.691170513629913330e-01 3.407600522041320801e-01 -2.643525134772062302e-03 -8.987280726432800293e-02 -2.046868950128555298e-01 -1.980667561292648315e-01 -6.174458861351013184e-01 -9.197877645492553711e-01 -1.146964550018310547e+00 -6.149268746376037598e-01 3.719374909996986389e-02 1.054850459098815918e+00 1.122964620590209961e+00 1.068732976913452148e+00 1.287456274032592773e+00 1.387134552001953125e+00 1.289097666740417480e+00 1.462361454963684082e+00 1.658447504043579102e+00 1.564539909362792969e+00 1.190005064010620117e+00 5.849410891532897949e-01 -7.079862356185913086e-01 -9.167711138725280762e-01 -1.067118406295776367e+00 -7.598099112510681152e-01 -1.951676607131958008e-01 8.246191740036010742e-01 1.371979236602783203e+00 1.401220917701721191e+00 1.531877040863037109e+00 1.634274721145629883e+00 1.545571088790893555e+00 1.832969069480895996e+00 2.205406665802001953e+00 1.746738195419311523e+00 1.143962502479553223e+00 5.796992182731628418e-01 -4.019342362880706787e-01 -5.714322328567504883e-01 -5.531967878341674805e-01 -4.968505203723907471e-01 -6.153910756111145020e-01 -3.606619834899902344e-01 -4.121156334877014160e-01 -3.965947777032852173e-02 1.339613944292068481e-01 3.425166904926300049e-01 6.594776511192321777e-01 6.075921058654785156e-01 3.276944160461425781e-01 8.116721361875534058e-02 -3.236177265644073486e-01 -1.964230686426162720e-01 -2.378245890140533447e-01 -4.053470492362976074e-01 -5.791721940040588379e-01 -3.546388745307922363e-01 -2.283921241760253906e-01 -2.488368451595306396e-01 -2.782986462116241455e-01 -3.944267928600311279e-01 -4.326841235160827637e-01 -6.560435295104980469e-01 -6.242463588714599609e-01 -8.123316764831542969e-01 -5.890257954597473145e-01 -4.771902859210968018e-01 -6.169126555323600769e-02 -1.774208992719650269e-01 -3.576154410839080811e-01 -2.724932134151458740e-01 -4.044437408447265625e-01 -4.105500280857086182e-01 -4.103826284408569336e-01 -2.809131741523742676e-01 -3.989696204662322998e-01 -2.246957719326019287e-01 -3.295236229896545410e-01 -4.145080149173736572e-01 -4.928188323974609375e-01 -3.286165893077850342e-01 -2.213196456432342529e-01 -2.895981073379516602e-01 -2.706011533737182617e-01 -3.015425503253936768e-01
-3.451217114925384521e-01 -5.492293238639831543e-01 -5.679373741149902344e-01 -6.712151765823364258e-01 -6.770716309547424316e-01 -7.492912411689758301e-01 -8.399592638015747070e-01 -7.990827560424804688e-01 -4.780335724353790283e-01 -1.703704893589019775e-01 4.259165748953819275e-02 3.073623478412628174e-01 4.531815946102142334e-01 6.010230183601379395e-01 5.865306258201599121e-01 6.761165857315063477e-01 -8.379487395286560059e-01 -7.056288123130798340e-01 -5.886448621749877930e-01 -4.007031023502349854e-01 -5.366614460945129395e-01 -4.823332726955413818e-01 -8.843190073966979980e-01 -8.564407229423522949e-01 -7.141147851943969727e-01 -4.853401780128479004e-01 -6.802191138267517090e-01 -5.528221726417541504e-01 -3.692300021648406982e-01 1.040915399789810181e-01 3.159100711345672607e-01 7.295444011688232422e-01 4.286954998970031738e-01 3.068699538707733154e-01 3.163186311721801758e-01 2.896972000598907471e-01 -2.494341135025024414e-01 -7.509607672691345215e-01 -5.241173505783081055e-01 -2.351639233529567719e-02 5.455132722854614258e-01 5.473528504371643066e-01 -7.794628292322158813e-02 -5.028949379920959473e-01 -7.467551827430725098e-01 -6.708099842071533203e-01 -5.132696032524108887e-01 -1.052144989371299744e-01 6.025396585464477539e-01 9.029792547225952148e-01 1.029688119888305664e+00 -1.444406360387802124e-01 -1.045061707496643066e+00 -1.126695394515991211e+00 6.560459136962890625e-01 1.818479537963867188e+00 1.944187998771667480e+00 1.776735901832580566e+00 1.378975033760070801e+00 2.618289887905120850e-01 -9.036617279052734375e-01 -1.141675829887390137e+00 -1.141227364540100098e+00 -5.833959579467773438e-01 4.447655975818634033e-01 8.255466818809509277e-01 7.566645741462707520e-01 -3.997683227062225342e-01 -1.219408035278320312e+00 -7.560321688652038574e-01 1.405550718307495117e+00 2.414700746536254883e+00 2.487694501876831055e+00 2.410656213760375977e+00 1.482814669609069824e+00 5.936135649681091309e-01 -8.133288025856018066e-01 -5.986126065254211426e-01 -9.697045683860778809e-01 -6.067577600479125977e-01 3.859422504901885986e-01 2.204523533582687378e-01 2.319678068161010742e-01 -1.114485114812850952e-01 -1.816935390233993530e-01 -3.850804269313812256e-01 2.226682007312774658e-02 7.151106595993041992e-01 7.018181085586547852e-01 4.159212708473205566e-01 -1.342274099588394165e-01 -2.039126157760620117e-01 2.799851074814796448e-02 -2.219894081354141235e-01 -1.061788052320480347e-01 -5.124318413436412811e-03 -6.209436655044555664e-01 -3.429061770439147949e-01 -1.164933592081069946e-01 7.360979914665222168e-03 -5.868662893772125244e-02 -1.000585108995437622e-01 -2.783404290676116943e-01 -3.733010292053222656e-01 -4.248982965946197510e-01 -1.037722378969192505e-01 1.757799983024597168e-01 2.051973193883895874e-01 -8.474262058734893799e-02 5.608030408620834351e-02 2.910293042659759521e-01 4.901245534420013428e-01 -7.289805412292480469e-01 -8.220246434211730957e-01 -6.151768565177917480e-01 -7.829188704490661621e-01 -5.423175096511840820e-01 -4.042464494705200195e-01 -2.746798694133758545e-01 -1.992830932140350342e-01 1.320797353982925415e-01 1.379096657037734985e-01 2.468048632144927979e-01 3.501433134078979492e-01 2.486016601324081421e-01 3.561677336692810059e-01 5.928610563278198242e-01 6.336060166358947754e-01
-4.022548794746398926e-01 -4.199106395244598389e-01 -2.072749882936477661e-01 6.579859647899866104e-03 -1.525167524814605713e-01 -1.142547875642776489e-01 -1.458777338266372681e-01 -3.101819567382335663e-02 -9.694558382034301758e-02 -2.724038809537887573e-02 -1.488449424505233765e-01 -2.816921174526214600e-01 -5.743330121040344238e-01 -7.297575473785400391e-01 -5.911540389060974121e-01 -6.148119568824768066e-01 -3.773154020309448242e-01 -2.873779237270355225e-01 -1.842717379331588745e-01 -2.707225382328033447e-01 -4.829128682613372803e-01 -7.283288240432739258e-01 -8.175817728042602539e-01 -8.993870615959167480e-01 -7.423309087753295898e-01 -4.087765812873840332e-01 -2.358676195144653320e-01 1.969224959611892700e-01 1.801478266716003418e-01 -1.457069367170333862e-01 -2.971944212913513184e-01 -5.733530521392822266e-01 -1.671058237552642822e-01 -2.677100896835327148e-01 -4.100932180881500244e-01 -4.754176735877990723e-01 -1.542458236217498779e-01 1.021215841174125671e-01 4.436074793338775635e-01 7.090517878532409668e-01 8.074991703033447266e-01 9.228318333625793457e-01 9.726204872131347656e-01 1.049326419830322266e+00 1.280041456222534180e+00 1.318151235580444336e+00 1.004193425178527832e+00 8.598164916038513184e-01 1.366554200649261475e-01 -3.019621968269348145e-01 -5.779604315757751465e-01 -5.586941242218017578e-01 -6.384257674217224121e-01 -3.919247388839721680e-01 -3.475180566310882568e-01 -2.181128114461898804e-01 -1.229630112648010254e-01 -2.201916426420211792e-01 1.719418019056320190e-01 1.281255960464477539e+00 1.605924725532531738e+00 1.151472330093383789e+00 7.648792266845703125e-01 4.844897687435150146e-01 3.791981935501098633e-02 -7.248950600624084473e-01 -9.787560105323791504e-01 -8.626972436904907227e-01 -2.966370880603790283e-01 -5.796077847480773926e-01 -8.533067107200622559e-01 -9.649368524551391602e-01 -9.944701790809631348e-01 -7.432637810707092285e-01 -3.422144055366516113e-01 1.215197205543518066e+00 1.572097063064575195e+00 1.427675366401672363e+00 9.268340468406677246e-01 5.076038241386413574e-01 -4.411024749279022217e-01 -5.214484930038452148e-01 -7.067018747329711914e-01 -1.944904327392578125e-01 2.335125505924224854e-01 8.727875947952270508e-01 1.238656163215637207e+00 1.090498566627502441e+00 1.173053383827209473e+00 1.610984683036804199e+00 1.854134321212768555e+00 1.972218155860900879e+00 1.774445772171020508e+00 1.428374648094177246e+00 9.095636606216430664e-01 7.591658234596252441e-01 -2.037845849990844727e-01 -1.077668145298957825e-01 -8.439777046442031860e-02 -6.107747554779052734e-01 -7.079336643218994141e-01 -8.858417868614196777e-01 -7.381156086921691895e-01 -8.228837847709655762e-01 -7.728019356727600098e-01 -5.214454531669616699e-01 -5.891405344009399414e-01 -3.669418394565582275e-01 -1.398566663265228271e-01 8.385071158409118652e-02 1.339919865131378174e-01 4.309234023094177246e-01 -5.777513384819030762e-01 -2.869589328765869141e-01 -1.804708838462829590e-01 -1.122014969587326050e-01 -3.666335940361022949e-01 -3.396750092506408691e-01 -5.027183294296264648e-01 -7.759138941764831543e-01 -8.680782318115234375e-01 -8.925045728683471680e-01 -6.775082349777221680e-01 -4.818345308303833008e-01 -2.395140528678894043e-01 -2.518162727355957031e-01 -1.627579182386398315e-01 -1.448039524257183075e-02
-1.494888663291931152e-01 7.987414486706256866e-03 -3.047756552696228027e-01 -3.842467367649078369e-01 -4.034594893455505371e-01 -1.576990932226181030e-01 -3.743621706962585449e-02 -2.570044398307800293e-01 -3.225189149379730225e-01 -4.553952813148498535e-01 -5.488041043281555176e-01 -4.199815392494201660e-01 -1.536052674055099487e-01 -2.319649793207645416e-02 -1.437388956546783447e-01 -9.613655507564544678e-02 -2.664277255535125732e-01 -5.114846862852573395e-03 -2.868930995464324951e-01 -7.972614765167236328e-01 -8.250441551208496094e-01 -1.219741106033325195e+00 -1.134608864784240723e+00 -8.935717940330505371e-01 -8.681097030639648438e-01 -5.970399975776672363e-01 -2.589960992336273193e-01 2.155022770166397095e-01 4.309044778347015381e-01 3.428989350795745850e-01 4.322163760662078857e-02 5.711199343204498291e-02 -4.234253466129302979e-01 -3.890646398067474365e-01 -4.770487844944000244e-01 -2.791847586631774902e-01 -9.048211574554443359e-01 -3.691982030868530273e-01 3.264893591403961182e-02 4.990805387496948242e-01 7.226211428642272949e-01 8.584574460983276367e-01 9.129703044891357422e-01 1.065990686416625977e+00 1.314171314239501953e+00 1.281220912933349609e+00 7.656430006027221680e-01 2.043622434139251709e-01 -7.596502304077148438e-01 -4.883661568164825439e-01 -8.695837259292602539e-01 -1.504739522933959961e+00 -9.855778813362121582e-01 -4.875278472900390625e-01 7.282210141420364380e-02 -3.124691359698772430e-02 -2.802702486515045166e-01 -5.935934185981750488e-01 1.755970567464828491e-01 9.114382863044738770e-01 1.541972994804382324e+00 1.087327718734741211e+00 6.206353306770324707e-01 -1.354225352406501770e-02 -8.456146717071533203e-01 -8.645027279853820801e-01 -1.525074243545532227e+00 -1.415804028511047363e+00 -7.955888509750366211e-01 -1.173530697822570801e+00 -1.378562808036804199e+00 -1.232699513435363770e+00 -9.525597691535949707e-01 -4.358983337879180908e-01 2.369761466979980469e-01 6.746553778648376465e-01 9.763413667678833008e-01 5.526556968688964844e-01 3.560656607151031494e-01 -3.528768941760063171e-02 -8.206234574317932129e-01 -9.567717313766479492e-01 -1.021374940872192383e+00 -9.786402583122253418e-01 -6.656551957130432129e-01 -1.248363032937049866e-01 -1.078723520040512085e-01 2.348605841398239136e-01 1.337451338768005371e-01 3.582683503627777100e-01 5.046759247779846191e-01 5.478336215019226074e-01 7.649264931678771973e-01 5.122933387756347656e-01 2.263541072607040405e-01 1.661710739135742188e-01 -6.172897815704345703e-01 -2.352165579795837402e-01 2.338161021471023560e-01 2.433782517910003662e-01 3.666049242019653320e-01 4.835164248943328857e-01 7.105688452720642090e-01 8.180509805679321289e-01 1.203478693962097168e+00 1.273161411285400391e+00 1.279873609542846680e+00 1.115162372589111328e+00 9.216661453247070312e-01 7.985913753509521484e-01 6.729958057403564453e-01 2.631558775901794434e-01 -4.474704265594482422e-01 -3.341957926750183105e-01 -9.061495214700698853e-02 -6.833832710981369019e-02 2.095516175031661987e-01 4.258950650691986084e-01 6.674532890319824219e-01 9.715567231178283691e-01 1.122407078742980957e+00 1.133153557777404785e+00 9.158530235290527344e-01 6.270435452461242676e-01 5.243924856185913086e-01 1.293260455131530762e-01 -2.470568716526031494e-01 -3.859542310237884521e-01
1.380281001329421997e-01 1.615928858518600464e-01 2.102822959423065186e-01 2.768100202083587646e-01 1.822864860296249390e-01 9.572364389896392822e-02 2.025587111711502075e-02 -1.237647309899330139e-01 -3.511856496334075928e-01 -4.694999754428863525e-01 -3.883302211761474609e-01 -4.718455970287322998e-01 -3.587469756603240967e-01 -4.189816117286682129e-02 5.602613687515258789e-01 2.381516396999359131e-01 -8.390767127275466919e-02 -2.279381453990936279e-01 -1.612270027399063110e-01 -4.400384612381458282e-03 -1.103798449039459229e-01 -2.152017056941986084e-01 -3.349013626575469971e-01 -1.681647002696990967e-01 -1.002228334546089172e-01 -9.503829479217529297e-02 -2.337800413370132446e-01 -4.911742508411407471e-01 -5.980240702629089355e-01 -3.846135735511779785e-01 -1.420368552207946777e-01 -2.472450025379657745e-02 -3.092327713966369629e-01 4.253566265106201172e-02 4.828859120607376099e-02 1.819852143526077271e-01 -2.898882925510406494e-01 -2.955705672502517700e-02 2.720493078231811523e-01 4.996954798698425293e-01 7.910698056221008301e-01 9.163254499435424805e-01 1.342979192733764648e+00 1.460056066513061523e+00 1.233039736747741699e+00 8.678455352783203125e-01 8.077566623687744141e-01 4.858933389186859131e-01 -3.063376843929290771e-01 -5.471916794776916504e-01 -4.543326199054718018e-01 -8.771977424621582031e-01 4.394794404506683350e-01 1.402824997901916504e+00 2.300708293914794922e+00 1.888986229896545410e+00 -1.739637702703475952e-01 -4.861772954463958740e-01 -2.618288099765777588e-01 3.814053833484649658e-01 5.457035899162292480e-01 5.002643465995788574e-01 4.926626682281494141e-01 1.256348013877868652e+00 -5.255659818649291992e-01 -1.050801753997802734e+00 -1.139338135719299316e+00 -7.346764206886291504e-01 6.940375566482543945e-01 2.271790742874145508e+00 2.560156345367431641e+00 1.627121686935424805e+00 -1.564763784408569336e+00 -1.872972011566162109e+00 -1.348209381103515625e+00 -9.474338889122009277e-01 -1.291056394577026367e+00 -1.382794260978698730e+00 -1.156580567359924316e+00 -4.981677532196044922e-01 -1.538107842206954956e-01 -3.929528892040252686e-01 -8.158990144729614258e-01 -7.165027260780334473e-01 -4.089372754096984863e-01 3.540500402450561523e-01 5.666314363479614258e-01 6.450199484825134277e-01 4.706963598728179932e-01 1.930295974016189575e-01 -1.253801435232162476e-01 -2.342208623886108398e-01 -3.238134086132049561e-01 -5.365375280380249023e-01 -4.208671748638153076e-01 -3.033412098884582520e-01 1.919061131775379181e-02 8.223919570446014404e-02 -2.022518366575241089e-01 -4.089038372039794922e-01 -3.064622879028320312e-01 6.783375889062881470e-02 2.425397746264934540e-02 -1.242109239101409912e-01 -8.559381961822509766e-02 -1.075932458043098450e-01 1.409867405891418457e-02 4.488879814743995667e-02 7.039043307304382324e-02 -1.196447610855102539e-01 -5.188226699829101562e-02 1.788753643631935120e-02 3.825290799140930176e-01 3.489869534969329834e-01 -1.059766560792922974e-01 -1.370514035224914551e-01 -9.282210469245910645e-02 -1.896434575319290161e-01 -1.908973157405853271e-01 -3.050932288169860840e-01 -2.581833600997924805e-01 -2.867938578128814697e-01 -1.529372334480285645e-01 -1.245373860001564026e-03 5.298586934804916382e-02 1.884406059980392456e-01 3.465685844421386719e-01 3.734462261199951172e-01
-1.239646449685096741e-01 -9.369156509637832642e-02 -4.067135974764823914e-02 2.259106561541557312e-02 2.558123767375946045e-01 2.742049396038055420e-01 1.648673415184020996e-01 5.080518722534179688e-01 5.584099888801574707e-01 6.290673613548278809e-01 2.686927318572998047e-01 2.933525480329990387e-02 -1.068430244922637939e-01 -3.348310589790344238e-01 -5.451082587242126465e-01 -7.207365632057189941e-01 -3.079372048377990723e-01 -2.039717510342597961e-03 1.229784190654754639e-01 7.320135235786437988e-01 7.950474023818969727e-01 6.956435441970825195e-01 6.485164761543273926e-01 9.886608719825744629e-01 1.082312226295471191e+00 1.391633272171020508e+00 1.127350807189941406e+00 9.227472543716430664e-01 6.091549992561340332e-01 4.770989716053009033e-01 1.443664729595184326e-01 -3.923618197441101074e-01 -3.543296456336975098e-01 -2.185236364603042603e-01 -1.711418032646179199e-01 -2.514469027519226074e-01 -1.136724129319190979e-01 6.710521876811981201e-02 4.811335504055023193e-01 8.769348263740539551e-01 8.495916724205017090e-01 6.522867083549499512e-01 2.212907224893569946e-01 -2.355057150125503540e-01 -5.516343712806701660e-01 -5.965992212295532227e-01 -2.700201272964477539e-01 -4.663766324520111084e-01 -6.606671214103698730e-01 -2.717652022838592529e-01 -8.947260379791259766e-01 -1.032361507415771484e+00 -5.649840831756591797e-01 -8.498065173625946045e-02 2.823047637939453125e-01 6.953067332506179810e-02 -2.335540950298309326e-01 -6.257853507995605469e-01 -5.203689932823181152e-01 -5.642994046211242676e-01 -1.165516614913940430e+00 -1.406582593917846680e+00 -8.676155805587768555e-01 -6.236076354980468750e-01 -6.230347752571105957e-01 -3.946925103664398193e-01 -1.301641464233398438e+00 -1.174630880355834961e+00 -8.636963367462158203e-01 -1.306118965148925781e+00 -1.733469009399414062e+00 -1.009245395660400391e+00 -7.667555809020996094e-01 -7.161298990249633789e-01 -6.870230436325073242e-01 -1.074723005294799805e+00 -1.432908415794372559e+00 -1.611560106277465820e+00 -7.153425812721252441e-01 -2.190040349960327148e-01 -3.183238804340362549e-01 -2.139166891574859619e-01 -3.893216550350189209e-01 -5.287349820137023926e-01 -3.317207396030426025e-01 1.250497102737426758e-01 7.222447991371154785e-01 1.029084324836730957e+00 1.280437707901000977e+00 1.116210460662841797e+00 3.317195177078247070e-01 -4.120345711708068848e-01 -1.050002932548522949e+00 -6.532158851623535156e-01 -3.587017580866813660e-02 -3.055931925773620605e-01 -1.088263317942619324e-01 3.387717604637145996e-01 6.318472623825073242e-01 8.165667057037353516e-01 7.109722495079040527e-01 8.269090056419372559e-01 1.089990377426147461e+00 1.061822175979614258e+00 9.250275492668151855e-01 5.074731707572937012e-01 1.064261496067047119e-01 2.051595747470855713e-01 1.987825781106948853e-01 4.224603772163391113e-01 -4.181874170899391174e-02 -2.567462921142578125e-01 1.238508000969886780e-01 3.548721671104431152e-01 3.461799919605255127e-01 3.805824518203735352e-01 5.879399776458740234e-01 8.153399825096130371e-01 1.018163561820983887e+00 8.713907003402709961e-01 8.189628720283508301e-01 7.046645879745483398e-01 5.656545758247375488e-01 5.510191321372985840e-01 5.905285477638244629e-01 4.442181587219238281e-01 9.461074322462081909e-02 -4.250781610608100891e-02
-5.412890911102294922e-01 -5.672999620437622070e-01 -3.827580213546752930e-01 -3.350636363029479980e-01 -7.272650301456451416e-02 8.570197224617004395e-02 -5.412398651242256165e-02 -6.224404275417327881e-02 5.400986224412918091e-02 1.080300807952880859e-01 1.196934133768081665e-01 -1.585951447486877441e-01 -5.050567388534545898e-01 -5.401137471199035645e-01 -5.543855428695678711e-01 -5.827368497848510742e-01 3.528794646263122559e-01 7.036819458007812500e-01 5.868344902992248535e-01 6.166970133781433105e-01 5.595093369483947754e-01 7.453995943069458008e-01 6.112918853759765625e-01 8.583161979913711548e-02 1.395867764949798584e-01 2.967347502708435059e-01 3.581966757774353027e-01 3.184993863105773926e-01 3.726535439491271973e-01 2.107043862342834473e-01 4.507724642753601074e-01 5.230368971824645996e-01 3.728923499584197998e-01 4.560513198375701904e-01 4.884669184684753418e-01 4.385396540164947510e-01 3.769548833370208740e-01 -1.775034368038177490e-01 -1.156141161918640137e+00 -1.681573987007141113e+00 -1.543790102005004883e+00 -1.128919124603271484e+00 -5.018880367279052734e-01 1.578387767076492310e-01 2.628210783004760742e-01 2.983384728431701660e-01 3.961763978004455566e-01 -5.054040253162384033e-02 2.596563994884490967e-01 6.850457787513732910e-01 1.050498843193054199e+00 8.316527605056762695e-01 3.249656036496162415e-02 -9.345550835132598877e-02 -3.666298985481262207e-01 -5.343797206878662109e-01 -5.497981309890747070e-01 -2.889690920710563660e-02 -3.993438184261322021e-02 1.927207410335540771e-01 -6.280020624399185181e-02 2.848919630050659180e-01 1.248912289738655090e-01 7.526681572198867798e-02 3.453963696956634521e-01 7.084221243858337402e-01 1.064549684524536133e+00 6.763711571693420410e-01 -8.318871259689331055e-01 -9.446621537208557129e-01 -3.964479565620422363e-01 -5.665631294250488281e-01 -8.500388264656066895e-01 -5.736226439476013184e-01 -2.399055063724517822e-01 1.738849133253097534e-01 5.097041726112365723e-01 2.326862961053848267e-01 9.256626665592193604e-02 1.843760460615158081e-01 8.577942848205566406e-01 9.246758222579956055e-01 7.363070845603942871e-01 4.950575530529022217e-01 1.941666156053543091e-01 -4.479077458381652832e-01 -9.658267498016357422e-01 -1.411017656326293945e+00 -1.337696552276611328e+00 -6.712848544120788574e-01 -9.154488891363143921e-02 7.956644147634506226e-02 3.776558339595794678e-01 2.628339529037475586e-01 4.978056252002716064e-01 7.325634956359863281e-01 5.684891343116760254e-01 6.841475367546081543e-01 6.652541756629943848e-01 8.616631627082824707e-01 6.817595362663269043e-01 4.132327139377593994e-01 7.680385559797286987e-02 9.584522247314453125e-02 1.680700033903121948e-01 4.693904519081115723e-02 2.534599006175994873e-01 2.753222882747650146e-01 1.723794192075729370e-01 4.573859572410583496e-01 5.877422690391540527e-01 5.328393578529357910e-01 5.781576782464981079e-02 -2.809542715549468994e-01 -4.432405233383178711e-01 -1.368186622858047485e-01 -2.362111024558544159e-02 -9.653691947460174561e-02 -1.324984580278396606e-01 2.263052314519882202e-01 1.491429656744003296e-02 -6.815347075462341309e-02 -5.323663949966430664e-01 -7.325114607810974121e-01 -6.033817529678344727e-01 -5.646514296531677246e-01 -2.681991159915924072e-01 1.946844309568405151e-01
-6.980223059654235840e-01 -6.232767701148986816e-01 -3.355368077754974365e-01 -6.072408333420753479e-02 2.175823897123336792e-01 4.749397039413452148e-01 6.717718839645385742e-01 6.009749174118041992e-01 4.349077939987182617e-01 2.367726415395736694e-01 5.454704165458679199e-02 -1.063406690955162048e-01 -2.540130913257598877e-01 -1.942146271467208862e-01 -2.428372353315353394e-01 -2.030819207429885864e-01 2.710336148738861084e-01 4.043901860713958740e-01 6.724447607994079590e-01 8.368376493453979492e-01 9.730971455574035645e-01 1.079185605049133301e+00 1.099488615989685059e+00 1.048089146614074707e+00 7.935952544212341309e-01 6.428239345550537109e-01 5.377795100212097168e-01 3.496622145175933838e-01 3.306363523006439209e-01 1.274863779544830322e-01 5.701263248920440674e-02 -1.861800700426101685e-01 7.763387262821197510e-02 2.712054252624511719e-01 7.399675846099853516e-01 9.340674877166748047e-01 8.730274438858032227e-01 7.262840270996093750e-01 4.587742388248443604e-01 1.214513033628463745e-01 -2.433855645358562469e-02 -1.935326755046844482e-01 -6.453489065170288086e-01 -8.674443960189819336e-01 -9.395018815994262695e-01 -6.415882706642150879e-01 -2.490049451589584351e-01 -1.267956197261810303e-01 -3.748033642768859863e-01 4.449970126152038574e-01 8.608959913253784180e-01 1.147503614425659180e+00 1.115822553634643555e+00 8.582543134689331055e-01 6.350407004356384277e-01 7.795677781105041504e-01 1.200253725051879883e+00 1.120118618011474609e+00 2.048739045858383179e-01 -8.507646322250366211e-01 -1.063061118125915527e+00 -1.020652294158935547e+00 -6.371087431907653809e-01 -3.754668533802032471e-01 -5.863602831959724426e-02 7.747534513473510742e-01 1.198910474777221680e+00 1.375420689582824707e+00 1.051096796989440918e+00 7.926380038261413574e-01 6.531231999397277832e-01 1.122244119644165039e+00 1.421145319938659668e+00 1.256102204322814941e+00 1.109583973884582520e-01 -7.611054182052612305e-01 -8.775805830955505371e-01 -8.523006439208984375e-01 -5.847226977348327637e-01 -5.307222008705139160e-01 -2.983475923538208008e-01 -1.866609789431095123e-02 4.192192554473876953e-01 9.369549751281738281e-01 1.012132167816162109e+00 6.400359272956848145e-01 3.113230466842651367e-01 3.099523186683654785e-01 1.606186479330062866e-01 -9.702043235301971436e-02 -3.037040531635284424e-01 -6.803862452507019043e-01 -6.945235729217529297e-01 -6.355845928192138672e-01 -5.103532671928405762e-01 -3.318496346473693848e-01 -4.512885212898254395e-01 -7.450386285781860352e-01 -9.621160626411437988e-01 -1.168561220169067383e+00 -1.171408772468566895e+00 -8.754968643188476562e-01 -5.919820666313171387e-01 -4.187536537647247314e-01 -3.580493330955505371e-01 -4.618456065654754639e-01 -5.040070414543151855e-01 -4.100401997566223145e-01 -4.448109269142150879e-01 -4.876745045185089111e-01 -2.463035583496093750e-01 -1.885293573141098022e-01 -4.033671319484710693e-01 -3.424382507801055908e-01 -3.848786056041717529e-01 -6.564763784408569336e-01 -7.985067963600158691e-01 -8.977509737014770508e-01 -8.823246955871582031e-01 -6.589980721473693848e-01 -5.066637992858886719e-01 -4.931580424308776855e-01 -2.500959336757659912e-01 -2.774276435375213623e-01 -2.312093824148178101e-01 -3.208048641681671143e-01 -3.595013022422790527e-01 -5.011246800422668457e-01
-1.021340768784284592e-02 -1.030147075653076172e-02 1.015400886535644531e-01 3.013591095805168152e-02 4.748273268342018127e-02 -6.857467815279960632e-03 1.526222825050354004e-01 4.899128079414367676e-01 6.821133494377136230e-01 5.737902522087097168e-01 5.534211993217468262e-01 3.549928367137908936e-01 7.938653975725173950e-02 1.812501102685928345e-01 1.003471165895462036e-01 4.328485578298568726e-02 -7.482439279556274414e-02 -8.340243995189666748e-02 8.773779496550559998e-03 2.153267711400985718e-01 2.119437754154205322e-01 3.453451693058013916e-01 6.891195774078369141e-01 6.895045638084411621e-01 5.872634053230285645e-01 5.864474177360534668e-01 7.452175617218017578e-01 8.187858462333679199e-01 6.167053580284118652e-01 3.240684866905212402e-01 4.111577942967414856e-02 -1.759755909442901611e-01 -2.971093356609344482e-01 -2.670545876026153564e-01 -4.706096947193145752e-01 -6.510965228080749512e-01 -3.284686207771301270e-01 1.117899492383003235e-01 2.450935393571853638e-01 -4.167700409889221191e-01 -1.162313461303710938e+00 -1.524913430213928223e+00 -1.239972472190856934e+00 -6.659457087516784668e-01 -8.881244063377380371e-02 2.811955511569976807e-01 3.023142218589782715e-01 2.792752981185913086e-01 -3.078137636184692383e-01 -1.054700970649719238e+00 -1.383481025695800781e+00 -1.574227094650268555e+00 -1.415446758270263672e+00 -1.746856093406677246e+00 -2.018561840057373047e+00 -1.917855620384216309e+00 -1.568356752395629883e+00 -3.614599704742431641e-01 8.879926800727844238e-01 1.364667057991027832e+00 1.240834474563598633e+00 1.167540431022644043e+00 6.650038361549377441e-01 3.213360309600830078e-01 -3.057696521282196045e-01 -7.571184039115905762e-01 -1.358536958694458008e+00 -1.364296555519104004e+00 -4.492904841899871826e-01 9.280612468719482422e-01 1.301577687263488770e+00 -5.373165607452392578e-01 -1.569248557090759277e+00 -1.266774296760559082e+00 1.370400041341781616e-01 1.016580581665039062e+00 1.319456219673156738e+00 1.146779179573059082e+00 7.394661307334899902e-01 3.038279712200164795e-01 -2.723309695720672607e-01 -2.166934311389923096e-01 -4.819805026054382324e-01 -7.086766362190246582e-01 -5.984026193618774414e-01 2.933419346809387207e-01 5.707125067710876465e-01 1.936474293470382690e-01 -4.104008674621582031e-01 -8.768929839134216309e-01 -3.796435594558715820e-01 -1.506824642419815063e-01 8.115609735250473022e-02 1.712816208600997925e-01 2.475287318229675293e-01 2.151752412319183350e-01 -8.369361609220504761e-02 3.036752939224243164e-01 2.912445962429046631e-01 2.961760461330413818e-01 1.733430176973342896e-01 5.029357671737670898e-01 9.008783102035522461e-01 6.118798255920410156e-01 4.069959223270416260e-01 3.267284631729125977e-01 5.551303625106811523e-01 5.330135226249694824e-01 1.211053729057312012e-01 -2.281760722398757935e-01 -4.293548464775085449e-01 -2.931650876998901367e-01 2.613560557365417480e-01 2.209532707929611206e-01 2.570062875747680664e-01 1.652794480323791504e-01 9.560049325227737427e-02 2.337630540132522583e-01 3.099650740623474121e-01 1.060038581490516663e-01 9.147691726684570312e-02 3.513491898775100708e-02 1.622502356767654419e-01 1.248432695865631104e-01 1.021312549710273743e-01 -1.195069774985313416e-02 8.546153455972671509e-02 -1.238152161240577698e-01
-6.429506540298461914e-01 -6.065385341644287109e-01 -5.351855754852294922e-01 -2.970807552337646484e-01 -6.790485233068466187e-02 6.686341762542724609e-02 -1.522695459425449371e-02 1.160875633358955383e-01 4.245631992816925049e-01 6.484937071800231934e-01 6.448197364807128906e-01 6.568790078163146973e-01 2.940286993980407715e-01 -3.985617682337760925e-02 -2.347923070192337036e-01 -5.122190713882446289e-01 -4.176919460296630859e-01 -2.720563113689422607e-01 1.275754068046808243e-02 2.385292351245880127e-01 3.781562447547912598e-01 4.657050073146820068e-01 3.235690891742706299e-01 3.913679122924804688e-01 6.300542950630187988e-01 9.801167249679565430e-01 1.173790216445922852e+00 1.367725133895874023e+00 1.194046020507812500e+00 9.263235926628112793e-01 5.522754192352294922e-01 3.923302292823791504e-01 -9.267336130142211914e-02 -5.021321773529052734e-02 -2.076018750667572021e-01 -5.480194687843322754e-01 -6.190554499626159668e-01 -8.101018071174621582e-01 -8.414356708526611328e-01 -4.453702270984649658e-01 -1.113422438502311707e-01 3.135774135589599609e-01 5.975033044815063477e-01 8.300847411155700684e-01 8.964502811431884766e-01 9.189770817756652832e-01 7.440076470375061035e-01 3.688280880451202393e-01 -1.773865818977355957e-01 -7.695728540420532227e-02 -3.217343091964721680e-01 -6.893682479858398438e-01 -9.327773451805114746e-01 -5.910081863403320312e-01 1.063209697604179382e-01 8.328397870063781738e-01 1.195287466049194336e+00 1.244490742683410645e+00 1.146778225898742676e+00 9.677516222000122070e-01 9.123074412345886230e-01 8.473799228668212891e-01 5.087488293647766113e-01 1.031857952475547791e-01 -2.949340939521789551e-01 -1.111997663974761963e-01 -5.405217409133911133e-01 -9.075779318809509277e-01 -1.207628250122070312e+00 -1.875717341899871826e-01 7.330017685890197754e-01 1.390535593032836914e+00 1.275705814361572266e+00 1.190320849418640137e+00 1.260888695716857910e+00 1.187494516372680664e+00 1.143011569976806641e+00 9.866242408752441406e-01 6.700489521026611328e-01 1.804890483617782593e-01 -3.651063442230224609e-01 -4.151962697505950928e-01 -7.578457593917846680e-01 -9.164603948593139648e-01 -6.732358336448669434e-01 -5.331036448478698730e-01 2.938423678278923035e-02 3.988507688045501709e-01 5.223445892333984375e-01 7.990047931671142578e-01 9.940172433853149414e-01 1.133396625518798828e+00 1.068229198455810547e+00 8.624360561370849609e-01 4.391914606094360352e-01 1.768352091312408447e-01 -7.340494990348815918e-01 -6.192067861557006836e-01 -5.383542776107788086e-01 -5.514517426490783691e-01 -8.692169785499572754e-01 -1.134164690971374512e+00 -1.138401865959167480e+00 -9.139850735664367676e-01 -8.641085028648376465e-01 -9.929980635643005371e-01 -8.723899722099304199e-01 -7.063329219818115234e-01 -7.152987122535705566e-01 -7.326589822769165039e-01 -5.104213356971740723e-01 -2.964836359024047852e-01 -5.522287487983703613e-01 -4.660649299621582031e-01 -4.633067548274993896e-01 -4.559333622455596924e-01 -6.724956631660461426e-01 -5.865557193756103516e-01 -5.869812965393066406e-01 -7.105210423469543457e-01 -6.978118419647216797e-01 -7.120382189750671387e-01 -7.929093241691589355e-01 -8.260828852653503418e-01 -5.242812037467956543e-01 -3.863696157932281494e-01 -3.127466738224029541e-01 -2.954661548137664795e-01
5.089438557624816895e-01 3.620840013027191162e-01 4.226390123367309570e-01 3.053452074527740479e-01 1.232332214713096619e-01 3.317799568176269531e-01 4.660851955413818359e-01 6.079772114753723145e-01 6.482881903648376465e-01 4.796567261219024658e-01 3.881797492504119873e-01 2.767732739448547363e-01 2.058295309543609619e-01 2.084170430898666382e-01 7.191083580255508423e-02 3.137528300285339355e-01 3.887577056884765625e-01 3.545193672180175781e-01 1.144669726490974426e-01 -2.134288847446441650e-01 -4.432771727442741394e-02 3.086153864860534668e-01 3.687059879302978516e-01 3.454267978668212891e-01 2.113541066646575928e-01 6.618639919906854630e-03 2.318096160888671875e-01 2.998074293136596680e-01 9.670302271842956543e-02 2.156410217285156250e-01 2.002041935920715332e-01 1.432145982980728149e-01 3.990834355354309082e-01 1.737833917140960693e-01 -5.233905315399169922e-01 -9.141408205032348633e-01 -1.071894288063049316e+00 -1.285735607147216797e+00 -1.498965740203857422e+00 -1.859488248825073242e+00 -2.012325048446655273e+00 -2.007812023162841797e+00 -1.663712382316589355e+00 -1.533175826072692871e+00 -1.252353668212890625e+00 -7.752339243888854980e-01 -2.747712731361389160e-01 1.381598412990570068e-03 5.021469593048095703e-01 -5.120964646339416504e-01 -6.334228515625000000e-01 -6.982777118682861328e-01 -4.949607253074645996e-01 -2.860284149646759033e-01 -5.162652134895324707e-01 -1.035436511039733887e+00 -1.264253139495849609e+00 -8.865051865577697754e-01 -6.083070039749145508e-01 -8.233920931816101074e-01 -1.056244492530822754e+00 -1.097571015357971191e+00 -9.294703006744384766e-01 -2.096470296382904053e-01 5.562788620591163635e-02 -7.002258896827697754e-01 -3.513315021991729736e-01 -6.643730998039245605e-01 1.033486723899841309e-01 7.780693173408508301e-01 1.212286591529846191e+00 -3.817773461341857910e-01 -4.540767967700958252e-01 1.060280203819274902e+00 1.363236784934997559e+00 2.329348027706146240e-01 -1.150957942008972168e+00 -1.091225028038024902e+00 -1.060464620590209961e+00 -3.434300124645233154e-01 -2.525810003280639648e-01 3.163416311144828796e-02 -6.049229577183723450e-02 2.164043672382831573e-02 -5.528943613171577454e-02 9.750912338495254517e-02 5.559785962104797363e-01 8.839842677116394043e-01 1.131296396255493164e+00 1.347649931907653809e+00 8.837110400199890137e-01 1.153820827603340149e-01 -4.345161616802215576e-01 -4.348935186862945557e-01 -1.513270437717437744e-01 8.428280800580978394e-02 -1.277755647897720337e-01 2.565711736679077148e-01 4.458197653293609619e-01 5.220109224319458008e-01 5.069631338119506836e-01 6.595246791839599609e-01 9.820985794067382812e-01 1.285065889358520508e+00 1.266154050827026367e+00 1.024062275886535645e+00 6.563666462898254395e-01 5.138521194458007812e-01 5.785133242607116699e-01 3.724542260169982910e-01 3.082119524478912354e-01 9.230965375900268555e-02 -1.623022258281707764e-01 -2.658550255000591278e-02 -1.574357300996780396e-01 5.611970648169517517e-02 -2.182088606059551239e-02 2.129609286785125732e-01 5.269510149955749512e-01 5.526069402694702148e-01 5.175490379333496094e-01 3.212007582187652588e-01 1.721805334091186523e-01 9.597066044807434082e-02 1.949099004268646240e-01 9.026164561510086060e-02 -2.046619541943073273e-03 2.203725874423980713e-01
4.499590694904327393e-01 4.386958479881286621e-01 3.533884882926940918e-01 2.070115804672241211e-01 2.597001194953918457e-01 2.595885992050170898e-01 4.280030131340026855e-01 5.086909532546997070e-01 5.556883215904235840e-01 5.534577965736389160e-01 2.281010448932647705e-01 2.163453996181488037e-01 2.662631571292877197e-01 7.762722671031951904e-02 8.530469611287117004e-03 9.221956878900527954e-02 4.682867601513862610e-02 6.855555623769760132e-02 1.597838662564754486e-02 1.866272538900375366e-01 4.246475994586944580e-01 5.607985258102416992e-01 6.575295329093933105e-01 6.865168809890747070e-01 9.222038984298706055e-01 9.929656386375427246e-01 5.677633881568908691e-01 2.210316359996795654e-01 4.493968486785888672e-01 5.128952264785766602e-01 3.931093811988830566e-01 1.267177313566207886e-01 2.709459979087114334e-03 -2.477308809757232666e-01 -3.182962834835052490e-01 -4.525029063224792480e-01 -7.709079980850219727e-01 -1.065136432647705078e+00 -1.094586849212646484e+00 -8.961921930313110352e-01 3.545727953314781189e-02 9.823573827743530273e-01 3.356991112232208252e-01 -5.833390355110168457e-01 -6.423429250717163086e-01 -1.424143910408020020e-01 2.444056272506713867e-01 2.956968843936920166e-01 1.356855034828186035e-01 -7.594602704048156738e-01 -1.151774048805236816e+00 -4.761748611927032471e-01 -4.914966225624084473e-01 -9.481064081192016602e-01 -1.310634136199951172e+00 -1.721786975860595703e+00 -1.251472353935241699e+00 1.327387571334838867e+00 1.535919189453125000e+00 -3.210696876049041748e-01 -1.363956093788146973e+00 -1.088221669197082520e+00 -5.187767744064331055e-01 2.538338899612426758e-01 4.329108893871307373e-01 -2.736566662788391113e-01 -8.341990113258361816e-01 -8.164381980895996094e-01 -6.694305222481489182e-03 1.089000821113586426e+00 9.331011772155761719e-01 -9.288890957832336426e-01 -1.192042946815490723e+00 -1.110322237014770508e+00 -1.006396293640136719e+00 -8.079726099967956543e-01 -1.124559402465820312e+00 -1.113466262817382812e+00 -8.888856172561645508e-01 -3.961341381072998047e-01 5.383552312850952148e-01 3.483138382434844971e-01 -6.131377816200256348e-02 -3.311365544795989990e-01 -4.177287817001342773e-01 1.949931681156158447e-01 5.200636386871337891e-01 -2.370266467332839966e-01 -1.057603478431701660e+00 -1.354732871055603027e+00 -1.273285865783691406e+00 -1.088386654853820801e+00 -6.691057682037353516e-01 -7.542321681976318359e-01 -8.029338121414184570e-01 -4.506965577602386475e-01 3.119508028030395508e-01 5.568429827690124512e-01 6.713960766792297363e-01 5.479950904846191406e-01 4.593388736248016357e-01 6.630290746688842773e-01 7.717846632003784180e-01 7.170703411102294922e-01 6.555265188217163086e-01 4.798184037208557129e-01 4.181084930896759033e-01 3.004347681999206543e-01 4.893855750560760498e-02 -1.448229700326919556e-01 -1.894462108612060547e-01 -2.222710400819778442e-01 2.689301371574401855e-01 1.674024313688278198e-01 3.281804919242858887e-01 3.997377157211303711e-01 3.721724450588226318e-01 3.869402706623077393e-01 5.473301410675048828e-01 6.676537990570068359e-01 7.199441790580749512e-01 7.293732166290283203e-01 7.874593734741210938e-01 5.519937276840209961e-01 4.455831348896026611e-01 4.708894491195678711e-01 6.236234307289123535e-01 4.753224849700927734e-01
2.193121314048767090e-01 2.457393258810043335e-01 4.208192229270935059e-03 -1.865556389093399048e-01 -2.273050136864185333e-02 -9.099487960338592529e-02 -2.204730063676834106e-01 -6.916143298149108887e-01 -7.382622361183166504e-01 -5.242010354995727539e-01 -2.488441020250320435e-01 1.598224639892578125e-01 2.974554300308227539e-01 4.387725889682769775e-01 8.457068800926208496e-01 9.437155127525329590e-01 -2.016869634389877319e-01 -4.627756774425506592e-01 -6.650688052177429199e-01 -5.804287195205688477e-01 -6.288945078849792480e-01 -6.232161521911621094e-01 -6.421000957489013672e-01 -7.078406214714050293e-01 -5.420807003974914551e-01 -3.964911103248596191e-01 -3.895979821681976318e-01 -7.718335390090942383e-01 -9.448761343955993652e-01 -5.529699921607971191e-01 2.678510248661041260e-01 6.694643497467041016e-01 -2.772640287876129150e-01 -4.438935816287994385e-01 -3.442364335060119629e-01 -3.261457085609436035e-01 -2.181860506534576416e-01 -3.042150735855102539e-01 1.932630538940429688e-01 3.546194434165954590e-01 4.746323525905609131e-01 4.842520356178283691e-01 2.009687125682830811e-01 -3.688612878322601318e-01 -7.523238658905029297e-01 -1.010196805000305176e+00 -6.969824433326721191e-01 -1.208952963352203369e-01 -1.865222603082656860e-01 -2.175551503896713257e-01 -5.073424577713012695e-01 -4.704730808734893799e-01 -1.074677824974060059e+00 -4.064152836799621582e-01 1.732829026877880096e-02 2.860212028026580811e-01 4.877713322639465332e-02 -3.461720645427703857e-01 -7.761089801788330078e-01 -1.072872042655944824e+00 -1.235135912895202637e+00 -1.133786559104919434e+00 -1.075225472450256348e+00 -7.997075319290161133e-01 -3.764752745628356934e-01 -1.756764054298400879e-01 -7.570881843566894531e-01 -1.251644492149353027e+00 -1.664168000221252441e+00 -1.636538624763488770e+00 -1.525517344474792480e+00 -1.097097158432006836e+00 -8.344742655754089355e-01 3.284814581274986267e-02 -6.680069118738174438e-02 9.639996290206909180e-02 3.890223503112792969e-01 1.591859161853790283e-01 1.170960441231727600e-01 -3.245735913515090942e-02 -2.157536596059799194e-01 -2.727334797382354736e-01 -2.324514985084533691e-01 -4.258418977260589600e-01 -4.796063601970672607e-01 -2.730007469654083252e-01 2.607977986335754395e-01 7.134450078010559082e-01 1.071424007415771484e+00 1.022627830505371094e+00 1.272729635238647461e+00 1.171154141426086426e+00 1.303416609764099121e+00 1.225541710853576660e+00 9.571759104728698730e-01 1.966893300414085388e-02 -2.205569595098495483e-01 8.721020072698593140e-02 4.295806884765625000e-01 7.096685171127319336e-01 7.654492259025573730e-01 6.328507065773010254e-01 5.573990345001220703e-01 8.160350918769836426e-01 1.098592758178710938e+00 1.362899065017700195e+00 1.317823529243469238e+00 1.498593688011169434e+00 1.407253026962280273e+00 1.177078723907470703e+00 9.379771351814270020e-01 5.935968756675720215e-01 -1.694227904081344604e-01 -1.704273074865341187e-01 -3.116288185119628906e-01 -1.894974559545516968e-01 -1.433326583355665207e-02 1.749852299690246582e-01 6.231687664985656738e-01 8.909438848495483398e-01 1.098763823509216309e+00 1.054186701774597168e+00 8.305509686470031738e-01 7.776235342025756836e-01 3.988583385944366455e-01 -6.484171003103256226e-02 -2.794407904148101807e-01 -5.460230112075805664e-01
3.473031818866729736e-01 3.895322382450103760e-01 2.164679914712905884e-01 -9.522655047476291656e-03 -7.633015047758817673e-03 -7.494113594293594360e-02 -4.058046042919158936e-01 -5.632872581481933594e-01 -6.598302721977233887e-01 -6.111605167388916016e-01 -5.078991055488586426e-01 -4.265425503253936768e-01 -3.718521893024444580e-01 -6.589808315038681030e-02 2.470273673534393311e-01 2.918182611465454102e-01 5.251082777976989746e-01 1.967044770717620850e-01 -2.745365798473358154e-01 -3.056166768074035645e-01 -2.577836513519287109e-01 -3.426810204982757568e-01 -3.034976422786712646e-01 -3.859344720840454102e-01 -4.243623912334442139e-01 -1.056348755955696106e-01 -1.034734621644020081e-01 -2.708930969238281250e-01 -4.655646383762359619e-01 -4.325326979160308838e-01 9.961714968085289001e-04 1.738604456186294556e-01 -1.320540457963943481e-01 -2.885053753852844238e-01 -5.249041318893432617e-02 -2.219987511634826660e-01 -1.085989326238632202e-01 2.962486445903778076e-01 5.917005538940429688e-01 4.153333604335784912e-01 2.097264379262924194e-01 -1.575624942779541016e-01 -3.247013986110687256e-01 -5.479035973548889160e-01 -1.604741960763931274e-01 -2.674015462398529053e-01 -1.756384819746017456e-01 -2.200908511877059937e-01 -5.368142724037170410e-01 -6.820724010467529297e-01 -3.575213253498077393e-01 -2.449673414230346680e-01 7.646003961563110352e-01 1.417306542396545410e+00 1.601528644561767578e+00 1.818355798721313477e+00 1.845432043075561523e+00 1.575183033943176270e+00 9.445490241050720215e-01 2.720936238765716553e-01 -4.520112872123718262e-01 -4.743592441082000732e-01 -4.938043653964996338e-01 -3.603544533252716064e-01 -3.951667845249176025e-01 -8.434036374092102051e-01 -7.366444468498229980e-01 -2.577370703220367432e-01 1.023692011833190918e+00 1.442333102226257324e+00 1.585576295852661133e+00 2.030872106552124023e+00 2.329999208450317383e+00 1.683394908905029297e+00 1.091631412506103516e+00 3.893467783927917480e-01 -4.672095179557800293e-01 -3.448372781276702881e-01 -4.183526933193206787e-01 -2.255021333694458008e-01 -3.205408453941345215e-01 -4.496711790561676025e-01 -5.784586071968078613e-01 -3.689798414707183838e-01 3.652071058750152588e-01 6.330743432044982910e-01 -5.488065630197525024e-02 -8.496010303497314453e-01 -1.063629627227783203e+00 -1.017664194107055664e+00 -7.983645200729370117e-01 -8.804045319557189941e-01 -3.493093252182006836e-01 -3.624109029769897461e-01 2.866015210747718811e-02 2.343385666608810425e-01 7.097482085227966309e-01 6.424742937088012695e-02 -1.769131124019622803e-01 -1.623753011226654053e-01 -3.268866837024688721e-01 -1.946522891521453857e-01 -1.670139878988265991e-01 -4.034498929977416992e-01 -7.539734840393066406e-01 -6.260483264923095703e-01 -3.003331422805786133e-01 -3.930816352367401123e-01 -2.047591507434844971e-01 7.975886762142181396e-02 8.912675082683563232e-02 2.869053184986114502e-02 3.290476202964782715e-01 4.847645163536071777e-01 5.813940167427062988e-01 6.913861036300659180e-01 2.971415817737579346e-01 1.144471466541290283e-01 -8.588752895593643188e-02 -1.706669293344020844e-02 -2.438869029283523560e-01 -4.507571756839752197e-01 -6.329220533370971680e-01 -5.465623140335083008e-01 -4.052367210388183594e-01 -2.488332986831665039e-01 -1.197790652513504028e-01 2.971281409263610840e-01
1.242845132946968079e-01 1.352246999740600586e-01 1.481113284826278687e-01 -2.040742337703704834e-01 -3.622591197490692139e-01 -6.561698317527770996e-01 -9.301201701164245605e-01 -9.087045788764953613e-01 -7.812069654464721680e-01 -4.309117794036865234e-01 -1.486034225672483444e-02 4.295105040073394775e-01 5.488011240959167480e-01 5.704463720321655273e-01 4.919623434543609619e-01 5.681037902832031250e-01 6.236760690808296204e-02 -2.650866806507110596e-01 -2.271784394979476929e-01 -3.856099247932434082e-01 -5.087602734565734863e-01 -3.633615374565124512e-01 -2.730269134044647217e-01 -5.185828208923339844e-01 -3.704836368560791016e-01 -6.982735991477966309e-01 -9.257664680480957031e-01 -1.013185381889343262e+00 -6.835221648216247559e-01 -2.267153114080429077e-01 4.374803602695465088e-01 7.962966561317443848e-01 1.930694133043289185e-01 -4.655820876359939575e-02 -2.225362211465835571e-01 -1.922630518674850464e-01 6.488665938377380371e-02 4.739906191825866699e-01 8.168590664863586426e-01 1.149751901626586914e+00 1.041096210479736328e+00 7.806709408760070801e-01 5.136577486991882324e-01 -4.367889836430549622e-03 -2.453456073999404907e-01 -5.293622612953186035e-01 -7.130422592163085938e-01 -4.749825596809387207e-01 3.014144599437713623e-01 -5.301040410995483398e-01 -1.225683093070983887e+00 -8.942853212356567383e-01 -1.944976150989532471e-01 1.598087400197982788e-01 -5.966646131128072739e-03 1.719346344470977783e-01 4.967918395996093750e-01 -4.709209874272346497e-02 -4.486632049083709717e-01 -6.614839434623718262e-01 -5.382628440856933594e-01 -6.984876990318298340e-01 -7.426803708076477051e-01 -5.072027444839477539e-01 1.955351084470748901e-01 -5.044870376586914062e-01 -1.219159960746765137e+00 -7.402734160423278809e-01 -7.594997882843017578e-01 -8.757405281066894531e-01 -1.542606711387634277e+00 -1.394541501998901367e+00 -1.365689635276794434e+00 -1.378636360168457031e+00 -7.393385767936706543e-01 6.520333290100097656e-01 1.222522974014282227e+00 1.215276718139648438e+00 1.149746417999267578e+00 7.703793644905090332e-01 3.402520418167114258e-01 3.488258719444274902e-01 -1.661187112331390381e-01 -4.038234651088714600e-01 -1.711471825838088989e-01 1.760821193456649780e-01 -3.931374102830886841e-02 -8.067955970764160156e-01 -1.699877977371215820e+00 -1.803885221481323242e+00 -1.039921045303344727e+00 -1.294497847557067871e-01 3.951166570186614990e-01 4.737868010997772217e-01 7.137417197227478027e-01 9.279945492744445801e-01 3.062279522418975830e-01 6.312608718872070312e-01 7.675656676292419434e-01 9.192481040954589844e-01 9.817659258842468262e-01 8.100485801696777344e-01 6.577241420745849609e-01 7.577194571495056152e-01 4.319525361061096191e-01 3.202335238456726074e-01 3.479892313480377197e-01 2.729115486145019531e-01 -7.470345497131347656e-02 -3.731195628643035889e-01 -3.805933296680450439e-01 -1.801120489835739136e-01 5.992890000343322754e-01 5.669276118278503418e-01 7.940369844436645508e-01 7.310158610343933105e-01 7.186533212661743164e-01 8.333367109298706055e-01 5.493716001510620117e-01 4.135692119598388672e-01 5.307565331459045410e-01 6.009060144424438477e-01 5.888073444366455078e-01 3.790885508060455322e-01 2.987997233867645264e-01 1.576606035232543945e-01 3.713281750679016113e-01 4.603156745433807373e-01
3.093154430389404297e-01 3.834037482738494873e-01 3.503044545650482178e-01 2.402108460664749146e-01 1.747139692306518555e-01 2.215692959725856781e-02 -1.430090665817260742e-01 -3.773187398910522461e-01 -4.882257580757141113e-01 -2.875158190727233887e-01 -2.356134057044982910e-01 -1.298406571149826050e-01 -3.442807588726282120e-03 1.628740727901458740e-01 6.913655996322631836e-02 -9.197493083775043488e-03 2.644636631011962891e-01 -9.749937802553176880e-02 -3.733423352241516113e-01 -4.220197200775146484e-01 -5.444802641868591309e-01 -2.916039228439331055e-01 -9.783397614955902100e-02 -3.074814192950725555e-02 -9.519924968481063843e-02 -2.547101080417633057e-01 -5.425398945808410645e-01 -5.877882242202758789e-01 -4.676329195499420166e-01 -2.886709272861480713e-01 -1.138834953308105469e-01 1.971432566642761230e-01 -9.062340259552001953e-01 -7.314029932022094727e-01 -5.798043608665466309e-01 -2.606514096260070801e-01 1.355990171432495117e-01 2.275222986936569214e-01 4.908284842967987061e-01 7.965871691703796387e-01 1.037523150444030762e+00 1.125029683113098145e+00 1.186421513557434082e+00 1.389182806015014648e+00 1.274656891822814941e+00 5.728693604469299316e-01 3.125928938388824463e-01 2.122553288936614990e-01 -4.301767349243164062e-01 -3.414714634418487549e-01 -4.761145710945129395e-01 -1.110404253005981445e+00 -8.719749450683593750e-01 -9.240400791168212891e-01 -7.645685076713562012e-01 -6.821322441101074219e-01 -5.414705276489257812e-01 -6.403641402721405029e-02 4.472048282623291016e-01 1.071442723274230957e+00 1.285251140594482422e+00 1.370593547821044922e+00 1.049358606338500977e+00 6.984141469001770020e-01 7.797847986221313477e-01 1.484905004501342773e+00 1.793476343154907227e+00 1.313716173171997070e+00 5.194472074508666992e-01 -5.742078423500061035e-01 -1.137682914733886719e+00 -1.184371352195739746e+00 -8.173575997352600098e-01 -8.391625881195068359e-01 -8.596888184547424316e-01 -8.870766162872314453e-01 -4.796715080738067627e-01 -2.998508810997009277e-01 -1.550178676843643188e-01 -1.687311679124832153e-01 2.904474735260009766e-01 5.823447704315185547e-01 1.139126896858215332e+00 1.829429149627685547e+00 1.962648034095764160e+00 1.643799781799316406e+00 1.057557702064514160e+00 7.391952872276306152e-01 2.689612209796905518e-01 6.582169234752655029e-02 -7.398159801959991455e-02 -1.533634960651397705e-01 -2.195828557014465332e-01 -6.017833948135375977e-01 -4.822490811347961426e-01 -3.301310539245605469e-01 -1.879836767911911011e-01 -5.123948454856872559e-01 -8.866235017776489258e-01 -7.860013246536254883e-01 -6.807374358177185059e-01 -7.937582135200500488e-01 -7.130765914916992188e-01 -4.391852617263793945e-01 -2.319944500923156738e-01 -4.173856973648071289e-01 -4.612207412719726562e-01 -6.241894960403442383e-01 -5.732457041740417480e-01 -4.946242570877075195e-01 -1.918724328279495239e-01 -5.968751758337020874e-02 3.667819872498512268e-02 -7.750420272350311279e-02 7.725542038679122925e-02 6.390576064586639404e-02 -3.108076564967632294e-02 -3.941733837127685547e-01 -5.239922404289245605e-01 -5.175488591194152832e-01 -4.349112212657928467e-01 -3.121868669986724854e-01 -2.457430362701416016e-01 3.896552324295043945e-02 8.181627094745635986e-02 3.239244818687438965e-01 3.275148570537567139e-01 1.472630500793457031e-01
-1.382505297660827637e-01 -3.186491429805755615e-01 -3.633847534656524658e-01 -3.257708847522735596e-01 -4.623976945877075195e-01 -3.475345671176910400e-01 -3.168468177318572998e-01 -1.398362368345260620e-01 -9.659565985202789307e-02 -1.378944814205169678e-01 -2.068430781364440918e-01 -3.478555381298065186e-01 -4.138640761375427246e-01 -6.893669962882995605e-01 -7.085742354393005371e-01 -7.322064638137817383e-01 -3.279101252555847168e-01 -4.786728620529174805e-01 -5.313193798065185547e-01 -6.166315674781799316e-01 -6.583523750305175781e-01 -6.060184240341186523e-01 -9.187370538711547852e-01 -1.136804342269897461e+00 -1.180464744567871094e+00 -8.183126449584960938e-01 -4.139474630355834961e-01 -4.073234498500823975e-01 -4.780668616294860840e-01 -7.784836292266845703e-01 -8.421052098274230957e-01 -8.822466135025024414e-01 3.842304050922393799e-01 9.301585555076599121e-01 1.340822339057922363e+00 1.769126892089843750e+00 1.646562814712524414e+00 9.018034338951110840e-01 -4.878887236118316650e-01 -1.596485853195190430e+00 -1.343876242637634277e+00 -4.088261425495147705e-01 3.407265543937683105e-01 6.988793015480041504e-01 7.231307029724121094e-01 4.162808358669281006e-01 3.364254534244537354e-01 2.081461548805236816e-01 -3.424739837646484375e-01 1.995667628943920135e-02 4.774859249591827393e-01 1.213206887245178223e+00 1.688514709472656250e+00 5.567499399185180664e-01 -1.119190335273742676e+00 -1.588790893554687500e+00 -7.757251858711242676e-01 3.347510993480682373e-01 1.168487668037414551e+00 1.302983880043029785e+00 8.316707611083984375e-01 4.992799758911132812e-01 -1.705866865813732147e-02 -3.668284416198730469e-01 -4.958267211914062500e-01 4.704167693853378296e-02 5.719981193542480469e-01 1.011893033981323242e+00 9.006980657577514648e-01 1.964022777974605560e-02 -5.166152715682983398e-01 -7.381316423416137695e-01 -2.234324365854263306e-01 2.687301635742187500e-01 8.690634965896606445e-01 8.699200749397277832e-01 6.834683418273925781e-01 3.095275759696960449e-01 -6.296952813863754272e-02 -4.518705308437347412e-01 1.637682467699050903e-01 5.119053125381469727e-01 7.766859531402587891e-01 5.892643928527832031e-01 4.671969413757324219e-01 -8.368353545665740967e-02 -5.733463764190673828e-01 -8.198102116584777832e-01 -9.268743395805358887e-01 -4.455536305904388428e-01 -1.897647976875305176e-01 9.091122448444366455e-02 9.649037569761276245e-02 1.664496809244155884e-01 1.639949381351470947e-01 -1.587157547473907471e-01 3.454781472682952881e-01 5.136936902999877930e-01 7.744737863540649414e-01 7.812361121177673340e-01 7.929134964942932129e-01 6.491997241973876953e-01 4.226458966732025146e-01 3.472117185592651367e-01 2.885614931583404541e-01 3.960656225681304932e-01 4.019711315631866455e-01 5.041856765747070312e-01 4.959053993225097656e-01 3.603739738464355469e-01 2.271755039691925049e-01 9.976380318403244019e-02 -4.042648673057556152e-01 -1.882925927639007568e-01 4.669811949133872986e-02 3.728998601436614990e-01 5.415446758270263672e-01 6.004051566123962402e-01 7.018307447433471680e-01 3.754559755325317383e-01 3.585065007209777832e-01 1.807356923818588257e-01 2.520107626914978027e-01 1.377449333667755127e-01 -6.298065930604934692e-02 -1.552751064300537109e-01 -4.519703984260559082e-01 -5.189123153686523438e-01
-3.408506810665130615e-01 -1.817478984594345093e-01 -2.542755007743835449e-01 -2.240244597196578979e-01 6.474921107292175293e-02 2.602623403072357178e-01 7.836067080497741699e-01 1.205971240997314453e+00 1.153850317001342773e+00 8.767905235290527344e-01 4.528378248214721680e-01 2.448299974203109741e-01 1.752393543720245361e-01 -1.193505153059959412e-01 -9.655429422855377197e-02 -1.415113061666488647e-01 -5.647820830345153809e-01 -6.721102446317672729e-02 6.118927001953125000e-01 7.384821772575378418e-01 8.003950715065002441e-01 8.622175455093383789e-01 1.034387588500976562e+00 1.498963236808776855e+00 1.662147283554077148e+00 1.171692728996276855e+00 8.396998643875122070e-01 8.576014637947082520e-01 9.424871802330017090e-01 7.957825064659118652e-01 2.328446060419082642e-01 -1.227850019931793213e-01 -4.808149635791778564e-01 -1.857695132493972778e-01 -4.555005133152008057e-01 -5.706347227096557617e-01 -5.033403635025024414e-01 -5.655663013458251953e-01 -1.792591251432895660e-02 3.268327116966247559e-01 3.270588442683219910e-02 -1.206539869308471680e-01 -8.037813901901245117e-01 -9.605498313903808594e-01 -7.342789769172668457e-01 -6.090243458747863770e-01 -8.163927495479583740e-02 -1.040089875459671021e-01 -2.021389305591583252e-01 -8.836299777030944824e-01 -1.325655460357666016e+00 -9.293694496154785156e-01 -3.705619573593139648e-01 5.885829329490661621e-01 1.197076320648193359e+00 1.041649580001831055e+00 1.338624000549316406e+00 9.711998701095581055e-01 3.625257015228271484e-01 -6.898065209388732910e-01 -1.264210224151611328e+00 -9.601895809173583984e-01 -8.076891303062438965e-01 -1.840323656797409058e-01 -4.374362826347351074e-01 -1.116094231605529785e+00 -1.269029498100280762e+00 -7.998100519180297852e-01 -3.029191792011260986e-01 1.108943223953247070e+00 1.295288681983947754e+00 1.752569437026977539e+00 1.928263545036315918e+00 1.001573681831359863e+00 5.154224634170532227e-01 -3.197429180145263672e-01 -7.103000879287719727e-01 -7.478060722351074219e-01 -7.283612489700317383e-01 -2.467107623815536499e-01 -2.163696736097335815e-01 -3.772318959236145020e-01 -4.637075066566467285e-01 -4.285721480846405029e-01 -2.475200593471527100e-01 1.833272874355316162e-01 7.367757558822631836e-01 8.992115855216979980e-01 8.104448914527893066e-01 2.364505678415298462e-01 -1.073001846671104431e-01 -1.416703909635543823e-01 -3.265779316425323486e-01 -4.278054237365722656e-01 -2.361787706613540649e-01 -2.353534847497940063e-01 -4.126262292265892029e-02 -2.603147029876708984e-01 -3.235817849636077881e-01 -5.633208751678466797e-01 -3.674372434616088867e-01 -3.852506875991821289e-01 -3.863074183464050293e-01 -4.470621049404144287e-01 -5.214043855667114258e-01 -3.788437545299530029e-01 -5.818479061126708984e-01 -3.926383256912231445e-01 -2.772911787033081055e-01 1.867527812719345093e-01 4.720804095268249512e-01 5.601846575736999512e-01 2.977375090122222900e-01 3.095844686031341553e-01 7.269630581140518188e-02 -1.672909855842590332e-01 -3.241452276706695557e-01 -5.521096587181091309e-01 -9.782654047012329102e-01 -9.616264700889587402e-01 -8.194137215614318848e-01 -4.802752137184143066e-01 -1.047704666852951050e-01 1.403549611568450928e-01 4.096123278141021729e-01 4.394048452377319336e-01 2.872139513492584229e-01 9.354979544878005981e-02
-6.077811866998672485e-02 -7.836445420980453491e-02 1.413535606116056442e-02 -6.451249122619628906e-02 -9.901013970375061035e-02 6.075082346796989441e-02 3.719168901443481445e-01 5.114864110946655273e-01 3.300172686576843262e-01 2.406184375286102295e-01 1.346168369054794312e-01 1.758099943399429321e-01 1.873354464769363403e-01 9.426929801702499390e-02 -8.594696968793869019e-02 -1.925517171621322632e-01 -7.175116986036300659e-02 -3.822288289666175842e-02 1.415213346481323242e-01 3.338090777397155762e-01 3.101075291633605957e-01 3.838417530059814453e-01 6.672918200492858887e-01 9.069508314132690430e-01 7.148631215095520020e-01 6.934536099433898926e-01 5.973091721534729004e-01 6.074209809303283691e-01 6.883485317230224609e-01 2.531107068061828613e-01 -2.605998516082763672e-01 -5.237431526184082031e-01 -4.464344307780265808e-02 -3.603703379631042480e-01 -2.767066359519958496e-01 -3.762885928153991699e-01 -5.554696917533874512e-01 -4.976019263267517090e-01 -2.898862957954406738e-01 -1.306864172220230103e-01 5.922489613294601440e-02 -4.000417590141296387e-01 -5.973791480064392090e-01 -6.626824140548706055e-01 -5.335137844085693359e-01 -5.016532540321350098e-01 -5.775822997093200684e-01 -3.905100226402282715e-01 2.716631889343261719e-01 2.465100586414337158e-01 1.776527911424636841e-01 -4.539357125759124756e-01 -1.140526771545410156e+00 -1.432991147041320801e+00 -6.070625782012939453e-01 1.138849973678588867e+00 1.242229700088500977e+00 -3.734542131423950195e-01 -1.311908006668090820e+00 -1.306949973106384277e+00 -6.607709527015686035e-01 -2.756605446338653564e-01 -2.583702467381954193e-02 1.361711174249649048e-01 4.251393973827362061e-01 7.253850698471069336e-01 6.325049400329589844e-01 1.356315910816192627e-01 -7.037025094032287598e-01 -1.890777587890625000e+00 -1.425910115242004395e+00 -9.052548408508300781e-01 -9.062567353248596191e-01 -1.465798497200012207e+00 -1.137918114662170410e+00 -7.141664624214172363e-01 -1.647120416164398193e-01 3.258829712867736816e-01 5.241969227790832520e-01 5.502125620841979980e-01 8.941322565078735352e-01 9.512448310852050781e-01 5.867124795913696289e-01 4.259320199489593506e-01 -3.236321508884429932e-01 -1.079791426658630371e+00 -1.960835218429565430e+00 -2.048357963562011719e+00 -1.786021947860717773e+00 -1.216620683670043945e+00 -8.310353159904479980e-01 -4.318372905254364014e-01 1.594043523073196411e-01 7.649883627891540527e-01 6.146707534790039062e-01 4.075292348861694336e-01 9.479629397392272949e-01 7.165890336036682129e-01 6.125056743621826172e-01 6.808161139488220215e-01 2.972399294376373291e-01 2.439943253993988037e-01 1.171506941318511963e-01 9.703780524432659149e-03 1.231792867183685303e-01 1.055021733045578003e-01 2.449757158756256104e-01 2.539625167846679688e-01 4.708788394927978516e-01 5.728747844696044922e-01 6.503272652626037598e-01 4.747033119201660156e-01 5.459682941436767578e-01 5.563040375709533691e-01 5.887002944946289062e-01 8.324217200279235840e-01 7.976058721542358398e-01 7.386461496353149414e-01 5.013817548751831055e-01 5.163363814353942871e-01 5.075700879096984863e-01 4.011492133140563965e-01 1.499471217393875122e-01 2.178690284490585327e-01 2.957337498664855957e-01 2.044034898281097412e-01 2.069540768861770630e-01 3.035890161991119385e-01
-2.947235107421875000e-01 -2.873388230800628662e-01 -1.816856563091278076e-01 9.144562296569347382e-03 1.705014333128929138e-02 2.137829214334487915e-01 4.844469428062438965e-01 3.629438281059265137e-01 5.892531275749206543e-01 4.383016526699066162e-01 3.512479066848754883e-01 1.464332789182662964e-01 -1.301650255918502808e-01 -1.498377323150634766e-01 -6.110484153032302856e-02 1.173122972249984741e-01 -2.287211418151855469e-01 -1.345113068819046021e-01 3.081617951393127441e-01 4.005939960479736328e-01 4.719388782978057861e-01 5.868883728981018066e-01 6.436512470245361328e-01 1.088388442993164062e+00 1.333130359649658203e+00 9.853830933570861816e-01 8.758691549301147461e-01 7.096701860427856445e-01 5.472126007080078125e-01 4.899441897869110107e-01 1.085847839713096619e-01 -1.615236699581146240e-01 -1.417449414730072021e-01 -2.443113029003143311e-01 -2.037321031093597412e-01 -2.712196409702301025e-01 -7.136271148920059204e-02 8.586220792494714260e-04 3.846403360366821289e-01 7.893248200416564941e-01 6.763694286346435547e-01 5.285256505012512207e-01 2.937029115855693817e-02 -2.654956281185150146e-01 -4.904843568801879883e-01 -4.501642882823944092e-01 -3.053894340991973877e-01 -2.366055101156234741e-01 1.497551053762435913e-01 -3.288487195968627930e-01 -5.001332759857177734e-01 -5.464197993278503418e-01 -4.330662786960601807e-01 7.141829729080200195e-01 1.566917419433593750e+00 1.540689468383789062e+00 1.550119280815124512e+00 1.409212827682495117e+00 2.599312365055084229e-01 -1.014795541763305664e+00 -1.086268663406372070e+00 -6.843494772911071777e-01 -2.972714602947235107e-01 -1.221327856183052063e-01 3.859201371669769287e-01 -5.481260642409324646e-02 -5.591667294502258301e-01 -6.443058252334594727e-01 -4.868303239345550537e-01 5.488595366477966309e-01 5.643846392631530762e-01 -1.262463331222534180e-01 7.778524160385131836e-01 1.122481465339660645e+00 5.123409628868103027e-02 -8.111259937286376953e-01 -9.184542298316955566e-01 -3.717502057552337646e-01 1.401669681072235107e-01 3.013337589800357819e-02 3.681620061397552490e-01 2.810790948569774628e-02 -3.905385434627532959e-01 -1.191782116889953613e+00 -1.687031269073486328e+00 -2.092236280441284180e+00 -2.518912792205810547e+00 -2.633258581161499023e+00 -2.530297517776489258e+00 -2.052371740341186523e+00 -1.579737663269042969e+00 -1.099072456359863281e+00 -4.114260077476501465e-01 -6.021632254123687744e-02 -1.006311923265457153e-01 3.721652030944824219e-01 5.754285305738449097e-02 1.746734082698822021e-01 2.194149196147918701e-01 2.912819087505340576e-01 2.848213911056518555e-01 1.032727286219596863e-01 -1.766511499881744385e-01 -2.561459243297576904e-01 -3.361785113811492920e-01 -1.574046313762664795e-01 -1.283885817974805832e-02 6.241801008582115173e-02 1.359688341617584229e-01 -8.327054232358932495e-02 -1.293317973613739014e-01 3.915334045886993408e-01 2.586269080638885498e-01 2.009452730417251587e-01 2.779062986373901367e-01 3.657552003860473633e-01 4.826855361461639404e-01 3.007678389549255371e-01 4.501442015171051025e-01 3.292843401432037354e-01 2.175022959709167480e-01 2.641170024871826172e-01 4.247936308383941650e-01 1.659194827079772949e-01 1.648525148630142212e-01 3.236918151378631592e-01 5.129768252372741699e-01 7.927901744842529297e-01
1.510061323642730713e-01 1.635009050369262695e-01 4.565867409110069275e-02 8.795748651027679443e-02 1.033650338649749756e-01 4.166779294610023499e-02 1.558863818645477295e-01 1.611815243959426880e-01 2.562962174415588379e-01 3.021429181098937988e-01 4.103065431118011475e-01 3.575799167156219482e-01 3.288707435131072998e-01 4.555460214614868164e-01 3.893792629241943359e-01 5.279201865196228027e-01 -3.364257812500000000e-01 -2.385096848011016846e-01 1.520207006251439452e-04 2.557020187377929688e-01 7.232215404510498047e-01 7.636472582817077637e-01 6.885966062545776367e-01 7.443755269050598145e-01 5.633870959281921387e-01 4.961713254451751709e-01 4.981407225131988525e-01 4.724946916103363037e-01 3.354361951351165771e-01 -2.423230791464447975e-03 2.904043160378932953e-02 -1.334579288959503174e-01 4.087685048580169678e-01 3.147925436496734619e-01 1.291792690753936768e-01 -1.635997742414474487e-01 -3.579615056514739990e-01 -9.166345000267028809e-01 -1.442394375801086426e+00 -1.803947091102600098e+00 -1.602770686149597168e+00 -1.336454033851623535e+00 -9.529268145561218262e-01 -6.820989251136779785e-01 -2.104558497667312622e-01 -1.313043534755706787e-01 7.736302912235260010e-02 3.648530542850494385e-01 6.838067173957824707e-01 9.113957285881042480e-01 1.146024227142333984e+00 1.671003580093383789e+00 1.409985065460205078e+00 1.936287619173526764e-02 -1.348127007484436035e+00 -1.068385362625122070e+00 -9.997453689575195312e-01 -9.644092917442321777e-01 1.701240092515945435e-01 8.885449171066284180e-01 1.046803951263427734e+00 8.502989411354064941e-01 8.301115036010742188e-01 7.396112680435180664e-01 7.160116434097290039e-01 9.215232729911804199e-01 1.280644178390502930e+00 1.480435729026794434e+00 1.137960076332092285e+00 -5.843257158994674683e-02 -1.531854033470153809e+00 -1.133036971092224121e+00 -1.170252561569213867e+00 -6.181660294532775879e-01 7.264341115951538086e-01 1.263536334037780762e+00 1.318492293357849121e+00 1.015638470649719238e+00 8.886954784393310547e-01 6.981143951416015625e-01 1.973482966423034668e-01 -2.162168547511100769e-02 -2.206421643495559692e-01 -6.001496911048889160e-01 -7.744949460029602051e-01 -1.466243147850036621e+00 -1.867496371269226074e+00 -1.749558210372924805e+00 -1.908543586730957031e+00 -1.676459074020385742e+00 -1.286134481430053711e+00 -7.509075999259948730e-01 -5.154118537902832031e-01 -9.454503655433654785e-02 2.158387452363967896e-01 5.287291407585144043e-01 -5.991226434707641602e-01 -4.744067192077636719e-01 -2.141969949007034302e-01 7.947617024183273315e-02 2.082641720771789551e-01 3.378382623195648193e-01 2.289880663156509399e-01 1.323853433132171631e-01 1.319269984960556030e-01 3.121628798544406891e-02 -6.232528761029243469e-02 -2.852322757244110107e-01 -3.727301061153411865e-01 -5.284101366996765137e-01 -6.537855267524719238e-01 -4.496880769729614258e-01 -2.004191726446151733e-01 -3.421396315097808838e-01 -2.300525456666946411e-01 -8.748070895671844482e-02 3.771504759788513184e-02 1.835671067237854004e-01 -6.205983809195458889e-04 1.005722433328628540e-01 -6.091258954256772995e-03 -1.149224713444709778e-01 -6.087579950690269470e-02 -8.803189545869827271e-02 2.309969626367092133e-02 -1.938363611698150635e-01 7.019705325365066528e-02 3.077942878007888794e-02
-1.960529983043670654e-01 -2.097187638282775879e-01 9.932917356491088867e-02 7.629527896642684937e-02 2.024471759796142578e-01 1.001284047961235046e-01 3.664962053298950195e-01 6.255700588226318359e-01 6.701034903526306152e-01 4.197116494178771973e-01 1.872962266206741333e-01 2.332604229450225830e-01 2.739670276641845703e-01 9.609365835785865784e-03 -2.154859006404876709e-01 -1.304164901375770569e-02 -2.995855510234832764e-01 -1.466794312000274658e-01 -1.162274107336997986e-01 2.486213594675064087e-01 2.577093839645385742e-01 2.003771513700485229e-01 5.318477749824523926e-01 4.604746699333190918e-01 3.892538249492645264e-01 2.106880247592926025e-01 8.864205330610275269e-02 2.669190764427185059e-01 9.011460840702056885e-02 -2.456646710634231567e-01 -4.914809763431549072e-01 -3.150621354579925537e-01 -2.277822494506835938e-01 -4.391374289989471436e-01 -5.492510199546813965e-01 -6.189662814140319824e-01 -1.213921070098876953e+00 -1.126553177833557129e+00 -1.064628005027770996e+00 -1.081287384033203125e+00 -1.374594688415527344e+00 -1.600222229957580566e+00 -1.450588345527648926e+00 -8.116664290428161621e-01 -3.812626600265502930e-01 -3.988698869943618774e-02 -3.373203426599502563e-02 6.082313880324363708e-02 -1.302116811275482178e-01 3.427177071571350098e-01 6.254888772964477539e-01 1.093129739165306091e-01 -9.543609023094177246e-01 -1.697187542915344238e+00 -1.897676825523376465e+00 -1.585975885391235352e+00 -1.483285427093505859e+00 -1.018946290016174316e+00 -6.256413459777832031e-01 -7.145476341247558594e-02 3.075276017189025879e-01 4.439292550086975098e-01 1.658689975738525391e-01 -6.143638491630554199e-02 -1.664337366819381714e-01 5.199987888336181641e-01 1.203160285949707031e+00 1.205589294433593750e+00 6.191784739494323730e-01 -4.525123238563537598e-01 -1.544220566749572754e+00 -6.412104964256286621e-01 2.561558187007904053e-01 7.930800914764404297e-01 8.512771725654602051e-01 8.596732020378112793e-01 7.800066471099853516e-01 5.930244326591491699e-01 8.569365739822387695e-02 -1.659948527812957764e-01 4.367557168006896973e-01 6.747432351112365723e-01 7.645955681800842285e-01 8.647922277450561523e-01 5.321927666664123535e-01 1.944089829921722412e-01 -1.884722113609313965e-01 -2.441097497940063477e-01 1.094317156821489334e-02 2.494205534458160400e-01 4.136262536048889160e-01 7.249146699905395508e-01 7.871475815773010254e-01 6.686366796493530273e-01 3.561524748802185059e-01 1.994130164384841919e-01 5.835216641426086426e-01 5.429748296737670898e-01 5.879057645797729492e-01 6.267187595367431641e-01 5.591592788696289062e-01 3.834456205368041992e-01 4.268878400325775146e-01 4.569452106952667236e-01 4.051584005355834961e-01 5.176160931587219238e-01 7.404234409332275391e-01 7.308537960052490234e-01 7.657155990600585938e-01 6.692311763763427734e-01 4.559889733791351318e-01 3.773095905780792236e-01 -2.201511859893798828e-01 -7.327673956751823425e-03 4.635976254940032959e-02 1.456518424674868584e-03 7.453621923923492432e-02 -2.111876383423805237e-03 1.860742457211017609e-02 6.052148528397083282e-03 1.301714181900024414e-01 6.744490470737218857e-03 5.386948119848966599e-03 -2.906350195407867432e-01 -1.283473223447799683e-01 -9.652228653430938721e-02 6.765554845333099365e-02 1.231760010123252869e-01
-4.398396015167236328e-01 -4.103174507617950439e-01 -4.130804538726806641e-01 -3.225770890712738037e-01 -1.187419444322586060e-01 -4.301189258694648743e-02 -8.856914192438125610e-02 -1.999434381723403931e-01 -4.776093959808349609e-01 -4.024506509304046631e-01 -5.087726116180419922e-01 -3.406101167201995850e-01 -2.032241821289062500e-01 -1.467712819576263428e-01 -2.016546130180358887e-01 -7.545775920152664185e-02 -5.186835303902626038e-02 -1.805825382471084595e-01 -3.630331456661224365e-01 -2.844836413860321045e-01 -1.063241660594940186e-01 -1.463730037212371826e-01 -1.464369744062423706e-01 -5.716573819518089294e-02 -3.440029621124267578e-01 -6.172437071800231934e-01 -9.068612456321716309e-01 -8.300675749778747559e-01 -5.283100008964538574e-01 -4.680956900119781494e-02 1.377912461757659912e-01 2.629465460777282715e-01 1.012012436985969543e-01 8.111845254898071289e-01 1.167253613471984863e+00 1.241308093070983887e+00 1.114842653274536133e+00 1.140433311462402344e+00 1.069369912147521973e+00 7.971839308738708496e-01 7.889264822006225586e-02 -4.274378716945648193e-01 -4.576451182365417480e-01 -4.236278831958770752e-01 -3.579268455505371094e-01 -3.277209997177124023e-01 -3.970347642898559570e-01 -2.585151195526123047e-01 4.943496286869049072e-01 9.262127876281738281e-01 1.180161356925964355e+00 1.326406955718994141e+00 1.214496254920959473e+00 1.223135828971862793e+00 1.092862010002136230e+00 -9.617212414741516113e-01 -1.211156010627746582e+00 -1.022918343544006348e+00 -1.433994323015213013e-01 3.350019454956054688e-01 4.954773783683776855e-01 4.188155233860015869e-01 2.232374697923660278e-01 1.506356894969940186e-01 -1.457756850868463516e-03 2.231698781251907349e-01 6.718188524246215820e-01 7.455505132675170898e-01 4.256746768951416016e-01 -5.766246914863586426e-01 -1.374261021614074707e+00 -8.720036149024963379e-01 3.012359142303466797e-02 1.307643055915832520e+00 1.691701173782348633e+00 1.451634764671325684e+00 1.290651917457580566e+00 9.349930286407470703e-01 6.487327814102172852e-01 4.857648611068725586e-01 -4.062461853027343750e-01 -4.559179544448852539e-01 -2.882709801197052002e-01 -1.160844415426254272e-01 -1.579859405755996704e-01 -4.965271055698394775e-01 -2.039705067873001099e-01 2.580140233039855957e-01 8.720138669013977051e-01 1.021610498428344727e+00 1.069861412048339844e+00 1.034337639808654785e+00 9.230356216430664062e-01 1.034152984619140625e+00 7.251802682876586914e-01 2.932378649711608887e-01 -1.890197545289993286e-01 -1.728428006172180176e-01 -4.176975190639495850e-01 -4.549057483673095703e-01 -9.227350354194641113e-01 -9.441554546356201172e-01 -7.382935285568237305e-01 -3.837290704250335693e-01 -3.372746109962463379e-01 -4.421702325344085693e-01 -3.830233216285705566e-01 -4.443794786930084229e-01 -4.182062745094299316e-01 -6.387922167778015137e-01 -3.783116936683654785e-01 -4.098724126815795898e-01 -1.001159548759460449e-01 1.650998741388320923e-02 -5.296171456575393677e-02 -7.423806935548782349e-02 -2.122834324836730957e-01 -6.730183362960815430e-01 -9.860752820968627930e-01 -1.189261913299560547e+00 -1.008346796035766602e+00 -7.718518972396850586e-01 -7.356272339820861816e-01 -6.725248098373413086e-01 -4.346014559268951416e-01 -1.470043808221817017e-01 -1.496614664793014526e-01 -1.515282131731510162e-02
