============================================================
  Generated by:           Genus(TM) Synthesis Solution 23.12-s086_1
  Generated on:           Oct 09 2025  02:15:51 am
  Module:                 neuron_intra_Nbits
  Operating conditions:   PVT_0P9V_125C 
  Interconnect mode:      global
  Area mode:              physical library
============================================================


Path 1: MET (6785 ps) Setup Check with Pin Out_reg[2]/CK->D
          Group: clock
     Startpoint: (R) acc_reg[125]/CK
          Clock: (R) clock
       Endpoint: (F) Out_reg[2]/D
          Clock: (R) clock

                     Capture       Launch     
        Clock Edge:+   10000            0     
       Src Latency:+       0            0     
       Net Latency:+       0 (I)        0 (I) 
           Arrival:=   10000            0     
                                              
             Setup:-     128                  
     Required Time:=    9872                  
      Launch Clock:-       0                  
         Data Path:-    3087                  
             Slack:=    6785                  

#----------------------------------------------------------------------------------------
#  Timing Point   Flags   Arc   Edge   Cell     Fanout Load Trans Delay Arrival Instance 
#                                                      (fF)  (ps)  (ps)   (ps)  Location 
#----------------------------------------------------------------------------------------
  acc_reg[125]/CK -       -     R     (arrival)    191    -     0     0       0    (-,-) 
  acc_reg[125]/Q  -       CK->Q F     SDFFRHQX1      2  4.2   116   255     255    (-,-) 
  g3571__6260/Y   -       A->Y  R     NOR3X2         1  2.3   135   167     422    (-,-) 
  g3507__1666/Y   -       AN->Y R     NOR3BX2        1  2.9   155   250     672    (-,-) 
  g3374__7482/Y   -       C->Y  F     NAND3X2        1  2.3   177   184     856    (-,-) 
  g3372__1881/Y   -       AN->Y F     NAND2BX1       1  2.4   178   216    1072    (-,-) 
  g3369__8246/Y   -       B->Y  R     NOR2X1         1  2.3   143   175    1247    (-,-) 
  g3368__5122/Y   -       D->Y  R     AND4XL         1  2.3   104   338    1585    (-,-) 
  g3367__1705/Y   -       D->Y  R     AND4XL         1  2.3   104   322    1906    (-,-) 
  g3366__2802/Y   -       AN->Y R     NOR3BX2        1  2.3   135   222    2129    (-,-) 
  g3365__1617/Y   -       AN->Y R     NOR3BX2        1  2.9   155   251    2379    (-,-) 
  g3364__3680/Y   -       B->Y  R     OR2X8         32 47.1   142   216    2595    (-,-) 
  drc_bufs3630/Y  -       A->Y  F     INVX1          1  5.0   158   163    2758    (-,-) 
  drc_bufs3627/Y  -       A->Y  R     INVX8         32 47.1   153   144    2902    (-,-) 
  g3330__5107/Y   -       B->Y  F     NAND2X1        1  2.4   173   185    3087    (-,-) 
  Out_reg[2]/D    -       -     F     DFFRHQX1       1    -     -     0    3087    (-,-) 
#----------------------------------------------------------------------------------------



Path 2: MET (6785 ps) Setup Check with Pin Out_reg[26]/CK->D
          Group: clock
     Startpoint: (R) acc_reg[125]/CK
          Clock: (R) clock
       Endpoint: (F) Out_reg[26]/D
          Clock: (R) clock

                     Capture       Launch     
        Clock Edge:+   10000            0     
       Src Latency:+       0            0     
       Net Latency:+       0 (I)        0 (I) 
           Arrival:=   10000            0     
                                              
             Setup:-     128                  
     Required Time:=    9872                  
      Launch Clock:-       0                  
         Data Path:-    3087                  
             Slack:=    6785                  

#----------------------------------------------------------------------------------------
#  Timing Point   Flags   Arc   Edge   Cell     Fanout Load Trans Delay Arrival Instance 
#                                                      (fF)  (ps)  (ps)   (ps)  Location 
#----------------------------------------------------------------------------------------
  acc_reg[125]/CK -       -     R     (arrival)    191    -     0     0       0    (-,-) 
  acc_reg[125]/Q  -       CK->Q F     SDFFRHQX1      2  4.2   116   255     255    (-,-) 
  g3571__6260/Y   -       A->Y  R     NOR3X2         1  2.3   135   167     422    (-,-) 
  g3507__1666/Y   -       AN->Y R     NOR3BX2        1  2.9   155   250     672    (-,-) 
  g3374__7482/Y   -       C->Y  F     NAND3X2        1  2.3   177   184     856    (-,-) 
  g3372__1881/Y   -       AN->Y F     NAND2BX1       1  2.4   178   216    1072    (-,-) 
  g3369__8246/Y   -       B->Y  R     NOR2X1         1  2.3   143   175    1247    (-,-) 
  g3368__5122/Y   -       D->Y  R     AND4XL         1  2.3   104   338    1585    (-,-) 
  g3367__1705/Y   -       D->Y  R     AND4XL         1  2.3   104   322    1906    (-,-) 
  g3366__2802/Y   -       AN->Y R     NOR3BX2        1  2.3   135   222    2129    (-,-) 
  g3365__1617/Y   -       AN->Y R     NOR3BX2        1  2.9   155   251    2379    (-,-) 
  g3364__3680/Y   -       B->Y  R     OR2X8         32 47.1   142   216    2595    (-,-) 
  drc_bufs3630/Y  -       A->Y  F     INVX1          1  5.0   158   163    2758    (-,-) 
  drc_bufs3627/Y  -       A->Y  R     INVX8         32 47.1   153   144    2902    (-,-) 
  g3359__6260/Y   -       B->Y  F     NAND2X1        1  2.4   173   185    3087    (-,-) 
  Out_reg[26]/D   -       -     F     DFFRHQX1       1    -     -     0    3087    (-,-) 
#----------------------------------------------------------------------------------------



Path 3: MET (6785 ps) Setup Check with Pin Out_reg[38]/CK->D
          Group: clock
     Startpoint: (R) acc_reg[125]/CK
          Clock: (R) clock
       Endpoint: (F) Out_reg[38]/D
          Clock: (R) clock

                     Capture       Launch     
        Clock Edge:+   10000            0     
       Src Latency:+       0            0     
       Net Latency:+       0 (I)        0 (I) 
           Arrival:=   10000            0     
                                              
             Setup:-     128                  
     Required Time:=    9872                  
      Launch Clock:-       0                  
         Data Path:-    3087                  
             Slack:=    6785                  

#----------------------------------------------------------------------------------------
#  Timing Point   Flags   Arc   Edge   Cell     Fanout Load Trans Delay Arrival Instance 
#                                                      (fF)  (ps)  (ps)   (ps)  Location 
#----------------------------------------------------------------------------------------
  acc_reg[125]/CK -       -     R     (arrival)    191    -     0     0       0    (-,-) 
  acc_reg[125]/Q  -       CK->Q F     SDFFRHQX1      2  4.2   116   255     255    (-,-) 
  g3571__6260/Y   -       A->Y  R     NOR3X2         1  2.3   135   167     422    (-,-) 
  g3507__1666/Y   -       AN->Y R     NOR3BX2        1  2.9   155   250     672    (-,-) 
  g3374__7482/Y   -       C->Y  F     NAND3X2        1  2.3   177   184     856    (-,-) 
  g3372__1881/Y   -       AN->Y F     NAND2BX1       1  2.4   178   216    1072    (-,-) 
  g3369__8246/Y   -       B->Y  R     NOR2X1         1  2.3   143   175    1247    (-,-) 
  g3368__5122/Y   -       D->Y  R     AND4XL         1  2.3   104   338    1585    (-,-) 
  g3367__1705/Y   -       D->Y  R     AND4XL         1  2.3   104   322    1906    (-,-) 
  g3366__2802/Y   -       AN->Y R     NOR3BX2        1  2.3   135   222    2129    (-,-) 
  g3365__1617/Y   -       AN->Y R     NOR3BX2        1  2.9   155   251    2379    (-,-) 
  g3364__3680/Y   -       B->Y  R     OR2X8         32 47.1   142   216    2595    (-,-) 
  drc_bufs3630/Y  -       A->Y  F     INVX1          1  5.0   158   163    2758    (-,-) 
  drc_bufs3627/Y  -       A->Y  R     INVX8         32 47.1   153   144    2902    (-,-) 
  g3307__6783/Y   -       B->Y  F     NAND2X1        1  2.4   173   185    3087    (-,-) 
  Out_reg[38]/D   -       -     F     DFFRHQX1       1    -     -     0    3087    (-,-) 
#----------------------------------------------------------------------------------------



Path 4: MET (6785 ps) Setup Check with Pin Out_reg[56]/CK->D
          Group: clock
     Startpoint: (R) acc_reg[125]/CK
          Clock: (R) clock
       Endpoint: (F) Out_reg[56]/D
          Clock: (R) clock

                     Capture       Launch     
        Clock Edge:+   10000            0     
       Src Latency:+       0            0     
       Net Latency:+       0 (I)        0 (I) 
           Arrival:=   10000            0     
                                              
             Setup:-     128                  
     Required Time:=    9872                  
      Launch Clock:-       0                  
         Data Path:-    3087                  
             Slack:=    6785                  

#----------------------------------------------------------------------------------------
#  Timing Point   Flags   Arc   Edge   Cell     Fanout Load Trans Delay Arrival Instance 
#                                                      (fF)  (ps)  (ps)   (ps)  Location 
#----------------------------------------------------------------------------------------
  acc_reg[125]/CK -       -     R     (arrival)    191    -     0     0       0    (-,-) 
  acc_reg[125]/Q  -       CK->Q F     SDFFRHQX1      2  4.2   116   255     255    (-,-) 
  g3571__6260/Y   -       A->Y  R     NOR3X2         1  2.3   135   167     422    (-,-) 
  g3507__1666/Y   -       AN->Y R     NOR3BX2        1  2.9   155   250     672    (-,-) 
  g3374__7482/Y   -       C->Y  F     NAND3X2        1  2.3   177   184     856    (-,-) 
  g3372__1881/Y   -       AN->Y F     NAND2BX1       1  2.4   178   216    1072    (-,-) 
  g3369__8246/Y   -       B->Y  R     NOR2X1         1  2.3   143   175    1247    (-,-) 
  g3368__5122/Y   -       D->Y  R     AND4XL         1  2.3   104   338    1585    (-,-) 
  g3367__1705/Y   -       D->Y  R     AND4XL         1  2.3   104   322    1906    (-,-) 
  g3366__2802/Y   -       AN->Y R     NOR3BX2        1  2.3   135   222    2129    (-,-) 
  g3365__1617/Y   -       AN->Y R     NOR3BX2        1  2.9   155   251    2379    (-,-) 
  g3364__3680/Y   -       B->Y  R     OR2X8         32 47.1   142   216    2595    (-,-) 
  drc_bufs3630/Y  -       A->Y  F     INVX1          1  5.0   158   163    2758    (-,-) 
  drc_bufs3627/Y  -       A->Y  R     INVX8         32 47.1   153   144    2902    (-,-) 
  g3326__7410/Y   -       B->Y  F     NAND2X1        1  2.4   173   185    3087    (-,-) 
  Out_reg[56]/D   -       -     F     DFFRHQX1       1    -     -     0    3087    (-,-) 
#----------------------------------------------------------------------------------------



Path 5: MET (6785 ps) Setup Check with Pin Out_reg[55]/CK->D
          Group: clock
     Startpoint: (R) acc_reg[125]/CK
          Clock: (R) clock
       Endpoint: (F) Out_reg[55]/D
          Clock: (R) clock

                     Capture       Launch     
        Clock Edge:+   10000            0     
       Src Latency:+       0            0     
       Net Latency:+       0 (I)        0 (I) 
           Arrival:=   10000            0     
                                              
             Setup:-     128                  
     Required Time:=    9872                  
      Launch Clock:-       0                  
         Data Path:-    3087                  
             Slack:=    6785                  

#----------------------------------------------------------------------------------------
#  Timing Point   Flags   Arc   Edge   Cell     Fanout Load Trans Delay Arrival Instance 
#                                                      (fF)  (ps)  (ps)   (ps)  Location 
#----------------------------------------------------------------------------------------
  acc_reg[125]/CK -       -     R     (arrival)    191    -     0     0       0    (-,-) 
  acc_reg[125]/Q  -       CK->Q F     SDFFRHQX1      2  4.2   116   255     255    (-,-) 
  g3571__6260/Y   -       A->Y  R     NOR3X2         1  2.3   135   167     422    (-,-) 
  g3507__1666/Y   -       AN->Y R     NOR3BX2        1  2.9   155   250     672    (-,-) 
  g3374__7482/Y   -       C->Y  F     NAND3X2        1  2.3   177   184     856    (-,-) 
  g3372__1881/Y   -       AN->Y F     NAND2BX1       1  2.4   178   216    1072    (-,-) 
  g3369__8246/Y   -       B->Y  R     NOR2X1         1  2.3   143   175    1247    (-,-) 
  g3368__5122/Y   -       D->Y  R     AND4XL         1  2.3   104   338    1585    (-,-) 
  g3367__1705/Y   -       D->Y  R     AND4XL         1  2.3   104   322    1906    (-,-) 
  g3366__2802/Y   -       AN->Y R     NOR3BX2        1  2.3   135   222    2129    (-,-) 
  g3365__1617/Y   -       AN->Y R     NOR3BX2        1  2.9   155   251    2379    (-,-) 
  g3364__3680/Y   -       B->Y  R     OR2X8         32 47.1   142   216    2595    (-,-) 
  drc_bufs3630/Y  -       A->Y  F     INVX1          1  5.0   158   163    2758    (-,-) 
  drc_bufs3627/Y  -       A->Y  R     INVX8         32 47.1   153   144    2902    (-,-) 
  g3325__1666/Y   -       B->Y  F     NAND2X1        1  2.4   173   185    3087    (-,-) 
  Out_reg[55]/D   -       -     F     DFFRHQX1       1    -     -     0    3087    (-,-) 
#----------------------------------------------------------------------------------------



Path 6: MET (6785 ps) Setup Check with Pin Out_reg[57]/CK->D
          Group: clock
     Startpoint: (R) acc_reg[125]/CK
          Clock: (R) clock
       Endpoint: (F) Out_reg[57]/D
          Clock: (R) clock

                     Capture       Launch     
        Clock Edge:+   10000            0     
       Src Latency:+       0            0     
       Net Latency:+       0 (I)        0 (I) 
           Arrival:=   10000            0     
                                              
             Setup:-     128                  
     Required Time:=    9872                  
      Launch Clock:-       0                  
         Data Path:-    3087                  
             Slack:=    6785                  

#----------------------------------------------------------------------------------------
#  Timing Point   Flags   Arc   Edge   Cell     Fanout Load Trans Delay Arrival Instance 
#                                                      (fF)  (ps)  (ps)   (ps)  Location 
#----------------------------------------------------------------------------------------
  acc_reg[125]/CK -       -     R     (arrival)    191    -     0     0       0    (-,-) 
  acc_reg[125]/Q  -       CK->Q F     SDFFRHQX1      2  4.2   116   255     255    (-,-) 
  g3571__6260/Y   -       A->Y  R     NOR3X2         1  2.3   135   167     422    (-,-) 
  g3507__1666/Y   -       AN->Y R     NOR3BX2        1  2.9   155   250     672    (-,-) 
  g3374__7482/Y   -       C->Y  F     NAND3X2        1  2.3   177   184     856    (-,-) 
  g3372__1881/Y   -       AN->Y F     NAND2BX1       1  2.4   178   216    1072    (-,-) 
  g3369__8246/Y   -       B->Y  R     NOR2X1         1  2.3   143   175    1247    (-,-) 
  g3368__5122/Y   -       D->Y  R     AND4XL         1  2.3   104   338    1585    (-,-) 
  g3367__1705/Y   -       D->Y  R     AND4XL         1  2.3   104   322    1906    (-,-) 
  g3366__2802/Y   -       AN->Y R     NOR3BX2        1  2.3   135   222    2129    (-,-) 
  g3365__1617/Y   -       AN->Y R     NOR3BX2        1  2.9   155   251    2379    (-,-) 
  g3364__3680/Y   -       B->Y  R     OR2X8         32 47.1   142   216    2595    (-,-) 
  drc_bufs3630/Y  -       A->Y  F     INVX1          1  5.0   158   163    2758    (-,-) 
  drc_bufs3627/Y  -       A->Y  R     INVX8         32 47.1   153   144    2902    (-,-) 
  g3327__6417/Y   -       B->Y  F     NAND2X1        1  2.4   173   185    3087    (-,-) 
  Out_reg[57]/D   -       -     F     DFFRHQX1       1    -     -     0    3087    (-,-) 
#----------------------------------------------------------------------------------------



Path 7: MET (6785 ps) Setup Check with Pin Out_reg[61]/CK->D
          Group: clock
     Startpoint: (R) acc_reg[125]/CK
          Clock: (R) clock
       Endpoint: (F) Out_reg[61]/D
          Clock: (R) clock

                     Capture       Launch     
        Clock Edge:+   10000            0     
       Src Latency:+       0            0     
       Net Latency:+       0 (I)        0 (I) 
           Arrival:=   10000            0     
                                              
             Setup:-     128                  
     Required Time:=    9872                  
      Launch Clock:-       0                  
         Data Path:-    3087                  
             Slack:=    6785                  

#----------------------------------------------------------------------------------------
#  Timing Point   Flags   Arc   Edge   Cell     Fanout Load Trans Delay Arrival Instance 
#                                                      (fF)  (ps)  (ps)   (ps)  Location 
#----------------------------------------------------------------------------------------
  acc_reg[125]/CK -       -     R     (arrival)    191    -     0     0       0    (-,-) 
  acc_reg[125]/Q  -       CK->Q F     SDFFRHQX1      2  4.2   116   255     255    (-,-) 
  g3571__6260/Y   -       A->Y  R     NOR3X2         1  2.3   135   167     422    (-,-) 
  g3507__1666/Y   -       AN->Y R     NOR3BX2        1  2.9   155   250     672    (-,-) 
  g3374__7482/Y   -       C->Y  F     NAND3X2        1  2.3   177   184     856    (-,-) 
  g3372__1881/Y   -       AN->Y F     NAND2BX1       1  2.4   178   216    1072    (-,-) 
  g3369__8246/Y   -       B->Y  R     NOR2X1         1  2.3   143   175    1247    (-,-) 
  g3368__5122/Y   -       D->Y  R     AND4XL         1  2.3   104   338    1585    (-,-) 
  g3367__1705/Y   -       D->Y  R     AND4XL         1  2.3   104   322    1906    (-,-) 
  g3366__2802/Y   -       AN->Y R     NOR3BX2        1  2.3   135   222    2129    (-,-) 
  g3365__1617/Y   -       AN->Y R     NOR3BX2        1  2.9   155   251    2379    (-,-) 
  g3364__3680/Y   -       B->Y  R     OR2X8         32 47.1   142   216    2595    (-,-) 
  drc_bufs3630/Y  -       A->Y  F     INVX1          1  5.0   158   163    2758    (-,-) 
  drc_bufs3627/Y  -       A->Y  R     INVX8         32 47.1   153   144    2902    (-,-) 
  g3334__5526/Y   -       B->Y  F     NAND2X1        1  2.4   173   185    3087    (-,-) 
  Out_reg[61]/D   -       -     F     DFFRHQX1       1    -     -     0    3087    (-,-) 
#----------------------------------------------------------------------------------------



Path 8: MET (6785 ps) Setup Check with Pin Out_reg[59]/CK->D
          Group: clock
     Startpoint: (R) acc_reg[125]/CK
          Clock: (R) clock
       Endpoint: (F) Out_reg[59]/D
          Clock: (R) clock

                     Capture       Launch     
        Clock Edge:+   10000            0     
       Src Latency:+       0            0     
       Net Latency:+       0 (I)        0 (I) 
           Arrival:=   10000            0     
                                              
             Setup:-     128                  
     Required Time:=    9872                  
      Launch Clock:-       0                  
         Data Path:-    3087                  
             Slack:=    6785                  

#----------------------------------------------------------------------------------------
#  Timing Point   Flags   Arc   Edge   Cell     Fanout Load Trans Delay Arrival Instance 
#                                                      (fF)  (ps)  (ps)   (ps)  Location 
#----------------------------------------------------------------------------------------
  acc_reg[125]/CK -       -     R     (arrival)    191    -     0     0       0    (-,-) 
  acc_reg[125]/Q  -       CK->Q F     SDFFRHQX1      2  4.2   116   255     255    (-,-) 
  g3571__6260/Y   -       A->Y  R     NOR3X2         1  2.3   135   167     422    (-,-) 
  g3507__1666/Y   -       AN->Y R     NOR3BX2        1  2.9   155   250     672    (-,-) 
  g3374__7482/Y   -       C->Y  F     NAND3X2        1  2.3   177   184     856    (-,-) 
  g3372__1881/Y   -       AN->Y F     NAND2BX1       1  2.4   178   216    1072    (-,-) 
  g3369__8246/Y   -       B->Y  R     NOR2X1         1  2.3   143   175    1247    (-,-) 
  g3368__5122/Y   -       D->Y  R     AND4XL         1  2.3   104   338    1585    (-,-) 
  g3367__1705/Y   -       D->Y  R     AND4XL         1  2.3   104   322    1906    (-,-) 
  g3366__2802/Y   -       AN->Y R     NOR3BX2        1  2.3   135   222    2129    (-,-) 
  g3365__1617/Y   -       AN->Y R     NOR3BX2        1  2.9   155   251    2379    (-,-) 
  g3364__3680/Y   -       B->Y  R     OR2X8         32 47.1   142   216    2595    (-,-) 
  drc_bufs3630/Y  -       A->Y  F     INVX1          1  5.0   158   163    2758    (-,-) 
  drc_bufs3627/Y  -       A->Y  R     INVX8         32 47.1   153   144    2902    (-,-) 
  g3331__6260/Y   -       B->Y  F     NAND2X1        1  2.4   173   185    3087    (-,-) 
  Out_reg[59]/D   -       -     F     DFFRHQX1       1    -     -     0    3087    (-,-) 
#----------------------------------------------------------------------------------------



Path 9: MET (6785 ps) Setup Check with Pin Out_reg[53]/CK->D
          Group: clock
     Startpoint: (R) acc_reg[125]/CK
          Clock: (R) clock
       Endpoint: (F) Out_reg[53]/D
          Clock: (R) clock

                     Capture       Launch     
        Clock Edge:+   10000            0     
       Src Latency:+       0            0     
       Net Latency:+       0 (I)        0 (I) 
           Arrival:=   10000            0     
                                              
             Setup:-     128                  
     Required Time:=    9872                  
      Launch Clock:-       0                  
         Data Path:-    3087                  
             Slack:=    6785                  

#----------------------------------------------------------------------------------------
#  Timing Point   Flags   Arc   Edge   Cell     Fanout Load Trans Delay Arrival Instance 
#                                                      (fF)  (ps)  (ps)   (ps)  Location 
#----------------------------------------------------------------------------------------
  acc_reg[125]/CK -       -     R     (arrival)    191    -     0     0       0    (-,-) 
  acc_reg[125]/Q  -       CK->Q F     SDFFRHQX1      2  4.2   116   255     255    (-,-) 
  g3571__6260/Y   -       A->Y  R     NOR3X2         1  2.3   135   167     422    (-,-) 
  g3507__1666/Y   -       AN->Y R     NOR3BX2        1  2.9   155   250     672    (-,-) 
  g3374__7482/Y   -       C->Y  F     NAND3X2        1  2.3   177   184     856    (-,-) 
  g3372__1881/Y   -       AN->Y F     NAND2BX1       1  2.4   178   216    1072    (-,-) 
  g3369__8246/Y   -       B->Y  R     NOR2X1         1  2.3   143   175    1247    (-,-) 
  g3368__5122/Y   -       D->Y  R     AND4XL         1  2.3   104   338    1585    (-,-) 
  g3367__1705/Y   -       D->Y  R     AND4XL         1  2.3   104   322    1906    (-,-) 
  g3366__2802/Y   -       AN->Y R     NOR3BX2        1  2.3   135   222    2129    (-,-) 
  g3365__1617/Y   -       AN->Y R     NOR3BX2        1  2.9   155   251    2379    (-,-) 
  g3364__3680/Y   -       B->Y  R     OR2X8         32 47.1   142   216    2595    (-,-) 
  drc_bufs3630/Y  -       A->Y  F     INVX1          1  5.0   158   163    2758    (-,-) 
  drc_bufs3627/Y  -       A->Y  R     INVX8         32 47.1   153   144    2902    (-,-) 
  g3324__2346/Y   -       B->Y  F     NAND2X1        1  2.4   173   185    3087    (-,-) 
  Out_reg[53]/D   -       -     F     DFFRHQX1       1    -     -     0    3087    (-,-) 
#----------------------------------------------------------------------------------------



Path 10: MET (6785 ps) Setup Check with Pin Out_reg[44]/CK->D
          Group: clock
     Startpoint: (R) acc_reg[125]/CK
          Clock: (R) clock
       Endpoint: (F) Out_reg[44]/D
          Clock: (R) clock

                     Capture       Launch     
        Clock Edge:+   10000            0     
       Src Latency:+       0            0     
       Net Latency:+       0 (I)        0 (I) 
           Arrival:=   10000            0     
                                              
             Setup:-     128                  
     Required Time:=    9872                  
      Launch Clock:-       0                  
         Data Path:-    3087                  
             Slack:=    6785                  

#----------------------------------------------------------------------------------------
#  Timing Point   Flags   Arc   Edge   Cell     Fanout Load Trans Delay Arrival Instance 
#                                                      (fF)  (ps)  (ps)   (ps)  Location 
#----------------------------------------------------------------------------------------
  acc_reg[125]/CK -       -     R     (arrival)    191    -     0     0       0    (-,-) 
  acc_reg[125]/Q  -       CK->Q F     SDFFRHQX1      2  4.2   116   255     255    (-,-) 
  g3571__6260/Y   -       A->Y  R     NOR3X2         1  2.3   135   167     422    (-,-) 
  g3507__1666/Y   -       AN->Y R     NOR3BX2        1  2.9   155   250     672    (-,-) 
  g3374__7482/Y   -       C->Y  F     NAND3X2        1  2.3   177   184     856    (-,-) 
  g3372__1881/Y   -       AN->Y F     NAND2BX1       1  2.4   178   216    1072    (-,-) 
  g3369__8246/Y   -       B->Y  R     NOR2X1         1  2.3   143   175    1247    (-,-) 
  g3368__5122/Y   -       D->Y  R     AND4XL         1  2.3   104   338    1585    (-,-) 
  g3367__1705/Y   -       D->Y  R     AND4XL         1  2.3   104   322    1906    (-,-) 
  g3366__2802/Y   -       AN->Y R     NOR3BX2        1  2.3   135   222    2129    (-,-) 
  g3365__1617/Y   -       AN->Y R     NOR3BX2        1  2.9   155   251    2379    (-,-) 
  g3364__3680/Y   -       B->Y  R     OR2X8         32 47.1   142   216    2595    (-,-) 
  drc_bufs3630/Y  -       A->Y  F     INVX1          1  5.0   158   163    2758    (-,-) 
  drc_bufs3627/Y  -       A->Y  R     INVX8         32 47.1   153   144    2902    (-,-) 
  g3314__7098/Y   -       B->Y  F     NAND2X1        1  2.4   173   185    3087    (-,-) 
  Out_reg[44]/D   -       -     F     DFFRHQX1       1    -     -     0    3087    (-,-) 
#----------------------------------------------------------------------------------------



Path 11: MET (6785 ps) Setup Check with Pin Out_reg[22]/CK->D
          Group: clock
     Startpoint: (R) acc_reg[125]/CK
          Clock: (R) clock
       Endpoint: (F) Out_reg[22]/D
          Clock: (R) clock

                     Capture       Launch     
        Clock Edge:+   10000            0     
       Src Latency:+       0            0     
       Net Latency:+       0 (I)        0 (I) 
           Arrival:=   10000            0     
                                              
             Setup:-     128                  
     Required Time:=    9872                  
      Launch Clock:-       0                  
         Data Path:-    3087                  
             Slack:=    6785                  

#----------------------------------------------------------------------------------------
#  Timing Point   Flags   Arc   Edge   Cell     Fanout Load Trans Delay Arrival Instance 
#                                                      (fF)  (ps)  (ps)   (ps)  Location 
#----------------------------------------------------------------------------------------
  acc_reg[125]/CK -       -     R     (arrival)    191    -     0     0       0    (-,-) 
  acc_reg[125]/Q  -       CK->Q F     SDFFRHQX1      2  4.2   116   255     255    (-,-) 
  g3571__6260/Y   -       A->Y  R     NOR3X2         1  2.3   135   167     422    (-,-) 
  g3507__1666/Y   -       AN->Y R     NOR3BX2        1  2.9   155   250     672    (-,-) 
  g3374__7482/Y   -       C->Y  F     NAND3X2        1  2.3   177   184     856    (-,-) 
  g3372__1881/Y   -       AN->Y F     NAND2BX1       1  2.4   178   216    1072    (-,-) 
  g3369__8246/Y   -       B->Y  R     NOR2X1         1  2.3   143   175    1247    (-,-) 
  g3368__5122/Y   -       D->Y  R     AND4XL         1  2.3   104   338    1585    (-,-) 
  g3367__1705/Y   -       D->Y  R     AND4XL         1  2.3   104   322    1906    (-,-) 
  g3366__2802/Y   -       AN->Y R     NOR3BX2        1  2.3   135   222    2129    (-,-) 
  g3365__1617/Y   -       AN->Y R     NOR3BX2        1  2.9   155   251    2379    (-,-) 
  g3364__3680/Y   -       B->Y  R     OR2X8         32 47.1   142   216    2595    (-,-) 
  drc_bufs3630/Y  -       A->Y  F     INVX1          1  5.0   158   163    2758    (-,-) 
  drc_bufs3627/Y  -       A->Y  R     INVX8         32 47.1   153   144    2902    (-,-) 
  g3355__6417/Y   -       B->Y  F     NAND2X1        1  2.4   173   185    3087    (-,-) 
  Out_reg[22]/D   -       -     F     DFFRHQX1       1    -     -     0    3087    (-,-) 
#----------------------------------------------------------------------------------------



Path 12: MET (6785 ps) Setup Check with Pin Out_reg[10]/CK->D
          Group: clock
     Startpoint: (R) acc_reg[125]/CK
          Clock: (R) clock
       Endpoint: (F) Out_reg[10]/D
          Clock: (R) clock

                     Capture       Launch     
        Clock Edge:+   10000            0     
       Src Latency:+       0            0     
       Net Latency:+       0 (I)        0 (I) 
           Arrival:=   10000            0     
                                              
             Setup:-     128                  
     Required Time:=    9872                  
      Launch Clock:-       0                  
         Data Path:-    3087                  
             Slack:=    6785                  

#----------------------------------------------------------------------------------------
#  Timing Point   Flags   Arc   Edge   Cell     Fanout Load Trans Delay Arrival Instance 
#                                                      (fF)  (ps)  (ps)   (ps)  Location 
#----------------------------------------------------------------------------------------
  acc_reg[125]/CK -       -     R     (arrival)    191    -     0     0       0    (-,-) 
  acc_reg[125]/Q  -       CK->Q F     SDFFRHQX1      2  4.2   116   255     255    (-,-) 
  g3571__6260/Y   -       A->Y  R     NOR3X2         1  2.3   135   167     422    (-,-) 
  g3507__1666/Y   -       AN->Y R     NOR3BX2        1  2.9   155   250     672    (-,-) 
  g3374__7482/Y   -       C->Y  F     NAND3X2        1  2.3   177   184     856    (-,-) 
  g3372__1881/Y   -       AN->Y F     NAND2BX1       1  2.4   178   216    1072    (-,-) 
  g3369__8246/Y   -       B->Y  R     NOR2X1         1  2.3   143   175    1247    (-,-) 
  g3368__5122/Y   -       D->Y  R     AND4XL         1  2.3   104   338    1585    (-,-) 
  g3367__1705/Y   -       D->Y  R     AND4XL         1  2.3   104   322    1906    (-,-) 
  g3366__2802/Y   -       AN->Y R     NOR3BX2        1  2.3   135   222    2129    (-,-) 
  g3365__1617/Y   -       AN->Y R     NOR3BX2        1  2.9   155   251    2379    (-,-) 
  g3364__3680/Y   -       B->Y  R     OR2X8         32 47.1   142   216    2595    (-,-) 
  drc_bufs3630/Y  -       A->Y  F     INVX1          1  5.0   158   163    2758    (-,-) 
  drc_bufs3627/Y  -       A->Y  R     INVX8         32 47.1   153   144    2902    (-,-) 
  g3343__6131/Y   -       B->Y  F     NAND2X1        1  2.4   173   185    3087    (-,-) 
  Out_reg[10]/D   -       -     F     DFFRHQX1       1    -     -     0    3087    (-,-) 
#----------------------------------------------------------------------------------------



Path 13: MET (6785 ps) Setup Check with Pin Out_reg[12]/CK->D
          Group: clock
     Startpoint: (R) acc_reg[125]/CK
          Clock: (R) clock
       Endpoint: (F) Out_reg[12]/D
          Clock: (R) clock

                     Capture       Launch     
        Clock Edge:+   10000            0     
       Src Latency:+       0            0     
       Net Latency:+       0 (I)        0 (I) 
           Arrival:=   10000            0     
                                              
             Setup:-     128                  
     Required Time:=    9872                  
      Launch Clock:-       0                  
         Data Path:-    3087                  
             Slack:=    6785                  

#----------------------------------------------------------------------------------------
#  Timing Point   Flags   Arc   Edge   Cell     Fanout Load Trans Delay Arrival Instance 
#                                                      (fF)  (ps)  (ps)   (ps)  Location 
#----------------------------------------------------------------------------------------
  acc_reg[125]/CK -       -     R     (arrival)    191    -     0     0       0    (-,-) 
  acc_reg[125]/Q  -       CK->Q F     SDFFRHQX1      2  4.2   116   255     255    (-,-) 
  g3571__6260/Y   -       A->Y  R     NOR3X2         1  2.3   135   167     422    (-,-) 
  g3507__1666/Y   -       AN->Y R     NOR3BX2        1  2.9   155   250     672    (-,-) 
  g3374__7482/Y   -       C->Y  F     NAND3X2        1  2.3   177   184     856    (-,-) 
  g3372__1881/Y   -       AN->Y F     NAND2BX1       1  2.4   178   216    1072    (-,-) 
  g3369__8246/Y   -       B->Y  R     NOR2X1         1  2.3   143   175    1247    (-,-) 
  g3368__5122/Y   -       D->Y  R     AND4XL         1  2.3   104   338    1585    (-,-) 
  g3367__1705/Y   -       D->Y  R     AND4XL         1  2.3   104   322    1906    (-,-) 
  g3366__2802/Y   -       AN->Y R     NOR3BX2        1  2.3   135   222    2129    (-,-) 
  g3365__1617/Y   -       AN->Y R     NOR3BX2        1  2.9   155   251    2379    (-,-) 
  g3364__3680/Y   -       B->Y  R     OR2X8         32 47.1   142   216    2595    (-,-) 
  drc_bufs3630/Y  -       A->Y  F     INVX1          1  5.0   158   163    2758    (-,-) 
  drc_bufs3627/Y  -       A->Y  R     INVX8         32 47.1   153   144    2902    (-,-) 
  g3345__5115/Y   -       B->Y  F     NAND2X1        1  2.4   173   185    3087    (-,-) 
  Out_reg[12]/D   -       -     F     DFFRHQX1       1    -     -     0    3087    (-,-) 
#----------------------------------------------------------------------------------------



Path 14: MET (6785 ps) Setup Check with Pin Out_reg[18]/CK->D
          Group: clock
     Startpoint: (R) acc_reg[125]/CK
          Clock: (R) clock
       Endpoint: (F) Out_reg[18]/D
          Clock: (R) clock

                     Capture       Launch     
        Clock Edge:+   10000            0     
       Src Latency:+       0            0     
       Net Latency:+       0 (I)        0 (I) 
           Arrival:=   10000            0     
                                              
             Setup:-     128                  
     Required Time:=    9872                  
      Launch Clock:-       0                  
         Data Path:-    3087                  
             Slack:=    6785                  

#----------------------------------------------------------------------------------------
#  Timing Point   Flags   Arc   Edge   Cell     Fanout Load Trans Delay Arrival Instance 
#                                                      (fF)  (ps)  (ps)   (ps)  Location 
#----------------------------------------------------------------------------------------
  acc_reg[125]/CK -       -     R     (arrival)    191    -     0     0       0    (-,-) 
  acc_reg[125]/Q  -       CK->Q F     SDFFRHQX1      2  4.2   116   255     255    (-,-) 
  g3571__6260/Y   -       A->Y  R     NOR3X2         1  2.3   135   167     422    (-,-) 
  g3507__1666/Y   -       AN->Y R     NOR3BX2        1  2.9   155   250     672    (-,-) 
  g3374__7482/Y   -       C->Y  F     NAND3X2        1  2.3   177   184     856    (-,-) 
  g3372__1881/Y   -       AN->Y F     NAND2BX1       1  2.4   178   216    1072    (-,-) 
  g3369__8246/Y   -       B->Y  R     NOR2X1         1  2.3   143   175    1247    (-,-) 
  g3368__5122/Y   -       D->Y  R     AND4XL         1  2.3   104   338    1585    (-,-) 
  g3367__1705/Y   -       D->Y  R     AND4XL         1  2.3   104   322    1906    (-,-) 
  g3366__2802/Y   -       AN->Y R     NOR3BX2        1  2.3   135   222    2129    (-,-) 
  g3365__1617/Y   -       AN->Y R     NOR3BX2        1  2.9   155   251    2379    (-,-) 
  g3364__3680/Y   -       B->Y  R     OR2X8         32 47.1   142   216    2595    (-,-) 
  drc_bufs3630/Y  -       A->Y  F     INVX1          1  5.0   158   163    2758    (-,-) 
  drc_bufs3627/Y  -       A->Y  R     INVX8         32 47.1   153   144    2902    (-,-) 
  g3351__2883/Y   -       B->Y  F     NAND2X1        1  2.4   173   185    3087    (-,-) 
  Out_reg[18]/D   -       -     F     DFFRHQX1       1    -     -     0    3087    (-,-) 
#----------------------------------------------------------------------------------------



Path 15: MET (6785 ps) Setup Check with Pin Out_reg[37]/CK->D
          Group: clock
     Startpoint: (R) acc_reg[125]/CK
          Clock: (R) clock
       Endpoint: (F) Out_reg[37]/D
          Clock: (R) clock

                     Capture       Launch     
        Clock Edge:+   10000            0     
       Src Latency:+       0            0     
       Net Latency:+       0 (I)        0 (I) 
           Arrival:=   10000            0     
                                              
             Setup:-     128                  
     Required Time:=    9872                  
      Launch Clock:-       0                  
         Data Path:-    3087                  
             Slack:=    6785                  

#----------------------------------------------------------------------------------------
#  Timing Point   Flags   Arc   Edge   Cell     Fanout Load Trans Delay Arrival Instance 
#                                                      (fF)  (ps)  (ps)   (ps)  Location 
#----------------------------------------------------------------------------------------
  acc_reg[125]/CK -       -     R     (arrival)    191    -     0     0       0    (-,-) 
  acc_reg[125]/Q  -       CK->Q F     SDFFRHQX1      2  4.2   116   255     255    (-,-) 
  g3571__6260/Y   -       A->Y  R     NOR3X2         1  2.3   135   167     422    (-,-) 
  g3507__1666/Y   -       AN->Y R     NOR3BX2        1  2.9   155   250     672    (-,-) 
  g3374__7482/Y   -       C->Y  F     NAND3X2        1  2.3   177   184     856    (-,-) 
  g3372__1881/Y   -       AN->Y F     NAND2BX1       1  2.4   178   216    1072    (-,-) 
  g3369__8246/Y   -       B->Y  R     NOR2X1         1  2.3   143   175    1247    (-,-) 
  g3368__5122/Y   -       D->Y  R     AND4XL         1  2.3   104   338    1585    (-,-) 
  g3367__1705/Y   -       D->Y  R     AND4XL         1  2.3   104   322    1906    (-,-) 
  g3366__2802/Y   -       AN->Y R     NOR3BX2        1  2.3   135   222    2129    (-,-) 
  g3365__1617/Y   -       AN->Y R     NOR3BX2        1  2.9   155   251    2379    (-,-) 
  g3364__3680/Y   -       B->Y  R     OR2X8         32 47.1   142   216    2595    (-,-) 
  drc_bufs3630/Y  -       A->Y  F     INVX1          1  5.0   158   163    2758    (-,-) 
  drc_bufs3627/Y  -       A->Y  R     INVX8         32 47.1   153   144    2902    (-,-) 
  g3308__3680/Y   -       B->Y  F     NAND2X1        1  2.4   173   185    3087    (-,-) 
  Out_reg[37]/D   -       -     F     DFFRHQX1       1    -     -     0    3087    (-,-) 
#----------------------------------------------------------------------------------------



Path 16: MET (6785 ps) Setup Check with Pin Out_reg[21]/CK->D
          Group: clock
     Startpoint: (R) acc_reg[125]/CK
          Clock: (R) clock
       Endpoint: (F) Out_reg[21]/D
          Clock: (R) clock

                     Capture       Launch     
        Clock Edge:+   10000            0     
       Src Latency:+       0            0     
       Net Latency:+       0 (I)        0 (I) 
           Arrival:=   10000            0     
                                              
             Setup:-     128                  
     Required Time:=    9872                  
      Launch Clock:-       0                  
         Data Path:-    3087                  
             Slack:=    6785                  

#----------------------------------------------------------------------------------------
#  Timing Point   Flags   Arc   Edge   Cell     Fanout Load Trans Delay Arrival Instance 
#                                                      (fF)  (ps)  (ps)   (ps)  Location 
#----------------------------------------------------------------------------------------
  acc_reg[125]/CK -       -     R     (arrival)    191    -     0     0       0    (-,-) 
  acc_reg[125]/Q  -       CK->Q F     SDFFRHQX1      2  4.2   116   255     255    (-,-) 
  g3571__6260/Y   -       A->Y  R     NOR3X2         1  2.3   135   167     422    (-,-) 
  g3507__1666/Y   -       AN->Y R     NOR3BX2        1  2.9   155   250     672    (-,-) 
  g3374__7482/Y   -       C->Y  F     NAND3X2        1  2.3   177   184     856    (-,-) 
  g3372__1881/Y   -       AN->Y F     NAND2BX1       1  2.4   178   216    1072    (-,-) 
  g3369__8246/Y   -       B->Y  R     NOR2X1         1  2.3   143   175    1247    (-,-) 
  g3368__5122/Y   -       D->Y  R     AND4XL         1  2.3   104   338    1585    (-,-) 
  g3367__1705/Y   -       D->Y  R     AND4XL         1  2.3   104   322    1906    (-,-) 
  g3366__2802/Y   -       AN->Y R     NOR3BX2        1  2.3   135   222    2129    (-,-) 
  g3365__1617/Y   -       AN->Y R     NOR3BX2        1  2.9   155   251    2379    (-,-) 
  g3364__3680/Y   -       B->Y  R     OR2X8         32 47.1   142   216    2595    (-,-) 
  drc_bufs3630/Y  -       A->Y  F     INVX1          1  5.0   158   163    2758    (-,-) 
  drc_bufs3627/Y  -       A->Y  R     INVX8         32 47.1   153   144    2902    (-,-) 
  g3354__7410/Y   -       B->Y  F     NAND2X1        1  2.4   173   185    3087    (-,-) 
  Out_reg[21]/D   -       -     F     DFFRHQX1       1    -     -     0    3087    (-,-) 
#----------------------------------------------------------------------------------------



Path 17: MET (6785 ps) Setup Check with Pin Out_reg[23]/CK->D
          Group: clock
     Startpoint: (R) acc_reg[125]/CK
          Clock: (R) clock
       Endpoint: (F) Out_reg[23]/D
          Clock: (R) clock

                     Capture       Launch     
        Clock Edge:+   10000            0     
       Src Latency:+       0            0     
       Net Latency:+       0 (I)        0 (I) 
           Arrival:=   10000            0     
                                              
             Setup:-     128                  
     Required Time:=    9872                  
      Launch Clock:-       0                  
         Data Path:-    3087                  
             Slack:=    6785                  

#----------------------------------------------------------------------------------------
#  Timing Point   Flags   Arc   Edge   Cell     Fanout Load Trans Delay Arrival Instance 
#                                                      (fF)  (ps)  (ps)   (ps)  Location 
#----------------------------------------------------------------------------------------
  acc_reg[125]/CK -       -     R     (arrival)    191    -     0     0       0    (-,-) 
  acc_reg[125]/Q  -       CK->Q F     SDFFRHQX1      2  4.2   116   255     255    (-,-) 
  g3571__6260/Y   -       A->Y  R     NOR3X2         1  2.3   135   167     422    (-,-) 
  g3507__1666/Y   -       AN->Y R     NOR3BX2        1  2.9   155   250     672    (-,-) 
  g3374__7482/Y   -       C->Y  F     NAND3X2        1  2.3   177   184     856    (-,-) 
  g3372__1881/Y   -       AN->Y F     NAND2BX1       1  2.4   178   216    1072    (-,-) 
  g3369__8246/Y   -       B->Y  R     NOR2X1         1  2.3   143   175    1247    (-,-) 
  g3368__5122/Y   -       D->Y  R     AND4XL         1  2.3   104   338    1585    (-,-) 
  g3367__1705/Y   -       D->Y  R     AND4XL         1  2.3   104   322    1906    (-,-) 
  g3366__2802/Y   -       AN->Y R     NOR3BX2        1  2.3   135   222    2129    (-,-) 
  g3365__1617/Y   -       AN->Y R     NOR3BX2        1  2.9   155   251    2379    (-,-) 
  g3364__3680/Y   -       B->Y  R     OR2X8         32 47.1   142   216    2595    (-,-) 
  drc_bufs3630/Y  -       A->Y  F     INVX1          1  5.0   158   163    2758    (-,-) 
  drc_bufs3627/Y  -       A->Y  R     INVX8         32 47.1   153   144    2902    (-,-) 
  g3356__5477/Y   -       B->Y  F     NAND2X1        1  2.4   173   185    3087    (-,-) 
  Out_reg[23]/D   -       -     F     DFFRHQX1       1    -     -     0    3087    (-,-) 
#----------------------------------------------------------------------------------------



Path 18: MET (6785 ps) Setup Check with Pin Out_reg[33]/CK->D
          Group: clock
     Startpoint: (R) acc_reg[125]/CK
          Clock: (R) clock
       Endpoint: (F) Out_reg[33]/D
          Clock: (R) clock

                     Capture       Launch     
        Clock Edge:+   10000            0     
       Src Latency:+       0            0     
       Net Latency:+       0 (I)        0 (I) 
           Arrival:=   10000            0     
                                              
             Setup:-     128                  
     Required Time:=    9872                  
      Launch Clock:-       0                  
         Data Path:-    3087                  
             Slack:=    6785                  

#----------------------------------------------------------------------------------------
#  Timing Point   Flags   Arc   Edge   Cell     Fanout Load Trans Delay Arrival Instance 
#                                                      (fF)  (ps)  (ps)   (ps)  Location 
#----------------------------------------------------------------------------------------
  acc_reg[125]/CK -       -     R     (arrival)    191    -     0     0       0    (-,-) 
  acc_reg[125]/Q  -       CK->Q F     SDFFRHQX1      2  4.2   116   255     255    (-,-) 
  g3571__6260/Y   -       A->Y  R     NOR3X2         1  2.3   135   167     422    (-,-) 
  g3507__1666/Y   -       AN->Y R     NOR3BX2        1  2.9   155   250     672    (-,-) 
  g3374__7482/Y   -       C->Y  F     NAND3X2        1  2.3   177   184     856    (-,-) 
  g3372__1881/Y   -       AN->Y F     NAND2BX1       1  2.4   178   216    1072    (-,-) 
  g3369__8246/Y   -       B->Y  R     NOR2X1         1  2.3   143   175    1247    (-,-) 
  g3368__5122/Y   -       D->Y  R     AND4XL         1  2.3   104   338    1585    (-,-) 
  g3367__1705/Y   -       D->Y  R     AND4XL         1  2.3   104   322    1906    (-,-) 
  g3366__2802/Y   -       AN->Y R     NOR3BX2        1  2.3   135   222    2129    (-,-) 
  g3365__1617/Y   -       AN->Y R     NOR3BX2        1  2.9   155   251    2379    (-,-) 
  g3364__3680/Y   -       B->Y  R     OR2X8         32 47.1   142   216    2595    (-,-) 
  drc_bufs3630/Y  -       A->Y  F     INVX1          1  5.0   158   163    2758    (-,-) 
  drc_bufs3627/Y  -       A->Y  R     INVX8         32 47.1   153   144    2902    (-,-) 
  g3302__5107/Y   -       B->Y  F     NAND2X1        1  2.4   173   185    3087    (-,-) 
  Out_reg[33]/D   -       -     F     DFFRHQX1       1    -     -     0    3087    (-,-) 
#----------------------------------------------------------------------------------------



Path 19: MET (6785 ps) Setup Check with Pin Out_reg[0]/CK->D
          Group: clock
     Startpoint: (R) acc_reg[125]/CK
          Clock: (R) clock
       Endpoint: (F) Out_reg[0]/D
          Clock: (R) clock

                     Capture       Launch     
        Clock Edge:+   10000            0     
       Src Latency:+       0            0     
       Net Latency:+       0 (I)        0 (I) 
           Arrival:=   10000            0     
                                              
             Setup:-     128                  
     Required Time:=    9872                  
      Launch Clock:-       0                  
         Data Path:-    3087                  
             Slack:=    6785                  

#----------------------------------------------------------------------------------------
#  Timing Point   Flags   Arc   Edge   Cell     Fanout Load Trans Delay Arrival Instance 
#                                                      (fF)  (ps)  (ps)   (ps)  Location 
#----------------------------------------------------------------------------------------
  acc_reg[125]/CK -       -     R     (arrival)    191    -     0     0       0    (-,-) 
  acc_reg[125]/Q  -       CK->Q F     SDFFRHQX1      2  4.2   116   255     255    (-,-) 
  g3571__6260/Y   -       A->Y  R     NOR3X2         1  2.3   135   167     422    (-,-) 
  g3507__1666/Y   -       AN->Y R     NOR3BX2        1  2.9   155   250     672    (-,-) 
  g3374__7482/Y   -       C->Y  F     NAND3X2        1  2.3   177   184     856    (-,-) 
  g3372__1881/Y   -       AN->Y F     NAND2BX1       1  2.4   178   216    1072    (-,-) 
  g3369__8246/Y   -       B->Y  R     NOR2X1         1  2.3   143   175    1247    (-,-) 
  g3368__5122/Y   -       D->Y  R     AND4XL         1  2.3   104   338    1585    (-,-) 
  g3367__1705/Y   -       D->Y  R     AND4XL         1  2.3   104   322    1906    (-,-) 
  g3366__2802/Y   -       AN->Y R     NOR3BX2        1  2.3   135   222    2129    (-,-) 
  g3365__1617/Y   -       AN->Y R     NOR3BX2        1  2.9   155   251    2379    (-,-) 
  g3364__3680/Y   -       B->Y  R     OR2X8         32 47.1   142   216    2595    (-,-) 
  drc_bufs3630/Y  -       A->Y  F     INVX1          1  5.0   158   163    2758    (-,-) 
  drc_bufs3627/Y  -       A->Y  R     INVX8         32 47.1   153   144    2902    (-,-) 
  g3328__5477/Y   -       B->Y  F     NAND2X1        1  2.4   173   185    3087    (-,-) 
  Out_reg[0]/D    -       -     F     DFFRHQX1       1    -     -     0    3087    (-,-) 
#----------------------------------------------------------------------------------------



Path 20: MET (6785 ps) Setup Check with Pin Out_reg[16]/CK->D
          Group: clock
     Startpoint: (R) acc_reg[125]/CK
          Clock: (R) clock
       Endpoint: (F) Out_reg[16]/D
          Clock: (R) clock

                     Capture       Launch     
        Clock Edge:+   10000            0     
       Src Latency:+       0            0     
       Net Latency:+       0 (I)        0 (I) 
           Arrival:=   10000            0     
                                              
             Setup:-     128                  
     Required Time:=    9872                  
      Launch Clock:-       0                  
         Data Path:-    3087                  
             Slack:=    6785                  

#----------------------------------------------------------------------------------------
#  Timing Point   Flags   Arc   Edge   Cell     Fanout Load Trans Delay Arrival Instance 
#                                                      (fF)  (ps)  (ps)   (ps)  Location 
#----------------------------------------------------------------------------------------
  acc_reg[125]/CK -       -     R     (arrival)    191    -     0     0       0    (-,-) 
  acc_reg[125]/Q  -       CK->Q F     SDFFRHQX1      2  4.2   116   255     255    (-,-) 
  g3571__6260/Y   -       A->Y  R     NOR3X2         1  2.3   135   167     422    (-,-) 
  g3507__1666/Y   -       AN->Y R     NOR3BX2        1  2.9   155   250     672    (-,-) 
  g3374__7482/Y   -       C->Y  F     NAND3X2        1  2.3   177   184     856    (-,-) 
  g3372__1881/Y   -       AN->Y F     NAND2BX1       1  2.4   178   216    1072    (-,-) 
  g3369__8246/Y   -       B->Y  R     NOR2X1         1  2.3   143   175    1247    (-,-) 
  g3368__5122/Y   -       D->Y  R     AND4XL         1  2.3   104   338    1585    (-,-) 
  g3367__1705/Y   -       D->Y  R     AND4XL         1  2.3   104   322    1906    (-,-) 
  g3366__2802/Y   -       AN->Y R     NOR3BX2        1  2.3   135   222    2129    (-,-) 
  g3365__1617/Y   -       AN->Y R     NOR3BX2        1  2.9   155   251    2379    (-,-) 
  g3364__3680/Y   -       B->Y  R     OR2X8         32 47.1   142   216    2595    (-,-) 
  drc_bufs3630/Y  -       A->Y  F     INVX1          1  5.0   158   163    2758    (-,-) 
  drc_bufs3627/Y  -       A->Y  R     INVX8         32 47.1   153   144    2902    (-,-) 
  g3332__4319/Y   -       B->Y  F     NAND2X1        1  2.4   173   185    3087    (-,-) 
  Out_reg[16]/D   -       -     F     DFFRHQX1       1    -     -     0    3087    (-,-) 
#----------------------------------------------------------------------------------------



Path 21: MET (6785 ps) Setup Check with Pin Out_reg[4]/CK->D
          Group: clock
     Startpoint: (R) acc_reg[125]/CK
          Clock: (R) clock
       Endpoint: (F) Out_reg[4]/D
          Clock: (R) clock

                     Capture       Launch     
        Clock Edge:+   10000            0     
       Src Latency:+       0            0     
       Net Latency:+       0 (I)        0 (I) 
           Arrival:=   10000            0     
                                              
             Setup:-     128                  
     Required Time:=    9872                  
      Launch Clock:-       0                  
         Data Path:-    3087                  
             Slack:=    6785                  

#----------------------------------------------------------------------------------------
#  Timing Point   Flags   Arc   Edge   Cell     Fanout Load Trans Delay Arrival Instance 
#                                                      (fF)  (ps)  (ps)   (ps)  Location 
#----------------------------------------------------------------------------------------
  acc_reg[125]/CK -       -     R     (arrival)    191    -     0     0       0    (-,-) 
  acc_reg[125]/Q  -       CK->Q F     SDFFRHQX1      2  4.2   116   255     255    (-,-) 
  g3571__6260/Y   -       A->Y  R     NOR3X2         1  2.3   135   167     422    (-,-) 
  g3507__1666/Y   -       AN->Y R     NOR3BX2        1  2.9   155   250     672    (-,-) 
  g3374__7482/Y   -       C->Y  F     NAND3X2        1  2.3   177   184     856    (-,-) 
  g3372__1881/Y   -       AN->Y F     NAND2BX1       1  2.4   178   216    1072    (-,-) 
  g3369__8246/Y   -       B->Y  R     NOR2X1         1  2.3   143   175    1247    (-,-) 
  g3368__5122/Y   -       D->Y  R     AND4XL         1  2.3   104   338    1585    (-,-) 
  g3367__1705/Y   -       D->Y  R     AND4XL         1  2.3   104   322    1906    (-,-) 
  g3366__2802/Y   -       AN->Y R     NOR3BX2        1  2.3   135   222    2129    (-,-) 
  g3365__1617/Y   -       AN->Y R     NOR3BX2        1  2.9   155   251    2379    (-,-) 
  g3364__3680/Y   -       B->Y  R     OR2X8         32 47.1   142   216    2595    (-,-) 
  drc_bufs3630/Y  -       A->Y  F     INVX1          1  5.0   158   163    2758    (-,-) 
  drc_bufs3627/Y  -       A->Y  R     INVX8         32 47.1   153   144    2902    (-,-) 
  g3337__1617/Y   -       B->Y  F     NAND2X1        1  2.4   173   185    3087    (-,-) 
  Out_reg[4]/D    -       -     F     DFFRHQX1       1    -     -     0    3087    (-,-) 
#----------------------------------------------------------------------------------------



Path 22: MET (6785 ps) Setup Check with Pin Out_reg[9]/CK->D
          Group: clock
     Startpoint: (R) acc_reg[125]/CK
          Clock: (R) clock
       Endpoint: (F) Out_reg[9]/D
          Clock: (R) clock

                     Capture       Launch     
        Clock Edge:+   10000            0     
       Src Latency:+       0            0     
       Net Latency:+       0 (I)        0 (I) 
           Arrival:=   10000            0     
                                              
             Setup:-     128                  
     Required Time:=    9872                  
      Launch Clock:-       0                  
         Data Path:-    3087                  
             Slack:=    6785                  

#----------------------------------------------------------------------------------------
#  Timing Point   Flags   Arc   Edge   Cell     Fanout Load Trans Delay Arrival Instance 
#                                                      (fF)  (ps)  (ps)   (ps)  Location 
#----------------------------------------------------------------------------------------
  acc_reg[125]/CK -       -     R     (arrival)    191    -     0     0       0    (-,-) 
  acc_reg[125]/Q  -       CK->Q F     SDFFRHQX1      2  4.2   116   255     255    (-,-) 
  g3571__6260/Y   -       A->Y  R     NOR3X2         1  2.3   135   167     422    (-,-) 
  g3507__1666/Y   -       AN->Y R     NOR3BX2        1  2.9   155   250     672    (-,-) 
  g3374__7482/Y   -       C->Y  F     NAND3X2        1  2.3   177   184     856    (-,-) 
  g3372__1881/Y   -       AN->Y F     NAND2BX1       1  2.4   178   216    1072    (-,-) 
  g3369__8246/Y   -       B->Y  R     NOR2X1         1  2.3   143   175    1247    (-,-) 
  g3368__5122/Y   -       D->Y  R     AND4XL         1  2.3   104   338    1585    (-,-) 
  g3367__1705/Y   -       D->Y  R     AND4XL         1  2.3   104   322    1906    (-,-) 
  g3366__2802/Y   -       AN->Y R     NOR3BX2        1  2.3   135   222    2129    (-,-) 
  g3365__1617/Y   -       AN->Y R     NOR3BX2        1  2.9   155   251    2379    (-,-) 
  g3364__3680/Y   -       B->Y  R     OR2X8         32 47.1   142   216    2595    (-,-) 
  drc_bufs3630/Y  -       A->Y  F     INVX1          1  5.0   158   163    2758    (-,-) 
  drc_bufs3627/Y  -       A->Y  R     INVX8         32 47.1   153   144    2902    (-,-) 
  g3342__7098/Y   -       B->Y  F     NAND2X1        1  2.4   173   185    3087    (-,-) 
  Out_reg[9]/D    -       -     F     DFFRHQX1       1    -     -     0    3087    (-,-) 
#----------------------------------------------------------------------------------------



Path 23: MET (6785 ps) Setup Check with Pin Out_reg[13]/CK->D
          Group: clock
     Startpoint: (R) acc_reg[125]/CK
          Clock: (R) clock
       Endpoint: (F) Out_reg[13]/D
          Clock: (R) clock

                     Capture       Launch     
        Clock Edge:+   10000            0     
       Src Latency:+       0            0     
       Net Latency:+       0 (I)        0 (I) 
           Arrival:=   10000            0     
                                              
             Setup:-     128                  
     Required Time:=    9872                  
      Launch Clock:-       0                  
         Data Path:-    3087                  
             Slack:=    6785                  

#----------------------------------------------------------------------------------------
#  Timing Point   Flags   Arc   Edge   Cell     Fanout Load Trans Delay Arrival Instance 
#                                                      (fF)  (ps)  (ps)   (ps)  Location 
#----------------------------------------------------------------------------------------
  acc_reg[125]/CK -       -     R     (arrival)    191    -     0     0       0    (-,-) 
  acc_reg[125]/Q  -       CK->Q F     SDFFRHQX1      2  4.2   116   255     255    (-,-) 
  g3571__6260/Y   -       A->Y  R     NOR3X2         1  2.3   135   167     422    (-,-) 
  g3507__1666/Y   -       AN->Y R     NOR3BX2        1  2.9   155   250     672    (-,-) 
  g3374__7482/Y   -       C->Y  F     NAND3X2        1  2.3   177   184     856    (-,-) 
  g3372__1881/Y   -       AN->Y F     NAND2BX1       1  2.4   178   216    1072    (-,-) 
  g3369__8246/Y   -       B->Y  R     NOR2X1         1  2.3   143   175    1247    (-,-) 
  g3368__5122/Y   -       D->Y  R     AND4XL         1  2.3   104   338    1585    (-,-) 
  g3367__1705/Y   -       D->Y  R     AND4XL         1  2.3   104   322    1906    (-,-) 
  g3366__2802/Y   -       AN->Y R     NOR3BX2        1  2.3   135   222    2129    (-,-) 
  g3365__1617/Y   -       AN->Y R     NOR3BX2        1  2.9   155   251    2379    (-,-) 
  g3364__3680/Y   -       B->Y  R     OR2X8         32 47.1   142   216    2595    (-,-) 
  drc_bufs3630/Y  -       A->Y  F     INVX1          1  5.0   158   163    2758    (-,-) 
  drc_bufs3627/Y  -       A->Y  R     INVX8         32 47.1   153   144    2902    (-,-) 
  g3346__7482/Y   -       B->Y  F     NAND2X1        1  2.4   173   185    3087    (-,-) 
  Out_reg[13]/D   -       -     F     DFFRHQX1       1    -     -     0    3087    (-,-) 
#----------------------------------------------------------------------------------------



Path 24: MET (6785 ps) Setup Check with Pin Out_reg[8]/CK->D
          Group: clock
     Startpoint: (R) acc_reg[125]/CK
          Clock: (R) clock
       Endpoint: (F) Out_reg[8]/D
          Clock: (R) clock

                     Capture       Launch     
        Clock Edge:+   10000            0     
       Src Latency:+       0            0     
       Net Latency:+       0 (I)        0 (I) 
           Arrival:=   10000            0     
                                              
             Setup:-     128                  
     Required Time:=    9872                  
      Launch Clock:-       0                  
         Data Path:-    3087                  
             Slack:=    6785                  

#----------------------------------------------------------------------------------------
#  Timing Point   Flags   Arc   Edge   Cell     Fanout Load Trans Delay Arrival Instance 
#                                                      (fF)  (ps)  (ps)   (ps)  Location 
#----------------------------------------------------------------------------------------
  acc_reg[125]/CK -       -     R     (arrival)    191    -     0     0       0    (-,-) 
  acc_reg[125]/Q  -       CK->Q F     SDFFRHQX1      2  4.2   116   255     255    (-,-) 
  g3571__6260/Y   -       A->Y  R     NOR3X2         1  2.3   135   167     422    (-,-) 
  g3507__1666/Y   -       AN->Y R     NOR3BX2        1  2.9   155   250     672    (-,-) 
  g3374__7482/Y   -       C->Y  F     NAND3X2        1  2.3   177   184     856    (-,-) 
  g3372__1881/Y   -       AN->Y F     NAND2BX1       1  2.4   178   216    1072    (-,-) 
  g3369__8246/Y   -       B->Y  R     NOR2X1         1  2.3   143   175    1247    (-,-) 
  g3368__5122/Y   -       D->Y  R     AND4XL         1  2.3   104   338    1585    (-,-) 
  g3367__1705/Y   -       D->Y  R     AND4XL         1  2.3   104   322    1906    (-,-) 
  g3366__2802/Y   -       AN->Y R     NOR3BX2        1  2.3   135   222    2129    (-,-) 
  g3365__1617/Y   -       AN->Y R     NOR3BX2        1  2.9   155   251    2379    (-,-) 
  g3364__3680/Y   -       B->Y  R     OR2X8         32 47.1   142   216    2595    (-,-) 
  drc_bufs3630/Y  -       A->Y  F     INVX1          1  5.0   158   163    2758    (-,-) 
  drc_bufs3627/Y  -       A->Y  R     INVX8         32 47.1   153   144    2902    (-,-) 
  g3341__8246/Y   -       B->Y  F     NAND2X1        1  2.4   173   185    3087    (-,-) 
  Out_reg[8]/D    -       -     F     DFFRHQX1       1    -     -     0    3087    (-,-) 
#----------------------------------------------------------------------------------------



Path 25: MET (6785 ps) Setup Check with Pin Out_reg[15]/CK->D
          Group: clock
     Startpoint: (R) acc_reg[125]/CK
          Clock: (R) clock
       Endpoint: (F) Out_reg[15]/D
          Clock: (R) clock

                     Capture       Launch     
        Clock Edge:+   10000            0     
       Src Latency:+       0            0     
       Net Latency:+       0 (I)        0 (I) 
           Arrival:=   10000            0     
                                              
             Setup:-     128                  
     Required Time:=    9872                  
      Launch Clock:-       0                  
         Data Path:-    3087                  
             Slack:=    6785                  

#----------------------------------------------------------------------------------------
#  Timing Point   Flags   Arc   Edge   Cell     Fanout Load Trans Delay Arrival Instance 
#                                                      (fF)  (ps)  (ps)   (ps)  Location 
#----------------------------------------------------------------------------------------
  acc_reg[125]/CK -       -     R     (arrival)    191    -     0     0       0    (-,-) 
  acc_reg[125]/Q  -       CK->Q F     SDFFRHQX1      2  4.2   116   255     255    (-,-) 
  g3571__6260/Y   -       A->Y  R     NOR3X2         1  2.3   135   167     422    (-,-) 
  g3507__1666/Y   -       AN->Y R     NOR3BX2        1  2.9   155   250     672    (-,-) 
  g3374__7482/Y   -       C->Y  F     NAND3X2        1  2.3   177   184     856    (-,-) 
  g3372__1881/Y   -       AN->Y F     NAND2BX1       1  2.4   178   216    1072    (-,-) 
  g3369__8246/Y   -       B->Y  R     NOR2X1         1  2.3   143   175    1247    (-,-) 
  g3368__5122/Y   -       D->Y  R     AND4XL         1  2.3   104   338    1585    (-,-) 
  g3367__1705/Y   -       D->Y  R     AND4XL         1  2.3   104   322    1906    (-,-) 
  g3366__2802/Y   -       AN->Y R     NOR3BX2        1  2.3   135   222    2129    (-,-) 
  g3365__1617/Y   -       AN->Y R     NOR3BX2        1  2.9   155   251    2379    (-,-) 
  g3364__3680/Y   -       B->Y  R     OR2X8         32 47.1   142   216    2595    (-,-) 
  drc_bufs3630/Y  -       A->Y  F     INVX1          1  5.0   158   163    2758    (-,-) 
  drc_bufs3627/Y  -       A->Y  R     INVX8         32 47.1   153   144    2902    (-,-) 
  g3349__9315/Y   -       B->Y  F     NAND2X1        1  2.4   173   185    3087    (-,-) 
  Out_reg[15]/D   -       -     F     DFFRHQX1       1    -     -     0    3087    (-,-) 
#----------------------------------------------------------------------------------------



Path 26: MET (6785 ps) Setup Check with Pin Out_reg[11]/CK->D
          Group: clock
     Startpoint: (R) acc_reg[125]/CK
          Clock: (R) clock
       Endpoint: (F) Out_reg[11]/D
          Clock: (R) clock

                     Capture       Launch     
        Clock Edge:+   10000            0     
       Src Latency:+       0            0     
       Net Latency:+       0 (I)        0 (I) 
           Arrival:=   10000            0     
                                              
             Setup:-     128                  
     Required Time:=    9872                  
      Launch Clock:-       0                  
         Data Path:-    3087                  
             Slack:=    6785                  

#----------------------------------------------------------------------------------------
#  Timing Point   Flags   Arc   Edge   Cell     Fanout Load Trans Delay Arrival Instance 
#                                                      (fF)  (ps)  (ps)   (ps)  Location 
#----------------------------------------------------------------------------------------
  acc_reg[125]/CK -       -     R     (arrival)    191    -     0     0       0    (-,-) 
  acc_reg[125]/Q  -       CK->Q F     SDFFRHQX1      2  4.2   116   255     255    (-,-) 
  g3571__6260/Y   -       A->Y  R     NOR3X2         1  2.3   135   167     422    (-,-) 
  g3507__1666/Y   -       AN->Y R     NOR3BX2        1  2.9   155   250     672    (-,-) 
  g3374__7482/Y   -       C->Y  F     NAND3X2        1  2.3   177   184     856    (-,-) 
  g3372__1881/Y   -       AN->Y F     NAND2BX1       1  2.4   178   216    1072    (-,-) 
  g3369__8246/Y   -       B->Y  R     NOR2X1         1  2.3   143   175    1247    (-,-) 
  g3368__5122/Y   -       D->Y  R     AND4XL         1  2.3   104   338    1585    (-,-) 
  g3367__1705/Y   -       D->Y  R     AND4XL         1  2.3   104   322    1906    (-,-) 
  g3366__2802/Y   -       AN->Y R     NOR3BX2        1  2.3   135   222    2129    (-,-) 
  g3365__1617/Y   -       AN->Y R     NOR3BX2        1  2.9   155   251    2379    (-,-) 
  g3364__3680/Y   -       B->Y  R     OR2X8         32 47.1   142   216    2595    (-,-) 
  drc_bufs3630/Y  -       A->Y  F     INVX1          1  5.0   158   163    2758    (-,-) 
  drc_bufs3627/Y  -       A->Y  R     INVX8         32 47.1   153   144    2902    (-,-) 
  g3344__1881/Y   -       B->Y  F     NAND2X1        1  2.4   173   185    3087    (-,-) 
  Out_reg[11]/D   -       -     F     DFFRHQX1       1    -     -     0    3087    (-,-) 
#----------------------------------------------------------------------------------------



Path 27: MET (6785 ps) Setup Check with Pin Out_reg[17]/CK->D
          Group: clock
     Startpoint: (R) acc_reg[125]/CK
          Clock: (R) clock
       Endpoint: (F) Out_reg[17]/D
          Clock: (R) clock

                     Capture       Launch     
        Clock Edge:+   10000            0     
       Src Latency:+       0            0     
       Net Latency:+       0 (I)        0 (I) 
           Arrival:=   10000            0     
                                              
             Setup:-     128                  
     Required Time:=    9872                  
      Launch Clock:-       0                  
         Data Path:-    3087                  
             Slack:=    6785                  

#----------------------------------------------------------------------------------------
#  Timing Point   Flags   Arc   Edge   Cell     Fanout Load Trans Delay Arrival Instance 
#                                                      (fF)  (ps)  (ps)   (ps)  Location 
#----------------------------------------------------------------------------------------
  acc_reg[125]/CK -       -     R     (arrival)    191    -     0     0       0    (-,-) 
  acc_reg[125]/Q  -       CK->Q F     SDFFRHQX1      2  4.2   116   255     255    (-,-) 
  g3571__6260/Y   -       A->Y  R     NOR3X2         1  2.3   135   167     422    (-,-) 
  g3507__1666/Y   -       AN->Y R     NOR3BX2        1  2.9   155   250     672    (-,-) 
  g3374__7482/Y   -       C->Y  F     NAND3X2        1  2.3   177   184     856    (-,-) 
  g3372__1881/Y   -       AN->Y F     NAND2BX1       1  2.4   178   216    1072    (-,-) 
  g3369__8246/Y   -       B->Y  R     NOR2X1         1  2.3   143   175    1247    (-,-) 
  g3368__5122/Y   -       D->Y  R     AND4XL         1  2.3   104   338    1585    (-,-) 
  g3367__1705/Y   -       D->Y  R     AND4XL         1  2.3   104   322    1906    (-,-) 
  g3366__2802/Y   -       AN->Y R     NOR3BX2        1  2.3   135   222    2129    (-,-) 
  g3365__1617/Y   -       AN->Y R     NOR3BX2        1  2.9   155   251    2379    (-,-) 
  g3364__3680/Y   -       B->Y  R     OR2X8         32 47.1   142   216    2595    (-,-) 
  drc_bufs3630/Y  -       A->Y  F     INVX1          1  5.0   158   163    2758    (-,-) 
  drc_bufs3627/Y  -       A->Y  R     INVX8         32 47.1   153   144    2902    (-,-) 
  g3350__9945/Y   -       B->Y  F     NAND2X1        1  2.4   173   185    3087    (-,-) 
  Out_reg[17]/D   -       -     F     DFFRHQX1       1    -     -     0    3087    (-,-) 
#----------------------------------------------------------------------------------------



Path 28: MET (6785 ps) Setup Check with Pin Out_reg[20]/CK->D
          Group: clock
     Startpoint: (R) acc_reg[125]/CK
          Clock: (R) clock
       Endpoint: (F) Out_reg[20]/D
          Clock: (R) clock

                     Capture       Launch     
        Clock Edge:+   10000            0     
       Src Latency:+       0            0     
       Net Latency:+       0 (I)        0 (I) 
           Arrival:=   10000            0     
                                              
             Setup:-     128                  
     Required Time:=    9872                  
      Launch Clock:-       0                  
         Data Path:-    3087                  
             Slack:=    6785                  

#----------------------------------------------------------------------------------------
#  Timing Point   Flags   Arc   Edge   Cell     Fanout Load Trans Delay Arrival Instance 
#                                                      (fF)  (ps)  (ps)   (ps)  Location 
#----------------------------------------------------------------------------------------
  acc_reg[125]/CK -       -     R     (arrival)    191    -     0     0       0    (-,-) 
  acc_reg[125]/Q  -       CK->Q F     SDFFRHQX1      2  4.2   116   255     255    (-,-) 
  g3571__6260/Y   -       A->Y  R     NOR3X2         1  2.3   135   167     422    (-,-) 
  g3507__1666/Y   -       AN->Y R     NOR3BX2        1  2.9   155   250     672    (-,-) 
  g3374__7482/Y   -       C->Y  F     NAND3X2        1  2.3   177   184     856    (-,-) 
  g3372__1881/Y   -       AN->Y F     NAND2BX1       1  2.4   178   216    1072    (-,-) 
  g3369__8246/Y   -       B->Y  R     NOR2X1         1  2.3   143   175    1247    (-,-) 
  g3368__5122/Y   -       D->Y  R     AND4XL         1  2.3   104   338    1585    (-,-) 
  g3367__1705/Y   -       D->Y  R     AND4XL         1  2.3   104   322    1906    (-,-) 
  g3366__2802/Y   -       AN->Y R     NOR3BX2        1  2.3   135   222    2129    (-,-) 
  g3365__1617/Y   -       AN->Y R     NOR3BX2        1  2.9   155   251    2379    (-,-) 
  g3364__3680/Y   -       B->Y  R     OR2X8         32 47.1   142   216    2595    (-,-) 
  drc_bufs3630/Y  -       A->Y  F     INVX1          1  5.0   158   163    2758    (-,-) 
  drc_bufs3627/Y  -       A->Y  R     INVX8         32 47.1   153   144    2902    (-,-) 
  g3353__1666/Y   -       B->Y  F     NAND2X1        1  2.4   173   185    3087    (-,-) 
  Out_reg[20]/D   -       -     F     DFFRHQX1       1    -     -     0    3087    (-,-) 
#----------------------------------------------------------------------------------------



Path 29: MET (6785 ps) Setup Check with Pin Out_reg[3]/CK->D
          Group: clock
     Startpoint: (R) acc_reg[125]/CK
          Clock: (R) clock
       Endpoint: (F) Out_reg[3]/D
          Clock: (R) clock

                     Capture       Launch     
        Clock Edge:+   10000            0     
       Src Latency:+       0            0     
       Net Latency:+       0 (I)        0 (I) 
           Arrival:=   10000            0     
                                              
             Setup:-     128                  
     Required Time:=    9872                  
      Launch Clock:-       0                  
         Data Path:-    3087                  
             Slack:=    6785                  

#----------------------------------------------------------------------------------------
#  Timing Point   Flags   Arc   Edge   Cell     Fanout Load Trans Delay Arrival Instance 
#                                                      (fF)  (ps)  (ps)   (ps)  Location 
#----------------------------------------------------------------------------------------
  acc_reg[125]/CK -       -     R     (arrival)    191    -     0     0       0    (-,-) 
  acc_reg[125]/Q  -       CK->Q F     SDFFRHQX1      2  4.2   116   255     255    (-,-) 
  g3571__6260/Y   -       A->Y  R     NOR3X2         1  2.3   135   167     422    (-,-) 
  g3507__1666/Y   -       AN->Y R     NOR3BX2        1  2.9   155   250     672    (-,-) 
  g3374__7482/Y   -       C->Y  F     NAND3X2        1  2.3   177   184     856    (-,-) 
  g3372__1881/Y   -       AN->Y F     NAND2BX1       1  2.4   178   216    1072    (-,-) 
  g3369__8246/Y   -       B->Y  R     NOR2X1         1  2.3   143   175    1247    (-,-) 
  g3368__5122/Y   -       D->Y  R     AND4XL         1  2.3   104   338    1585    (-,-) 
  g3367__1705/Y   -       D->Y  R     AND4XL         1  2.3   104   322    1906    (-,-) 
  g3366__2802/Y   -       AN->Y R     NOR3BX2        1  2.3   135   222    2129    (-,-) 
  g3365__1617/Y   -       AN->Y R     NOR3BX2        1  2.9   155   251    2379    (-,-) 
  g3364__3680/Y   -       B->Y  R     OR2X8         32 47.1   142   216    2595    (-,-) 
  drc_bufs3630/Y  -       A->Y  F     INVX1          1  5.0   158   163    2758    (-,-) 
  drc_bufs3627/Y  -       A->Y  R     INVX8         32 47.1   153   144    2902    (-,-) 
  g3335__6783/Y   -       B->Y  F     NAND2X1        1  2.4   173   185    3087    (-,-) 
  Out_reg[3]/D    -       -     F     DFFRHQX1       1    -     -     0    3087    (-,-) 
#----------------------------------------------------------------------------------------



Path 30: MET (6785 ps) Setup Check with Pin Out_reg[29]/CK->D
          Group: clock
     Startpoint: (R) acc_reg[125]/CK
          Clock: (R) clock
       Endpoint: (F) Out_reg[29]/D
          Clock: (R) clock

                     Capture       Launch     
        Clock Edge:+   10000            0     
       Src Latency:+       0            0     
       Net Latency:+       0 (I)        0 (I) 
           Arrival:=   10000            0     
                                              
             Setup:-     128                  
     Required Time:=    9872                  
      Launch Clock:-       0                  
         Data Path:-    3087                  
             Slack:=    6785                  

#----------------------------------------------------------------------------------------
#  Timing Point   Flags   Arc   Edge   Cell     Fanout Load Trans Delay Arrival Instance 
#                                                      (fF)  (ps)  (ps)   (ps)  Location 
#----------------------------------------------------------------------------------------
  acc_reg[125]/CK -       -     R     (arrival)    191    -     0     0       0    (-,-) 
  acc_reg[125]/Q  -       CK->Q F     SDFFRHQX1      2  4.2   116   255     255    (-,-) 
  g3571__6260/Y   -       A->Y  R     NOR3X2         1  2.3   135   167     422    (-,-) 
  g3507__1666/Y   -       AN->Y R     NOR3BX2        1  2.9   155   250     672    (-,-) 
  g3374__7482/Y   -       C->Y  F     NAND3X2        1  2.3   177   184     856    (-,-) 
  g3372__1881/Y   -       AN->Y F     NAND2BX1       1  2.4   178   216    1072    (-,-) 
  g3369__8246/Y   -       B->Y  R     NOR2X1         1  2.3   143   175    1247    (-,-) 
  g3368__5122/Y   -       D->Y  R     AND4XL         1  2.3   104   338    1585    (-,-) 
  g3367__1705/Y   -       D->Y  R     AND4XL         1  2.3   104   322    1906    (-,-) 
  g3366__2802/Y   -       AN->Y R     NOR3BX2        1  2.3   135   222    2129    (-,-) 
  g3365__1617/Y   -       AN->Y R     NOR3BX2        1  2.9   155   251    2379    (-,-) 
  g3364__3680/Y   -       B->Y  R     OR2X8         32 47.1   142   216    2595    (-,-) 
  drc_bufs3630/Y  -       A->Y  F     INVX1          1  5.0   158   163    2758    (-,-) 
  drc_bufs3627/Y  -       A->Y  R     INVX8         32 47.1   153   144    2902    (-,-) 
  g3362__5526/Y   -       B->Y  F     NAND2X1        1  2.4   173   185    3087    (-,-) 
  Out_reg[29]/D   -       -     F     DFFRHQX1       1    -     -     0    3087    (-,-) 
#----------------------------------------------------------------------------------------



Path 31: MET (6785 ps) Setup Check with Pin Out_reg[14]/CK->D
          Group: clock
     Startpoint: (R) acc_reg[125]/CK
          Clock: (R) clock
       Endpoint: (F) Out_reg[14]/D
          Clock: (R) clock

                     Capture       Launch     
        Clock Edge:+   10000            0     
       Src Latency:+       0            0     
       Net Latency:+       0 (I)        0 (I) 
           Arrival:=   10000            0     
                                              
             Setup:-     128                  
     Required Time:=    9872                  
      Launch Clock:-       0                  
         Data Path:-    3087                  
             Slack:=    6785                  

#----------------------------------------------------------------------------------------
#  Timing Point   Flags   Arc   Edge   Cell     Fanout Load Trans Delay Arrival Instance 
#                                                      (fF)  (ps)  (ps)   (ps)  Location 
#----------------------------------------------------------------------------------------
  acc_reg[125]/CK -       -     R     (arrival)    191    -     0     0       0    (-,-) 
  acc_reg[125]/Q  -       CK->Q F     SDFFRHQX1      2  4.2   116   255     255    (-,-) 
  g3571__6260/Y   -       A->Y  R     NOR3X2         1  2.3   135   167     422    (-,-) 
  g3507__1666/Y   -       AN->Y R     NOR3BX2        1  2.9   155   250     672    (-,-) 
  g3374__7482/Y   -       C->Y  F     NAND3X2        1  2.3   177   184     856    (-,-) 
  g3372__1881/Y   -       AN->Y F     NAND2BX1       1  2.4   178   216    1072    (-,-) 
  g3369__8246/Y   -       B->Y  R     NOR2X1         1  2.3   143   175    1247    (-,-) 
  g3368__5122/Y   -       D->Y  R     AND4XL         1  2.3   104   338    1585    (-,-) 
  g3367__1705/Y   -       D->Y  R     AND4XL         1  2.3   104   322    1906    (-,-) 
  g3366__2802/Y   -       AN->Y R     NOR3BX2        1  2.3   135   222    2129    (-,-) 
  g3365__1617/Y   -       AN->Y R     NOR3BX2        1  2.9   155   251    2379    (-,-) 
  g3364__3680/Y   -       B->Y  R     OR2X8         32 47.1   142   216    2595    (-,-) 
  drc_bufs3630/Y  -       A->Y  F     INVX1          1  5.0   158   163    2758    (-,-) 
  drc_bufs3627/Y  -       A->Y  R     INVX8         32 47.1   153   144    2902    (-,-) 
  g3347__4733/Y   -       B->Y  F     NAND2X1        1  2.4   173   185    3087    (-,-) 
  Out_reg[14]/D   -       -     F     DFFRHQX1       1    -     -     0    3087    (-,-) 
#----------------------------------------------------------------------------------------



Path 32: MET (6785 ps) Setup Check with Pin Out_reg[7]/CK->D
          Group: clock
     Startpoint: (R) acc_reg[125]/CK
          Clock: (R) clock
       Endpoint: (F) Out_reg[7]/D
          Clock: (R) clock

                     Capture       Launch     
        Clock Edge:+   10000            0     
       Src Latency:+       0            0     
       Net Latency:+       0 (I)        0 (I) 
           Arrival:=   10000            0     
                                              
             Setup:-     128                  
     Required Time:=    9872                  
      Launch Clock:-       0                  
         Data Path:-    3087                  
             Slack:=    6785                  

#----------------------------------------------------------------------------------------
#  Timing Point   Flags   Arc   Edge   Cell     Fanout Load Trans Delay Arrival Instance 
#                                                      (fF)  (ps)  (ps)   (ps)  Location 
#----------------------------------------------------------------------------------------
  acc_reg[125]/CK -       -     R     (arrival)    191    -     0     0       0    (-,-) 
  acc_reg[125]/Q  -       CK->Q F     SDFFRHQX1      2  4.2   116   255     255    (-,-) 
  g3571__6260/Y   -       A->Y  R     NOR3X2         1  2.3   135   167     422    (-,-) 
  g3507__1666/Y   -       AN->Y R     NOR3BX2        1  2.9   155   250     672    (-,-) 
  g3374__7482/Y   -       C->Y  F     NAND3X2        1  2.3   177   184     856    (-,-) 
  g3372__1881/Y   -       AN->Y F     NAND2BX1       1  2.4   178   216    1072    (-,-) 
  g3369__8246/Y   -       B->Y  R     NOR2X1         1  2.3   143   175    1247    (-,-) 
  g3368__5122/Y   -       D->Y  R     AND4XL         1  2.3   104   338    1585    (-,-) 
  g3367__1705/Y   -       D->Y  R     AND4XL         1  2.3   104   322    1906    (-,-) 
  g3366__2802/Y   -       AN->Y R     NOR3BX2        1  2.3   135   222    2129    (-,-) 
  g3365__1617/Y   -       AN->Y R     NOR3BX2        1  2.9   155   251    2379    (-,-) 
  g3364__3680/Y   -       B->Y  R     OR2X8         32 47.1   142   216    2595    (-,-) 
  drc_bufs3630/Y  -       A->Y  F     INVX1          1  5.0   158   163    2758    (-,-) 
  drc_bufs3627/Y  -       A->Y  R     INVX8         32 47.1   153   144    2902    (-,-) 
  g3340__5122/Y   -       B->Y  F     NAND2X1        1  2.4   173   185    3087    (-,-) 
  Out_reg[7]/D    -       -     F     DFFRHQX1       1    -     -     0    3087    (-,-) 
#----------------------------------------------------------------------------------------



Path 33: MET (7098 ps) Setup Check with Pin Out_reg[5]/CK->D
          Group: clock
     Startpoint: (R) acc_reg[125]/CK
          Clock: (R) clock
       Endpoint: (F) Out_reg[5]/D
          Clock: (R) clock

                     Capture       Launch     
        Clock Edge:+   10000            0     
       Src Latency:+       0            0     
       Net Latency:+       0 (I)        0 (I) 
           Arrival:=   10000            0     
                                              
             Setup:-     127                  
     Required Time:=    9873                  
      Launch Clock:-       0                  
         Data Path:-    2775                  
             Slack:=    7098                  

#----------------------------------------------------------------------------------------
#  Timing Point   Flags   Arc   Edge   Cell     Fanout Load Trans Delay Arrival Instance 
#                                                      (fF)  (ps)  (ps)   (ps)  Location 
#----------------------------------------------------------------------------------------
  acc_reg[125]/CK -       -     R     (arrival)    191    -     0     0       0    (-,-) 
  acc_reg[125]/Q  -       CK->Q F     SDFFRHQX1      2  4.2   116   255     255    (-,-) 
  g3571__6260/Y   -       A->Y  R     NOR3X2         1  2.3   135   167     422    (-,-) 
  g3507__1666/Y   -       AN->Y R     NOR3BX2        1  2.9   155   250     672    (-,-) 
  g3374__7482/Y   -       C->Y  F     NAND3X2        1  2.3   177   184     856    (-,-) 
  g3372__1881/Y   -       AN->Y F     NAND2BX1       1  2.4   178   216    1072    (-,-) 
  g3369__8246/Y   -       B->Y  R     NOR2X1         1  2.3   143   175    1247    (-,-) 
  g3368__5122/Y   -       D->Y  R     AND4XL         1  2.3   104   338    1585    (-,-) 
  g3367__1705/Y   -       D->Y  R     AND4XL         1  2.3   104   322    1906    (-,-) 
  g3366__2802/Y   -       AN->Y R     NOR3BX2        1  2.3   135   222    2129    (-,-) 
  g3365__1617/Y   -       AN->Y R     NOR3BX2        1  2.9   155   251    2379    (-,-) 
  g3364__3680/Y   -       B->Y  R     OR2X8         32 47.1   142   216    2595    (-,-) 
  g3339__1705/Y   -       B->Y  F     NAND2X1        1  2.4   172   179    2775    (-,-) 
  Out_reg[5]/D    -       -     F     DFFRHQX1       1    -     -     0    2775    (-,-) 
#----------------------------------------------------------------------------------------



Path 34: MET (7098 ps) Setup Check with Pin Out_reg[30]/CK->D
          Group: clock
     Startpoint: (R) acc_reg[125]/CK
          Clock: (R) clock
       Endpoint: (F) Out_reg[30]/D
          Clock: (R) clock

                     Capture       Launch     
        Clock Edge:+   10000            0     
       Src Latency:+       0            0     
       Net Latency:+       0 (I)        0 (I) 
           Arrival:=   10000            0     
                                              
             Setup:-     127                  
     Required Time:=    9873                  
      Launch Clock:-       0                  
         Data Path:-    2775                  
             Slack:=    7098                  

#----------------------------------------------------------------------------------------
#  Timing Point   Flags   Arc   Edge   Cell     Fanout Load Trans Delay Arrival Instance 
#                                                      (fF)  (ps)  (ps)   (ps)  Location 
#----------------------------------------------------------------------------------------
  acc_reg[125]/CK -       -     R     (arrival)    191    -     0     0       0    (-,-) 
  acc_reg[125]/Q  -       CK->Q F     SDFFRHQX1      2  4.2   116   255     255    (-,-) 
  g3571__6260/Y   -       A->Y  R     NOR3X2         1  2.3   135   167     422    (-,-) 
  g3507__1666/Y   -       AN->Y R     NOR3BX2        1  2.9   155   250     672    (-,-) 
  g3374__7482/Y   -       C->Y  F     NAND3X2        1  2.3   177   184     856    (-,-) 
  g3372__1881/Y   -       AN->Y F     NAND2BX1       1  2.4   178   216    1072    (-,-) 
  g3369__8246/Y   -       B->Y  R     NOR2X1         1  2.3   143   175    1247    (-,-) 
  g3368__5122/Y   -       D->Y  R     AND4XL         1  2.3   104   338    1585    (-,-) 
  g3367__1705/Y   -       D->Y  R     AND4XL         1  2.3   104   322    1906    (-,-) 
  g3366__2802/Y   -       AN->Y R     NOR3BX2        1  2.3   135   222    2129    (-,-) 
  g3365__1617/Y   -       AN->Y R     NOR3BX2        1  2.9   155   251    2379    (-,-) 
  g3364__3680/Y   -       B->Y  R     OR2X8         32 47.1   142   216    2595    (-,-) 
  g3363__6783/Y   -       B->Y  F     NAND2X1        1  2.4   172   179    2775    (-,-) 
  Out_reg[30]/D   -       -     F     DFFRHQX1       1    -     -     0    2775    (-,-) 
#----------------------------------------------------------------------------------------



Path 35: MET (7098 ps) Setup Check with Pin Out_reg[52]/CK->D
          Group: clock
     Startpoint: (R) acc_reg[125]/CK
          Clock: (R) clock
       Endpoint: (F) Out_reg[52]/D
          Clock: (R) clock

                     Capture       Launch     
        Clock Edge:+   10000            0     
       Src Latency:+       0            0     
       Net Latency:+       0 (I)        0 (I) 
           Arrival:=   10000            0     
                                              
             Setup:-     127                  
     Required Time:=    9873                  
      Launch Clock:-       0                  
         Data Path:-    2775                  
             Slack:=    7098                  

#----------------------------------------------------------------------------------------
#  Timing Point   Flags   Arc   Edge   Cell     Fanout Load Trans Delay Arrival Instance 
#                                                      (fF)  (ps)  (ps)   (ps)  Location 
#----------------------------------------------------------------------------------------
  acc_reg[125]/CK -       -     R     (arrival)    191    -     0     0       0    (-,-) 
  acc_reg[125]/Q  -       CK->Q F     SDFFRHQX1      2  4.2   116   255     255    (-,-) 
  g3571__6260/Y   -       A->Y  R     NOR3X2         1  2.3   135   167     422    (-,-) 
  g3507__1666/Y   -       AN->Y R     NOR3BX2        1  2.9   155   250     672    (-,-) 
  g3374__7482/Y   -       C->Y  F     NAND3X2        1  2.3   177   184     856    (-,-) 
  g3372__1881/Y   -       AN->Y F     NAND2BX1       1  2.4   178   216    1072    (-,-) 
  g3369__8246/Y   -       B->Y  R     NOR2X1         1  2.3   143   175    1247    (-,-) 
  g3368__5122/Y   -       D->Y  R     AND4XL         1  2.3   104   338    1585    (-,-) 
  g3367__1705/Y   -       D->Y  R     AND4XL         1  2.3   104   322    1906    (-,-) 
  g3366__2802/Y   -       AN->Y R     NOR3BX2        1  2.3   135   222    2129    (-,-) 
  g3365__1617/Y   -       AN->Y R     NOR3BX2        1  2.9   155   251    2379    (-,-) 
  g3364__3680/Y   -       B->Y  R     OR2X8         32 47.1   142   216    2595    (-,-) 
  g3322__9945/Y   -       B->Y  F     NAND2X1        1  2.4   172   179    2775    (-,-) 
  Out_reg[52]/D   -       -     F     DFFRHQX1       1    -     -     0    2775    (-,-) 
#----------------------------------------------------------------------------------------



Path 36: MET (7098 ps) Setup Check with Pin Out_reg[36]/CK->D
          Group: clock
     Startpoint: (R) acc_reg[125]/CK
          Clock: (R) clock
       Endpoint: (F) Out_reg[36]/D
          Clock: (R) clock

                     Capture       Launch     
        Clock Edge:+   10000            0     
       Src Latency:+       0            0     
       Net Latency:+       0 (I)        0 (I) 
           Arrival:=   10000            0     
                                              
             Setup:-     127                  
     Required Time:=    9873                  
      Launch Clock:-       0                  
         Data Path:-    2775                  
             Slack:=    7098                  

#----------------------------------------------------------------------------------------
#  Timing Point   Flags   Arc   Edge   Cell     Fanout Load Trans Delay Arrival Instance 
#                                                      (fF)  (ps)  (ps)   (ps)  Location 
#----------------------------------------------------------------------------------------
  acc_reg[125]/CK -       -     R     (arrival)    191    -     0     0       0    (-,-) 
  acc_reg[125]/Q  -       CK->Q F     SDFFRHQX1      2  4.2   116   255     255    (-,-) 
  g3571__6260/Y   -       A->Y  R     NOR3X2         1  2.3   135   167     422    (-,-) 
  g3507__1666/Y   -       AN->Y R     NOR3BX2        1  2.9   155   250     672    (-,-) 
  g3374__7482/Y   -       C->Y  F     NAND3X2        1  2.3   177   184     856    (-,-) 
  g3372__1881/Y   -       AN->Y F     NAND2BX1       1  2.4   178   216    1072    (-,-) 
  g3369__8246/Y   -       B->Y  R     NOR2X1         1  2.3   143   175    1247    (-,-) 
  g3368__5122/Y   -       D->Y  R     AND4XL         1  2.3   104   338    1585    (-,-) 
  g3367__1705/Y   -       D->Y  R     AND4XL         1  2.3   104   322    1906    (-,-) 
  g3366__2802/Y   -       AN->Y R     NOR3BX2        1  2.3   135   222    2129    (-,-) 
  g3365__1617/Y   -       AN->Y R     NOR3BX2        1  2.9   155   251    2379    (-,-) 
  g3364__3680/Y   -       B->Y  R     OR2X8         32 47.1   142   216    2595    (-,-) 
  g3306__5526/Y   -       B->Y  F     NAND2X1        1  2.4   172   179    2775    (-,-) 
  Out_reg[36]/D   -       -     F     DFFRHQX1       1    -     -     0    2775    (-,-) 
#----------------------------------------------------------------------------------------



Path 37: MET (7098 ps) Setup Check with Pin Out_reg[40]/CK->D
          Group: clock
     Startpoint: (R) acc_reg[125]/CK
          Clock: (R) clock
       Endpoint: (F) Out_reg[40]/D
          Clock: (R) clock

                     Capture       Launch     
        Clock Edge:+   10000            0     
       Src Latency:+       0            0     
       Net Latency:+       0 (I)        0 (I) 
           Arrival:=   10000            0     
                                              
             Setup:-     127                  
     Required Time:=    9873                  
      Launch Clock:-       0                  
         Data Path:-    2775                  
             Slack:=    7098                  

#----------------------------------------------------------------------------------------
#  Timing Point   Flags   Arc   Edge   Cell     Fanout Load Trans Delay Arrival Instance 
#                                                      (fF)  (ps)  (ps)   (ps)  Location 
#----------------------------------------------------------------------------------------
  acc_reg[125]/CK -       -     R     (arrival)    191    -     0     0       0    (-,-) 
  acc_reg[125]/Q  -       CK->Q F     SDFFRHQX1      2  4.2   116   255     255    (-,-) 
  g3571__6260/Y   -       A->Y  R     NOR3X2         1  2.3   135   167     422    (-,-) 
  g3507__1666/Y   -       AN->Y R     NOR3BX2        1  2.9   155   250     672    (-,-) 
  g3374__7482/Y   -       C->Y  F     NAND3X2        1  2.3   177   184     856    (-,-) 
  g3372__1881/Y   -       AN->Y F     NAND2BX1       1  2.4   178   216    1072    (-,-) 
  g3369__8246/Y   -       B->Y  R     NOR2X1         1  2.3   143   175    1247    (-,-) 
  g3368__5122/Y   -       D->Y  R     AND4XL         1  2.3   104   338    1585    (-,-) 
  g3367__1705/Y   -       D->Y  R     AND4XL         1  2.3   104   322    1906    (-,-) 
  g3366__2802/Y   -       AN->Y R     NOR3BX2        1  2.3   135   222    2129    (-,-) 
  g3365__1617/Y   -       AN->Y R     NOR3BX2        1  2.9   155   251    2379    (-,-) 
  g3364__3680/Y   -       B->Y  R     OR2X8         32 47.1   142   216    2595    (-,-) 
  g3310__2802/Y   -       B->Y  F     NAND2X1        1  2.4   172   179    2775    (-,-) 
  Out_reg[40]/D   -       -     F     DFFRHQX1       1    -     -     0    2775    (-,-) 
#----------------------------------------------------------------------------------------



Path 38: MET (7098 ps) Setup Check with Pin Out_reg[31]/CK->D
          Group: clock
     Startpoint: (R) acc_reg[125]/CK
          Clock: (R) clock
       Endpoint: (F) Out_reg[31]/D
          Clock: (R) clock

                     Capture       Launch     
        Clock Edge:+   10000            0     
       Src Latency:+       0            0     
       Net Latency:+       0 (I)        0 (I) 
           Arrival:=   10000            0     
                                              
             Setup:-     127                  
     Required Time:=    9873                  
      Launch Clock:-       0                  
         Data Path:-    2775                  
             Slack:=    7098                  

#----------------------------------------------------------------------------------------
#  Timing Point   Flags   Arc   Edge   Cell     Fanout Load Trans Delay Arrival Instance 
#                                                      (fF)  (ps)  (ps)   (ps)  Location 
#----------------------------------------------------------------------------------------
  acc_reg[125]/CK -       -     R     (arrival)    191    -     0     0       0    (-,-) 
  acc_reg[125]/Q  -       CK->Q F     SDFFRHQX1      2  4.2   116   255     255    (-,-) 
  g3571__6260/Y   -       A->Y  R     NOR3X2         1  2.3   135   167     422    (-,-) 
  g3507__1666/Y   -       AN->Y R     NOR3BX2        1  2.9   155   250     672    (-,-) 
  g3374__7482/Y   -       C->Y  F     NAND3X2        1  2.3   177   184     856    (-,-) 
  g3372__1881/Y   -       AN->Y F     NAND2BX1       1  2.4   178   216    1072    (-,-) 
  g3369__8246/Y   -       B->Y  R     NOR2X1         1  2.3   143   175    1247    (-,-) 
  g3368__5122/Y   -       D->Y  R     AND4XL         1  2.3   104   338    1585    (-,-) 
  g3367__1705/Y   -       D->Y  R     AND4XL         1  2.3   104   322    1906    (-,-) 
  g3366__2802/Y   -       AN->Y R     NOR3BX2        1  2.3   135   222    2129    (-,-) 
  g3365__1617/Y   -       AN->Y R     NOR3BX2        1  2.9   155   251    2379    (-,-) 
  g3364__3680/Y   -       B->Y  R     OR2X8         32 47.1   142   216    2595    (-,-) 
  g3303__6260/Y   -       B->Y  F     NAND2X1        1  2.4   172   179    2775    (-,-) 
  Out_reg[31]/D   -       -     F     DFFRHQX1       1    -     -     0    2775    (-,-) 
#----------------------------------------------------------------------------------------



Path 39: MET (7098 ps) Setup Check with Pin Out_reg[47]/CK->D
          Group: clock
     Startpoint: (R) acc_reg[125]/CK
          Clock: (R) clock
       Endpoint: (F) Out_reg[47]/D
          Clock: (R) clock

                     Capture       Launch     
        Clock Edge:+   10000            0     
       Src Latency:+       0            0     
       Net Latency:+       0 (I)        0 (I) 
           Arrival:=   10000            0     
                                              
             Setup:-     127                  
     Required Time:=    9873                  
      Launch Clock:-       0                  
         Data Path:-    2775                  
             Slack:=    7098                  

#----------------------------------------------------------------------------------------
#  Timing Point   Flags   Arc   Edge   Cell     Fanout Load Trans Delay Arrival Instance 
#                                                      (fF)  (ps)  (ps)   (ps)  Location 
#----------------------------------------------------------------------------------------
  acc_reg[125]/CK -       -     R     (arrival)    191    -     0     0       0    (-,-) 
  acc_reg[125]/Q  -       CK->Q F     SDFFRHQX1      2  4.2   116   255     255    (-,-) 
  g3571__6260/Y   -       A->Y  R     NOR3X2         1  2.3   135   167     422    (-,-) 
  g3507__1666/Y   -       AN->Y R     NOR3BX2        1  2.9   155   250     672    (-,-) 
  g3374__7482/Y   -       C->Y  F     NAND3X2        1  2.3   177   184     856    (-,-) 
  g3372__1881/Y   -       AN->Y F     NAND2BX1       1  2.4   178   216    1072    (-,-) 
  g3369__8246/Y   -       B->Y  R     NOR2X1         1  2.3   143   175    1247    (-,-) 
  g3368__5122/Y   -       D->Y  R     AND4XL         1  2.3   104   338    1585    (-,-) 
  g3367__1705/Y   -       D->Y  R     AND4XL         1  2.3   104   322    1906    (-,-) 
  g3366__2802/Y   -       AN->Y R     NOR3BX2        1  2.3   135   222    2129    (-,-) 
  g3365__1617/Y   -       AN->Y R     NOR3BX2        1  2.9   155   251    2379    (-,-) 
  g3364__3680/Y   -       B->Y  R     OR2X8         32 47.1   142   216    2595    (-,-) 
  g3318__7482/Y   -       B->Y  F     NAND2X1        1  2.4   172   179    2775    (-,-) 
  Out_reg[47]/D   -       -     F     DFFRHQX1       1    -     -     0    2775    (-,-) 
#----------------------------------------------------------------------------------------



Path 40: MET (7098 ps) Setup Check with Pin Out_reg[1]/CK->D
          Group: clock
     Startpoint: (R) acc_reg[125]/CK
          Clock: (R) clock
       Endpoint: (F) Out_reg[1]/D
          Clock: (R) clock

                     Capture       Launch     
        Clock Edge:+   10000            0     
       Src Latency:+       0            0     
       Net Latency:+       0 (I)        0 (I) 
           Arrival:=   10000            0     
                                              
             Setup:-     127                  
     Required Time:=    9873                  
      Launch Clock:-       0                  
         Data Path:-    2775                  
             Slack:=    7098                  

#----------------------------------------------------------------------------------------
#  Timing Point   Flags   Arc   Edge   Cell     Fanout Load Trans Delay Arrival Instance 
#                                                      (fF)  (ps)  (ps)   (ps)  Location 
#----------------------------------------------------------------------------------------
  acc_reg[125]/CK -       -     R     (arrival)    191    -     0     0       0    (-,-) 
  acc_reg[125]/Q  -       CK->Q F     SDFFRHQX1      2  4.2   116   255     255    (-,-) 
  g3571__6260/Y   -       A->Y  R     NOR3X2         1  2.3   135   167     422    (-,-) 
  g3507__1666/Y   -       AN->Y R     NOR3BX2        1  2.9   155   250     672    (-,-) 
  g3374__7482/Y   -       C->Y  F     NAND3X2        1  2.3   177   184     856    (-,-) 
  g3372__1881/Y   -       AN->Y F     NAND2BX1       1  2.4   178   216    1072    (-,-) 
  g3369__8246/Y   -       B->Y  R     NOR2X1         1  2.3   143   175    1247    (-,-) 
  g3368__5122/Y   -       D->Y  R     AND4XL         1  2.3   104   338    1585    (-,-) 
  g3367__1705/Y   -       D->Y  R     AND4XL         1  2.3   104   322    1906    (-,-) 
  g3366__2802/Y   -       AN->Y R     NOR3BX2        1  2.3   135   222    2129    (-,-) 
  g3365__1617/Y   -       AN->Y R     NOR3BX2        1  2.9   155   251    2379    (-,-) 
  g3364__3680/Y   -       B->Y  R     OR2X8         32 47.1   142   216    2595    (-,-) 
  g3333__8428/Y   -       B->Y  F     NAND2X1        1  2.4   172   179    2775    (-,-) 
  Out_reg[1]/D    -       -     F     DFFRHQX1       1    -     -     0    2775    (-,-) 
#----------------------------------------------------------------------------------------



Path 41: MET (7098 ps) Setup Check with Pin Out_reg[49]/CK->D
          Group: clock
     Startpoint: (R) acc_reg[125]/CK
          Clock: (R) clock
       Endpoint: (F) Out_reg[49]/D
          Clock: (R) clock

                     Capture       Launch     
        Clock Edge:+   10000            0     
       Src Latency:+       0            0     
       Net Latency:+       0 (I)        0 (I) 
           Arrival:=   10000            0     
                                              
             Setup:-     127                  
     Required Time:=    9873                  
      Launch Clock:-       0                  
         Data Path:-    2775                  
             Slack:=    7098                  

#----------------------------------------------------------------------------------------
#  Timing Point   Flags   Arc   Edge   Cell     Fanout Load Trans Delay Arrival Instance 
#                                                      (fF)  (ps)  (ps)   (ps)  Location 
#----------------------------------------------------------------------------------------
  acc_reg[125]/CK -       -     R     (arrival)    191    -     0     0       0    (-,-) 
  acc_reg[125]/Q  -       CK->Q F     SDFFRHQX1      2  4.2   116   255     255    (-,-) 
  g3571__6260/Y   -       A->Y  R     NOR3X2         1  2.3   135   167     422    (-,-) 
  g3507__1666/Y   -       AN->Y R     NOR3BX2        1  2.9   155   250     672    (-,-) 
  g3374__7482/Y   -       C->Y  F     NAND3X2        1  2.3   177   184     856    (-,-) 
  g3372__1881/Y   -       AN->Y F     NAND2BX1       1  2.4   178   216    1072    (-,-) 
  g3369__8246/Y   -       B->Y  R     NOR2X1         1  2.3   143   175    1247    (-,-) 
  g3368__5122/Y   -       D->Y  R     AND4XL         1  2.3   104   338    1585    (-,-) 
  g3367__1705/Y   -       D->Y  R     AND4XL         1  2.3   104   322    1906    (-,-) 
  g3366__2802/Y   -       AN->Y R     NOR3BX2        1  2.3   135   222    2129    (-,-) 
  g3365__1617/Y   -       AN->Y R     NOR3BX2        1  2.9   155   251    2379    (-,-) 
  g3364__3680/Y   -       B->Y  R     OR2X8         32 47.1   142   216    2595    (-,-) 
  g3319__4733/Y   -       B->Y  F     NAND2X1        1  2.4   172   179    2775    (-,-) 
  Out_reg[49]/D   -       -     F     DFFRHQX1       1    -     -     0    2775    (-,-) 
#----------------------------------------------------------------------------------------



Path 42: MET (7098 ps) Setup Check with Pin Out_reg[46]/CK->D
          Group: clock
     Startpoint: (R) acc_reg[125]/CK
          Clock: (R) clock
       Endpoint: (F) Out_reg[46]/D
          Clock: (R) clock

                     Capture       Launch     
        Clock Edge:+   10000            0     
       Src Latency:+       0            0     
       Net Latency:+       0 (I)        0 (I) 
           Arrival:=   10000            0     
                                              
             Setup:-     127                  
     Required Time:=    9873                  
      Launch Clock:-       0                  
         Data Path:-    2775                  
             Slack:=    7098                  

#----------------------------------------------------------------------------------------
#  Timing Point   Flags   Arc   Edge   Cell     Fanout Load Trans Delay Arrival Instance 
#                                                      (fF)  (ps)  (ps)   (ps)  Location 
#----------------------------------------------------------------------------------------
  acc_reg[125]/CK -       -     R     (arrival)    191    -     0     0       0    (-,-) 
  acc_reg[125]/Q  -       CK->Q F     SDFFRHQX1      2  4.2   116   255     255    (-,-) 
  g3571__6260/Y   -       A->Y  R     NOR3X2         1  2.3   135   167     422    (-,-) 
  g3507__1666/Y   -       AN->Y R     NOR3BX2        1  2.9   155   250     672    (-,-) 
  g3374__7482/Y   -       C->Y  F     NAND3X2        1  2.3   177   184     856    (-,-) 
  g3372__1881/Y   -       AN->Y F     NAND2BX1       1  2.4   178   216    1072    (-,-) 
  g3369__8246/Y   -       B->Y  R     NOR2X1         1  2.3   143   175    1247    (-,-) 
  g3368__5122/Y   -       D->Y  R     AND4XL         1  2.3   104   338    1585    (-,-) 
  g3367__1705/Y   -       D->Y  R     AND4XL         1  2.3   104   322    1906    (-,-) 
  g3366__2802/Y   -       AN->Y R     NOR3BX2        1  2.3   135   222    2129    (-,-) 
  g3365__1617/Y   -       AN->Y R     NOR3BX2        1  2.9   155   251    2379    (-,-) 
  g3364__3680/Y   -       B->Y  R     OR2X8         32 47.1   142   216    2595    (-,-) 
  g3316__1881/Y   -       B->Y  F     NAND2X1        1  2.4   172   179    2775    (-,-) 
  Out_reg[46]/D   -       -     F     DFFRHQX1       1    -     -     0    2775    (-,-) 
#----------------------------------------------------------------------------------------



Path 43: MET (7098 ps) Setup Check with Pin Out_reg[48]/CK->D
          Group: clock
     Startpoint: (R) acc_reg[125]/CK
          Clock: (R) clock
       Endpoint: (F) Out_reg[48]/D
          Clock: (R) clock

                     Capture       Launch     
        Clock Edge:+   10000            0     
       Src Latency:+       0            0     
       Net Latency:+       0 (I)        0 (I) 
           Arrival:=   10000            0     
                                              
             Setup:-     127                  
     Required Time:=    9873                  
      Launch Clock:-       0                  
         Data Path:-    2775                  
             Slack:=    7098                  

#----------------------------------------------------------------------------------------
#  Timing Point   Flags   Arc   Edge   Cell     Fanout Load Trans Delay Arrival Instance 
#                                                      (fF)  (ps)  (ps)   (ps)  Location 
#----------------------------------------------------------------------------------------
  acc_reg[125]/CK -       -     R     (arrival)    191    -     0     0       0    (-,-) 
  acc_reg[125]/Q  -       CK->Q F     SDFFRHQX1      2  4.2   116   255     255    (-,-) 
  g3571__6260/Y   -       A->Y  R     NOR3X2         1  2.3   135   167     422    (-,-) 
  g3507__1666/Y   -       AN->Y R     NOR3BX2        1  2.9   155   250     672    (-,-) 
  g3374__7482/Y   -       C->Y  F     NAND3X2        1  2.3   177   184     856    (-,-) 
  g3372__1881/Y   -       AN->Y F     NAND2BX1       1  2.4   178   216    1072    (-,-) 
  g3369__8246/Y   -       B->Y  R     NOR2X1         1  2.3   143   175    1247    (-,-) 
  g3368__5122/Y   -       D->Y  R     AND4XL         1  2.3   104   338    1585    (-,-) 
  g3367__1705/Y   -       D->Y  R     AND4XL         1  2.3   104   322    1906    (-,-) 
  g3366__2802/Y   -       AN->Y R     NOR3BX2        1  2.3   135   222    2129    (-,-) 
  g3365__1617/Y   -       AN->Y R     NOR3BX2        1  2.9   155   251    2379    (-,-) 
  g3364__3680/Y   -       B->Y  R     OR2X8         32 47.1   142   216    2595    (-,-) 
  g3317__5115/Y   -       B->Y  F     NAND2X1        1  2.4   172   179    2775    (-,-) 
  Out_reg[48]/D   -       -     F     DFFRHQX1       1    -     -     0    2775    (-,-) 
#----------------------------------------------------------------------------------------



Path 44: MET (7098 ps) Setup Check with Pin Out_reg[45]/CK->D
          Group: clock
     Startpoint: (R) acc_reg[125]/CK
          Clock: (R) clock
       Endpoint: (F) Out_reg[45]/D
          Clock: (R) clock

                     Capture       Launch     
        Clock Edge:+   10000            0     
       Src Latency:+       0            0     
       Net Latency:+       0 (I)        0 (I) 
           Arrival:=   10000            0     
                                              
             Setup:-     127                  
     Required Time:=    9873                  
      Launch Clock:-       0                  
         Data Path:-    2775                  
             Slack:=    7098                  

#----------------------------------------------------------------------------------------
#  Timing Point   Flags   Arc   Edge   Cell     Fanout Load Trans Delay Arrival Instance 
#                                                      (fF)  (ps)  (ps)   (ps)  Location 
#----------------------------------------------------------------------------------------
  acc_reg[125]/CK -       -     R     (arrival)    191    -     0     0       0    (-,-) 
  acc_reg[125]/Q  -       CK->Q F     SDFFRHQX1      2  4.2   116   255     255    (-,-) 
  g3571__6260/Y   -       A->Y  R     NOR3X2         1  2.3   135   167     422    (-,-) 
  g3507__1666/Y   -       AN->Y R     NOR3BX2        1  2.9   155   250     672    (-,-) 
  g3374__7482/Y   -       C->Y  F     NAND3X2        1  2.3   177   184     856    (-,-) 
  g3372__1881/Y   -       AN->Y F     NAND2BX1       1  2.4   178   216    1072    (-,-) 
  g3369__8246/Y   -       B->Y  R     NOR2X1         1  2.3   143   175    1247    (-,-) 
  g3368__5122/Y   -       D->Y  R     AND4XL         1  2.3   104   338    1585    (-,-) 
  g3367__1705/Y   -       D->Y  R     AND4XL         1  2.3   104   322    1906    (-,-) 
  g3366__2802/Y   -       AN->Y R     NOR3BX2        1  2.3   135   222    2129    (-,-) 
  g3365__1617/Y   -       AN->Y R     NOR3BX2        1  2.9   155   251    2379    (-,-) 
  g3364__3680/Y   -       B->Y  R     OR2X8         32 47.1   142   216    2595    (-,-) 
  g3315__6131/Y   -       B->Y  F     NAND2X1        1  2.4   172   179    2775    (-,-) 
  Out_reg[45]/D   -       -     F     DFFRHQX1       1    -     -     0    2775    (-,-) 
#----------------------------------------------------------------------------------------



Path 45: MET (7098 ps) Setup Check with Pin Out_reg[54]/CK->D
          Group: clock
     Startpoint: (R) acc_reg[125]/CK
          Clock: (R) clock
       Endpoint: (F) Out_reg[54]/D
          Clock: (R) clock

                     Capture       Launch     
        Clock Edge:+   10000            0     
       Src Latency:+       0            0     
       Net Latency:+       0 (I)        0 (I) 
           Arrival:=   10000            0     
                                              
             Setup:-     127                  
     Required Time:=    9873                  
      Launch Clock:-       0                  
         Data Path:-    2775                  
             Slack:=    7098                  

#----------------------------------------------------------------------------------------
#  Timing Point   Flags   Arc   Edge   Cell     Fanout Load Trans Delay Arrival Instance 
#                                                      (fF)  (ps)  (ps)   (ps)  Location 
#----------------------------------------------------------------------------------------
  acc_reg[125]/CK -       -     R     (arrival)    191    -     0     0       0    (-,-) 
  acc_reg[125]/Q  -       CK->Q F     SDFFRHQX1      2  4.2   116   255     255    (-,-) 
  g3571__6260/Y   -       A->Y  R     NOR3X2         1  2.3   135   167     422    (-,-) 
  g3507__1666/Y   -       AN->Y R     NOR3BX2        1  2.9   155   250     672    (-,-) 
  g3374__7482/Y   -       C->Y  F     NAND3X2        1  2.3   177   184     856    (-,-) 
  g3372__1881/Y   -       AN->Y F     NAND2BX1       1  2.4   178   216    1072    (-,-) 
  g3369__8246/Y   -       B->Y  R     NOR2X1         1  2.3   143   175    1247    (-,-) 
  g3368__5122/Y   -       D->Y  R     AND4XL         1  2.3   104   338    1585    (-,-) 
  g3367__1705/Y   -       D->Y  R     AND4XL         1  2.3   104   322    1906    (-,-) 
  g3366__2802/Y   -       AN->Y R     NOR3BX2        1  2.3   135   222    2129    (-,-) 
  g3365__1617/Y   -       AN->Y R     NOR3BX2        1  2.9   155   251    2379    (-,-) 
  g3364__3680/Y   -       B->Y  R     OR2X8         32 47.1   142   216    2595    (-,-) 
  g3323__2883/Y   -       B->Y  F     NAND2X1        1  2.4   172   179    2775    (-,-) 
  Out_reg[54]/D   -       -     F     DFFRHQX1       1    -     -     0    2775    (-,-) 
#----------------------------------------------------------------------------------------



Path 46: MET (7098 ps) Setup Check with Pin Out_reg[51]/CK->D
          Group: clock
     Startpoint: (R) acc_reg[125]/CK
          Clock: (R) clock
       Endpoint: (F) Out_reg[51]/D
          Clock: (R) clock

                     Capture       Launch     
        Clock Edge:+   10000            0     
       Src Latency:+       0            0     
       Net Latency:+       0 (I)        0 (I) 
           Arrival:=   10000            0     
                                              
             Setup:-     127                  
     Required Time:=    9873                  
      Launch Clock:-       0                  
         Data Path:-    2775                  
             Slack:=    7098                  

#----------------------------------------------------------------------------------------
#  Timing Point   Flags   Arc   Edge   Cell     Fanout Load Trans Delay Arrival Instance 
#                                                      (fF)  (ps)  (ps)   (ps)  Location 
#----------------------------------------------------------------------------------------
  acc_reg[125]/CK -       -     R     (arrival)    191    -     0     0       0    (-,-) 
  acc_reg[125]/Q  -       CK->Q F     SDFFRHQX1      2  4.2   116   255     255    (-,-) 
  g3571__6260/Y   -       A->Y  R     NOR3X2         1  2.3   135   167     422    (-,-) 
  g3507__1666/Y   -       AN->Y R     NOR3BX2        1  2.9   155   250     672    (-,-) 
  g3374__7482/Y   -       C->Y  F     NAND3X2        1  2.3   177   184     856    (-,-) 
  g3372__1881/Y   -       AN->Y F     NAND2BX1       1  2.4   178   216    1072    (-,-) 
  g3369__8246/Y   -       B->Y  R     NOR2X1         1  2.3   143   175    1247    (-,-) 
  g3368__5122/Y   -       D->Y  R     AND4XL         1  2.3   104   338    1585    (-,-) 
  g3367__1705/Y   -       D->Y  R     AND4XL         1  2.3   104   322    1906    (-,-) 
  g3366__2802/Y   -       AN->Y R     NOR3BX2        1  2.3   135   222    2129    (-,-) 
  g3365__1617/Y   -       AN->Y R     NOR3BX2        1  2.9   155   251    2379    (-,-) 
  g3364__3680/Y   -       B->Y  R     OR2X8         32 47.1   142   216    2595    (-,-) 
  g3321__9315/Y   -       B->Y  F     NAND2X1        1  2.4   172   179    2775    (-,-) 
  Out_reg[51]/D   -       -     F     DFFRHQX1       1    -     -     0    2775    (-,-) 
#----------------------------------------------------------------------------------------



Path 47: MET (7098 ps) Setup Check with Pin Out_reg[43]/CK->D
          Group: clock
     Startpoint: (R) acc_reg[125]/CK
          Clock: (R) clock
       Endpoint: (F) Out_reg[43]/D
          Clock: (R) clock

                     Capture       Launch     
        Clock Edge:+   10000            0     
       Src Latency:+       0            0     
       Net Latency:+       0 (I)        0 (I) 
           Arrival:=   10000            0     
                                              
             Setup:-     127                  
     Required Time:=    9873                  
      Launch Clock:-       0                  
         Data Path:-    2775                  
             Slack:=    7098                  

#----------------------------------------------------------------------------------------
#  Timing Point   Flags   Arc   Edge   Cell     Fanout Load Trans Delay Arrival Instance 
#                                                      (fF)  (ps)  (ps)   (ps)  Location 
#----------------------------------------------------------------------------------------
  acc_reg[125]/CK -       -     R     (arrival)    191    -     0     0       0    (-,-) 
  acc_reg[125]/Q  -       CK->Q F     SDFFRHQX1      2  4.2   116   255     255    (-,-) 
  g3571__6260/Y   -       A->Y  R     NOR3X2         1  2.3   135   167     422    (-,-) 
  g3507__1666/Y   -       AN->Y R     NOR3BX2        1  2.9   155   250     672    (-,-) 
  g3374__7482/Y   -       C->Y  F     NAND3X2        1  2.3   177   184     856    (-,-) 
  g3372__1881/Y   -       AN->Y F     NAND2BX1       1  2.4   178   216    1072    (-,-) 
  g3369__8246/Y   -       B->Y  R     NOR2X1         1  2.3   143   175    1247    (-,-) 
  g3368__5122/Y   -       D->Y  R     AND4XL         1  2.3   104   338    1585    (-,-) 
  g3367__1705/Y   -       D->Y  R     AND4XL         1  2.3   104   322    1906    (-,-) 
  g3366__2802/Y   -       AN->Y R     NOR3BX2        1  2.3   135   222    2129    (-,-) 
  g3365__1617/Y   -       AN->Y R     NOR3BX2        1  2.9   155   251    2379    (-,-) 
  g3364__3680/Y   -       B->Y  R     OR2X8         32 47.1   142   216    2595    (-,-) 
  g3313__8246/Y   -       B->Y  F     NAND2X1        1  2.4   172   179    2775    (-,-) 
  Out_reg[43]/D   -       -     F     DFFRHQX1       1    -     -     0    2775    (-,-) 
#----------------------------------------------------------------------------------------



Path 48: MET (7098 ps) Setup Check with Pin Out_reg[60]/CK->D
          Group: clock
     Startpoint: (R) acc_reg[125]/CK
          Clock: (R) clock
       Endpoint: (F) Out_reg[60]/D
          Clock: (R) clock

                     Capture       Launch     
        Clock Edge:+   10000            0     
       Src Latency:+       0            0     
       Net Latency:+       0 (I)        0 (I) 
           Arrival:=   10000            0     
                                              
             Setup:-     127                  
     Required Time:=    9873                  
      Launch Clock:-       0                  
         Data Path:-    2775                  
             Slack:=    7098                  

#----------------------------------------------------------------------------------------
#  Timing Point   Flags   Arc   Edge   Cell     Fanout Load Trans Delay Arrival Instance 
#                                                      (fF)  (ps)  (ps)   (ps)  Location 
#----------------------------------------------------------------------------------------
  acc_reg[125]/CK -       -     R     (arrival)    191    -     0     0       0    (-,-) 
  acc_reg[125]/Q  -       CK->Q F     SDFFRHQX1      2  4.2   116   255     255    (-,-) 
  g3571__6260/Y   -       A->Y  R     NOR3X2         1  2.3   135   167     422    (-,-) 
  g3507__1666/Y   -       AN->Y R     NOR3BX2        1  2.9   155   250     672    (-,-) 
  g3374__7482/Y   -       C->Y  F     NAND3X2        1  2.3   177   184     856    (-,-) 
  g3372__1881/Y   -       AN->Y F     NAND2BX1       1  2.4   178   216    1072    (-,-) 
  g3369__8246/Y   -       B->Y  R     NOR2X1         1  2.3   143   175    1247    (-,-) 
  g3368__5122/Y   -       D->Y  R     AND4XL         1  2.3   104   338    1585    (-,-) 
  g3367__1705/Y   -       D->Y  R     AND4XL         1  2.3   104   322    1906    (-,-) 
  g3366__2802/Y   -       AN->Y R     NOR3BX2        1  2.3   135   222    2129    (-,-) 
  g3365__1617/Y   -       AN->Y R     NOR3BX2        1  2.9   155   251    2379    (-,-) 
  g3364__3680/Y   -       B->Y  R     OR2X8         32 47.1   142   216    2595    (-,-) 
  g3348__6161/Y   -       B->Y  F     NAND2X1        1  2.4   172   179    2775    (-,-) 
  Out_reg[60]/D   -       -     F     DFFRHQX1       1    -     -     0    2775    (-,-) 
#----------------------------------------------------------------------------------------



Path 49: MET (7098 ps) Setup Check with Pin Out_reg[50]/CK->D
          Group: clock
     Startpoint: (R) acc_reg[125]/CK
          Clock: (R) clock
       Endpoint: (F) Out_reg[50]/D
          Clock: (R) clock

                     Capture       Launch     
        Clock Edge:+   10000            0     
       Src Latency:+       0            0     
       Net Latency:+       0 (I)        0 (I) 
           Arrival:=   10000            0     
                                              
             Setup:-     127                  
     Required Time:=    9873                  
      Launch Clock:-       0                  
         Data Path:-    2775                  
             Slack:=    7098                  

#----------------------------------------------------------------------------------------
#  Timing Point   Flags   Arc   Edge   Cell     Fanout Load Trans Delay Arrival Instance 
#                                                      (fF)  (ps)  (ps)   (ps)  Location 
#----------------------------------------------------------------------------------------
  acc_reg[125]/CK -       -     R     (arrival)    191    -     0     0       0    (-,-) 
  acc_reg[125]/Q  -       CK->Q F     SDFFRHQX1      2  4.2   116   255     255    (-,-) 
  g3571__6260/Y   -       A->Y  R     NOR3X2         1  2.3   135   167     422    (-,-) 
  g3507__1666/Y   -       AN->Y R     NOR3BX2        1  2.9   155   250     672    (-,-) 
  g3374__7482/Y   -       C->Y  F     NAND3X2        1  2.3   177   184     856    (-,-) 
  g3372__1881/Y   -       AN->Y F     NAND2BX1       1  2.4   178   216    1072    (-,-) 
  g3369__8246/Y   -       B->Y  R     NOR2X1         1  2.3   143   175    1247    (-,-) 
  g3368__5122/Y   -       D->Y  R     AND4XL         1  2.3   104   338    1585    (-,-) 
  g3367__1705/Y   -       D->Y  R     AND4XL         1  2.3   104   322    1906    (-,-) 
  g3366__2802/Y   -       AN->Y R     NOR3BX2        1  2.3   135   222    2129    (-,-) 
  g3365__1617/Y   -       AN->Y R     NOR3BX2        1  2.9   155   251    2379    (-,-) 
  g3364__3680/Y   -       B->Y  R     OR2X8         32 47.1   142   216    2595    (-,-) 
  g3320__6161/Y   -       B->Y  F     NAND2X1        1  2.4   172   179    2775    (-,-) 
  Out_reg[50]/D   -       -     F     DFFRHQX1       1    -     -     0    2775    (-,-) 
#----------------------------------------------------------------------------------------



Path 50: MET (7098 ps) Setup Check with Pin Out_reg[58]/CK->D
          Group: clock
     Startpoint: (R) acc_reg[125]/CK
          Clock: (R) clock
       Endpoint: (F) Out_reg[58]/D
          Clock: (R) clock

                     Capture       Launch     
        Clock Edge:+   10000            0     
       Src Latency:+       0            0     
       Net Latency:+       0 (I)        0 (I) 
           Arrival:=   10000            0     
                                              
             Setup:-     127                  
     Required Time:=    9873                  
      Launch Clock:-       0                  
         Data Path:-    2775                  
             Slack:=    7098                  

#----------------------------------------------------------------------------------------
#  Timing Point   Flags   Arc   Edge   Cell     Fanout Load Trans Delay Arrival Instance 
#                                                      (fF)  (ps)  (ps)   (ps)  Location 
#----------------------------------------------------------------------------------------
  acc_reg[125]/CK -       -     R     (arrival)    191    -     0     0       0    (-,-) 
  acc_reg[125]/Q  -       CK->Q F     SDFFRHQX1      2  4.2   116   255     255    (-,-) 
  g3571__6260/Y   -       A->Y  R     NOR3X2         1  2.3   135   167     422    (-,-) 
  g3507__1666/Y   -       AN->Y R     NOR3BX2        1  2.9   155   250     672    (-,-) 
  g3374__7482/Y   -       C->Y  F     NAND3X2        1  2.3   177   184     856    (-,-) 
  g3372__1881/Y   -       AN->Y F     NAND2BX1       1  2.4   178   216    1072    (-,-) 
  g3369__8246/Y   -       B->Y  R     NOR2X1         1  2.3   143   175    1247    (-,-) 
  g3368__5122/Y   -       D->Y  R     AND4XL         1  2.3   104   338    1585    (-,-) 
  g3367__1705/Y   -       D->Y  R     AND4XL         1  2.3   104   322    1906    (-,-) 
  g3366__2802/Y   -       AN->Y R     NOR3BX2        1  2.3   135   222    2129    (-,-) 
  g3365__1617/Y   -       AN->Y R     NOR3BX2        1  2.9   155   251    2379    (-,-) 
  g3364__3680/Y   -       B->Y  R     OR2X8         32 47.1   142   216    2595    (-,-) 
  g3329__2398/Y   -       B->Y  F     NAND2X1        1  2.4   172   179    2775    (-,-) 
  Out_reg[58]/D   -       -     F     DFFRHQX1       1    -     -     0    2775    (-,-) 
#----------------------------------------------------------------------------------------

