MAxPy: SYNTHESIS USING YOSYS

Command line:

yosys synth.ys;

Synth file:

read_verilog /home/juliana/venv_pytorch/lib/python3.12/site-packages/MAxPy/pdk/NanGate15nm.v /home/juliana/venv_pytorch/lib/python3.12/site-packages/MAxPy/vlib/AxArith/*/*.v neuron_drums_4/neuron_intra_Nbits_LOBA0s_8/rtl/neuron_intra_Nbits.v 
hierarchy -top neuron_intra_Nbits
prep; flatten; synth
clean -purge

dfflibmap -liberty /home/juliana/venv_pytorch/lib/python3.12/site-packages/MAxPy/pdk/NanGate15nm.lib
abc -liberty /home/juliana/venv_pytorch/lib/python3.12/site-packages/MAxPy/pdk/NanGate15nm.lib
clean -purge

write_verilog -noattr -noexpr  neuron_drums_4/neuron_intra_Nbits_LOBA0s_8/netlist_yosys/neuron_intra_Nbits.v


Log from stdout and stderr:


 /----------------------------------------------------------------------------\
 |                                                                            |
 |  yosys -- Yosys Open SYnthesis Suite                                       |
 |                                                                            |
 |  Copyright (C) 2012 - 2020  Claire Xenia Wolf <claire@yosyshq.com>         |
 |                                                                            |
 |  Permission to use, copy, modify, and/or distribute this software for any  |
 |  purpose with or without fee is hereby granted, provided that the above    |
 |  copyright notice and this permission notice appear in all copies.         |
 |                                                                            |
 |  THE SOFTWARE IS PROVIDED "AS IS" AND THE AUTHOR DISCLAIMS ALL WARRANTIES  |
 |  WITH REGARD TO THIS SOFTWARE INCLUDING ALL IMPLIED WARRANTIES OF          |
 |  MERCHANTABILITY AND FITNESS. IN NO EVENT SHALL THE AUTHOR BE LIABLE FOR   |
 |  ANY SPECIAL, DIRECT, INDIRECT, OR CONSEQUENTIAL DAMAGES OR ANY DAMAGES    |
 |  WHATSOEVER RESULTING FROM LOSS OF USE, DATA OR PROFITS, WHETHER IN AN     |
 |  ACTION OF CONTRACT, NEGLIGENCE OR OTHER TORTIOUS ACTION, ARISING OUT OF   |
 |  OR IN CONNECTION WITH THE USE OR PERFORMANCE OF THIS SOFTWARE.            |
 |                                                                            |
 \----------------------------------------------------------------------------/

 Yosys 0.33 (git sha1 2584903a060)


-- Executing script file `synth.ys' --

1. Executing Verilog-2005 frontend: /home/juliana/venv_pytorch/lib/python3.12/site-packages/MAxPy/pdk/NanGate15nm.v
Parsing Verilog input from `/home/juliana/venv_pytorch/lib/python3.12/site-packages/MAxPy/pdk/NanGate15nm.v' to AST representation.
Generating RTLIL representation for module `\AND2_X1'.
Generating RTLIL representation for module `\AND2_X2'.
Generating RTLIL representation for module `\AND3_X1'.
/home/juliana/venv_pytorch/lib/python3.12/site-packages/MAxPy/pdk/NanGate15nm.v:23: Warning: Identifier `\i_12' is implicitly declared.
Generating RTLIL representation for module `\AND3_X2'.
/home/juliana/venv_pytorch/lib/python3.12/site-packages/MAxPy/pdk/NanGate15nm.v:33: Warning: Identifier `\i_18' is implicitly declared.
Generating RTLIL representation for module `\AND4_X1'.
/home/juliana/venv_pytorch/lib/python3.12/site-packages/MAxPy/pdk/NanGate15nm.v:44: Warning: Identifier `\i_0' is implicitly declared.
/home/juliana/venv_pytorch/lib/python3.12/site-packages/MAxPy/pdk/NanGate15nm.v:45: Warning: Identifier `\i_1' is implicitly declared.
Generating RTLIL representation for module `\AND4_X2'.
/home/juliana/venv_pytorch/lib/python3.12/site-packages/MAxPy/pdk/NanGate15nm.v:56: Warning: Identifier `\i_0' is implicitly declared.
/home/juliana/venv_pytorch/lib/python3.12/site-packages/MAxPy/pdk/NanGate15nm.v:57: Warning: Identifier `\i_1' is implicitly declared.
Generating RTLIL representation for module `\ANTENNA'.
Generating RTLIL representation for module `\AOI21_X1'.
/home/juliana/venv_pytorch/lib/python3.12/site-packages/MAxPy/pdk/NanGate15nm.v:73: Warning: Identifier `\i_18' is implicitly declared.
/home/juliana/venv_pytorch/lib/python3.12/site-packages/MAxPy/pdk/NanGate15nm.v:73: Warning: Identifier `\i_19' is implicitly declared.
Generating RTLIL representation for module `\AOI21_X2'.
/home/juliana/venv_pytorch/lib/python3.12/site-packages/MAxPy/pdk/NanGate15nm.v:84: Warning: Identifier `\i_12' is implicitly declared.
/home/juliana/venv_pytorch/lib/python3.12/site-packages/MAxPy/pdk/NanGate15nm.v:84: Warning: Identifier `\i_13' is implicitly declared.
Generating RTLIL representation for module `\AOI22_X1'.
/home/juliana/venv_pytorch/lib/python3.12/site-packages/MAxPy/pdk/NanGate15nm.v:96: Warning: Identifier `\i_0' is implicitly declared.
/home/juliana/venv_pytorch/lib/python3.12/site-packages/MAxPy/pdk/NanGate15nm.v:96: Warning: Identifier `\i_1' is implicitly declared.
/home/juliana/venv_pytorch/lib/python3.12/site-packages/MAxPy/pdk/NanGate15nm.v:96: Warning: Identifier `\i_2' is implicitly declared.
Generating RTLIL representation for module `\AOI22_X2'.
/home/juliana/venv_pytorch/lib/python3.12/site-packages/MAxPy/pdk/NanGate15nm.v:109: Warning: Identifier `\i_0' is implicitly declared.
/home/juliana/venv_pytorch/lib/python3.12/site-packages/MAxPy/pdk/NanGate15nm.v:109: Warning: Identifier `\i_1' is implicitly declared.
/home/juliana/venv_pytorch/lib/python3.12/site-packages/MAxPy/pdk/NanGate15nm.v:109: Warning: Identifier `\i_2' is implicitly declared.
Generating RTLIL representation for module `\BUF_X1'.
Generating RTLIL representation for module `\BUF_X2'.
Generating RTLIL representation for module `\BUF_X4'.
Generating RTLIL representation for module `\BUF_X8'.
Generating RTLIL representation for module `\BUF_X12'.
Generating RTLIL representation for module `\BUF_X16'.
Generating RTLIL representation for module `\CLKBUF_X1'.
Generating RTLIL representation for module `\CLKBUF_X2'.
Generating RTLIL representation for module `\CLKBUF_X4'.
Generating RTLIL representation for module `\CLKBUF_X8'.
Generating RTLIL representation for module `\CLKBUF_X12'.
Generating RTLIL representation for module `\CLKBUF_X16'.
Generating RTLIL representation for module `\CLKGATETST_X1'.
/home/juliana/venv_pytorch/lib/python3.12/site-packages/MAxPy/pdk/NanGate15nm.v:238: Warning: Identifier `\QD' is implicitly declared.
/home/juliana/venv_pytorch/lib/python3.12/site-packages/MAxPy/pdk/NanGate15nm.v:239: Warning: Identifier `\nextstate' is implicitly declared.
/home/juliana/venv_pytorch/lib/python3.12/site-packages/MAxPy/pdk/NanGate15nm.v:240: Warning: Identifier `\QDn' is implicitly declared.
Generating RTLIL representation for module `\seq_CLKGATETST_X1'.
Generating RTLIL representation for module `\DFFRNQ_X1'.
/home/juliana/venv_pytorch/lib/python3.12/site-packages/MAxPy/pdk/NanGate15nm.v:350: Warning: Identifier `\IQ' is implicitly declared.
/home/juliana/venv_pytorch/lib/python3.12/site-packages/MAxPy/pdk/NanGate15nm.v:350: Warning: Identifier `\nextstate' is implicitly declared.
/home/juliana/venv_pytorch/lib/python3.12/site-packages/MAxPy/pdk/NanGate15nm.v:351: Warning: Identifier `\IQN' is implicitly declared.
Generating RTLIL representation for module `\seq_DFFRNQ_X1'.
Generating RTLIL representation for module `\DFFSNQ_X1'.
/home/juliana/venv_pytorch/lib/python3.12/site-packages/MAxPy/pdk/NanGate15nm.v:484: Warning: Identifier `\IQ' is implicitly declared.
/home/juliana/venv_pytorch/lib/python3.12/site-packages/MAxPy/pdk/NanGate15nm.v:484: Warning: Identifier `\nextstate' is implicitly declared.
/home/juliana/venv_pytorch/lib/python3.12/site-packages/MAxPy/pdk/NanGate15nm.v:485: Warning: Identifier `\IQN' is implicitly declared.
Generating RTLIL representation for module `\seq_DFFSNQ_X1'.
Generating RTLIL representation for module `\FA_X1'.
/home/juliana/venv_pytorch/lib/python3.12/site-packages/MAxPy/pdk/NanGate15nm.v:580: Warning: Identifier `\i_12' is implicitly declared.
/home/juliana/venv_pytorch/lib/python3.12/site-packages/MAxPy/pdk/NanGate15nm.v:580: Warning: Identifier `\i_15' is implicitly declared.
/home/juliana/venv_pytorch/lib/python3.12/site-packages/MAxPy/pdk/NanGate15nm.v:581: Warning: Identifier `\i_13' is implicitly declared.
/home/juliana/venv_pytorch/lib/python3.12/site-packages/MAxPy/pdk/NanGate15nm.v:581: Warning: Identifier `\i_14' is implicitly declared.
/home/juliana/venv_pytorch/lib/python3.12/site-packages/MAxPy/pdk/NanGate15nm.v:586: Warning: Identifier `\i_20' is implicitly declared.
/home/juliana/venv_pytorch/lib/python3.12/site-packages/MAxPy/pdk/NanGate15nm.v:586: Warning: Identifier `\i_21' is implicitly declared.
/home/juliana/venv_pytorch/lib/python3.12/site-packages/MAxPy/pdk/NanGate15nm.v:586: Warning: Identifier `\i_27' is implicitly declared.
/home/juliana/venv_pytorch/lib/python3.12/site-packages/MAxPy/pdk/NanGate15nm.v:587: Warning: Identifier `\i_22' is implicitly declared.
/home/juliana/venv_pytorch/lib/python3.12/site-packages/MAxPy/pdk/NanGate15nm.v:589: Warning: Identifier `\i_23' is implicitly declared.
/home/juliana/venv_pytorch/lib/python3.12/site-packages/MAxPy/pdk/NanGate15nm.v:589: Warning: Identifier `\i_24' is implicitly declared.
/home/juliana/venv_pytorch/lib/python3.12/site-packages/MAxPy/pdk/NanGate15nm.v:589: Warning: Identifier `\i_25' is implicitly declared.
/home/juliana/venv_pytorch/lib/python3.12/site-packages/MAxPy/pdk/NanGate15nm.v:592: Warning: Identifier `\i_26' is implicitly declared.
/home/juliana/venv_pytorch/lib/python3.12/site-packages/MAxPy/pdk/NanGate15nm.v:594: Warning: Identifier `\i_28' is implicitly declared.
/home/juliana/venv_pytorch/lib/python3.12/site-packages/MAxPy/pdk/NanGate15nm.v:594: Warning: Identifier `\i_29' is implicitly declared.
/home/juliana/venv_pytorch/lib/python3.12/site-packages/MAxPy/pdk/NanGate15nm.v:596: Warning: Identifier `\i_30' is implicitly declared.
/home/juliana/venv_pytorch/lib/python3.12/site-packages/MAxPy/pdk/NanGate15nm.v:596: Warning: Identifier `\i_31' is implicitly declared.
/home/juliana/venv_pytorch/lib/python3.12/site-packages/MAxPy/pdk/NanGate15nm.v:596: Warning: Identifier `\i_32' is implicitly declared.
/home/juliana/venv_pytorch/lib/python3.12/site-packages/MAxPy/pdk/NanGate15nm.v:599: Warning: Identifier `\i_33' is implicitly declared.
Generating RTLIL representation for module `\FILLTIE'.
Generating RTLIL representation for module `\FILL_X1'.
Generating RTLIL representation for module `\FILL_X2'.
Generating RTLIL representation for module `\FILL_X4'.
Generating RTLIL representation for module `\FILL_X8'.
Generating RTLIL representation for module `\FILL_X16'.
Generating RTLIL representation for module `\HA_X1'.
/home/juliana/venv_pytorch/lib/python3.12/site-packages/MAxPy/pdk/NanGate15nm.v:634: Warning: Identifier `\i_42' is implicitly declared.
/home/juliana/venv_pytorch/lib/python3.12/site-packages/MAxPy/pdk/NanGate15nm.v:634: Warning: Identifier `\i_43' is implicitly declared.
/home/juliana/venv_pytorch/lib/python3.12/site-packages/MAxPy/pdk/NanGate15nm.v:634: Warning: Identifier `\i_44' is implicitly declared.
/home/juliana/venv_pytorch/lib/python3.12/site-packages/MAxPy/pdk/NanGate15nm.v:637: Warning: Identifier `\i_45' is implicitly declared.
Generating RTLIL representation for module `\INV_X1'.
Generating RTLIL representation for module `\INV_X2'.
Generating RTLIL representation for module `\INV_X4'.
Generating RTLIL representation for module `\INV_X8'.
Generating RTLIL representation for module `\INV_X12'.
Generating RTLIL representation for module `\INV_X16'.
Generating RTLIL representation for module `\LHQ_X1'.
/home/juliana/venv_pytorch/lib/python3.12/site-packages/MAxPy/pdk/NanGate15nm.v:720: Warning: Identifier `\IQ' is implicitly declared.
/home/juliana/venv_pytorch/lib/python3.12/site-packages/MAxPy/pdk/NanGate15nm.v:720: Warning: Identifier `\nextstate' is implicitly declared.
/home/juliana/venv_pytorch/lib/python3.12/site-packages/MAxPy/pdk/NanGate15nm.v:721: Warning: Identifier `\IQN' is implicitly declared.
Generating RTLIL representation for module `\seq_LHQ_X1'.
Generating RTLIL representation for module `\MUX2_X1'.
/home/juliana/venv_pytorch/lib/python3.12/site-packages/MAxPy/pdk/NanGate15nm.v:793: Warning: Identifier `\i_12' is implicitly declared.
/home/juliana/venv_pytorch/lib/python3.12/site-packages/MAxPy/pdk/NanGate15nm.v:793: Warning: Identifier `\i_13' is implicitly declared.
/home/juliana/venv_pytorch/lib/python3.12/site-packages/MAxPy/pdk/NanGate15nm.v:795: Warning: Identifier `\i_14' is implicitly declared.
Generating RTLIL representation for module `\NAND2_X1'.
/home/juliana/venv_pytorch/lib/python3.12/site-packages/MAxPy/pdk/NanGate15nm.v:805: Warning: Identifier `\i_24' is implicitly declared.
Generating RTLIL representation for module `\NAND2_X2'.
/home/juliana/venv_pytorch/lib/python3.12/site-packages/MAxPy/pdk/NanGate15nm.v:814: Warning: Identifier `\i_18' is implicitly declared.
Generating RTLIL representation for module `\NAND3_X1'.
/home/juliana/venv_pytorch/lib/python3.12/site-packages/MAxPy/pdk/NanGate15nm.v:824: Warning: Identifier `\i_6' is implicitly declared.
/home/juliana/venv_pytorch/lib/python3.12/site-packages/MAxPy/pdk/NanGate15nm.v:824: Warning: Identifier `\i_7' is implicitly declared.
Generating RTLIL representation for module `\NAND3_X2'.
/home/juliana/venv_pytorch/lib/python3.12/site-packages/MAxPy/pdk/NanGate15nm.v:835: Warning: Identifier `\i_6' is implicitly declared.
/home/juliana/venv_pytorch/lib/python3.12/site-packages/MAxPy/pdk/NanGate15nm.v:835: Warning: Identifier `\i_7' is implicitly declared.
Generating RTLIL representation for module `\NAND4_X1'.
/home/juliana/venv_pytorch/lib/python3.12/site-packages/MAxPy/pdk/NanGate15nm.v:847: Warning: Identifier `\i_0' is implicitly declared.
/home/juliana/venv_pytorch/lib/python3.12/site-packages/MAxPy/pdk/NanGate15nm.v:847: Warning: Identifier `\i_1' is implicitly declared.
/home/juliana/venv_pytorch/lib/python3.12/site-packages/MAxPy/pdk/NanGate15nm.v:848: Warning: Identifier `\i_2' is implicitly declared.
Generating RTLIL representation for module `\NAND4_X2'.
/home/juliana/venv_pytorch/lib/python3.12/site-packages/MAxPy/pdk/NanGate15nm.v:860: Warning: Identifier `\i_0' is implicitly declared.
/home/juliana/venv_pytorch/lib/python3.12/site-packages/MAxPy/pdk/NanGate15nm.v:860: Warning: Identifier `\i_1' is implicitly declared.
/home/juliana/venv_pytorch/lib/python3.12/site-packages/MAxPy/pdk/NanGate15nm.v:861: Warning: Identifier `\i_2' is implicitly declared.
Generating RTLIL representation for module `\NOR2_X1'.
/home/juliana/venv_pytorch/lib/python3.12/site-packages/MAxPy/pdk/NanGate15nm.v:871: Warning: Identifier `\i_12' is implicitly declared.
Generating RTLIL representation for module `\NOR2_X2'.
/home/juliana/venv_pytorch/lib/python3.12/site-packages/MAxPy/pdk/NanGate15nm.v:880: Warning: Identifier `\i_12' is implicitly declared.
Generating RTLIL representation for module `\NOR3_X1'.
/home/juliana/venv_pytorch/lib/python3.12/site-packages/MAxPy/pdk/NanGate15nm.v:890: Warning: Identifier `\i_0' is implicitly declared.
/home/juliana/venv_pytorch/lib/python3.12/site-packages/MAxPy/pdk/NanGate15nm.v:890: Warning: Identifier `\i_1' is implicitly declared.
Generating RTLIL representation for module `\NOR3_X2'.
/home/juliana/venv_pytorch/lib/python3.12/site-packages/MAxPy/pdk/NanGate15nm.v:901: Warning: Identifier `\i_0' is implicitly declared.
/home/juliana/venv_pytorch/lib/python3.12/site-packages/MAxPy/pdk/NanGate15nm.v:901: Warning: Identifier `\i_1' is implicitly declared.
Generating RTLIL representation for module `\NOR4_X1'.
/home/juliana/venv_pytorch/lib/python3.12/site-packages/MAxPy/pdk/NanGate15nm.v:913: Warning: Identifier `\i_0' is implicitly declared.
/home/juliana/venv_pytorch/lib/python3.12/site-packages/MAxPy/pdk/NanGate15nm.v:913: Warning: Identifier `\i_1' is implicitly declared.
/home/juliana/venv_pytorch/lib/python3.12/site-packages/MAxPy/pdk/NanGate15nm.v:914: Warning: Identifier `\i_2' is implicitly declared.
Generating RTLIL representation for module `\NOR4_X2'.
/home/juliana/venv_pytorch/lib/python3.12/site-packages/MAxPy/pdk/NanGate15nm.v:926: Warning: Identifier `\i_0' is implicitly declared.
/home/juliana/venv_pytorch/lib/python3.12/site-packages/MAxPy/pdk/NanGate15nm.v:926: Warning: Identifier `\i_1' is implicitly declared.
/home/juliana/venv_pytorch/lib/python3.12/site-packages/MAxPy/pdk/NanGate15nm.v:927: Warning: Identifier `\i_2' is implicitly declared.
Generating RTLIL representation for module `\OAI21_X1'.
/home/juliana/venv_pytorch/lib/python3.12/site-packages/MAxPy/pdk/NanGate15nm.v:938: Warning: Identifier `\i_0' is implicitly declared.
/home/juliana/venv_pytorch/lib/python3.12/site-packages/MAxPy/pdk/NanGate15nm.v:938: Warning: Identifier `\i_1' is implicitly declared.
Generating RTLIL representation for module `\OAI21_X2'.
/home/juliana/venv_pytorch/lib/python3.12/site-packages/MAxPy/pdk/NanGate15nm.v:949: Warning: Identifier `\i_0' is implicitly declared.
/home/juliana/venv_pytorch/lib/python3.12/site-packages/MAxPy/pdk/NanGate15nm.v:949: Warning: Identifier `\i_1' is implicitly declared.
Generating RTLIL representation for module `\OAI22_X1'.
/home/juliana/venv_pytorch/lib/python3.12/site-packages/MAxPy/pdk/NanGate15nm.v:961: Warning: Identifier `\i_0' is implicitly declared.
/home/juliana/venv_pytorch/lib/python3.12/site-packages/MAxPy/pdk/NanGate15nm.v:961: Warning: Identifier `\i_1' is implicitly declared.
/home/juliana/venv_pytorch/lib/python3.12/site-packages/MAxPy/pdk/NanGate15nm.v:961: Warning: Identifier `\i_2' is implicitly declared.
Generating RTLIL representation for module `\OAI22_X2'.
/home/juliana/venv_pytorch/lib/python3.12/site-packages/MAxPy/pdk/NanGate15nm.v:974: Warning: Identifier `\i_0' is implicitly declared.
/home/juliana/venv_pytorch/lib/python3.12/site-packages/MAxPy/pdk/NanGate15nm.v:974: Warning: Identifier `\i_1' is implicitly declared.
/home/juliana/venv_pytorch/lib/python3.12/site-packages/MAxPy/pdk/NanGate15nm.v:974: Warning: Identifier `\i_2' is implicitly declared.
Generating RTLIL representation for module `\OR2_X1'.
Generating RTLIL representation for module `\OR2_X2'.
Generating RTLIL representation for module `\OR3_X1'.
/home/juliana/venv_pytorch/lib/python3.12/site-packages/MAxPy/pdk/NanGate15nm.v:1001: Warning: Identifier `\i_0' is implicitly declared.
Generating RTLIL representation for module `\OR3_X2'.
/home/juliana/venv_pytorch/lib/python3.12/site-packages/MAxPy/pdk/NanGate15nm.v:1011: Warning: Identifier `\i_0' is implicitly declared.
Generating RTLIL representation for module `\OR4_X1'.
/home/juliana/venv_pytorch/lib/python3.12/site-packages/MAxPy/pdk/NanGate15nm.v:1022: Warning: Identifier `\i_0' is implicitly declared.
/home/juliana/venv_pytorch/lib/python3.12/site-packages/MAxPy/pdk/NanGate15nm.v:1023: Warning: Identifier `\i_1' is implicitly declared.
Generating RTLIL representation for module `\OR4_X2'.
/home/juliana/venv_pytorch/lib/python3.12/site-packages/MAxPy/pdk/NanGate15nm.v:1034: Warning: Identifier `\i_0' is implicitly declared.
/home/juliana/venv_pytorch/lib/python3.12/site-packages/MAxPy/pdk/NanGate15nm.v:1035: Warning: Identifier `\i_1' is implicitly declared.
Generating RTLIL representation for module `\SDFFRNQ_X1'.
/home/juliana/venv_pytorch/lib/python3.12/site-packages/MAxPy/pdk/NanGate15nm.v:1091: Warning: Identifier `\IQ' is implicitly declared.
/home/juliana/venv_pytorch/lib/python3.12/site-packages/MAxPy/pdk/NanGate15nm.v:1091: Warning: Identifier `\nextstate' is implicitly declared.
/home/juliana/venv_pytorch/lib/python3.12/site-packages/MAxPy/pdk/NanGate15nm.v:1094: Warning: Identifier `\i_0' is implicitly declared.
/home/juliana/venv_pytorch/lib/python3.12/site-packages/MAxPy/pdk/NanGate15nm.v:1094: Warning: Identifier `\i_1' is implicitly declared.
/home/juliana/venv_pytorch/lib/python3.12/site-packages/MAxPy/pdk/NanGate15nm.v:1096: Warning: Identifier `\i_2' is implicitly declared.
/home/juliana/venv_pytorch/lib/python3.12/site-packages/MAxPy/pdk/NanGate15nm.v:1092: Warning: Identifier `\IQN' is implicitly declared.
Generating RTLIL representation for module `\seq_SDFFRNQ_X1'.
Generating RTLIL representation for module `\SDFFSNQ_X1'.
/home/juliana/venv_pytorch/lib/python3.12/site-packages/MAxPy/pdk/NanGate15nm.v:1235: Warning: Identifier `\IQ' is implicitly declared.
/home/juliana/venv_pytorch/lib/python3.12/site-packages/MAxPy/pdk/NanGate15nm.v:1235: Warning: Identifier `\nextstate' is implicitly declared.
/home/juliana/venv_pytorch/lib/python3.12/site-packages/MAxPy/pdk/NanGate15nm.v:1238: Warning: Identifier `\i_0' is implicitly declared.
/home/juliana/venv_pytorch/lib/python3.12/site-packages/MAxPy/pdk/NanGate15nm.v:1238: Warning: Identifier `\i_1' is implicitly declared.
/home/juliana/venv_pytorch/lib/python3.12/site-packages/MAxPy/pdk/NanGate15nm.v:1240: Warning: Identifier `\i_2' is implicitly declared.
/home/juliana/venv_pytorch/lib/python3.12/site-packages/MAxPy/pdk/NanGate15nm.v:1236: Warning: Identifier `\IQN' is implicitly declared.
Generating RTLIL representation for module `\seq_SDFFSNQ_X1'.
Generating RTLIL representation for module `\TBUF_X1'.
/home/juliana/venv_pytorch/lib/python3.12/site-packages/MAxPy/pdk/NanGate15nm.v:1332: Warning: Identifier `\Z_enable' is implicitly declared.
/home/juliana/venv_pytorch/lib/python3.12/site-packages/MAxPy/pdk/NanGate15nm.v:1332: Warning: Identifier `\Z_in' is implicitly declared.
Generating RTLIL representation for module `\TBUF_X2'.
/home/juliana/venv_pytorch/lib/python3.12/site-packages/MAxPy/pdk/NanGate15nm.v:1342: Warning: Identifier `\Z_enable' is implicitly declared.
/home/juliana/venv_pytorch/lib/python3.12/site-packages/MAxPy/pdk/NanGate15nm.v:1342: Warning: Identifier `\Z_in' is implicitly declared.
Generating RTLIL representation for module `\TBUF_X4'.
/home/juliana/venv_pytorch/lib/python3.12/site-packages/MAxPy/pdk/NanGate15nm.v:1352: Warning: Identifier `\Z_enable' is implicitly declared.
/home/juliana/venv_pytorch/lib/python3.12/site-packages/MAxPy/pdk/NanGate15nm.v:1352: Warning: Identifier `\Z_in' is implicitly declared.
Generating RTLIL representation for module `\TBUF_X8'.
/home/juliana/venv_pytorch/lib/python3.12/site-packages/MAxPy/pdk/NanGate15nm.v:1362: Warning: Identifier `\Z_enable' is implicitly declared.
/home/juliana/venv_pytorch/lib/python3.12/site-packages/MAxPy/pdk/NanGate15nm.v:1362: Warning: Identifier `\Z_in' is implicitly declared.
Generating RTLIL representation for module `\TBUF_X12'.
/home/juliana/venv_pytorch/lib/python3.12/site-packages/MAxPy/pdk/NanGate15nm.v:1372: Warning: Identifier `\Z_enable' is implicitly declared.
/home/juliana/venv_pytorch/lib/python3.12/site-packages/MAxPy/pdk/NanGate15nm.v:1372: Warning: Identifier `\Z_in' is implicitly declared.
Generating RTLIL representation for module `\TBUF_X16'.
/home/juliana/venv_pytorch/lib/python3.12/site-packages/MAxPy/pdk/NanGate15nm.v:1382: Warning: Identifier `\Z_enable' is implicitly declared.
/home/juliana/venv_pytorch/lib/python3.12/site-packages/MAxPy/pdk/NanGate15nm.v:1382: Warning: Identifier `\Z_in' is implicitly declared.
Generating RTLIL representation for module `\TIEH'.
Generating RTLIL representation for module `\TIEL'.
Generating RTLIL representation for module `\XNOR2_X1'.
/home/juliana/venv_pytorch/lib/python3.12/site-packages/MAxPy/pdk/NanGate15nm.v:1406: Warning: Identifier `\i_19' is implicitly declared.
/home/juliana/venv_pytorch/lib/python3.12/site-packages/MAxPy/pdk/NanGate15nm.v:1406: Warning: Identifier `\i_20' is implicitly declared.
/home/juliana/venv_pytorch/lib/python3.12/site-packages/MAxPy/pdk/NanGate15nm.v:1406: Warning: Identifier `\i_21' is implicitly declared.
/home/juliana/venv_pytorch/lib/python3.12/site-packages/MAxPy/pdk/NanGate15nm.v:1409: Warning: Identifier `\i_22' is implicitly declared.
/home/juliana/venv_pytorch/lib/python3.12/site-packages/MAxPy/pdk/NanGate15nm.v:1404: Warning: Identifier `\i_18' is implicitly declared.
Generating RTLIL representation for module `\XOR2_X1'.
/home/juliana/venv_pytorch/lib/python3.12/site-packages/MAxPy/pdk/NanGate15nm.v:1418: Warning: Identifier `\i_18' is implicitly declared.
/home/juliana/venv_pytorch/lib/python3.12/site-packages/MAxPy/pdk/NanGate15nm.v:1418: Warning: Identifier `\i_19' is implicitly declared.
/home/juliana/venv_pytorch/lib/python3.12/site-packages/MAxPy/pdk/NanGate15nm.v:1418: Warning: Identifier `\i_20' is implicitly declared.
/home/juliana/venv_pytorch/lib/python3.12/site-packages/MAxPy/pdk/NanGate15nm.v:1421: Warning: Identifier `\i_21' is implicitly declared.
Successfully finished Verilog frontend.

2. Executing Verilog-2005 frontend: /home/juliana/venv_pytorch/lib/python3.12/site-packages/MAxPy/vlib/AxArith/adders/copy.v
Parsing Verilog input from `/home/juliana/venv_pytorch/lib/python3.12/site-packages/MAxPy/vlib/AxArith/adders/copy.v' to AST representation.
Generating RTLIL representation for module `\copyA'.
Generating RTLIL representation for module `\copyB'.
Successfully finished Verilog frontend.

3. Executing Verilog-2005 frontend: /home/juliana/venv_pytorch/lib/python3.12/site-packages/MAxPy/vlib/AxArith/adders/eta1.v
Parsing Verilog input from `/home/juliana/venv_pytorch/lib/python3.12/site-packages/MAxPy/vlib/AxArith/adders/eta1.v' to AST representation.
Generating RTLIL representation for module `\eta1'.
Successfully finished Verilog frontend.

4. Executing Verilog-2005 frontend: /home/juliana/venv_pytorch/lib/python3.12/site-packages/MAxPy/vlib/AxArith/adders/loa.v
Parsing Verilog input from `/home/juliana/venv_pytorch/lib/python3.12/site-packages/MAxPy/vlib/AxArith/adders/loa.v' to AST representation.
Generating RTLIL representation for module `\loa'.
Successfully finished Verilog frontend.

5. Executing Verilog-2005 frontend: /home/juliana/venv_pytorch/lib/python3.12/site-packages/MAxPy/vlib/AxArith/adders/trunc.v
Parsing Verilog input from `/home/juliana/venv_pytorch/lib/python3.12/site-packages/MAxPy/vlib/AxArith/adders/trunc.v' to AST representation.
Generating RTLIL representation for module `\trunc0'.
Generating RTLIL representation for module `\trunc1'.
Successfully finished Verilog frontend.

6. Executing Verilog-2005 frontend: /home/juliana/venv_pytorch/lib/python3.12/site-packages/MAxPy/vlib/AxArith/multipliers/DRUM.v
Parsing Verilog input from `/home/juliana/venv_pytorch/lib/python3.12/site-packages/MAxPy/vlib/AxArith/multipliers/DRUM.v' to AST representation.
Generating RTLIL representation for module `\DRUMs'.
Generating RTLIL representation for module `\DRUMu'.
Generating RTLIL representation for module `\DRUM_LOD_k'.
Generating RTLIL representation for module `\DRUM_P_Encoder_k'.
Generating RTLIL representation for module `\DRUM_Barrel_Shifter_k'.
Generating RTLIL representation for module `\DRUM_Mux_16_3_k'.
Successfully finished Verilog frontend.

7. Executing Verilog-2005 frontend: /home/juliana/venv_pytorch/lib/python3.12/site-packages/MAxPy/vlib/AxArith/multipliers/LOBA.v
Parsing Verilog input from `/home/juliana/venv_pytorch/lib/python3.12/site-packages/MAxPy/vlib/AxArith/multipliers/LOBA.v' to AST representation.
Generating RTLIL representation for module `\LOBA0s'.
Generating RTLIL representation for module `\LOBA0u'.
Generating RTLIL representation for module `\LOBA1s'.
Generating RTLIL representation for module `\LOBA1u'.
Generating RTLIL representation for module `\LOBA2s'.
Generating RTLIL representation for module `\LOBA2u'.
Generating RTLIL representation for module `\LOBA3s'.
Generating RTLIL representation for module `\LOBA3u'.
Generating RTLIL representation for module `\LOBA_SPLIT'.
Generating RTLIL representation for module `\LOBA_MUX'.
Generating RTLIL representation for module `\LOBA_LOWER'.
Generating RTLIL representation for module `\LOBA_LOB'.
Successfully finished Verilog frontend.

8. Executing Verilog-2005 frontend: neuron_drums_4/neuron_intra_Nbits_LOBA0s_8/rtl/neuron_intra_Nbits.v
Parsing Verilog input from `neuron_drums_4/neuron_intra_Nbits_LOBA0s_8/rtl/neuron_intra_Nbits.v' to AST representation.
Generating RTLIL representation for module `\neuron_intra_Nbits'.
neuron_drums_4/neuron_intra_Nbits_LOBA0s_8/rtl/neuron_intra_Nbits.v:36: Warning: Identifier `\a' is implicitly declared.
neuron_drums_4/neuron_intra_Nbits_LOBA0s_8/rtl/neuron_intra_Nbits.v:36: Warning: Identifier `\x' is implicitly declared.
neuron_drums_4/neuron_intra_Nbits_LOBA0s_8/rtl/neuron_intra_Nbits.v:36: Warning: Identifier `\p' is implicitly declared.
Successfully finished Verilog frontend.

9. Executing HIERARCHY pass (managing design hierarchy).

9.1. Analyzing design hierarchy..
Top module:  \neuron_intra_Nbits
Used module:     \LOBA0s
Used module:         \LOBA0u
Used module:             \LOBA_SPLIT
Used module:                 \LOBA_LOWER
Used module:                 \LOBA_MUX
Used module:                 \LOBA_LOB
Parameter \N = 16
Parameter \K = 4

9.2. Executing AST frontend in derive mode using pre-parsed AST for module `\LOBA0u'.
Parameter \N = 16
Parameter \K = 4
Generating RTLIL representation for module `$paramod$a07b09e41c3d89959fdd140bdec9a7cc3f3fd22e\LOBA0u'.
Parameter \N = 16
Parameter \K = 4

9.3. Executing AST frontend in derive mode using pre-parsed AST for module `\LOBA_SPLIT'.
Parameter \N = 16
Parameter \K = 4
Generating RTLIL representation for module `$paramod$a07b09e41c3d89959fdd140bdec9a7cc3f3fd22e\LOBA_SPLIT'.
Parameter \N = 16
Parameter \K = 4
Found cached RTLIL representation for module `$paramod$a07b09e41c3d89959fdd140bdec9a7cc3f3fd22e\LOBA_SPLIT'.
Parameter \N = 16

9.4. Executing AST frontend in derive mode using pre-parsed AST for module `\LOBA_LOWER'.
Parameter \N = 16
Generating RTLIL representation for module `$paramod\LOBA_LOWER\N=s32'00000000000000000000000000010000'.
Parameter \N = 16
Parameter \K = 4

9.5. Executing AST frontend in derive mode using pre-parsed AST for module `\LOBA_MUX'.
Parameter \N = 16
Parameter \K = 4
Generating RTLIL representation for module `$paramod$a07b09e41c3d89959fdd140bdec9a7cc3f3fd22e\LOBA_MUX'.
Parameter \N = 16
Parameter \K = 4
Found cached RTLIL representation for module `$paramod$a07b09e41c3d89959fdd140bdec9a7cc3f3fd22e\LOBA_MUX'.
Parameter \N = 16

9.6. Executing AST frontend in derive mode using pre-parsed AST for module `\LOBA_LOB'.
Parameter \N = 16
Generating RTLIL representation for module `$paramod\LOBA_LOB\N=s32'00000000000000000000000000010000'.
Parameter \N = 16
Found cached RTLIL representation for module `$paramod\LOBA_LOB\N=s32'00000000000000000000000000010000'.
Parameter 1 (\N) = 16
Parameter 2 (\K) = 8

9.7. Executing AST frontend in derive mode using pre-parsed AST for module `\LOBA0s'.
Parameter 1 (\N) = 16
Parameter 2 (\K) = 8
Generating RTLIL representation for module `$paramod$3a9ab03ecb4efa8c240654e4c7efd8699dc26662\LOBA0s'.
Parameter 1 (\N) = 16
Parameter 2 (\K) = 8
Found cached RTLIL representation for module `$paramod$3a9ab03ecb4efa8c240654e4c7efd8699dc26662\LOBA0s'.
Parameter 1 (\N) = 16
Parameter 2 (\K) = 8
Found cached RTLIL representation for module `$paramod$3a9ab03ecb4efa8c240654e4c7efd8699dc26662\LOBA0s'.
Parameter 1 (\N) = 16
Parameter 2 (\K) = 8
Found cached RTLIL representation for module `$paramod$3a9ab03ecb4efa8c240654e4c7efd8699dc26662\LOBA0s'.
Parameter 1 (\N) = 16
Parameter 2 (\K) = 8
Found cached RTLIL representation for module `$paramod$3a9ab03ecb4efa8c240654e4c7efd8699dc26662\LOBA0s'.
Parameter 1 (\N) = 16
Parameter 2 (\K) = 8
Found cached RTLIL representation for module `$paramod$3a9ab03ecb4efa8c240654e4c7efd8699dc26662\LOBA0s'.
Parameter 1 (\N) = 16
Parameter 2 (\K) = 8
Found cached RTLIL representation for module `$paramod$3a9ab03ecb4efa8c240654e4c7efd8699dc26662\LOBA0s'.
Parameter 1 (\N) = 16
Parameter 2 (\K) = 8
Found cached RTLIL representation for module `$paramod$3a9ab03ecb4efa8c240654e4c7efd8699dc26662\LOBA0s'.
Parameter 1 (\N) = 16
Parameter 2 (\K) = 8
Found cached RTLIL representation for module `$paramod$3a9ab03ecb4efa8c240654e4c7efd8699dc26662\LOBA0s'.
Parameter 1 (\N) = 16
Parameter 2 (\K) = 8
Found cached RTLIL representation for module `$paramod$3a9ab03ecb4efa8c240654e4c7efd8699dc26662\LOBA0s'.
Parameter 1 (\N) = 16
Parameter 2 (\K) = 8
Found cached RTLIL representation for module `$paramod$3a9ab03ecb4efa8c240654e4c7efd8699dc26662\LOBA0s'.
Parameter 1 (\N) = 16
Parameter 2 (\K) = 8
Found cached RTLIL representation for module `$paramod$3a9ab03ecb4efa8c240654e4c7efd8699dc26662\LOBA0s'.
Parameter 1 (\N) = 16
Parameter 2 (\K) = 8
Found cached RTLIL representation for module `$paramod$3a9ab03ecb4efa8c240654e4c7efd8699dc26662\LOBA0s'.
Parameter 1 (\N) = 16
Parameter 2 (\K) = 8
Found cached RTLIL representation for module `$paramod$3a9ab03ecb4efa8c240654e4c7efd8699dc26662\LOBA0s'.
Parameter 1 (\N) = 16
Parameter 2 (\K) = 8
Found cached RTLIL representation for module `$paramod$3a9ab03ecb4efa8c240654e4c7efd8699dc26662\LOBA0s'.
Parameter 1 (\N) = 16
Parameter 2 (\K) = 8
Found cached RTLIL representation for module `$paramod$3a9ab03ecb4efa8c240654e4c7efd8699dc26662\LOBA0s'.
Reprocessing module neuron_intra_Nbits because instantiated module $paramod$3a9ab03ecb4efa8c240654e4c7efd8699dc26662\LOBA0s has become available.
Generating RTLIL representation for module `\neuron_intra_Nbits'.
neuron_drums_4/neuron_intra_Nbits_LOBA0s_8/rtl/neuron_intra_Nbits.v:36: Warning: Identifier `\a' is implicitly declared.
neuron_drums_4/neuron_intra_Nbits_LOBA0s_8/rtl/neuron_intra_Nbits.v:36: Warning: Identifier `\x' is implicitly declared.
neuron_drums_4/neuron_intra_Nbits_LOBA0s_8/rtl/neuron_intra_Nbits.v:36: Warning: Identifier `\p' is implicitly declared.

9.8. Analyzing design hierarchy..
Top module:  \neuron_intra_Nbits
Used module:     \LOBA0s
Used module:         $paramod$a07b09e41c3d89959fdd140bdec9a7cc3f3fd22e\LOBA0u
Used module:             \LOBA_SPLIT
Used module:                 $paramod\LOBA_LOWER\N=s32'00000000000000000000000000010000
Used module:                 $paramod$a07b09e41c3d89959fdd140bdec9a7cc3f3fd22e\LOBA_MUX
Used module:                 $paramod\LOBA_LOB\N=s32'00000000000000000000000000010000
Parameter 1 (\N) = 16
Parameter 2 (\K) = 8
Found cached RTLIL representation for module `$paramod$3a9ab03ecb4efa8c240654e4c7efd8699dc26662\LOBA0s'.
Parameter 1 (\N) = 16
Parameter 2 (\K) = 8
Found cached RTLIL representation for module `$paramod$3a9ab03ecb4efa8c240654e4c7efd8699dc26662\LOBA0s'.
Parameter 1 (\N) = 16
Parameter 2 (\K) = 8
Found cached RTLIL representation for module `$paramod$3a9ab03ecb4efa8c240654e4c7efd8699dc26662\LOBA0s'.
Parameter 1 (\N) = 16
Parameter 2 (\K) = 8
Found cached RTLIL representation for module `$paramod$3a9ab03ecb4efa8c240654e4c7efd8699dc26662\LOBA0s'.
Parameter 1 (\N) = 16
Parameter 2 (\K) = 8
Found cached RTLIL representation for module `$paramod$3a9ab03ecb4efa8c240654e4c7efd8699dc26662\LOBA0s'.
Parameter 1 (\N) = 16
Parameter 2 (\K) = 8
Found cached RTLIL representation for module `$paramod$3a9ab03ecb4efa8c240654e4c7efd8699dc26662\LOBA0s'.
Parameter 1 (\N) = 16
Parameter 2 (\K) = 8
Found cached RTLIL representation for module `$paramod$3a9ab03ecb4efa8c240654e4c7efd8699dc26662\LOBA0s'.
Parameter 1 (\N) = 16
Parameter 2 (\K) = 8
Found cached RTLIL representation for module `$paramod$3a9ab03ecb4efa8c240654e4c7efd8699dc26662\LOBA0s'.
Parameter 1 (\N) = 16
Parameter 2 (\K) = 8
Found cached RTLIL representation for module `$paramod$3a9ab03ecb4efa8c240654e4c7efd8699dc26662\LOBA0s'.
Parameter 1 (\N) = 16
Parameter 2 (\K) = 8
Found cached RTLIL representation for module `$paramod$3a9ab03ecb4efa8c240654e4c7efd8699dc26662\LOBA0s'.
Parameter 1 (\N) = 16
Parameter 2 (\K) = 8
Found cached RTLIL representation for module `$paramod$3a9ab03ecb4efa8c240654e4c7efd8699dc26662\LOBA0s'.
Parameter 1 (\N) = 16
Parameter 2 (\K) = 8
Found cached RTLIL representation for module `$paramod$3a9ab03ecb4efa8c240654e4c7efd8699dc26662\LOBA0s'.
Parameter 1 (\N) = 16
Parameter 2 (\K) = 8
Found cached RTLIL representation for module `$paramod$3a9ab03ecb4efa8c240654e4c7efd8699dc26662\LOBA0s'.
Parameter 1 (\N) = 16
Parameter 2 (\K) = 8
Found cached RTLIL representation for module `$paramod$3a9ab03ecb4efa8c240654e4c7efd8699dc26662\LOBA0s'.
Parameter 1 (\N) = 16
Parameter 2 (\K) = 8
Found cached RTLIL representation for module `$paramod$3a9ab03ecb4efa8c240654e4c7efd8699dc26662\LOBA0s'.
Parameter 1 (\N) = 16
Parameter 2 (\K) = 8
Found cached RTLIL representation for module `$paramod$3a9ab03ecb4efa8c240654e4c7efd8699dc26662\LOBA0s'.
Parameter \N = 16
Parameter \K = 4
Found cached RTLIL representation for module `$paramod$a07b09e41c3d89959fdd140bdec9a7cc3f3fd22e\LOBA_SPLIT'.
Parameter \N = 16
Parameter \K = 4
Found cached RTLIL representation for module `$paramod$a07b09e41c3d89959fdd140bdec9a7cc3f3fd22e\LOBA_SPLIT'.

9.9. Analyzing design hierarchy..
Top module:  \neuron_intra_Nbits
Used module:     $paramod$3a9ab03ecb4efa8c240654e4c7efd8699dc26662\LOBA0s
Used module:         \LOBA0u
Used module:             $paramod$a07b09e41c3d89959fdd140bdec9a7cc3f3fd22e\LOBA_SPLIT
Used module:                 \LOBA_LOWER
Used module:                 \LOBA_MUX
Used module:                 \LOBA_LOB
Parameter \N = 16
Found cached RTLIL representation for module `$paramod\LOBA_LOWER\N=s32'00000000000000000000000000010000'.
Parameter \N = 16
Parameter \K = 4
Found cached RTLIL representation for module `$paramod$a07b09e41c3d89959fdd140bdec9a7cc3f3fd22e\LOBA_MUX'.
Parameter \N = 16
Parameter \K = 4
Found cached RTLIL representation for module `$paramod$a07b09e41c3d89959fdd140bdec9a7cc3f3fd22e\LOBA_MUX'.
Parameter \N = 16
Found cached RTLIL representation for module `$paramod\LOBA_LOB\N=s32'00000000000000000000000000010000'.
Parameter \N = 16
Found cached RTLIL representation for module `$paramod\LOBA_LOB\N=s32'00000000000000000000000000010000'.
Parameter \N = 16
Parameter \K = 8

9.10. Executing AST frontend in derive mode using pre-parsed AST for module `\LOBA0u'.
Parameter \N = 16
Parameter \K = 8
Generating RTLIL representation for module `$paramod$3a9ab03ecb4efa8c240654e4c7efd8699dc26662\LOBA0u'.

9.11. Analyzing design hierarchy..
Top module:  \neuron_intra_Nbits
Used module:     $paramod$3a9ab03ecb4efa8c240654e4c7efd8699dc26662\LOBA0s
Used module:         $paramod$3a9ab03ecb4efa8c240654e4c7efd8699dc26662\LOBA0u
Used module:             \LOBA_SPLIT
Used module:                 $paramod\LOBA_LOWER\N=s32'00000000000000000000000000010000
Used module:                 $paramod$a07b09e41c3d89959fdd140bdec9a7cc3f3fd22e\LOBA_MUX
Used module:                 $paramod\LOBA_LOB\N=s32'00000000000000000000000000010000
Parameter \N = 16
Parameter \K = 8

9.12. Executing AST frontend in derive mode using pre-parsed AST for module `\LOBA_SPLIT'.
Parameter \N = 16
Parameter \K = 8
Generating RTLIL representation for module `$paramod$3a9ab03ecb4efa8c240654e4c7efd8699dc26662\LOBA_SPLIT'.
Parameter \N = 16
Parameter \K = 8
Found cached RTLIL representation for module `$paramod$3a9ab03ecb4efa8c240654e4c7efd8699dc26662\LOBA_SPLIT'.

9.13. Analyzing design hierarchy..
Top module:  \neuron_intra_Nbits
Used module:     $paramod$3a9ab03ecb4efa8c240654e4c7efd8699dc26662\LOBA0s
Used module:         $paramod$3a9ab03ecb4efa8c240654e4c7efd8699dc26662\LOBA0u
Used module:             $paramod$3a9ab03ecb4efa8c240654e4c7efd8699dc26662\LOBA_SPLIT
Used module:                 \LOBA_LOWER
Used module:                 \LOBA_MUX
Used module:                 \LOBA_LOB
Parameter \N = 16
Found cached RTLIL representation for module `$paramod\LOBA_LOWER\N=s32'00000000000000000000000000010000'.
Parameter \N = 16
Parameter \K = 8

9.14. Executing AST frontend in derive mode using pre-parsed AST for module `\LOBA_MUX'.
Parameter \N = 16
Parameter \K = 8
Generating RTLIL representation for module `$paramod$3a9ab03ecb4efa8c240654e4c7efd8699dc26662\LOBA_MUX'.
Parameter \N = 16
Parameter \K = 8
Found cached RTLIL representation for module `$paramod$3a9ab03ecb4efa8c240654e4c7efd8699dc26662\LOBA_MUX'.
Parameter \N = 16
Found cached RTLIL representation for module `$paramod\LOBA_LOB\N=s32'00000000000000000000000000010000'.
Parameter \N = 16
Found cached RTLIL representation for module `$paramod\LOBA_LOB\N=s32'00000000000000000000000000010000'.

9.15. Analyzing design hierarchy..
Top module:  \neuron_intra_Nbits
Used module:     $paramod$3a9ab03ecb4efa8c240654e4c7efd8699dc26662\LOBA0s
Used module:         $paramod$3a9ab03ecb4efa8c240654e4c7efd8699dc26662\LOBA0u
Used module:             $paramod$3a9ab03ecb4efa8c240654e4c7efd8699dc26662\LOBA_SPLIT
Used module:                 $paramod\LOBA_LOWER\N=s32'00000000000000000000000000010000
Used module:                 $paramod$3a9ab03ecb4efa8c240654e4c7efd8699dc26662\LOBA_MUX
Used module:                 $paramod\LOBA_LOB\N=s32'00000000000000000000000000010000

9.16. Analyzing design hierarchy..
Top module:  \neuron_intra_Nbits
Used module:     $paramod$3a9ab03ecb4efa8c240654e4c7efd8699dc26662\LOBA0s
Used module:         $paramod$3a9ab03ecb4efa8c240654e4c7efd8699dc26662\LOBA0u
Used module:             $paramod$3a9ab03ecb4efa8c240654e4c7efd8699dc26662\LOBA_SPLIT
Used module:                 $paramod\LOBA_LOWER\N=s32'00000000000000000000000000010000
Used module:                 $paramod$3a9ab03ecb4efa8c240654e4c7efd8699dc26662\LOBA_MUX
Used module:                 $paramod\LOBA_LOB\N=s32'00000000000000000000000000010000
Removing unused module `$paramod$a07b09e41c3d89959fdd140bdec9a7cc3f3fd22e\LOBA_MUX'.
Removing unused module `$paramod$a07b09e41c3d89959fdd140bdec9a7cc3f3fd22e\LOBA_SPLIT'.
Removing unused module `$paramod$a07b09e41c3d89959fdd140bdec9a7cc3f3fd22e\LOBA0u'.
Removing unused module `\LOBA_LOB'.
Removing unused module `\LOBA_LOWER'.
Removing unused module `\LOBA_MUX'.
Removing unused module `\LOBA_SPLIT'.
Removing unused module `\LOBA3u'.
Removing unused module `\LOBA3s'.
Removing unused module `\LOBA2u'.
Removing unused module `\LOBA2s'.
Removing unused module `\LOBA1u'.
Removing unused module `\LOBA1s'.
Removing unused module `\LOBA0u'.
Removing unused module `\LOBA0s'.
Removing unused module `\DRUM_Mux_16_3_k'.
Removing unused module `\DRUM_Barrel_Shifter_k'.
Removing unused module `\DRUM_P_Encoder_k'.
Removing unused module `\DRUM_LOD_k'.
Removing unused module `\DRUMu'.
Removing unused module `\DRUMs'.
Removing unused module `\trunc1'.
Removing unused module `\trunc0'.
Removing unused module `\loa'.
Removing unused module `\eta1'.
Removing unused module `\copyB'.
Removing unused module `\copyA'.
Removing unused module `\XOR2_X1'.
Removing unused module `\XNOR2_X1'.
Removing unused module `\TIEL'.
Removing unused module `\TIEH'.
Removing unused module `\TBUF_X16'.
Removing unused module `\TBUF_X12'.
Removing unused module `\TBUF_X8'.
Removing unused module `\TBUF_X4'.
Removing unused module `\TBUF_X2'.
Removing unused module `\TBUF_X1'.
Removing unused module `\seq_SDFFSNQ_X1'.
Removing unused module `\SDFFSNQ_X1'.
Removing unused module `\seq_SDFFRNQ_X1'.
Removing unused module `\SDFFRNQ_X1'.
Removing unused module `\OR4_X2'.
Removing unused module `\OR4_X1'.
Removing unused module `\OR3_X2'.
Removing unused module `\OR3_X1'.
Removing unused module `\OR2_X2'.
Removing unused module `\OR2_X1'.
Removing unused module `\OAI22_X2'.
Removing unused module `\OAI22_X1'.
Removing unused module `\OAI21_X2'.
Removing unused module `\OAI21_X1'.
Removing unused module `\NOR4_X2'.
Removing unused module `\NOR4_X1'.
Removing unused module `\NOR3_X2'.
Removing unused module `\NOR3_X1'.
Removing unused module `\NOR2_X2'.
Removing unused module `\NOR2_X1'.
Removing unused module `\NAND4_X2'.
Removing unused module `\NAND4_X1'.
Removing unused module `\NAND3_X2'.
Removing unused module `\NAND3_X1'.
Removing unused module `\NAND2_X2'.
Removing unused module `\NAND2_X1'.
Removing unused module `\MUX2_X1'.
Removing unused module `\seq_LHQ_X1'.
Removing unused module `\LHQ_X1'.
Removing unused module `\INV_X16'.
Removing unused module `\INV_X12'.
Removing unused module `\INV_X8'.
Removing unused module `\INV_X4'.
Removing unused module `\INV_X2'.
Removing unused module `\INV_X1'.
Removing unused module `\HA_X1'.
Removing unused module `\FA_X1'.
Removing unused module `\seq_DFFSNQ_X1'.
Removing unused module `\DFFSNQ_X1'.
Removing unused module `\seq_DFFRNQ_X1'.
Removing unused module `\DFFRNQ_X1'.
Removing unused module `\seq_CLKGATETST_X1'.
Removing unused module `\CLKGATETST_X1'.
Removing unused module `\CLKBUF_X16'.
Removing unused module `\CLKBUF_X12'.
Removing unused module `\CLKBUF_X8'.
Removing unused module `\CLKBUF_X4'.
Removing unused module `\CLKBUF_X2'.
Removing unused module `\CLKBUF_X1'.
Removing unused module `\BUF_X16'.
Removing unused module `\BUF_X12'.
Removing unused module `\BUF_X8'.
Removing unused module `\BUF_X4'.
Removing unused module `\BUF_X2'.
Removing unused module `\BUF_X1'.
Removing unused module `\AOI22_X2'.
Removing unused module `\AOI22_X1'.
Removing unused module `\AOI21_X2'.
Removing unused module `\AOI21_X1'.
Removing unused module `\AND4_X2'.
Removing unused module `\AND4_X1'.
Removing unused module `\AND3_X2'.
Removing unused module `\AND3_X1'.
Removing unused module `\AND2_X2'.
Removing unused module `\AND2_X1'.
Removed 102 unused modules.
Mapping positional arguments of cell neuron_intra_Nbits.mults[7].mult1 ($paramod$3a9ab03ecb4efa8c240654e4c7efd8699dc26662\LOBA0s).
Mapping positional arguments of cell neuron_intra_Nbits.mults[7].mult_i ($paramod$3a9ab03ecb4efa8c240654e4c7efd8699dc26662\LOBA0s).
Mapping positional arguments of cell neuron_intra_Nbits.mults[6].mult1 ($paramod$3a9ab03ecb4efa8c240654e4c7efd8699dc26662\LOBA0s).
Mapping positional arguments of cell neuron_intra_Nbits.mults[6].mult_i ($paramod$3a9ab03ecb4efa8c240654e4c7efd8699dc26662\LOBA0s).
Mapping positional arguments of cell neuron_intra_Nbits.mults[5].mult1 ($paramod$3a9ab03ecb4efa8c240654e4c7efd8699dc26662\LOBA0s).
Mapping positional arguments of cell neuron_intra_Nbits.mults[5].mult_i ($paramod$3a9ab03ecb4efa8c240654e4c7efd8699dc26662\LOBA0s).
Mapping positional arguments of cell neuron_intra_Nbits.mults[4].mult1 ($paramod$3a9ab03ecb4efa8c240654e4c7efd8699dc26662\LOBA0s).
Mapping positional arguments of cell neuron_intra_Nbits.mults[4].mult_i ($paramod$3a9ab03ecb4efa8c240654e4c7efd8699dc26662\LOBA0s).
Mapping positional arguments of cell neuron_intra_Nbits.mults[3].mult1 ($paramod$3a9ab03ecb4efa8c240654e4c7efd8699dc26662\LOBA0s).
Mapping positional arguments of cell neuron_intra_Nbits.mults[3].mult_i ($paramod$3a9ab03ecb4efa8c240654e4c7efd8699dc26662\LOBA0s).
Mapping positional arguments of cell neuron_intra_Nbits.mults[2].mult1 ($paramod$3a9ab03ecb4efa8c240654e4c7efd8699dc26662\LOBA0s).
Mapping positional arguments of cell neuron_intra_Nbits.mults[2].mult_i ($paramod$3a9ab03ecb4efa8c240654e4c7efd8699dc26662\LOBA0s).
Mapping positional arguments of cell neuron_intra_Nbits.mults[1].mult1 ($paramod$3a9ab03ecb4efa8c240654e4c7efd8699dc26662\LOBA0s).
Mapping positional arguments of cell neuron_intra_Nbits.mults[1].mult_i ($paramod$3a9ab03ecb4efa8c240654e4c7efd8699dc26662\LOBA0s).
Mapping positional arguments of cell neuron_intra_Nbits.mults[0].mult1 ($paramod$3a9ab03ecb4efa8c240654e4c7efd8699dc26662\LOBA0s).
Mapping positional arguments of cell neuron_intra_Nbits.mults[0].mult_i ($paramod$3a9ab03ecb4efa8c240654e4c7efd8699dc26662\LOBA0s).
Warning: Resizing cell port $paramod$3a9ab03ecb4efa8c240654e4c7efd8699dc26662\LOBA_SPLIT.u5.select from 32 bits to 4 bits.
Warning: Resizing cell port neuron_intra_Nbits.mults[7].mult1.a from 1 bits to 16 bits.
Warning: Resizing cell port neuron_intra_Nbits.mults[7].mult1.b from 1 bits to 16 bits.
Warning: Resizing cell port neuron_intra_Nbits.mults[7].mult1.r from 1 bits to 32 bits.
Warning: Resizing cell port neuron_intra_Nbits.mults[7].mult_i.a from 8 bits to 16 bits.
Warning: Resizing cell port neuron_intra_Nbits.mults[7].mult_i.b from 8 bits to 16 bits.
Warning: Resizing cell port neuron_intra_Nbits.mults[6].mult1.a from 1 bits to 16 bits.
Warning: Resizing cell port neuron_intra_Nbits.mults[6].mult1.b from 1 bits to 16 bits.
Warning: Resizing cell port neuron_intra_Nbits.mults[6].mult1.r from 1 bits to 32 bits.
Warning: Resizing cell port neuron_intra_Nbits.mults[6].mult_i.a from 8 bits to 16 bits.
Warning: Resizing cell port neuron_intra_Nbits.mults[6].mult_i.b from 8 bits to 16 bits.
Warning: Resizing cell port neuron_intra_Nbits.mults[5].mult1.a from 1 bits to 16 bits.
Warning: Resizing cell port neuron_intra_Nbits.mults[5].mult1.b from 1 bits to 16 bits.
Warning: Resizing cell port neuron_intra_Nbits.mults[5].mult1.r from 1 bits to 32 bits.
Warning: Resizing cell port neuron_intra_Nbits.mults[5].mult_i.a from 8 bits to 16 bits.
Warning: Resizing cell port neuron_intra_Nbits.mults[5].mult_i.b from 8 bits to 16 bits.
Warning: Resizing cell port neuron_intra_Nbits.mults[4].mult1.a from 1 bits to 16 bits.
Warning: Resizing cell port neuron_intra_Nbits.mults[4].mult1.b from 1 bits to 16 bits.
Warning: Resizing cell port neuron_intra_Nbits.mults[4].mult1.r from 1 bits to 32 bits.
Warning: Resizing cell port neuron_intra_Nbits.mults[4].mult_i.a from 8 bits to 16 bits.
Warning: Resizing cell port neuron_intra_Nbits.mults[4].mult_i.b from 8 bits to 16 bits.
Warning: Resizing cell port neuron_intra_Nbits.mults[3].mult1.a from 1 bits to 16 bits.
Warning: Resizing cell port neuron_intra_Nbits.mults[3].mult1.b from 1 bits to 16 bits.
Warning: Resizing cell port neuron_intra_Nbits.mults[3].mult1.r from 1 bits to 32 bits.
Warning: Resizing cell port neuron_intra_Nbits.mults[3].mult_i.a from 8 bits to 16 bits.
Warning: Resizing cell port neuron_intra_Nbits.mults[3].mult_i.b from 8 bits to 16 bits.
Warning: Resizing cell port neuron_intra_Nbits.mults[2].mult1.a from 1 bits to 16 bits.
Warning: Resizing cell port neuron_intra_Nbits.mults[2].mult1.b from 1 bits to 16 bits.
Warning: Resizing cell port neuron_intra_Nbits.mults[2].mult1.r from 1 bits to 32 bits.
Warning: Resizing cell port neuron_intra_Nbits.mults[2].mult_i.a from 8 bits to 16 bits.
Warning: Resizing cell port neuron_intra_Nbits.mults[2].mult_i.b from 8 bits to 16 bits.
Warning: Resizing cell port neuron_intra_Nbits.mults[1].mult1.a from 1 bits to 16 bits.
Warning: Resizing cell port neuron_intra_Nbits.mults[1].mult1.b from 1 bits to 16 bits.
Warning: Resizing cell port neuron_intra_Nbits.mults[1].mult1.r from 1 bits to 32 bits.
Warning: Resizing cell port neuron_intra_Nbits.mults[1].mult_i.a from 8 bits to 16 bits.
Warning: Resizing cell port neuron_intra_Nbits.mults[1].mult_i.b from 8 bits to 16 bits.
Warning: Resizing cell port neuron_intra_Nbits.mults[0].mult1.a from 1 bits to 16 bits.
Warning: Resizing cell port neuron_intra_Nbits.mults[0].mult1.b from 1 bits to 16 bits.
Warning: Resizing cell port neuron_intra_Nbits.mults[0].mult1.r from 1 bits to 32 bits.
Warning: Resizing cell port neuron_intra_Nbits.mults[0].mult_i.a from 8 bits to 16 bits.
Warning: Resizing cell port neuron_intra_Nbits.mults[0].mult_i.b from 8 bits to 16 bits.

10. Executing PREP pass.

10.1. Executing HIERARCHY pass (managing design hierarchy).

10.1.1. Analyzing design hierarchy..
Top module:  \neuron_intra_Nbits
Used module:     $paramod$3a9ab03ecb4efa8c240654e4c7efd8699dc26662\LOBA0s
Used module:         $paramod$3a9ab03ecb4efa8c240654e4c7efd8699dc26662\LOBA0u
Used module:             $paramod$3a9ab03ecb4efa8c240654e4c7efd8699dc26662\LOBA_SPLIT
Used module:                 $paramod\LOBA_LOWER\N=s32'00000000000000000000000000010000
Used module:                 $paramod$3a9ab03ecb4efa8c240654e4c7efd8699dc26662\LOBA_MUX
Used module:                 $paramod\LOBA_LOB\N=s32'00000000000000000000000000010000

10.1.2. Analyzing design hierarchy..
Top module:  \neuron_intra_Nbits
Used module:     $paramod$3a9ab03ecb4efa8c240654e4c7efd8699dc26662\LOBA0s
Used module:         $paramod$3a9ab03ecb4efa8c240654e4c7efd8699dc26662\LOBA0u
Used module:             $paramod$3a9ab03ecb4efa8c240654e4c7efd8699dc26662\LOBA_SPLIT
Used module:                 $paramod\LOBA_LOWER\N=s32'00000000000000000000000000010000
Used module:                 $paramod$3a9ab03ecb4efa8c240654e4c7efd8699dc26662\LOBA_MUX
Used module:                 $paramod\LOBA_LOB\N=s32'00000000000000000000000000010000
Removed 0 unused modules.

10.2. Executing PROC pass (convert processes to netlists).

10.2.1. Executing PROC_CLEAN pass (remove empty switches from decision trees).
Cleaned up 0 empty switches.

10.2.2. Executing PROC_RMDEAD pass (remove dead branches from decision trees).
Marked 1 switch rules as full_case in process $proc$neuron_drums_4/neuron_intra_Nbits_LOBA0s_8/rtl/neuron_intra_Nbits.v:62$736 in module neuron_intra_Nbits.
Removed a total of 0 dead cases.

10.2.3. Executing PROC_PRUNE pass (remove redundant assignments in processes).
Removed 0 redundant assignments.
Promoted 34 assignments to connections.

10.2.4. Executing PROC_INIT pass (extract init attributes).

10.2.5. Executing PROC_ARST pass (detect async resets in processes).
Found async reset \rst in `\neuron_intra_Nbits.$proc$neuron_drums_4/neuron_intra_Nbits_LOBA0s_8/rtl/neuron_intra_Nbits.v:62$736'.

10.2.6. Executing PROC_ROM pass (convert switches to ROMs).
Converted 0 switches.
<suppressed ~44 debug messages>

10.2.7. Executing PROC_MUX pass (convert decision trees to multiplexers).
Creating decoders for process `$paramod\LOBA_LOWER\N=s32'00000000000000000000000000010000.$proc$/home/juliana/venv_pytorch/lib/python3.12/site-packages/MAxPy/vlib/AxArith/multipliers/LOBA.v:293$651'.
     1/2: $15\out[15:0] [15:1]
     2/2: $15\out[15:0] [0]
Creating decoders for process `$paramod\LOBA_LOWER\N=s32'00000000000000000000000000010000.$proc$/home/juliana/venv_pytorch/lib/python3.12/site-packages/MAxPy/vlib/AxArith/multipliers/LOBA.v:293$649'.
     1/2: $14\out[15:0] [15:2]
     2/2: $14\out[15:0] [1:0]
Creating decoders for process `$paramod\LOBA_LOWER\N=s32'00000000000000000000000000010000.$proc$/home/juliana/venv_pytorch/lib/python3.12/site-packages/MAxPy/vlib/AxArith/multipliers/LOBA.v:293$647'.
     1/2: $13\out[15:0] [15:3]
     2/2: $13\out[15:0] [2:0]
Creating decoders for process `$paramod\LOBA_LOWER\N=s32'00000000000000000000000000010000.$proc$/home/juliana/venv_pytorch/lib/python3.12/site-packages/MAxPy/vlib/AxArith/multipliers/LOBA.v:293$645'.
     1/2: $12\out[15:0] [15:4]
     2/2: $12\out[15:0] [3:0]
Creating decoders for process `$paramod\LOBA_LOWER\N=s32'00000000000000000000000000010000.$proc$/home/juliana/venv_pytorch/lib/python3.12/site-packages/MAxPy/vlib/AxArith/multipliers/LOBA.v:293$643'.
     1/2: $11\out[15:0] [15:5]
     2/2: $11\out[15:0] [4:0]
Creating decoders for process `$paramod\LOBA_LOWER\N=s32'00000000000000000000000000010000.$proc$/home/juliana/venv_pytorch/lib/python3.12/site-packages/MAxPy/vlib/AxArith/multipliers/LOBA.v:293$641'.
     1/2: $10\out[15:0] [15:6]
     2/2: $10\out[15:0] [5:0]
Creating decoders for process `$paramod\LOBA_LOWER\N=s32'00000000000000000000000000010000.$proc$/home/juliana/venv_pytorch/lib/python3.12/site-packages/MAxPy/vlib/AxArith/multipliers/LOBA.v:293$639'.
     1/2: $9\out[15:0] [15:7]
     2/2: $9\out[15:0] [6:0]
Creating decoders for process `$paramod\LOBA_LOWER\N=s32'00000000000000000000000000010000.$proc$/home/juliana/venv_pytorch/lib/python3.12/site-packages/MAxPy/vlib/AxArith/multipliers/LOBA.v:293$637'.
     1/2: $8\out[15:0] [15:8]
     2/2: $8\out[15:0] [7:0]
Creating decoders for process `$paramod\LOBA_LOWER\N=s32'00000000000000000000000000010000.$proc$/home/juliana/venv_pytorch/lib/python3.12/site-packages/MAxPy/vlib/AxArith/multipliers/LOBA.v:293$635'.
     1/2: $7\out[15:0] [15:9]
     2/2: $7\out[15:0] [8:0]
Creating decoders for process `$paramod\LOBA_LOWER\N=s32'00000000000000000000000000010000.$proc$/home/juliana/venv_pytorch/lib/python3.12/site-packages/MAxPy/vlib/AxArith/multipliers/LOBA.v:293$633'.
     1/2: $6\out[15:0] [15:10]
     2/2: $6\out[15:0] [9:0]
Creating decoders for process `$paramod\LOBA_LOWER\N=s32'00000000000000000000000000010000.$proc$/home/juliana/venv_pytorch/lib/python3.12/site-packages/MAxPy/vlib/AxArith/multipliers/LOBA.v:293$631'.
     1/2: $5\out[15:0] [15:11]
     2/2: $5\out[15:0] [10:0]
Creating decoders for process `$paramod\LOBA_LOWER\N=s32'00000000000000000000000000010000.$proc$/home/juliana/venv_pytorch/lib/python3.12/site-packages/MAxPy/vlib/AxArith/multipliers/LOBA.v:293$629'.
     1/2: $4\out[15:0] [15:12]
     2/2: $4\out[15:0] [11:0]
Creating decoders for process `$paramod\LOBA_LOWER\N=s32'00000000000000000000000000010000.$proc$/home/juliana/venv_pytorch/lib/python3.12/site-packages/MAxPy/vlib/AxArith/multipliers/LOBA.v:293$627'.
     1/2: $3\out[15:0] [15:13]
     2/2: $3\out[15:0] [12:0]
Creating decoders for process `$paramod\LOBA_LOWER\N=s32'00000000000000000000000000010000.$proc$/home/juliana/venv_pytorch/lib/python3.12/site-packages/MAxPy/vlib/AxArith/multipliers/LOBA.v:293$625'.
     1/2: $2\out[15:0] [15:14]
     2/2: $2\out[15:0] [13:0]
Creating decoders for process `$paramod\LOBA_LOWER\N=s32'00000000000000000000000000010000.$proc$/home/juliana/venv_pytorch/lib/python3.12/site-packages/MAxPy/vlib/AxArith/multipliers/LOBA.v:293$623'.
     1/2: $1\out[15:0] [15]
     2/2: $1\out[15:0] [14:0]
Creating decoders for process `$paramod\LOBA_LOWER\N=s32'00000000000000000000000000010000.$proc$/home/juliana/venv_pytorch/lib/python3.12/site-packages/MAxPy/vlib/AxArith/multipliers/LOBA.v:293$621'.
     1/1: $0\out[15:0]
Creating decoders for process `$paramod$3a9ab03ecb4efa8c240654e4c7efd8699dc26662\LOBA_SPLIT.$proc$/home/juliana/venv_pytorch/lib/python3.12/site-packages/MAxPy/vlib/AxArith/multipliers/LOBA.v:248$776'.
     1/2: $8\kl[3:0]
     2/2: $8\kh[3:0]
Creating decoders for process `$paramod$3a9ab03ecb4efa8c240654e4c7efd8699dc26662\LOBA_SPLIT.$proc$/home/juliana/venv_pytorch/lib/python3.12/site-packages/MAxPy/vlib/AxArith/multipliers/LOBA.v:248$773'.
     1/2: $7\kl[3:0]
     2/2: $7\kh[3:0]
Creating decoders for process `$paramod$3a9ab03ecb4efa8c240654e4c7efd8699dc26662\LOBA_SPLIT.$proc$/home/juliana/venv_pytorch/lib/python3.12/site-packages/MAxPy/vlib/AxArith/multipliers/LOBA.v:248$770'.
     1/2: $6\kl[3:0]
     2/2: $6\kh[3:0]
Creating decoders for process `$paramod$3a9ab03ecb4efa8c240654e4c7efd8699dc26662\LOBA_SPLIT.$proc$/home/juliana/venv_pytorch/lib/python3.12/site-packages/MAxPy/vlib/AxArith/multipliers/LOBA.v:248$767'.
     1/2: $5\kl[3:0]
     2/2: $5\kh[3:0]
Creating decoders for process `$paramod$3a9ab03ecb4efa8c240654e4c7efd8699dc26662\LOBA_SPLIT.$proc$/home/juliana/venv_pytorch/lib/python3.12/site-packages/MAxPy/vlib/AxArith/multipliers/LOBA.v:248$764'.
     1/2: $4\kl[3:0]
     2/2: $4\kh[3:0]
Creating decoders for process `$paramod$3a9ab03ecb4efa8c240654e4c7efd8699dc26662\LOBA_SPLIT.$proc$/home/juliana/venv_pytorch/lib/python3.12/site-packages/MAxPy/vlib/AxArith/multipliers/LOBA.v:248$761'.
     1/2: $3\kl[3:0]
     2/2: $3\kh[3:0]
Creating decoders for process `$paramod$3a9ab03ecb4efa8c240654e4c7efd8699dc26662\LOBA_SPLIT.$proc$/home/juliana/venv_pytorch/lib/python3.12/site-packages/MAxPy/vlib/AxArith/multipliers/LOBA.v:248$758'.
     1/2: $2\kl[3:0]
     2/2: $2\kh[3:0]
Creating decoders for process `$paramod$3a9ab03ecb4efa8c240654e4c7efd8699dc26662\LOBA_SPLIT.$proc$/home/juliana/venv_pytorch/lib/python3.12/site-packages/MAxPy/vlib/AxArith/multipliers/LOBA.v:248$755'.
     1/2: $1\kl[3:0]
     2/2: $1\kh[3:0]
Creating decoders for process `$paramod$3a9ab03ecb4efa8c240654e4c7efd8699dc26662\LOBA_SPLIT.$proc$/home/juliana/venv_pytorch/lib/python3.12/site-packages/MAxPy/vlib/AxArith/multipliers/LOBA.v:248$752'.
     1/2: $0\kl[3:0]
     2/2: $0\kh[3:0]
Creating decoders for process `\neuron_intra_Nbits.$proc$neuron_drums_4/neuron_intra_Nbits_LOBA0s_8/rtl/neuron_intra_Nbits.v:62$736'.
     1/2: $0\acc[15:0]
     2/2: $0\Out[7:0]
Creating decoders for process `$paramod\LOBA_LOB\N=s32'00000000000000000000000000010000.$proc$/home/juliana/venv_pytorch/lib/python3.12/site-packages/MAxPy/vlib/AxArith/multipliers/LOBA.v:311$667'.
Creating decoders for process `$paramod$3a9ab03ecb4efa8c240654e4c7efd8699dc26662\LOBA_MUX.$proc$/home/juliana/venv_pytorch/lib/python3.12/site-packages/MAxPy/vlib/AxArith/multipliers/LOBA.v:271$779'.
     1/1: $0\out[7:0]

10.2.8. Executing PROC_DLATCH pass (convert process syncs to latches).
Latch inferred for signal `$paramod\LOBA_LOWER\N=s32'00000000000000000000000000010000.\out' from process `$paramod\LOBA_LOWER\N=s32'00000000000000000000000000010000.$proc$/home/juliana/venv_pytorch/lib/python3.12/site-packages/MAxPy/vlib/AxArith/multipliers/LOBA.v:293$651': $auto$proc_dlatch.cc:427:proc_dlatch$927
Latch inferred for signal `$paramod\LOBA_LOWER\N=s32'00000000000000000000000000010000.\out' from process `$paramod\LOBA_LOWER\N=s32'00000000000000000000000000010000.$proc$/home/juliana/venv_pytorch/lib/python3.12/site-packages/MAxPy/vlib/AxArith/multipliers/LOBA.v:293$649': $auto$proc_dlatch.cc:427:proc_dlatch$938
Latch inferred for signal `$paramod\LOBA_LOWER\N=s32'00000000000000000000000000010000.\out' from process `$paramod\LOBA_LOWER\N=s32'00000000000000000000000000010000.$proc$/home/juliana/venv_pytorch/lib/python3.12/site-packages/MAxPy/vlib/AxArith/multipliers/LOBA.v:293$647': $auto$proc_dlatch.cc:427:proc_dlatch$949
Latch inferred for signal `$paramod\LOBA_LOWER\N=s32'00000000000000000000000000010000.\out' from process `$paramod\LOBA_LOWER\N=s32'00000000000000000000000000010000.$proc$/home/juliana/venv_pytorch/lib/python3.12/site-packages/MAxPy/vlib/AxArith/multipliers/LOBA.v:293$645': $auto$proc_dlatch.cc:427:proc_dlatch$960
Latch inferred for signal `$paramod\LOBA_LOWER\N=s32'00000000000000000000000000010000.\out' from process `$paramod\LOBA_LOWER\N=s32'00000000000000000000000000010000.$proc$/home/juliana/venv_pytorch/lib/python3.12/site-packages/MAxPy/vlib/AxArith/multipliers/LOBA.v:293$643': $auto$proc_dlatch.cc:427:proc_dlatch$971
Latch inferred for signal `$paramod\LOBA_LOWER\N=s32'00000000000000000000000000010000.\out' from process `$paramod\LOBA_LOWER\N=s32'00000000000000000000000000010000.$proc$/home/juliana/venv_pytorch/lib/python3.12/site-packages/MAxPy/vlib/AxArith/multipliers/LOBA.v:293$641': $auto$proc_dlatch.cc:427:proc_dlatch$982
Latch inferred for signal `$paramod\LOBA_LOWER\N=s32'00000000000000000000000000010000.\out' from process `$paramod\LOBA_LOWER\N=s32'00000000000000000000000000010000.$proc$/home/juliana/venv_pytorch/lib/python3.12/site-packages/MAxPy/vlib/AxArith/multipliers/LOBA.v:293$639': $auto$proc_dlatch.cc:427:proc_dlatch$993
Latch inferred for signal `$paramod\LOBA_LOWER\N=s32'00000000000000000000000000010000.\out' from process `$paramod\LOBA_LOWER\N=s32'00000000000000000000000000010000.$proc$/home/juliana/venv_pytorch/lib/python3.12/site-packages/MAxPy/vlib/AxArith/multipliers/LOBA.v:293$637': $auto$proc_dlatch.cc:427:proc_dlatch$1004
Latch inferred for signal `$paramod\LOBA_LOWER\N=s32'00000000000000000000000000010000.\out' from process `$paramod\LOBA_LOWER\N=s32'00000000000000000000000000010000.$proc$/home/juliana/venv_pytorch/lib/python3.12/site-packages/MAxPy/vlib/AxArith/multipliers/LOBA.v:293$635': $auto$proc_dlatch.cc:427:proc_dlatch$1015
Latch inferred for signal `$paramod\LOBA_LOWER\N=s32'00000000000000000000000000010000.\out' from process `$paramod\LOBA_LOWER\N=s32'00000000000000000000000000010000.$proc$/home/juliana/venv_pytorch/lib/python3.12/site-packages/MAxPy/vlib/AxArith/multipliers/LOBA.v:293$633': $auto$proc_dlatch.cc:427:proc_dlatch$1026
Latch inferred for signal `$paramod\LOBA_LOWER\N=s32'00000000000000000000000000010000.\out' from process `$paramod\LOBA_LOWER\N=s32'00000000000000000000000000010000.$proc$/home/juliana/venv_pytorch/lib/python3.12/site-packages/MAxPy/vlib/AxArith/multipliers/LOBA.v:293$631': $auto$proc_dlatch.cc:427:proc_dlatch$1037
Latch inferred for signal `$paramod\LOBA_LOWER\N=s32'00000000000000000000000000010000.\out' from process `$paramod\LOBA_LOWER\N=s32'00000000000000000000000000010000.$proc$/home/juliana/venv_pytorch/lib/python3.12/site-packages/MAxPy/vlib/AxArith/multipliers/LOBA.v:293$629': $auto$proc_dlatch.cc:427:proc_dlatch$1048
Latch inferred for signal `$paramod\LOBA_LOWER\N=s32'00000000000000000000000000010000.\out' from process `$paramod\LOBA_LOWER\N=s32'00000000000000000000000000010000.$proc$/home/juliana/venv_pytorch/lib/python3.12/site-packages/MAxPy/vlib/AxArith/multipliers/LOBA.v:293$627': $auto$proc_dlatch.cc:427:proc_dlatch$1059
Latch inferred for signal `$paramod\LOBA_LOWER\N=s32'00000000000000000000000000010000.\out' from process `$paramod\LOBA_LOWER\N=s32'00000000000000000000000000010000.$proc$/home/juliana/venv_pytorch/lib/python3.12/site-packages/MAxPy/vlib/AxArith/multipliers/LOBA.v:293$625': $auto$proc_dlatch.cc:427:proc_dlatch$1070
Latch inferred for signal `$paramod\LOBA_LOWER\N=s32'00000000000000000000000000010000.\out' from process `$paramod\LOBA_LOWER\N=s32'00000000000000000000000000010000.$proc$/home/juliana/venv_pytorch/lib/python3.12/site-packages/MAxPy/vlib/AxArith/multipliers/LOBA.v:293$623': $auto$proc_dlatch.cc:427:proc_dlatch$1081
Latch inferred for signal `$paramod\LOBA_LOWER\N=s32'00000000000000000000000000010000.\out' from process `$paramod\LOBA_LOWER\N=s32'00000000000000000000000000010000.$proc$/home/juliana/venv_pytorch/lib/python3.12/site-packages/MAxPy/vlib/AxArith/multipliers/LOBA.v:293$621': $auto$proc_dlatch.cc:427:proc_dlatch$1092
Latch inferred for signal `$paramod$3a9ab03ecb4efa8c240654e4c7efd8699dc26662\LOBA_SPLIT.\kh' from process `$paramod$3a9ab03ecb4efa8c240654e4c7efd8699dc26662\LOBA_SPLIT.$proc$/home/juliana/venv_pytorch/lib/python3.12/site-packages/MAxPy/vlib/AxArith/multipliers/LOBA.v:248$776': $auto$proc_dlatch.cc:427:proc_dlatch$1103
Latch inferred for signal `$paramod$3a9ab03ecb4efa8c240654e4c7efd8699dc26662\LOBA_SPLIT.\kl' from process `$paramod$3a9ab03ecb4efa8c240654e4c7efd8699dc26662\LOBA_SPLIT.$proc$/home/juliana/venv_pytorch/lib/python3.12/site-packages/MAxPy/vlib/AxArith/multipliers/LOBA.v:248$776': $auto$proc_dlatch.cc:427:proc_dlatch$1114
Latch inferred for signal `$paramod$3a9ab03ecb4efa8c240654e4c7efd8699dc26662\LOBA_SPLIT.\kh' from process `$paramod$3a9ab03ecb4efa8c240654e4c7efd8699dc26662\LOBA_SPLIT.$proc$/home/juliana/venv_pytorch/lib/python3.12/site-packages/MAxPy/vlib/AxArith/multipliers/LOBA.v:248$773': $auto$proc_dlatch.cc:427:proc_dlatch$1125
Latch inferred for signal `$paramod$3a9ab03ecb4efa8c240654e4c7efd8699dc26662\LOBA_SPLIT.\kl' from process `$paramod$3a9ab03ecb4efa8c240654e4c7efd8699dc26662\LOBA_SPLIT.$proc$/home/juliana/venv_pytorch/lib/python3.12/site-packages/MAxPy/vlib/AxArith/multipliers/LOBA.v:248$773': $auto$proc_dlatch.cc:427:proc_dlatch$1136
Latch inferred for signal `$paramod$3a9ab03ecb4efa8c240654e4c7efd8699dc26662\LOBA_SPLIT.\kh' from process `$paramod$3a9ab03ecb4efa8c240654e4c7efd8699dc26662\LOBA_SPLIT.$proc$/home/juliana/venv_pytorch/lib/python3.12/site-packages/MAxPy/vlib/AxArith/multipliers/LOBA.v:248$770': $auto$proc_dlatch.cc:427:proc_dlatch$1147
Latch inferred for signal `$paramod$3a9ab03ecb4efa8c240654e4c7efd8699dc26662\LOBA_SPLIT.\kl' from process `$paramod$3a9ab03ecb4efa8c240654e4c7efd8699dc26662\LOBA_SPLIT.$proc$/home/juliana/venv_pytorch/lib/python3.12/site-packages/MAxPy/vlib/AxArith/multipliers/LOBA.v:248$770': $auto$proc_dlatch.cc:427:proc_dlatch$1158
Latch inferred for signal `$paramod$3a9ab03ecb4efa8c240654e4c7efd8699dc26662\LOBA_SPLIT.\kh' from process `$paramod$3a9ab03ecb4efa8c240654e4c7efd8699dc26662\LOBA_SPLIT.$proc$/home/juliana/venv_pytorch/lib/python3.12/site-packages/MAxPy/vlib/AxArith/multipliers/LOBA.v:248$767': $auto$proc_dlatch.cc:427:proc_dlatch$1169
Latch inferred for signal `$paramod$3a9ab03ecb4efa8c240654e4c7efd8699dc26662\LOBA_SPLIT.\kl' from process `$paramod$3a9ab03ecb4efa8c240654e4c7efd8699dc26662\LOBA_SPLIT.$proc$/home/juliana/venv_pytorch/lib/python3.12/site-packages/MAxPy/vlib/AxArith/multipliers/LOBA.v:248$767': $auto$proc_dlatch.cc:427:proc_dlatch$1180
Latch inferred for signal `$paramod$3a9ab03ecb4efa8c240654e4c7efd8699dc26662\LOBA_SPLIT.\kh' from process `$paramod$3a9ab03ecb4efa8c240654e4c7efd8699dc26662\LOBA_SPLIT.$proc$/home/juliana/venv_pytorch/lib/python3.12/site-packages/MAxPy/vlib/AxArith/multipliers/LOBA.v:248$764': $auto$proc_dlatch.cc:427:proc_dlatch$1191
Latch inferred for signal `$paramod$3a9ab03ecb4efa8c240654e4c7efd8699dc26662\LOBA_SPLIT.\kl' from process `$paramod$3a9ab03ecb4efa8c240654e4c7efd8699dc26662\LOBA_SPLIT.$proc$/home/juliana/venv_pytorch/lib/python3.12/site-packages/MAxPy/vlib/AxArith/multipliers/LOBA.v:248$764': $auto$proc_dlatch.cc:427:proc_dlatch$1202
Latch inferred for signal `$paramod$3a9ab03ecb4efa8c240654e4c7efd8699dc26662\LOBA_SPLIT.\kh' from process `$paramod$3a9ab03ecb4efa8c240654e4c7efd8699dc26662\LOBA_SPLIT.$proc$/home/juliana/venv_pytorch/lib/python3.12/site-packages/MAxPy/vlib/AxArith/multipliers/LOBA.v:248$761': $auto$proc_dlatch.cc:427:proc_dlatch$1213
Latch inferred for signal `$paramod$3a9ab03ecb4efa8c240654e4c7efd8699dc26662\LOBA_SPLIT.\kl' from process `$paramod$3a9ab03ecb4efa8c240654e4c7efd8699dc26662\LOBA_SPLIT.$proc$/home/juliana/venv_pytorch/lib/python3.12/site-packages/MAxPy/vlib/AxArith/multipliers/LOBA.v:248$761': $auto$proc_dlatch.cc:427:proc_dlatch$1224
Latch inferred for signal `$paramod$3a9ab03ecb4efa8c240654e4c7efd8699dc26662\LOBA_SPLIT.\kh' from process `$paramod$3a9ab03ecb4efa8c240654e4c7efd8699dc26662\LOBA_SPLIT.$proc$/home/juliana/venv_pytorch/lib/python3.12/site-packages/MAxPy/vlib/AxArith/multipliers/LOBA.v:248$758': $auto$proc_dlatch.cc:427:proc_dlatch$1235
Latch inferred for signal `$paramod$3a9ab03ecb4efa8c240654e4c7efd8699dc26662\LOBA_SPLIT.\kl' from process `$paramod$3a9ab03ecb4efa8c240654e4c7efd8699dc26662\LOBA_SPLIT.$proc$/home/juliana/venv_pytorch/lib/python3.12/site-packages/MAxPy/vlib/AxArith/multipliers/LOBA.v:248$758': $auto$proc_dlatch.cc:427:proc_dlatch$1246
Latch inferred for signal `$paramod$3a9ab03ecb4efa8c240654e4c7efd8699dc26662\LOBA_SPLIT.\kh' from process `$paramod$3a9ab03ecb4efa8c240654e4c7efd8699dc26662\LOBA_SPLIT.$proc$/home/juliana/venv_pytorch/lib/python3.12/site-packages/MAxPy/vlib/AxArith/multipliers/LOBA.v:248$755': $auto$proc_dlatch.cc:427:proc_dlatch$1257
Latch inferred for signal `$paramod$3a9ab03ecb4efa8c240654e4c7efd8699dc26662\LOBA_SPLIT.\kl' from process `$paramod$3a9ab03ecb4efa8c240654e4c7efd8699dc26662\LOBA_SPLIT.$proc$/home/juliana/venv_pytorch/lib/python3.12/site-packages/MAxPy/vlib/AxArith/multipliers/LOBA.v:248$755': $auto$proc_dlatch.cc:427:proc_dlatch$1268
Latch inferred for signal `$paramod$3a9ab03ecb4efa8c240654e4c7efd8699dc26662\LOBA_SPLIT.\kh' from process `$paramod$3a9ab03ecb4efa8c240654e4c7efd8699dc26662\LOBA_SPLIT.$proc$/home/juliana/venv_pytorch/lib/python3.12/site-packages/MAxPy/vlib/AxArith/multipliers/LOBA.v:248$752': $auto$proc_dlatch.cc:427:proc_dlatch$1279
Latch inferred for signal `$paramod$3a9ab03ecb4efa8c240654e4c7efd8699dc26662\LOBA_SPLIT.\kl' from process `$paramod$3a9ab03ecb4efa8c240654e4c7efd8699dc26662\LOBA_SPLIT.$proc$/home/juliana/venv_pytorch/lib/python3.12/site-packages/MAxPy/vlib/AxArith/multipliers/LOBA.v:248$752': $auto$proc_dlatch.cc:427:proc_dlatch$1290
No latch inferred for signal `$paramod\LOBA_LOB\N=s32'00000000000000000000000000010000.\k' from process `$paramod\LOBA_LOB\N=s32'00000000000000000000000000010000.$proc$/home/juliana/venv_pytorch/lib/python3.12/site-packages/MAxPy/vlib/AxArith/multipliers/LOBA.v:311$667'.
No latch inferred for signal `$paramod\LOBA_LOB\N=s32'00000000000000000000000000010000.\w' from process `$paramod\LOBA_LOB\N=s32'00000000000000000000000000010000.$proc$/home/juliana/venv_pytorch/lib/python3.12/site-packages/MAxPy/vlib/AxArith/multipliers/LOBA.v:311$667'.
No latch inferred for signal `$paramod\LOBA_LOB\N=s32'00000000000000000000000000010000.\y' from process `$paramod\LOBA_LOB\N=s32'00000000000000000000000000010000.$proc$/home/juliana/venv_pytorch/lib/python3.12/site-packages/MAxPy/vlib/AxArith/multipliers/LOBA.v:311$667'.
No latch inferred for signal `$paramod$3a9ab03ecb4efa8c240654e4c7efd8699dc26662\LOBA_MUX.\out' from process `$paramod$3a9ab03ecb4efa8c240654e4c7efd8699dc26662\LOBA_MUX.$proc$/home/juliana/venv_pytorch/lib/python3.12/site-packages/MAxPy/vlib/AxArith/multipliers/LOBA.v:271$779'.
No latch inferred for signal `$paramod$3a9ab03ecb4efa8c240654e4c7efd8699dc26662\LOBA_MUX.\i' from process `$paramod$3a9ab03ecb4efa8c240654e4c7efd8699dc26662\LOBA_MUX.$proc$/home/juliana/venv_pytorch/lib/python3.12/site-packages/MAxPy/vlib/AxArith/multipliers/LOBA.v:271$779'.

10.2.9. Executing PROC_DFF pass (convert process syncs to FFs).
Creating register for signal `\neuron_intra_Nbits.\Out' using process `\neuron_intra_Nbits.$proc$neuron_drums_4/neuron_intra_Nbits_LOBA0s_8/rtl/neuron_intra_Nbits.v:62$736'.
  created $adff cell `$procdff$1291' with positive edge clock and positive level reset.
Creating register for signal `\neuron_intra_Nbits.\acc' using process `\neuron_intra_Nbits.$proc$neuron_drums_4/neuron_intra_Nbits_LOBA0s_8/rtl/neuron_intra_Nbits.v:62$736'.
  created $adff cell `$procdff$1292' with positive edge clock and positive level reset.

10.2.10. Executing PROC_MEMWR pass (convert process memory writes to cells).

10.2.11. Executing PROC_CLEAN pass (remove empty switches from decision trees).
Found and cleaned up 1 empty switch in `$paramod\LOBA_LOWER\N=s32'00000000000000000000000000010000.$proc$/home/juliana/venv_pytorch/lib/python3.12/site-packages/MAxPy/vlib/AxArith/multipliers/LOBA.v:293$651'.
Removing empty process `$paramod\LOBA_LOWER\N=s32'00000000000000000000000000010000.$proc$/home/juliana/venv_pytorch/lib/python3.12/site-packages/MAxPy/vlib/AxArith/multipliers/LOBA.v:293$651'.
Found and cleaned up 1 empty switch in `$paramod\LOBA_LOWER\N=s32'00000000000000000000000000010000.$proc$/home/juliana/venv_pytorch/lib/python3.12/site-packages/MAxPy/vlib/AxArith/multipliers/LOBA.v:293$649'.
Removing empty process `$paramod\LOBA_LOWER\N=s32'00000000000000000000000000010000.$proc$/home/juliana/venv_pytorch/lib/python3.12/site-packages/MAxPy/vlib/AxArith/multipliers/LOBA.v:293$649'.
Found and cleaned up 1 empty switch in `$paramod\LOBA_LOWER\N=s32'00000000000000000000000000010000.$proc$/home/juliana/venv_pytorch/lib/python3.12/site-packages/MAxPy/vlib/AxArith/multipliers/LOBA.v:293$647'.
Removing empty process `$paramod\LOBA_LOWER\N=s32'00000000000000000000000000010000.$proc$/home/juliana/venv_pytorch/lib/python3.12/site-packages/MAxPy/vlib/AxArith/multipliers/LOBA.v:293$647'.
Found and cleaned up 1 empty switch in `$paramod\LOBA_LOWER\N=s32'00000000000000000000000000010000.$proc$/home/juliana/venv_pytorch/lib/python3.12/site-packages/MAxPy/vlib/AxArith/multipliers/LOBA.v:293$645'.
Removing empty process `$paramod\LOBA_LOWER\N=s32'00000000000000000000000000010000.$proc$/home/juliana/venv_pytorch/lib/python3.12/site-packages/MAxPy/vlib/AxArith/multipliers/LOBA.v:293$645'.
Found and cleaned up 1 empty switch in `$paramod\LOBA_LOWER\N=s32'00000000000000000000000000010000.$proc$/home/juliana/venv_pytorch/lib/python3.12/site-packages/MAxPy/vlib/AxArith/multipliers/LOBA.v:293$643'.
Removing empty process `$paramod\LOBA_LOWER\N=s32'00000000000000000000000000010000.$proc$/home/juliana/venv_pytorch/lib/python3.12/site-packages/MAxPy/vlib/AxArith/multipliers/LOBA.v:293$643'.
Found and cleaned up 1 empty switch in `$paramod\LOBA_LOWER\N=s32'00000000000000000000000000010000.$proc$/home/juliana/venv_pytorch/lib/python3.12/site-packages/MAxPy/vlib/AxArith/multipliers/LOBA.v:293$641'.
Removing empty process `$paramod\LOBA_LOWER\N=s32'00000000000000000000000000010000.$proc$/home/juliana/venv_pytorch/lib/python3.12/site-packages/MAxPy/vlib/AxArith/multipliers/LOBA.v:293$641'.
Found and cleaned up 1 empty switch in `$paramod\LOBA_LOWER\N=s32'00000000000000000000000000010000.$proc$/home/juliana/venv_pytorch/lib/python3.12/site-packages/MAxPy/vlib/AxArith/multipliers/LOBA.v:293$639'.
Removing empty process `$paramod\LOBA_LOWER\N=s32'00000000000000000000000000010000.$proc$/home/juliana/venv_pytorch/lib/python3.12/site-packages/MAxPy/vlib/AxArith/multipliers/LOBA.v:293$639'.
Found and cleaned up 1 empty switch in `$paramod\LOBA_LOWER\N=s32'00000000000000000000000000010000.$proc$/home/juliana/venv_pytorch/lib/python3.12/site-packages/MAxPy/vlib/AxArith/multipliers/LOBA.v:293$637'.
Removing empty process `$paramod\LOBA_LOWER\N=s32'00000000000000000000000000010000.$proc$/home/juliana/venv_pytorch/lib/python3.12/site-packages/MAxPy/vlib/AxArith/multipliers/LOBA.v:293$637'.
Found and cleaned up 1 empty switch in `$paramod\LOBA_LOWER\N=s32'00000000000000000000000000010000.$proc$/home/juliana/venv_pytorch/lib/python3.12/site-packages/MAxPy/vlib/AxArith/multipliers/LOBA.v:293$635'.
Removing empty process `$paramod\LOBA_LOWER\N=s32'00000000000000000000000000010000.$proc$/home/juliana/venv_pytorch/lib/python3.12/site-packages/MAxPy/vlib/AxArith/multipliers/LOBA.v:293$635'.
Found and cleaned up 1 empty switch in `$paramod\LOBA_LOWER\N=s32'00000000000000000000000000010000.$proc$/home/juliana/venv_pytorch/lib/python3.12/site-packages/MAxPy/vlib/AxArith/multipliers/LOBA.v:293$633'.
Removing empty process `$paramod\LOBA_LOWER\N=s32'00000000000000000000000000010000.$proc$/home/juliana/venv_pytorch/lib/python3.12/site-packages/MAxPy/vlib/AxArith/multipliers/LOBA.v:293$633'.
Found and cleaned up 1 empty switch in `$paramod\LOBA_LOWER\N=s32'00000000000000000000000000010000.$proc$/home/juliana/venv_pytorch/lib/python3.12/site-packages/MAxPy/vlib/AxArith/multipliers/LOBA.v:293$631'.
Removing empty process `$paramod\LOBA_LOWER\N=s32'00000000000000000000000000010000.$proc$/home/juliana/venv_pytorch/lib/python3.12/site-packages/MAxPy/vlib/AxArith/multipliers/LOBA.v:293$631'.
Found and cleaned up 1 empty switch in `$paramod\LOBA_LOWER\N=s32'00000000000000000000000000010000.$proc$/home/juliana/venv_pytorch/lib/python3.12/site-packages/MAxPy/vlib/AxArith/multipliers/LOBA.v:293$629'.
Removing empty process `$paramod\LOBA_LOWER\N=s32'00000000000000000000000000010000.$proc$/home/juliana/venv_pytorch/lib/python3.12/site-packages/MAxPy/vlib/AxArith/multipliers/LOBA.v:293$629'.
Found and cleaned up 1 empty switch in `$paramod\LOBA_LOWER\N=s32'00000000000000000000000000010000.$proc$/home/juliana/venv_pytorch/lib/python3.12/site-packages/MAxPy/vlib/AxArith/multipliers/LOBA.v:293$627'.
Removing empty process `$paramod\LOBA_LOWER\N=s32'00000000000000000000000000010000.$proc$/home/juliana/venv_pytorch/lib/python3.12/site-packages/MAxPy/vlib/AxArith/multipliers/LOBA.v:293$627'.
Found and cleaned up 1 empty switch in `$paramod\LOBA_LOWER\N=s32'00000000000000000000000000010000.$proc$/home/juliana/venv_pytorch/lib/python3.12/site-packages/MAxPy/vlib/AxArith/multipliers/LOBA.v:293$625'.
Removing empty process `$paramod\LOBA_LOWER\N=s32'00000000000000000000000000010000.$proc$/home/juliana/venv_pytorch/lib/python3.12/site-packages/MAxPy/vlib/AxArith/multipliers/LOBA.v:293$625'.
Found and cleaned up 1 empty switch in `$paramod\LOBA_LOWER\N=s32'00000000000000000000000000010000.$proc$/home/juliana/venv_pytorch/lib/python3.12/site-packages/MAxPy/vlib/AxArith/multipliers/LOBA.v:293$623'.
Removing empty process `$paramod\LOBA_LOWER\N=s32'00000000000000000000000000010000.$proc$/home/juliana/venv_pytorch/lib/python3.12/site-packages/MAxPy/vlib/AxArith/multipliers/LOBA.v:293$623'.
Found and cleaned up 1 empty switch in `$paramod\LOBA_LOWER\N=s32'00000000000000000000000000010000.$proc$/home/juliana/venv_pytorch/lib/python3.12/site-packages/MAxPy/vlib/AxArith/multipliers/LOBA.v:293$621'.
Removing empty process `$paramod\LOBA_LOWER\N=s32'00000000000000000000000000010000.$proc$/home/juliana/venv_pytorch/lib/python3.12/site-packages/MAxPy/vlib/AxArith/multipliers/LOBA.v:293$621'.
Found and cleaned up 2 empty switches in `$paramod$3a9ab03ecb4efa8c240654e4c7efd8699dc26662\LOBA_SPLIT.$proc$/home/juliana/venv_pytorch/lib/python3.12/site-packages/MAxPy/vlib/AxArith/multipliers/LOBA.v:248$776'.
Removing empty process `$paramod$3a9ab03ecb4efa8c240654e4c7efd8699dc26662\LOBA_SPLIT.$proc$/home/juliana/venv_pytorch/lib/python3.12/site-packages/MAxPy/vlib/AxArith/multipliers/LOBA.v:248$776'.
Found and cleaned up 2 empty switches in `$paramod$3a9ab03ecb4efa8c240654e4c7efd8699dc26662\LOBA_SPLIT.$proc$/home/juliana/venv_pytorch/lib/python3.12/site-packages/MAxPy/vlib/AxArith/multipliers/LOBA.v:248$773'.
Removing empty process `$paramod$3a9ab03ecb4efa8c240654e4c7efd8699dc26662\LOBA_SPLIT.$proc$/home/juliana/venv_pytorch/lib/python3.12/site-packages/MAxPy/vlib/AxArith/multipliers/LOBA.v:248$773'.
Found and cleaned up 2 empty switches in `$paramod$3a9ab03ecb4efa8c240654e4c7efd8699dc26662\LOBA_SPLIT.$proc$/home/juliana/venv_pytorch/lib/python3.12/site-packages/MAxPy/vlib/AxArith/multipliers/LOBA.v:248$770'.
Removing empty process `$paramod$3a9ab03ecb4efa8c240654e4c7efd8699dc26662\LOBA_SPLIT.$proc$/home/juliana/venv_pytorch/lib/python3.12/site-packages/MAxPy/vlib/AxArith/multipliers/LOBA.v:248$770'.
Found and cleaned up 2 empty switches in `$paramod$3a9ab03ecb4efa8c240654e4c7efd8699dc26662\LOBA_SPLIT.$proc$/home/juliana/venv_pytorch/lib/python3.12/site-packages/MAxPy/vlib/AxArith/multipliers/LOBA.v:248$767'.
Removing empty process `$paramod$3a9ab03ecb4efa8c240654e4c7efd8699dc26662\LOBA_SPLIT.$proc$/home/juliana/venv_pytorch/lib/python3.12/site-packages/MAxPy/vlib/AxArith/multipliers/LOBA.v:248$767'.
Found and cleaned up 2 empty switches in `$paramod$3a9ab03ecb4efa8c240654e4c7efd8699dc26662\LOBA_SPLIT.$proc$/home/juliana/venv_pytorch/lib/python3.12/site-packages/MAxPy/vlib/AxArith/multipliers/LOBA.v:248$764'.
Removing empty process `$paramod$3a9ab03ecb4efa8c240654e4c7efd8699dc26662\LOBA_SPLIT.$proc$/home/juliana/venv_pytorch/lib/python3.12/site-packages/MAxPy/vlib/AxArith/multipliers/LOBA.v:248$764'.
Found and cleaned up 2 empty switches in `$paramod$3a9ab03ecb4efa8c240654e4c7efd8699dc26662\LOBA_SPLIT.$proc$/home/juliana/venv_pytorch/lib/python3.12/site-packages/MAxPy/vlib/AxArith/multipliers/LOBA.v:248$761'.
Removing empty process `$paramod$3a9ab03ecb4efa8c240654e4c7efd8699dc26662\LOBA_SPLIT.$proc$/home/juliana/venv_pytorch/lib/python3.12/site-packages/MAxPy/vlib/AxArith/multipliers/LOBA.v:248$761'.
Found and cleaned up 2 empty switches in `$paramod$3a9ab03ecb4efa8c240654e4c7efd8699dc26662\LOBA_SPLIT.$proc$/home/juliana/venv_pytorch/lib/python3.12/site-packages/MAxPy/vlib/AxArith/multipliers/LOBA.v:248$758'.
Removing empty process `$paramod$3a9ab03ecb4efa8c240654e4c7efd8699dc26662\LOBA_SPLIT.$proc$/home/juliana/venv_pytorch/lib/python3.12/site-packages/MAxPy/vlib/AxArith/multipliers/LOBA.v:248$758'.
Found and cleaned up 2 empty switches in `$paramod$3a9ab03ecb4efa8c240654e4c7efd8699dc26662\LOBA_SPLIT.$proc$/home/juliana/venv_pytorch/lib/python3.12/site-packages/MAxPy/vlib/AxArith/multipliers/LOBA.v:248$755'.
Removing empty process `$paramod$3a9ab03ecb4efa8c240654e4c7efd8699dc26662\LOBA_SPLIT.$proc$/home/juliana/venv_pytorch/lib/python3.12/site-packages/MAxPy/vlib/AxArith/multipliers/LOBA.v:248$755'.
Found and cleaned up 2 empty switches in `$paramod$3a9ab03ecb4efa8c240654e4c7efd8699dc26662\LOBA_SPLIT.$proc$/home/juliana/venv_pytorch/lib/python3.12/site-packages/MAxPy/vlib/AxArith/multipliers/LOBA.v:248$752'.
Removing empty process `$paramod$3a9ab03ecb4efa8c240654e4c7efd8699dc26662\LOBA_SPLIT.$proc$/home/juliana/venv_pytorch/lib/python3.12/site-packages/MAxPy/vlib/AxArith/multipliers/LOBA.v:248$752'.
Found and cleaned up 1 empty switch in `\neuron_intra_Nbits.$proc$neuron_drums_4/neuron_intra_Nbits_LOBA0s_8/rtl/neuron_intra_Nbits.v:62$736'.
Removing empty process `neuron_intra_Nbits.$proc$neuron_drums_4/neuron_intra_Nbits_LOBA0s_8/rtl/neuron_intra_Nbits.v:62$736'.
Removing empty process `$paramod\LOBA_LOB\N=s32'00000000000000000000000000010000.$proc$/home/juliana/venv_pytorch/lib/python3.12/site-packages/MAxPy/vlib/AxArith/multipliers/LOBA.v:311$667'.
Found and cleaned up 9 empty switches in `$paramod$3a9ab03ecb4efa8c240654e4c7efd8699dc26662\LOBA_MUX.$proc$/home/juliana/venv_pytorch/lib/python3.12/site-packages/MAxPy/vlib/AxArith/multipliers/LOBA.v:271$779'.
Removing empty process `$paramod$3a9ab03ecb4efa8c240654e4c7efd8699dc26662\LOBA_MUX.$proc$/home/juliana/venv_pytorch/lib/python3.12/site-packages/MAxPy/vlib/AxArith/multipliers/LOBA.v:271$779'.
Cleaned up 44 empty switches.

10.2.12. Executing OPT_EXPR pass (perform const folding).
Optimizing module $paramod\LOBA_LOWER\N=s32'00000000000000000000000000010000.
<suppressed ~116 debug messages>
Optimizing module $paramod$3a9ab03ecb4efa8c240654e4c7efd8699dc26662\LOBA_SPLIT.
<suppressed ~126 debug messages>
Optimizing module $paramod$3a9ab03ecb4efa8c240654e4c7efd8699dc26662\LOBA0u.
Optimizing module $paramod$3a9ab03ecb4efa8c240654e4c7efd8699dc26662\LOBA0s.
Optimizing module neuron_intra_Nbits.
<suppressed ~1 debug messages>
Optimizing module $paramod\LOBA_LOB\N=s32'00000000000000000000000000010000.
Optimizing module $paramod$3a9ab03ecb4efa8c240654e4c7efd8699dc26662\LOBA_MUX.

10.3. Executing OPT_EXPR pass (perform const folding).
Optimizing module $paramod\LOBA_LOWER\N=s32'00000000000000000000000000010000.
Optimizing module $paramod$3a9ab03ecb4efa8c240654e4c7efd8699dc26662\LOBA_SPLIT.
Optimizing module $paramod$3a9ab03ecb4efa8c240654e4c7efd8699dc26662\LOBA0u.
Optimizing module $paramod$3a9ab03ecb4efa8c240654e4c7efd8699dc26662\LOBA0s.
Optimizing module neuron_intra_Nbits.
Optimizing module $paramod\LOBA_LOB\N=s32'00000000000000000000000000010000.
Optimizing module $paramod$3a9ab03ecb4efa8c240654e4c7efd8699dc26662\LOBA_MUX.

10.4. Executing OPT_CLEAN pass (remove unused cells and wires).
Finding unused cells or wires in module $paramod\LOBA_LOWER\N=s32'00000000000000000000000000010000..
Finding unused cells or wires in module $paramod$3a9ab03ecb4efa8c240654e4c7efd8699dc26662\LOBA_SPLIT..
Finding unused cells or wires in module $paramod$3a9ab03ecb4efa8c240654e4c7efd8699dc26662\LOBA0u..
Finding unused cells or wires in module $paramod$3a9ab03ecb4efa8c240654e4c7efd8699dc26662\LOBA0s..
Finding unused cells or wires in module \neuron_intra_Nbits..
Finding unused cells or wires in module $paramod\LOBA_LOB\N=s32'00000000000000000000000000010000..
Finding unused cells or wires in module $paramod$3a9ab03ecb4efa8c240654e4c7efd8699dc26662\LOBA_MUX..
Removed 43 unused cells and 396 unused wires.
<suppressed ~72 debug messages>

10.5. Executing CHECK pass (checking for obvious problems).
Checking module $paramod$3a9ab03ecb4efa8c240654e4c7efd8699dc26662\LOBA0s...
Checking module $paramod$3a9ab03ecb4efa8c240654e4c7efd8699dc26662\LOBA0u...
Checking module $paramod$3a9ab03ecb4efa8c240654e4c7efd8699dc26662\LOBA_MUX...
Checking module $paramod$3a9ab03ecb4efa8c240654e4c7efd8699dc26662\LOBA_SPLIT...
Warning: multiple conflicting drivers for $paramod$3a9ab03ecb4efa8c240654e4c7efd8699dc26662\LOBA_SPLIT.\kl [3]:
    port Q[3] of cell $auto$proc_dlatch.cc:427:proc_dlatch$1114 ($dlatch)
    port Q[3] of cell $auto$proc_dlatch.cc:427:proc_dlatch$1136 ($dlatch)
    port Q[3] of cell $auto$proc_dlatch.cc:427:proc_dlatch$1158 ($dlatch)
    port Q[3] of cell $auto$proc_dlatch.cc:427:proc_dlatch$1180 ($dlatch)
    port Q[3] of cell $auto$proc_dlatch.cc:427:proc_dlatch$1202 ($dlatch)
    port Q[3] of cell $auto$proc_dlatch.cc:427:proc_dlatch$1224 ($dlatch)
    port Q[3] of cell $auto$proc_dlatch.cc:427:proc_dlatch$1246 ($dlatch)
    port Q[3] of cell $auto$proc_dlatch.cc:427:proc_dlatch$1268 ($dlatch)
    port Q[3] of cell $auto$proc_dlatch.cc:427:proc_dlatch$1290 ($dlatch)
Warning: multiple conflicting drivers for $paramod$3a9ab03ecb4efa8c240654e4c7efd8699dc26662\LOBA_SPLIT.\kl [2]:
    port Q[2] of cell $auto$proc_dlatch.cc:427:proc_dlatch$1114 ($dlatch)
    port Q[2] of cell $auto$proc_dlatch.cc:427:proc_dlatch$1136 ($dlatch)
    port Q[2] of cell $auto$proc_dlatch.cc:427:proc_dlatch$1158 ($dlatch)
    port Q[2] of cell $auto$proc_dlatch.cc:427:proc_dlatch$1180 ($dlatch)
    port Q[2] of cell $auto$proc_dlatch.cc:427:proc_dlatch$1202 ($dlatch)
    port Q[2] of cell $auto$proc_dlatch.cc:427:proc_dlatch$1224 ($dlatch)
    port Q[2] of cell $auto$proc_dlatch.cc:427:proc_dlatch$1246 ($dlatch)
    port Q[2] of cell $auto$proc_dlatch.cc:427:proc_dlatch$1268 ($dlatch)
    port Q[2] of cell $auto$proc_dlatch.cc:427:proc_dlatch$1290 ($dlatch)
Warning: multiple conflicting drivers for $paramod$3a9ab03ecb4efa8c240654e4c7efd8699dc26662\LOBA_SPLIT.\kl [1]:
    port Q[1] of cell $auto$proc_dlatch.cc:427:proc_dlatch$1114 ($dlatch)
    port Q[1] of cell $auto$proc_dlatch.cc:427:proc_dlatch$1136 ($dlatch)
    port Q[1] of cell $auto$proc_dlatch.cc:427:proc_dlatch$1158 ($dlatch)
    port Q[1] of cell $auto$proc_dlatch.cc:427:proc_dlatch$1180 ($dlatch)
    port Q[1] of cell $auto$proc_dlatch.cc:427:proc_dlatch$1202 ($dlatch)
    port Q[1] of cell $auto$proc_dlatch.cc:427:proc_dlatch$1224 ($dlatch)
    port Q[1] of cell $auto$proc_dlatch.cc:427:proc_dlatch$1246 ($dlatch)
    port Q[1] of cell $auto$proc_dlatch.cc:427:proc_dlatch$1268 ($dlatch)
    port Q[1] of cell $auto$proc_dlatch.cc:427:proc_dlatch$1290 ($dlatch)
Warning: multiple conflicting drivers for $paramod$3a9ab03ecb4efa8c240654e4c7efd8699dc26662\LOBA_SPLIT.\kl [0]:
    port Q[0] of cell $auto$proc_dlatch.cc:427:proc_dlatch$1114 ($dlatch)
    port Q[0] of cell $auto$proc_dlatch.cc:427:proc_dlatch$1136 ($dlatch)
    port Q[0] of cell $auto$proc_dlatch.cc:427:proc_dlatch$1158 ($dlatch)
    port Q[0] of cell $auto$proc_dlatch.cc:427:proc_dlatch$1180 ($dlatch)
    port Q[0] of cell $auto$proc_dlatch.cc:427:proc_dlatch$1202 ($dlatch)
    port Q[0] of cell $auto$proc_dlatch.cc:427:proc_dlatch$1224 ($dlatch)
    port Q[0] of cell $auto$proc_dlatch.cc:427:proc_dlatch$1246 ($dlatch)
    port Q[0] of cell $auto$proc_dlatch.cc:427:proc_dlatch$1268 ($dlatch)
    port Q[0] of cell $auto$proc_dlatch.cc:427:proc_dlatch$1290 ($dlatch)
Warning: multiple conflicting drivers for $paramod$3a9ab03ecb4efa8c240654e4c7efd8699dc26662\LOBA_SPLIT.\kh [3]:
    port Q[3] of cell $auto$proc_dlatch.cc:427:proc_dlatch$1103 ($dlatch)
    port Q[3] of cell $auto$proc_dlatch.cc:427:proc_dlatch$1125 ($dlatch)
    port Q[3] of cell $auto$proc_dlatch.cc:427:proc_dlatch$1147 ($dlatch)
    port Q[3] of cell $auto$proc_dlatch.cc:427:proc_dlatch$1169 ($dlatch)
    port Q[3] of cell $auto$proc_dlatch.cc:427:proc_dlatch$1191 ($dlatch)
    port Q[3] of cell $auto$proc_dlatch.cc:427:proc_dlatch$1213 ($dlatch)
    port Q[3] of cell $auto$proc_dlatch.cc:427:proc_dlatch$1235 ($dlatch)
    port Q[3] of cell $auto$proc_dlatch.cc:427:proc_dlatch$1257 ($dlatch)
    port Q[3] of cell $auto$proc_dlatch.cc:427:proc_dlatch$1279 ($dlatch)
Warning: multiple conflicting drivers for $paramod$3a9ab03ecb4efa8c240654e4c7efd8699dc26662\LOBA_SPLIT.\kh [2]:
    port Q[2] of cell $auto$proc_dlatch.cc:427:proc_dlatch$1103 ($dlatch)
    port Q[2] of cell $auto$proc_dlatch.cc:427:proc_dlatch$1125 ($dlatch)
    port Q[2] of cell $auto$proc_dlatch.cc:427:proc_dlatch$1147 ($dlatch)
    port Q[2] of cell $auto$proc_dlatch.cc:427:proc_dlatch$1169 ($dlatch)
    port Q[2] of cell $auto$proc_dlatch.cc:427:proc_dlatch$1191 ($dlatch)
    port Q[2] of cell $auto$proc_dlatch.cc:427:proc_dlatch$1213 ($dlatch)
    port Q[2] of cell $auto$proc_dlatch.cc:427:proc_dlatch$1235 ($dlatch)
    port Q[2] of cell $auto$proc_dlatch.cc:427:proc_dlatch$1257 ($dlatch)
    port Q[2] of cell $auto$proc_dlatch.cc:427:proc_dlatch$1279 ($dlatch)
Warning: multiple conflicting drivers for $paramod$3a9ab03ecb4efa8c240654e4c7efd8699dc26662\LOBA_SPLIT.\kh [1]:
    port Q[1] of cell $auto$proc_dlatch.cc:427:proc_dlatch$1103 ($dlatch)
    port Q[1] of cell $auto$proc_dlatch.cc:427:proc_dlatch$1125 ($dlatch)
    port Q[1] of cell $auto$proc_dlatch.cc:427:proc_dlatch$1147 ($dlatch)
    port Q[1] of cell $auto$proc_dlatch.cc:427:proc_dlatch$1169 ($dlatch)
    port Q[1] of cell $auto$proc_dlatch.cc:427:proc_dlatch$1191 ($dlatch)
    port Q[1] of cell $auto$proc_dlatch.cc:427:proc_dlatch$1213 ($dlatch)
    port Q[1] of cell $auto$proc_dlatch.cc:427:proc_dlatch$1235 ($dlatch)
    port Q[1] of cell $auto$proc_dlatch.cc:427:proc_dlatch$1257 ($dlatch)
    port Q[1] of cell $auto$proc_dlatch.cc:427:proc_dlatch$1279 ($dlatch)
Warning: multiple conflicting drivers for $paramod$3a9ab03ecb4efa8c240654e4c7efd8699dc26662\LOBA_SPLIT.\kh [0]:
    port Q[0] of cell $auto$proc_dlatch.cc:427:proc_dlatch$1103 ($dlatch)
    port Q[0] of cell $auto$proc_dlatch.cc:427:proc_dlatch$1125 ($dlatch)
    port Q[0] of cell $auto$proc_dlatch.cc:427:proc_dlatch$1147 ($dlatch)
    port Q[0] of cell $auto$proc_dlatch.cc:427:proc_dlatch$1169 ($dlatch)
    port Q[0] of cell $auto$proc_dlatch.cc:427:proc_dlatch$1191 ($dlatch)
    port Q[0] of cell $auto$proc_dlatch.cc:427:proc_dlatch$1213 ($dlatch)
    port Q[0] of cell $auto$proc_dlatch.cc:427:proc_dlatch$1235 ($dlatch)
    port Q[0] of cell $auto$proc_dlatch.cc:427:proc_dlatch$1257 ($dlatch)
    port Q[0] of cell $auto$proc_dlatch.cc:427:proc_dlatch$1279 ($dlatch)
Checking module $paramod\LOBA_LOB\N=s32'00000000000000000000000000010000...
Checking module $paramod\LOBA_LOWER\N=s32'00000000000000000000000000010000...
Warning: multiple conflicting drivers for $paramod\LOBA_LOWER\N=s32'00000000000000000000000000010000.\out [15]:
    port Q[15] of cell $auto$proc_dlatch.cc:427:proc_dlatch$1004 ($dlatch)
    port Q[15] of cell $auto$proc_dlatch.cc:427:proc_dlatch$1015 ($dlatch)
    port Q[15] of cell $auto$proc_dlatch.cc:427:proc_dlatch$1026 ($dlatch)
    port Q[15] of cell $auto$proc_dlatch.cc:427:proc_dlatch$1037 ($dlatch)
    port Q[15] of cell $auto$proc_dlatch.cc:427:proc_dlatch$1048 ($dlatch)
    port Q[15] of cell $auto$proc_dlatch.cc:427:proc_dlatch$1059 ($dlatch)
    port Q[15] of cell $auto$proc_dlatch.cc:427:proc_dlatch$1070 ($dlatch)
    port Q[15] of cell $auto$proc_dlatch.cc:427:proc_dlatch$1081 ($dlatch)
    port Q[15] of cell $auto$proc_dlatch.cc:427:proc_dlatch$1092 ($dlatch)
    port Q[15] of cell $auto$proc_dlatch.cc:427:proc_dlatch$927 ($dlatch)
    port Q[15] of cell $auto$proc_dlatch.cc:427:proc_dlatch$938 ($dlatch)
    port Q[15] of cell $auto$proc_dlatch.cc:427:proc_dlatch$949 ($dlatch)
    port Q[15] of cell $auto$proc_dlatch.cc:427:proc_dlatch$960 ($dlatch)
    port Q[15] of cell $auto$proc_dlatch.cc:427:proc_dlatch$971 ($dlatch)
    port Q[15] of cell $auto$proc_dlatch.cc:427:proc_dlatch$982 ($dlatch)
    port Q[15] of cell $auto$proc_dlatch.cc:427:proc_dlatch$993 ($dlatch)
Warning: multiple conflicting drivers for $paramod\LOBA_LOWER\N=s32'00000000000000000000000000010000.\out [14]:
    port Q[14] of cell $auto$proc_dlatch.cc:427:proc_dlatch$1004 ($dlatch)
    port Q[14] of cell $auto$proc_dlatch.cc:427:proc_dlatch$1015 ($dlatch)
    port Q[14] of cell $auto$proc_dlatch.cc:427:proc_dlatch$1026 ($dlatch)
    port Q[14] of cell $auto$proc_dlatch.cc:427:proc_dlatch$1037 ($dlatch)
    port Q[14] of cell $auto$proc_dlatch.cc:427:proc_dlatch$1048 ($dlatch)
    port Q[14] of cell $auto$proc_dlatch.cc:427:proc_dlatch$1059 ($dlatch)
    port Q[14] of cell $auto$proc_dlatch.cc:427:proc_dlatch$1070 ($dlatch)
    port Q[14] of cell $auto$proc_dlatch.cc:427:proc_dlatch$1081 ($dlatch)
    port Q[14] of cell $auto$proc_dlatch.cc:427:proc_dlatch$1092 ($dlatch)
    port Q[14] of cell $auto$proc_dlatch.cc:427:proc_dlatch$927 ($dlatch)
    port Q[14] of cell $auto$proc_dlatch.cc:427:proc_dlatch$938 ($dlatch)
    port Q[14] of cell $auto$proc_dlatch.cc:427:proc_dlatch$949 ($dlatch)
    port Q[14] of cell $auto$proc_dlatch.cc:427:proc_dlatch$960 ($dlatch)
    port Q[14] of cell $auto$proc_dlatch.cc:427:proc_dlatch$971 ($dlatch)
    port Q[14] of cell $auto$proc_dlatch.cc:427:proc_dlatch$982 ($dlatch)
    port Q[14] of cell $auto$proc_dlatch.cc:427:proc_dlatch$993 ($dlatch)
Warning: multiple conflicting drivers for $paramod\LOBA_LOWER\N=s32'00000000000000000000000000010000.\out [13]:
    port Q[13] of cell $auto$proc_dlatch.cc:427:proc_dlatch$1004 ($dlatch)
    port Q[13] of cell $auto$proc_dlatch.cc:427:proc_dlatch$1015 ($dlatch)
    port Q[13] of cell $auto$proc_dlatch.cc:427:proc_dlatch$1026 ($dlatch)
    port Q[13] of cell $auto$proc_dlatch.cc:427:proc_dlatch$1037 ($dlatch)
    port Q[13] of cell $auto$proc_dlatch.cc:427:proc_dlatch$1048 ($dlatch)
    port Q[13] of cell $auto$proc_dlatch.cc:427:proc_dlatch$1059 ($dlatch)
    port Q[13] of cell $auto$proc_dlatch.cc:427:proc_dlatch$1070 ($dlatch)
    port Q[13] of cell $auto$proc_dlatch.cc:427:proc_dlatch$1081 ($dlatch)
    port Q[13] of cell $auto$proc_dlatch.cc:427:proc_dlatch$1092 ($dlatch)
    port Q[13] of cell $auto$proc_dlatch.cc:427:proc_dlatch$927 ($dlatch)
    port Q[13] of cell $auto$proc_dlatch.cc:427:proc_dlatch$938 ($dlatch)
    port Q[13] of cell $auto$proc_dlatch.cc:427:proc_dlatch$949 ($dlatch)
    port Q[13] of cell $auto$proc_dlatch.cc:427:proc_dlatch$960 ($dlatch)
    port Q[13] of cell $auto$proc_dlatch.cc:427:proc_dlatch$971 ($dlatch)
    port Q[13] of cell $auto$proc_dlatch.cc:427:proc_dlatch$982 ($dlatch)
    port Q[13] of cell $auto$proc_dlatch.cc:427:proc_dlatch$993 ($dlatch)
Warning: multiple conflicting drivers for $paramod\LOBA_LOWER\N=s32'00000000000000000000000000010000.\out [12]:
    port Q[12] of cell $auto$proc_dlatch.cc:427:proc_dlatch$1004 ($dlatch)
    port Q[12] of cell $auto$proc_dlatch.cc:427:proc_dlatch$1015 ($dlatch)
    port Q[12] of cell $auto$proc_dlatch.cc:427:proc_dlatch$1026 ($dlatch)
    port Q[12] of cell $auto$proc_dlatch.cc:427:proc_dlatch$1037 ($dlatch)
    port Q[12] of cell $auto$proc_dlatch.cc:427:proc_dlatch$1048 ($dlatch)
    port Q[12] of cell $auto$proc_dlatch.cc:427:proc_dlatch$1059 ($dlatch)
    port Q[12] of cell $auto$proc_dlatch.cc:427:proc_dlatch$1070 ($dlatch)
    port Q[12] of cell $auto$proc_dlatch.cc:427:proc_dlatch$1081 ($dlatch)
    port Q[12] of cell $auto$proc_dlatch.cc:427:proc_dlatch$1092 ($dlatch)
    port Q[12] of cell $auto$proc_dlatch.cc:427:proc_dlatch$927 ($dlatch)
    port Q[12] of cell $auto$proc_dlatch.cc:427:proc_dlatch$938 ($dlatch)
    port Q[12] of cell $auto$proc_dlatch.cc:427:proc_dlatch$949 ($dlatch)
    port Q[12] of cell $auto$proc_dlatch.cc:427:proc_dlatch$960 ($dlatch)
    port Q[12] of cell $auto$proc_dlatch.cc:427:proc_dlatch$971 ($dlatch)
    port Q[12] of cell $auto$proc_dlatch.cc:427:proc_dlatch$982 ($dlatch)
    port Q[12] of cell $auto$proc_dlatch.cc:427:proc_dlatch$993 ($dlatch)
Warning: multiple conflicting drivers for $paramod\LOBA_LOWER\N=s32'00000000000000000000000000010000.\out [11]:
    port Q[11] of cell $auto$proc_dlatch.cc:427:proc_dlatch$1004 ($dlatch)
    port Q[11] of cell $auto$proc_dlatch.cc:427:proc_dlatch$1015 ($dlatch)
    port Q[11] of cell $auto$proc_dlatch.cc:427:proc_dlatch$1026 ($dlatch)
    port Q[11] of cell $auto$proc_dlatch.cc:427:proc_dlatch$1037 ($dlatch)
    port Q[11] of cell $auto$proc_dlatch.cc:427:proc_dlatch$1048 ($dlatch)
    port Q[11] of cell $auto$proc_dlatch.cc:427:proc_dlatch$1059 ($dlatch)
    port Q[11] of cell $auto$proc_dlatch.cc:427:proc_dlatch$1070 ($dlatch)
    port Q[11] of cell $auto$proc_dlatch.cc:427:proc_dlatch$1081 ($dlatch)
    port Q[11] of cell $auto$proc_dlatch.cc:427:proc_dlatch$1092 ($dlatch)
    port Q[11] of cell $auto$proc_dlatch.cc:427:proc_dlatch$927 ($dlatch)
    port Q[11] of cell $auto$proc_dlatch.cc:427:proc_dlatch$938 ($dlatch)
    port Q[11] of cell $auto$proc_dlatch.cc:427:proc_dlatch$949 ($dlatch)
    port Q[11] of cell $auto$proc_dlatch.cc:427:proc_dlatch$960 ($dlatch)
    port Q[11] of cell $auto$proc_dlatch.cc:427:proc_dlatch$971 ($dlatch)
    port Q[11] of cell $auto$proc_dlatch.cc:427:proc_dlatch$982 ($dlatch)
    port Q[11] of cell $auto$proc_dlatch.cc:427:proc_dlatch$993 ($dlatch)
Warning: multiple conflicting drivers for $paramod\LOBA_LOWER\N=s32'00000000000000000000000000010000.\out [10]:
    port Q[10] of cell $auto$proc_dlatch.cc:427:proc_dlatch$1004 ($dlatch)
    port Q[10] of cell $auto$proc_dlatch.cc:427:proc_dlatch$1015 ($dlatch)
    port Q[10] of cell $auto$proc_dlatch.cc:427:proc_dlatch$1026 ($dlatch)
    port Q[10] of cell $auto$proc_dlatch.cc:427:proc_dlatch$1037 ($dlatch)
    port Q[10] of cell $auto$proc_dlatch.cc:427:proc_dlatch$1048 ($dlatch)
    port Q[10] of cell $auto$proc_dlatch.cc:427:proc_dlatch$1059 ($dlatch)
    port Q[10] of cell $auto$proc_dlatch.cc:427:proc_dlatch$1070 ($dlatch)
    port Q[10] of cell $auto$proc_dlatch.cc:427:proc_dlatch$1081 ($dlatch)
    port Q[10] of cell $auto$proc_dlatch.cc:427:proc_dlatch$1092 ($dlatch)
    port Q[10] of cell $auto$proc_dlatch.cc:427:proc_dlatch$927 ($dlatch)
    port Q[10] of cell $auto$proc_dlatch.cc:427:proc_dlatch$938 ($dlatch)
    port Q[10] of cell $auto$proc_dlatch.cc:427:proc_dlatch$949 ($dlatch)
    port Q[10] of cell $auto$proc_dlatch.cc:427:proc_dlatch$960 ($dlatch)
    port Q[10] of cell $auto$proc_dlatch.cc:427:proc_dlatch$971 ($dlatch)
    port Q[10] of cell $auto$proc_dlatch.cc:427:proc_dlatch$982 ($dlatch)
    port Q[10] of cell $auto$proc_dlatch.cc:427:proc_dlatch$993 ($dlatch)
Warning: multiple conflicting drivers for $paramod\LOBA_LOWER\N=s32'00000000000000000000000000010000.\out [9]:
    port Q[9] of cell $auto$proc_dlatch.cc:427:proc_dlatch$1004 ($dlatch)
    port Q[9] of cell $auto$proc_dlatch.cc:427:proc_dlatch$1015 ($dlatch)
    port Q[9] of cell $auto$proc_dlatch.cc:427:proc_dlatch$1026 ($dlatch)
    port Q[9] of cell $auto$proc_dlatch.cc:427:proc_dlatch$1037 ($dlatch)
    port Q[9] of cell $auto$proc_dlatch.cc:427:proc_dlatch$1048 ($dlatch)
    port Q[9] of cell $auto$proc_dlatch.cc:427:proc_dlatch$1059 ($dlatch)
    port Q[9] of cell $auto$proc_dlatch.cc:427:proc_dlatch$1070 ($dlatch)
    port Q[9] of cell $auto$proc_dlatch.cc:427:proc_dlatch$1081 ($dlatch)
    port Q[9] of cell $auto$proc_dlatch.cc:427:proc_dlatch$1092 ($dlatch)
    port Q[9] of cell $auto$proc_dlatch.cc:427:proc_dlatch$927 ($dlatch)
    port Q[9] of cell $auto$proc_dlatch.cc:427:proc_dlatch$938 ($dlatch)
    port Q[9] of cell $auto$proc_dlatch.cc:427:proc_dlatch$949 ($dlatch)
    port Q[9] of cell $auto$proc_dlatch.cc:427:proc_dlatch$960 ($dlatch)
    port Q[9] of cell $auto$proc_dlatch.cc:427:proc_dlatch$971 ($dlatch)
    port Q[9] of cell $auto$proc_dlatch.cc:427:proc_dlatch$982 ($dlatch)
    port Q[9] of cell $auto$proc_dlatch.cc:427:proc_dlatch$993 ($dlatch)
Warning: multiple conflicting drivers for $paramod\LOBA_LOWER\N=s32'00000000000000000000000000010000.\out [8]:
    port Q[8] of cell $auto$proc_dlatch.cc:427:proc_dlatch$1004 ($dlatch)
    port Q[8] of cell $auto$proc_dlatch.cc:427:proc_dlatch$1015 ($dlatch)
    port Q[8] of cell $auto$proc_dlatch.cc:427:proc_dlatch$1026 ($dlatch)
    port Q[8] of cell $auto$proc_dlatch.cc:427:proc_dlatch$1037 ($dlatch)
    port Q[8] of cell $auto$proc_dlatch.cc:427:proc_dlatch$1048 ($dlatch)
    port Q[8] of cell $auto$proc_dlatch.cc:427:proc_dlatch$1059 ($dlatch)
    port Q[8] of cell $auto$proc_dlatch.cc:427:proc_dlatch$1070 ($dlatch)
    port Q[8] of cell $auto$proc_dlatch.cc:427:proc_dlatch$1081 ($dlatch)
    port Q[8] of cell $auto$proc_dlatch.cc:427:proc_dlatch$1092 ($dlatch)
    port Q[8] of cell $auto$proc_dlatch.cc:427:proc_dlatch$927 ($dlatch)
    port Q[8] of cell $auto$proc_dlatch.cc:427:proc_dlatch$938 ($dlatch)
    port Q[8] of cell $auto$proc_dlatch.cc:427:proc_dlatch$949 ($dlatch)
    port Q[8] of cell $auto$proc_dlatch.cc:427:proc_dlatch$960 ($dlatch)
    port Q[8] of cell $auto$proc_dlatch.cc:427:proc_dlatch$971 ($dlatch)
    port Q[8] of cell $auto$proc_dlatch.cc:427:proc_dlatch$982 ($dlatch)
    port Q[8] of cell $auto$proc_dlatch.cc:427:proc_dlatch$993 ($dlatch)
Warning: multiple conflicting drivers for $paramod\LOBA_LOWER\N=s32'00000000000000000000000000010000.\out [7]:
    port Q[7] of cell $auto$proc_dlatch.cc:427:proc_dlatch$1004 ($dlatch)
    port Q[7] of cell $auto$proc_dlatch.cc:427:proc_dlatch$1015 ($dlatch)
    port Q[7] of cell $auto$proc_dlatch.cc:427:proc_dlatch$1026 ($dlatch)
    port Q[7] of cell $auto$proc_dlatch.cc:427:proc_dlatch$1037 ($dlatch)
    port Q[7] of cell $auto$proc_dlatch.cc:427:proc_dlatch$1048 ($dlatch)
    port Q[7] of cell $auto$proc_dlatch.cc:427:proc_dlatch$1059 ($dlatch)
    port Q[7] of cell $auto$proc_dlatch.cc:427:proc_dlatch$1070 ($dlatch)
    port Q[7] of cell $auto$proc_dlatch.cc:427:proc_dlatch$1081 ($dlatch)
    port Q[7] of cell $auto$proc_dlatch.cc:427:proc_dlatch$1092 ($dlatch)
    port Q[7] of cell $auto$proc_dlatch.cc:427:proc_dlatch$927 ($dlatch)
    port Q[7] of cell $auto$proc_dlatch.cc:427:proc_dlatch$938 ($dlatch)
    port Q[7] of cell $auto$proc_dlatch.cc:427:proc_dlatch$949 ($dlatch)
    port Q[7] of cell $auto$proc_dlatch.cc:427:proc_dlatch$960 ($dlatch)
    port Q[7] of cell $auto$proc_dlatch.cc:427:proc_dlatch$971 ($dlatch)
    port Q[7] of cell $auto$proc_dlatch.cc:427:proc_dlatch$982 ($dlatch)
    port Q[7] of cell $auto$proc_dlatch.cc:427:proc_dlatch$993 ($dlatch)
Warning: multiple conflicting drivers for $paramod\LOBA_LOWER\N=s32'00000000000000000000000000010000.\out [6]:
    port Q[6] of cell $auto$proc_dlatch.cc:427:proc_dlatch$1004 ($dlatch)
    port Q[6] of cell $auto$proc_dlatch.cc:427:proc_dlatch$1015 ($dlatch)
    port Q[6] of cell $auto$proc_dlatch.cc:427:proc_dlatch$1026 ($dlatch)
    port Q[6] of cell $auto$proc_dlatch.cc:427:proc_dlatch$1037 ($dlatch)
    port Q[6] of cell $auto$proc_dlatch.cc:427:proc_dlatch$1048 ($dlatch)
    port Q[6] of cell $auto$proc_dlatch.cc:427:proc_dlatch$1059 ($dlatch)
    port Q[6] of cell $auto$proc_dlatch.cc:427:proc_dlatch$1070 ($dlatch)
    port Q[6] of cell $auto$proc_dlatch.cc:427:proc_dlatch$1081 ($dlatch)
    port Q[6] of cell $auto$proc_dlatch.cc:427:proc_dlatch$1092 ($dlatch)
    port Q[6] of cell $auto$proc_dlatch.cc:427:proc_dlatch$927 ($dlatch)
    port Q[6] of cell $auto$proc_dlatch.cc:427:proc_dlatch$938 ($dlatch)
    port Q[6] of cell $auto$proc_dlatch.cc:427:proc_dlatch$949 ($dlatch)
    port Q[6] of cell $auto$proc_dlatch.cc:427:proc_dlatch$960 ($dlatch)
    port Q[6] of cell $auto$proc_dlatch.cc:427:proc_dlatch$971 ($dlatch)
    port Q[6] of cell $auto$proc_dlatch.cc:427:proc_dlatch$982 ($dlatch)
    port Q[6] of cell $auto$proc_dlatch.cc:427:proc_dlatch$993 ($dlatch)
Warning: multiple conflicting drivers for $paramod\LOBA_LOWER\N=s32'00000000000000000000000000010000.\out [5]:
    port Q[5] of cell $auto$proc_dlatch.cc:427:proc_dlatch$1004 ($dlatch)
    port Q[5] of cell $auto$proc_dlatch.cc:427:proc_dlatch$1015 ($dlatch)
    port Q[5] of cell $auto$proc_dlatch.cc:427:proc_dlatch$1026 ($dlatch)
    port Q[5] of cell $auto$proc_dlatch.cc:427:proc_dlatch$1037 ($dlatch)
    port Q[5] of cell $auto$proc_dlatch.cc:427:proc_dlatch$1048 ($dlatch)
    port Q[5] of cell $auto$proc_dlatch.cc:427:proc_dlatch$1059 ($dlatch)
    port Q[5] of cell $auto$proc_dlatch.cc:427:proc_dlatch$1070 ($dlatch)
    port Q[5] of cell $auto$proc_dlatch.cc:427:proc_dlatch$1081 ($dlatch)
    port Q[5] of cell $auto$proc_dlatch.cc:427:proc_dlatch$1092 ($dlatch)
    port Q[5] of cell $auto$proc_dlatch.cc:427:proc_dlatch$927 ($dlatch)
    port Q[5] of cell $auto$proc_dlatch.cc:427:proc_dlatch$938 ($dlatch)
    port Q[5] of cell $auto$proc_dlatch.cc:427:proc_dlatch$949 ($dlatch)
    port Q[5] of cell $auto$proc_dlatch.cc:427:proc_dlatch$960 ($dlatch)
    port Q[5] of cell $auto$proc_dlatch.cc:427:proc_dlatch$971 ($dlatch)
    port Q[5] of cell $auto$proc_dlatch.cc:427:proc_dlatch$982 ($dlatch)
    port Q[5] of cell $auto$proc_dlatch.cc:427:proc_dlatch$993 ($dlatch)
Warning: multiple conflicting drivers for $paramod\LOBA_LOWER\N=s32'00000000000000000000000000010000.\out [4]:
    port Q[4] of cell $auto$proc_dlatch.cc:427:proc_dlatch$1004 ($dlatch)
    port Q[4] of cell $auto$proc_dlatch.cc:427:proc_dlatch$1015 ($dlatch)
    port Q[4] of cell $auto$proc_dlatch.cc:427:proc_dlatch$1026 ($dlatch)
    port Q[4] of cell $auto$proc_dlatch.cc:427:proc_dlatch$1037 ($dlatch)
    port Q[4] of cell $auto$proc_dlatch.cc:427:proc_dlatch$1048 ($dlatch)
    port Q[4] of cell $auto$proc_dlatch.cc:427:proc_dlatch$1059 ($dlatch)
    port Q[4] of cell $auto$proc_dlatch.cc:427:proc_dlatch$1070 ($dlatch)
    port Q[4] of cell $auto$proc_dlatch.cc:427:proc_dlatch$1081 ($dlatch)
    port Q[4] of cell $auto$proc_dlatch.cc:427:proc_dlatch$1092 ($dlatch)
    port Q[4] of cell $auto$proc_dlatch.cc:427:proc_dlatch$927 ($dlatch)
    port Q[4] of cell $auto$proc_dlatch.cc:427:proc_dlatch$938 ($dlatch)
    port Q[4] of cell $auto$proc_dlatch.cc:427:proc_dlatch$949 ($dlatch)
    port Q[4] of cell $auto$proc_dlatch.cc:427:proc_dlatch$960 ($dlatch)
    port Q[4] of cell $auto$proc_dlatch.cc:427:proc_dlatch$971 ($dlatch)
    port Q[4] of cell $auto$proc_dlatch.cc:427:proc_dlatch$982 ($dlatch)
    port Q[4] of cell $auto$proc_dlatch.cc:427:proc_dlatch$993 ($dlatch)
Warning: multiple conflicting drivers for $paramod\LOBA_LOWER\N=s32'00000000000000000000000000010000.\out [3]:
    port Q[3] of cell $auto$proc_dlatch.cc:427:proc_dlatch$1004 ($dlatch)
    port Q[3] of cell $auto$proc_dlatch.cc:427:proc_dlatch$1015 ($dlatch)
    port Q[3] of cell $auto$proc_dlatch.cc:427:proc_dlatch$1026 ($dlatch)
    port Q[3] of cell $auto$proc_dlatch.cc:427:proc_dlatch$1037 ($dlatch)
    port Q[3] of cell $auto$proc_dlatch.cc:427:proc_dlatch$1048 ($dlatch)
    port Q[3] of cell $auto$proc_dlatch.cc:427:proc_dlatch$1059 ($dlatch)
    port Q[3] of cell $auto$proc_dlatch.cc:427:proc_dlatch$1070 ($dlatch)
    port Q[3] of cell $auto$proc_dlatch.cc:427:proc_dlatch$1081 ($dlatch)
    port Q[3] of cell $auto$proc_dlatch.cc:427:proc_dlatch$1092 ($dlatch)
    port Q[3] of cell $auto$proc_dlatch.cc:427:proc_dlatch$927 ($dlatch)
    port Q[3] of cell $auto$proc_dlatch.cc:427:proc_dlatch$938 ($dlatch)
    port Q[3] of cell $auto$proc_dlatch.cc:427:proc_dlatch$949 ($dlatch)
    port Q[3] of cell $auto$proc_dlatch.cc:427:proc_dlatch$960 ($dlatch)
    port Q[3] of cell $auto$proc_dlatch.cc:427:proc_dlatch$971 ($dlatch)
    port Q[3] of cell $auto$proc_dlatch.cc:427:proc_dlatch$982 ($dlatch)
    port Q[3] of cell $auto$proc_dlatch.cc:427:proc_dlatch$993 ($dlatch)
Warning: multiple conflicting drivers for $paramod\LOBA_LOWER\N=s32'00000000000000000000000000010000.\out [2]:
    port Q[2] of cell $auto$proc_dlatch.cc:427:proc_dlatch$1004 ($dlatch)
    port Q[2] of cell $auto$proc_dlatch.cc:427:proc_dlatch$1015 ($dlatch)
    port Q[2] of cell $auto$proc_dlatch.cc:427:proc_dlatch$1026 ($dlatch)
    port Q[2] of cell $auto$proc_dlatch.cc:427:proc_dlatch$1037 ($dlatch)
    port Q[2] of cell $auto$proc_dlatch.cc:427:proc_dlatch$1048 ($dlatch)
    port Q[2] of cell $auto$proc_dlatch.cc:427:proc_dlatch$1059 ($dlatch)
    port Q[2] of cell $auto$proc_dlatch.cc:427:proc_dlatch$1070 ($dlatch)
    port Q[2] of cell $auto$proc_dlatch.cc:427:proc_dlatch$1081 ($dlatch)
    port Q[2] of cell $auto$proc_dlatch.cc:427:proc_dlatch$1092 ($dlatch)
    port Q[2] of cell $auto$proc_dlatch.cc:427:proc_dlatch$927 ($dlatch)
    port Q[2] of cell $auto$proc_dlatch.cc:427:proc_dlatch$938 ($dlatch)
    port Q[2] of cell $auto$proc_dlatch.cc:427:proc_dlatch$949 ($dlatch)
    port Q[2] of cell $auto$proc_dlatch.cc:427:proc_dlatch$960 ($dlatch)
    port Q[2] of cell $auto$proc_dlatch.cc:427:proc_dlatch$971 ($dlatch)
    port Q[2] of cell $auto$proc_dlatch.cc:427:proc_dlatch$982 ($dlatch)
    port Q[2] of cell $auto$proc_dlatch.cc:427:proc_dlatch$993 ($dlatch)
Warning: multiple conflicting drivers for $paramod\LOBA_LOWER\N=s32'00000000000000000000000000010000.\out [1]:
    port Q[1] of cell $auto$proc_dlatch.cc:427:proc_dlatch$1004 ($dlatch)
    port Q[1] of cell $auto$proc_dlatch.cc:427:proc_dlatch$1015 ($dlatch)
    port Q[1] of cell $auto$proc_dlatch.cc:427:proc_dlatch$1026 ($dlatch)
    port Q[1] of cell $auto$proc_dlatch.cc:427:proc_dlatch$1037 ($dlatch)
    port Q[1] of cell $auto$proc_dlatch.cc:427:proc_dlatch$1048 ($dlatch)
    port Q[1] of cell $auto$proc_dlatch.cc:427:proc_dlatch$1059 ($dlatch)
    port Q[1] of cell $auto$proc_dlatch.cc:427:proc_dlatch$1070 ($dlatch)
    port Q[1] of cell $auto$proc_dlatch.cc:427:proc_dlatch$1081 ($dlatch)
    port Q[1] of cell $auto$proc_dlatch.cc:427:proc_dlatch$1092 ($dlatch)
    port Q[1] of cell $auto$proc_dlatch.cc:427:proc_dlatch$927 ($dlatch)
    port Q[1] of cell $auto$proc_dlatch.cc:427:proc_dlatch$938 ($dlatch)
    port Q[1] of cell $auto$proc_dlatch.cc:427:proc_dlatch$949 ($dlatch)
    port Q[1] of cell $auto$proc_dlatch.cc:427:proc_dlatch$960 ($dlatch)
    port Q[1] of cell $auto$proc_dlatch.cc:427:proc_dlatch$971 ($dlatch)
    port Q[1] of cell $auto$proc_dlatch.cc:427:proc_dlatch$982 ($dlatch)
    port Q[1] of cell $auto$proc_dlatch.cc:427:proc_dlatch$993 ($dlatch)
Warning: multiple conflicting drivers for $paramod\LOBA_LOWER\N=s32'00000000000000000000000000010000.\out [0]:
    port Q[0] of cell $auto$proc_dlatch.cc:427:proc_dlatch$1004 ($dlatch)
    port Q[0] of cell $auto$proc_dlatch.cc:427:proc_dlatch$1015 ($dlatch)
    port Q[0] of cell $auto$proc_dlatch.cc:427:proc_dlatch$1026 ($dlatch)
    port Q[0] of cell $auto$proc_dlatch.cc:427:proc_dlatch$1037 ($dlatch)
    port Q[0] of cell $auto$proc_dlatch.cc:427:proc_dlatch$1048 ($dlatch)
    port Q[0] of cell $auto$proc_dlatch.cc:427:proc_dlatch$1059 ($dlatch)
    port Q[0] of cell $auto$proc_dlatch.cc:427:proc_dlatch$1070 ($dlatch)
    port Q[0] of cell $auto$proc_dlatch.cc:427:proc_dlatch$1081 ($dlatch)
    port Q[0] of cell $auto$proc_dlatch.cc:427:proc_dlatch$1092 ($dlatch)
    port Q[0] of cell $auto$proc_dlatch.cc:427:proc_dlatch$927 ($dlatch)
    port Q[0] of cell $auto$proc_dlatch.cc:427:proc_dlatch$938 ($dlatch)
    port Q[0] of cell $auto$proc_dlatch.cc:427:proc_dlatch$949 ($dlatch)
    port Q[0] of cell $auto$proc_dlatch.cc:427:proc_dlatch$960 ($dlatch)
    port Q[0] of cell $auto$proc_dlatch.cc:427:proc_dlatch$971 ($dlatch)
    port Q[0] of cell $auto$proc_dlatch.cc:427:proc_dlatch$982 ($dlatch)
    port Q[0] of cell $auto$proc_dlatch.cc:427:proc_dlatch$993 ($dlatch)
Checking module neuron_intra_Nbits...
Found and reported 24 problems.

10.6. Executing OPT pass (performing simple optimizations).

10.6.1. Executing OPT_EXPR pass (perform const folding).
Optimizing module $paramod$3a9ab03ecb4efa8c240654e4c7efd8699dc26662\LOBA0s.
Optimizing module $paramod$3a9ab03ecb4efa8c240654e4c7efd8699dc26662\LOBA0u.
Optimizing module $paramod$3a9ab03ecb4efa8c240654e4c7efd8699dc26662\LOBA_MUX.
Optimizing module $paramod$3a9ab03ecb4efa8c240654e4c7efd8699dc26662\LOBA_SPLIT.
Optimizing module $paramod\LOBA_LOB\N=s32'00000000000000000000000000010000.
Optimizing module $paramod\LOBA_LOWER\N=s32'00000000000000000000000000010000.
Optimizing module neuron_intra_Nbits.

10.6.2. Executing OPT_MERGE pass (detect identical cells).
Finding identical cells in module `$paramod$3a9ab03ecb4efa8c240654e4c7efd8699dc26662\LOBA0s'.
Finding identical cells in module `$paramod$3a9ab03ecb4efa8c240654e4c7efd8699dc26662\LOBA0u'.
Finding identical cells in module `$paramod$3a9ab03ecb4efa8c240654e4c7efd8699dc26662\LOBA_MUX'.
Finding identical cells in module `$paramod$3a9ab03ecb4efa8c240654e4c7efd8699dc26662\LOBA_SPLIT'.
Finding identical cells in module `$paramod\LOBA_LOB\N=s32'00000000000000000000000000010000'.
Finding identical cells in module `$paramod\LOBA_LOWER\N=s32'00000000000000000000000000010000'.
Finding identical cells in module `\neuron_intra_Nbits'.
Removed a total of 0 cells.

10.6.3. Executing OPT_MUXTREE pass (detect dead branches in mux trees).
Running muxtree optimizer on module $paramod$3a9ab03ecb4efa8c240654e4c7efd8699dc26662\LOBA0s..
  Creating internal representation of mux trees.
  Evaluating internal representation of mux trees.
      Replacing known input bits on port A of cell $ternary$/home/juliana/venv_pytorch/lib/python3.12/site-packages/MAxPy/vlib/AxArith/multipliers/LOBA.v:18$718: { 16'0000000000000000 \a } -> { 17'00000000000000000 \a [14:0] }
      Replacing known input bits on port A of cell $ternary$/home/juliana/venv_pytorch/lib/python3.12/site-packages/MAxPy/vlib/AxArith/multipliers/LOBA.v:19$723: { 16'0000000000000000 \b } -> { 17'00000000000000000 \b [14:0] }
  Analyzing evaluation results.
Running muxtree optimizer on module $paramod$3a9ab03ecb4efa8c240654e4c7efd8699dc26662\LOBA0u..
  Creating internal representation of mux trees.
  No muxes found in this module.
Running muxtree optimizer on module $paramod$3a9ab03ecb4efa8c240654e4c7efd8699dc26662\LOBA_MUX..
  Creating internal representation of mux trees.
  Evaluating internal representation of mux trees.
  Analyzing evaluation results.
Running muxtree optimizer on module $paramod$3a9ab03ecb4efa8c240654e4c7efd8699dc26662\LOBA_SPLIT..
  Creating internal representation of mux trees.
  No muxes found in this module.
Running muxtree optimizer on module $paramod\LOBA_LOB\N=s32'00000000000000000000000000010000..
  Creating internal representation of mux trees.
  Evaluating internal representation of mux trees.
  Analyzing evaluation results.
Running muxtree optimizer on module $paramod\LOBA_LOWER\N=s32'00000000000000000000000000010000..
  Creating internal representation of mux trees.
  No muxes found in this module.
Running muxtree optimizer on module \neuron_intra_Nbits..
  Creating internal representation of mux trees.
  Evaluating internal representation of mux trees.
  Analyzing evaluation results.
Removed 0 multiplexer ports.
<suppressed ~21 debug messages>

10.6.4. Executing OPT_REDUCE pass (consolidate $*mux and $reduce_* inputs).
  Optimizing cells in module $paramod$3a9ab03ecb4efa8c240654e4c7efd8699dc26662\LOBA0s.
  Optimizing cells in module $paramod$3a9ab03ecb4efa8c240654e4c7efd8699dc26662\LOBA0u.
  Optimizing cells in module $paramod$3a9ab03ecb4efa8c240654e4c7efd8699dc26662\LOBA_MUX.
  Optimizing cells in module $paramod$3a9ab03ecb4efa8c240654e4c7efd8699dc26662\LOBA_SPLIT.
  Optimizing cells in module $paramod\LOBA_LOB\N=s32'00000000000000000000000000010000.
  Optimizing cells in module $paramod\LOBA_LOWER\N=s32'00000000000000000000000000010000.
  Optimizing cells in module \neuron_intra_Nbits.
Performed a total of 0 changes.

10.6.5. Executing OPT_MERGE pass (detect identical cells).
Finding identical cells in module `$paramod$3a9ab03ecb4efa8c240654e4c7efd8699dc26662\LOBA0s'.
Finding identical cells in module `$paramod$3a9ab03ecb4efa8c240654e4c7efd8699dc26662\LOBA0u'.
Finding identical cells in module `$paramod$3a9ab03ecb4efa8c240654e4c7efd8699dc26662\LOBA_MUX'.
Finding identical cells in module `$paramod$3a9ab03ecb4efa8c240654e4c7efd8699dc26662\LOBA_SPLIT'.
Finding identical cells in module `$paramod\LOBA_LOB\N=s32'00000000000000000000000000010000'.
Finding identical cells in module `$paramod\LOBA_LOWER\N=s32'00000000000000000000000000010000'.
Finding identical cells in module `\neuron_intra_Nbits'.
Removed a total of 0 cells.

10.6.6. Executing OPT_CLEAN pass (remove unused cells and wires).
Finding unused cells or wires in module $paramod$3a9ab03ecb4efa8c240654e4c7efd8699dc26662\LOBA0s..
Finding unused cells or wires in module $paramod$3a9ab03ecb4efa8c240654e4c7efd8699dc26662\LOBA0u..
Finding unused cells or wires in module $paramod$3a9ab03ecb4efa8c240654e4c7efd8699dc26662\LOBA_MUX..
Finding unused cells or wires in module $paramod$3a9ab03ecb4efa8c240654e4c7efd8699dc26662\LOBA_SPLIT..
Finding unused cells or wires in module $paramod\LOBA_LOB\N=s32'00000000000000000000000000010000..
Finding unused cells or wires in module $paramod\LOBA_LOWER\N=s32'00000000000000000000000000010000..
Finding unused cells or wires in module \neuron_intra_Nbits..

10.6.7. Executing OPT_EXPR pass (perform const folding).
Optimizing module $paramod$3a9ab03ecb4efa8c240654e4c7efd8699dc26662\LOBA0s.
Optimizing module $paramod$3a9ab03ecb4efa8c240654e4c7efd8699dc26662\LOBA0u.
Optimizing module $paramod$3a9ab03ecb4efa8c240654e4c7efd8699dc26662\LOBA_MUX.
Optimizing module $paramod$3a9ab03ecb4efa8c240654e4c7efd8699dc26662\LOBA_SPLIT.
Optimizing module $paramod\LOBA_LOB\N=s32'00000000000000000000000000010000.
Optimizing module $paramod\LOBA_LOWER\N=s32'00000000000000000000000000010000.
Optimizing module neuron_intra_Nbits.

10.6.8. Finished OPT passes. (There is nothing left to do.)

10.7. Executing WREDUCE pass (reducing word size of cells).
Removed top 16 bits (of 32) from port A of cell $paramod$3a9ab03ecb4efa8c240654e4c7efd8699dc26662\LOBA0s.$not$/home/juliana/venv_pytorch/lib/python3.12/site-packages/MAxPy/vlib/AxArith/multipliers/LOBA.v:18$715 ($not).
Removed top 31 bits (of 32) from port B of cell $paramod$3a9ab03ecb4efa8c240654e4c7efd8699dc26662\LOBA0s.$add$/home/juliana/venv_pytorch/lib/python3.12/site-packages/MAxPy/vlib/AxArith/multipliers/LOBA.v:18$716 ($add).
Removed top 16 bits (of 32) from mux cell $paramod$3a9ab03ecb4efa8c240654e4c7efd8699dc26662\LOBA0s.$ternary$/home/juliana/venv_pytorch/lib/python3.12/site-packages/MAxPy/vlib/AxArith/multipliers/LOBA.v:18$718 ($mux).
Removed top 16 bits (of 32) from port A of cell $paramod$3a9ab03ecb4efa8c240654e4c7efd8699dc26662\LOBA0s.$not$/home/juliana/venv_pytorch/lib/python3.12/site-packages/MAxPy/vlib/AxArith/multipliers/LOBA.v:19$720 ($not).
Removed top 31 bits (of 32) from port B of cell $paramod$3a9ab03ecb4efa8c240654e4c7efd8699dc26662\LOBA0s.$add$/home/juliana/venv_pytorch/lib/python3.12/site-packages/MAxPy/vlib/AxArith/multipliers/LOBA.v:19$721 ($add).
Removed top 16 bits (of 32) from mux cell $paramod$3a9ab03ecb4efa8c240654e4c7efd8699dc26662\LOBA0s.$ternary$/home/juliana/venv_pytorch/lib/python3.12/site-packages/MAxPy/vlib/AxArith/multipliers/LOBA.v:19$723 ($mux).
Removed top 31 bits (of 32) from port B of cell $paramod$3a9ab03ecb4efa8c240654e4c7efd8699dc26662\LOBA0s.$add$/home/juliana/venv_pytorch/lib/python3.12/site-packages/MAxPy/vlib/AxArith/multipliers/LOBA.v:21$726 ($add).
Removed top 16 bits (of 32) from port Y of cell $paramod$3a9ab03ecb4efa8c240654e4c7efd8699dc26662\LOBA0s.$add$/home/juliana/venv_pytorch/lib/python3.12/site-packages/MAxPy/vlib/AxArith/multipliers/LOBA.v:18$716 ($add).
Removed top 16 bits (of 32) from port A of cell $paramod$3a9ab03ecb4efa8c240654e4c7efd8699dc26662\LOBA0s.$add$/home/juliana/venv_pytorch/lib/python3.12/site-packages/MAxPy/vlib/AxArith/multipliers/LOBA.v:18$716 ($add).
Removed top 16 bits (of 32) from port Y of cell $paramod$3a9ab03ecb4efa8c240654e4c7efd8699dc26662\LOBA0s.$add$/home/juliana/venv_pytorch/lib/python3.12/site-packages/MAxPy/vlib/AxArith/multipliers/LOBA.v:19$721 ($add).
Removed top 16 bits (of 32) from port A of cell $paramod$3a9ab03ecb4efa8c240654e4c7efd8699dc26662\LOBA0s.$add$/home/juliana/venv_pytorch/lib/python3.12/site-packages/MAxPy/vlib/AxArith/multipliers/LOBA.v:19$721 ($add).
Removed top 16 bits (of 32) from port Y of cell $paramod$3a9ab03ecb4efa8c240654e4c7efd8699dc26662\LOBA0s.$not$/home/juliana/venv_pytorch/lib/python3.12/site-packages/MAxPy/vlib/AxArith/multipliers/LOBA.v:18$715 ($not).
Removed top 16 bits (of 32) from port Y of cell $paramod$3a9ab03ecb4efa8c240654e4c7efd8699dc26662\LOBA0s.$not$/home/juliana/venv_pytorch/lib/python3.12/site-packages/MAxPy/vlib/AxArith/multipliers/LOBA.v:19$720 ($not).
Removed top 16 bits (of 32) from wire $paramod$3a9ab03ecb4efa8c240654e4c7efd8699dc26662\LOBA0s.$add$/home/juliana/venv_pytorch/lib/python3.12/site-packages/MAxPy/vlib/AxArith/multipliers/LOBA.v:18$716_Y.
Removed top 16 bits (of 32) from wire $paramod$3a9ab03ecb4efa8c240654e4c7efd8699dc26662\LOBA0s.$add$/home/juliana/venv_pytorch/lib/python3.12/site-packages/MAxPy/vlib/AxArith/multipliers/LOBA.v:19$721_Y.
Removed top 16 bits (of 32) from wire $paramod$3a9ab03ecb4efa8c240654e4c7efd8699dc26662\LOBA0s.$not$/home/juliana/venv_pytorch/lib/python3.12/site-packages/MAxPy/vlib/AxArith/multipliers/LOBA.v:19$720_Y.
Removed top 28 bits (of 32) from port B of cell $paramod$3a9ab03ecb4efa8c240654e4c7efd8699dc26662\LOBA0u.$sub$/home/juliana/venv_pytorch/lib/python3.12/site-packages/MAxPy/vlib/AxArith/multipliers/LOBA.v:48$749 ($sub).
Removed top 27 bits (of 32) from port Y of cell $paramod$3a9ab03ecb4efa8c240654e4c7efd8699dc26662\LOBA0u.$add$/home/juliana/venv_pytorch/lib/python3.12/site-packages/MAxPy/vlib/AxArith/multipliers/LOBA.v:48$748 ($add).
Removed top 16 bits (of 32) from port Y of cell $paramod$3a9ab03ecb4efa8c240654e4c7efd8699dc26662\LOBA0u.$mul$/home/juliana/venv_pytorch/lib/python3.12/site-packages/MAxPy/vlib/AxArith/multipliers/LOBA.v:48$747 ($mul).
Removed top 27 bits (of 32) from wire $paramod$3a9ab03ecb4efa8c240654e4c7efd8699dc26662\LOBA0u.$add$/home/juliana/venv_pytorch/lib/python3.12/site-packages/MAxPy/vlib/AxArith/multipliers/LOBA.v:48$748_Y.
Removed top 16 bits (of 32) from wire $paramod$3a9ab03ecb4efa8c240654e4c7efd8699dc26662\LOBA0u.$mul$/home/juliana/venv_pytorch/lib/python3.12/site-packages/MAxPy/vlib/AxArith/multipliers/LOBA.v:48$747_Y.
Removed top 1 bits (of 4) from port B of cell $paramod$3a9ab03ecb4efa8c240654e4c7efd8699dc26662\LOBA_MUX.$eq$/home/juliana/venv_pytorch/lib/python3.12/site-packages/MAxPy/vlib/AxArith/multipliers/LOBA.v:274$780 ($eq).
Removed top 28 bits (of 32) from port B of cell $paramod$3a9ab03ecb4efa8c240654e4c7efd8699dc26662\LOBA_SPLIT.$sub$/home/juliana/venv_pytorch/lib/python3.12/site-packages/MAxPy/vlib/AxArith/multipliers/LOBA.v:244$751 ($sub).
Removed top 28 bits (of 32) from port Y of cell $paramod$3a9ab03ecb4efa8c240654e4c7efd8699dc26662\LOBA_SPLIT.$sub$/home/juliana/venv_pytorch/lib/python3.12/site-packages/MAxPy/vlib/AxArith/multipliers/LOBA.v:244$751 ($sub).
Removed top 28 bits (of 32) from wire $paramod$3a9ab03ecb4efa8c240654e4c7efd8699dc26662\LOBA_SPLIT.$sub$/home/juliana/venv_pytorch/lib/python3.12/site-packages/MAxPy/vlib/AxArith/multipliers/LOBA.v:244$751_Y.
Removed top 31 bits (of 32) from mux cell $paramod\LOBA_LOB\N=s32'00000000000000000000000000010000.$ternary$/home/juliana/venv_pytorch/lib/python3.12/site-packages/MAxPy/vlib/AxArith/multipliers/LOBA.v:313$668 ($mux).
Removed top 31 bits (of 32) from mux cell $paramod\LOBA_LOB\N=s32'00000000000000000000000000010000.$ternary$/home/juliana/venv_pytorch/lib/python3.12/site-packages/MAxPy/vlib/AxArith/multipliers/LOBA.v:315$670 ($mux).
Removed top 31 bits (of 32) from mux cell $paramod\LOBA_LOB\N=s32'00000000000000000000000000010000.$ternary$/home/juliana/venv_pytorch/lib/python3.12/site-packages/MAxPy/vlib/AxArith/multipliers/LOBA.v:315$673 ($mux).
Removed top 31 bits (of 32) from mux cell $paramod\LOBA_LOB\N=s32'00000000000000000000000000010000.$ternary$/home/juliana/venv_pytorch/lib/python3.12/site-packages/MAxPy/vlib/AxArith/multipliers/LOBA.v:315$676 ($mux).
Removed top 31 bits (of 32) from mux cell $paramod\LOBA_LOB\N=s32'00000000000000000000000000010000.$ternary$/home/juliana/venv_pytorch/lib/python3.12/site-packages/MAxPy/vlib/AxArith/multipliers/LOBA.v:315$679 ($mux).
Removed top 31 bits (of 32) from mux cell $paramod\LOBA_LOB\N=s32'00000000000000000000000000010000.$ternary$/home/juliana/venv_pytorch/lib/python3.12/site-packages/MAxPy/vlib/AxArith/multipliers/LOBA.v:315$682 ($mux).
Removed top 31 bits (of 32) from mux cell $paramod\LOBA_LOB\N=s32'00000000000000000000000000010000.$ternary$/home/juliana/venv_pytorch/lib/python3.12/site-packages/MAxPy/vlib/AxArith/multipliers/LOBA.v:315$685 ($mux).
Removed top 31 bits (of 32) from mux cell $paramod\LOBA_LOB\N=s32'00000000000000000000000000010000.$ternary$/home/juliana/venv_pytorch/lib/python3.12/site-packages/MAxPy/vlib/AxArith/multipliers/LOBA.v:315$688 ($mux).
Removed top 31 bits (of 32) from mux cell $paramod\LOBA_LOB\N=s32'00000000000000000000000000010000.$ternary$/home/juliana/venv_pytorch/lib/python3.12/site-packages/MAxPy/vlib/AxArith/multipliers/LOBA.v:315$691 ($mux).
Removed top 31 bits (of 32) from mux cell $paramod\LOBA_LOB\N=s32'00000000000000000000000000010000.$ternary$/home/juliana/venv_pytorch/lib/python3.12/site-packages/MAxPy/vlib/AxArith/multipliers/LOBA.v:315$694 ($mux).
Removed top 31 bits (of 32) from mux cell $paramod\LOBA_LOB\N=s32'00000000000000000000000000010000.$ternary$/home/juliana/venv_pytorch/lib/python3.12/site-packages/MAxPy/vlib/AxArith/multipliers/LOBA.v:315$697 ($mux).
Removed top 31 bits (of 32) from mux cell $paramod\LOBA_LOB\N=s32'00000000000000000000000000010000.$ternary$/home/juliana/venv_pytorch/lib/python3.12/site-packages/MAxPy/vlib/AxArith/multipliers/LOBA.v:315$700 ($mux).
Removed top 31 bits (of 32) from mux cell $paramod\LOBA_LOB\N=s32'00000000000000000000000000010000.$ternary$/home/juliana/venv_pytorch/lib/python3.12/site-packages/MAxPy/vlib/AxArith/multipliers/LOBA.v:315$703 ($mux).
Removed top 31 bits (of 32) from mux cell $paramod\LOBA_LOB\N=s32'00000000000000000000000000010000.$ternary$/home/juliana/venv_pytorch/lib/python3.12/site-packages/MAxPy/vlib/AxArith/multipliers/LOBA.v:315$706 ($mux).
Removed top 31 bits (of 32) from mux cell $paramod\LOBA_LOB\N=s32'00000000000000000000000000010000.$ternary$/home/juliana/venv_pytorch/lib/python3.12/site-packages/MAxPy/vlib/AxArith/multipliers/LOBA.v:315$709 ($mux).
Removed top 31 bits (of 32) from wire $paramod\LOBA_LOB\N=s32'00000000000000000000000000010000.$ternary$/home/juliana/venv_pytorch/lib/python3.12/site-packages/MAxPy/vlib/AxArith/multipliers/LOBA.v:313$668_Y.
Removed top 31 bits (of 32) from wire $paramod\LOBA_LOB\N=s32'00000000000000000000000000010000.$ternary$/home/juliana/venv_pytorch/lib/python3.12/site-packages/MAxPy/vlib/AxArith/multipliers/LOBA.v:315$670_Y.
Removed top 31 bits (of 32) from wire $paramod\LOBA_LOB\N=s32'00000000000000000000000000010000.$ternary$/home/juliana/venv_pytorch/lib/python3.12/site-packages/MAxPy/vlib/AxArith/multipliers/LOBA.v:315$673_Y.
Removed top 31 bits (of 32) from wire $paramod\LOBA_LOB\N=s32'00000000000000000000000000010000.$ternary$/home/juliana/venv_pytorch/lib/python3.12/site-packages/MAxPy/vlib/AxArith/multipliers/LOBA.v:315$676_Y.
Removed top 31 bits (of 32) from wire $paramod\LOBA_LOB\N=s32'00000000000000000000000000010000.$ternary$/home/juliana/venv_pytorch/lib/python3.12/site-packages/MAxPy/vlib/AxArith/multipliers/LOBA.v:315$679_Y.
Removed top 31 bits (of 32) from wire $paramod\LOBA_LOB\N=s32'00000000000000000000000000010000.$ternary$/home/juliana/venv_pytorch/lib/python3.12/site-packages/MAxPy/vlib/AxArith/multipliers/LOBA.v:315$682_Y.
Removed top 31 bits (of 32) from wire $paramod\LOBA_LOB\N=s32'00000000000000000000000000010000.$ternary$/home/juliana/venv_pytorch/lib/python3.12/site-packages/MAxPy/vlib/AxArith/multipliers/LOBA.v:315$685_Y.
Removed top 31 bits (of 32) from wire $paramod\LOBA_LOB\N=s32'00000000000000000000000000010000.$ternary$/home/juliana/venv_pytorch/lib/python3.12/site-packages/MAxPy/vlib/AxArith/multipliers/LOBA.v:315$688_Y.
Removed top 31 bits (of 32) from wire $paramod\LOBA_LOB\N=s32'00000000000000000000000000010000.$ternary$/home/juliana/venv_pytorch/lib/python3.12/site-packages/MAxPy/vlib/AxArith/multipliers/LOBA.v:315$691_Y.
Removed top 31 bits (of 32) from wire $paramod\LOBA_LOB\N=s32'00000000000000000000000000010000.$ternary$/home/juliana/venv_pytorch/lib/python3.12/site-packages/MAxPy/vlib/AxArith/multipliers/LOBA.v:315$694_Y.
Removed top 31 bits (of 32) from wire $paramod\LOBA_LOB\N=s32'00000000000000000000000000010000.$ternary$/home/juliana/venv_pytorch/lib/python3.12/site-packages/MAxPy/vlib/AxArith/multipliers/LOBA.v:315$697_Y.
Removed top 31 bits (of 32) from wire $paramod\LOBA_LOB\N=s32'00000000000000000000000000010000.$ternary$/home/juliana/venv_pytorch/lib/python3.12/site-packages/MAxPy/vlib/AxArith/multipliers/LOBA.v:315$700_Y.
Removed top 31 bits (of 32) from wire $paramod\LOBA_LOB\N=s32'00000000000000000000000000010000.$ternary$/home/juliana/venv_pytorch/lib/python3.12/site-packages/MAxPy/vlib/AxArith/multipliers/LOBA.v:315$703_Y.
Removed top 31 bits (of 32) from wire $paramod\LOBA_LOB\N=s32'00000000000000000000000000010000.$ternary$/home/juliana/venv_pytorch/lib/python3.12/site-packages/MAxPy/vlib/AxArith/multipliers/LOBA.v:315$706_Y.
Removed top 31 bits (of 32) from wire $paramod\LOBA_LOB\N=s32'00000000000000000000000000010000.$ternary$/home/juliana/venv_pytorch/lib/python3.12/site-packages/MAxPy/vlib/AxArith/multipliers/LOBA.v:315$709_Y.
Removed top 1 bits (of 4) from port B of cell $paramod\LOBA_LOWER\N=s32'00000000000000000000000000010000.$eq$/home/juliana/venv_pytorch/lib/python3.12/site-packages/MAxPy/vlib/AxArith/multipliers/LOBA.v:294$638 ($eq).
Removed top 1 bits (of 4) from port B of cell $paramod\LOBA_LOWER\N=s32'00000000000000000000000000010000.$eq$/home/juliana/venv_pytorch/lib/python3.12/site-packages/MAxPy/vlib/AxArith/multipliers/LOBA.v:294$640 ($eq).
Removed top 1 bits (of 4) from port B of cell $paramod\LOBA_LOWER\N=s32'00000000000000000000000000010000.$eq$/home/juliana/venv_pytorch/lib/python3.12/site-packages/MAxPy/vlib/AxArith/multipliers/LOBA.v:294$642 ($eq).
Removed top 1 bits (of 4) from port B of cell $paramod\LOBA_LOWER\N=s32'00000000000000000000000000010000.$eq$/home/juliana/venv_pytorch/lib/python3.12/site-packages/MAxPy/vlib/AxArith/multipliers/LOBA.v:294$644 ($eq).
Removed top 2 bits (of 4) from port B of cell $paramod\LOBA_LOWER\N=s32'00000000000000000000000000010000.$eq$/home/juliana/venv_pytorch/lib/python3.12/site-packages/MAxPy/vlib/AxArith/multipliers/LOBA.v:294$646 ($eq).
Removed top 2 bits (of 4) from port B of cell $paramod\LOBA_LOWER\N=s32'00000000000000000000000000010000.$eq$/home/juliana/venv_pytorch/lib/python3.12/site-packages/MAxPy/vlib/AxArith/multipliers/LOBA.v:294$648 ($eq).
Removed top 3 bits (of 4) from port B of cell $paramod\LOBA_LOWER\N=s32'00000000000000000000000000010000.$eq$/home/juliana/venv_pytorch/lib/python3.12/site-packages/MAxPy/vlib/AxArith/multipliers/LOBA.v:294$650 ($eq).
Removed top 8 bits (of 16) from mux cell neuron_intra_Nbits.$ternary$neuron_drums_4/neuron_intra_Nbits_LOBA0s_8/rtl/neuron_intra_Nbits.v:73$739 ($mux).

10.8. Executing OPT_CLEAN pass (remove unused cells and wires).
Finding unused cells or wires in module $paramod$3a9ab03ecb4efa8c240654e4c7efd8699dc26662\LOBA0s..
Finding unused cells or wires in module $paramod$3a9ab03ecb4efa8c240654e4c7efd8699dc26662\LOBA0u..
Finding unused cells or wires in module $paramod$3a9ab03ecb4efa8c240654e4c7efd8699dc26662\LOBA_MUX..
Finding unused cells or wires in module $paramod$3a9ab03ecb4efa8c240654e4c7efd8699dc26662\LOBA_SPLIT..
Finding unused cells or wires in module $paramod\LOBA_LOB\N=s32'00000000000000000000000000010000..
Finding unused cells or wires in module $paramod\LOBA_LOWER\N=s32'00000000000000000000000000010000..
Finding unused cells or wires in module \neuron_intra_Nbits..
Removed 0 unused cells and 39 unused wires.
<suppressed ~5 debug messages>

10.9. Executing MEMORY_COLLECT pass (generating $mem cells).

10.10. Executing OPT pass (performing simple optimizations).

10.10.1. Executing OPT_EXPR pass (perform const folding).
Optimizing module $paramod$3a9ab03ecb4efa8c240654e4c7efd8699dc26662\LOBA0s.
Optimizing module $paramod$3a9ab03ecb4efa8c240654e4c7efd8699dc26662\LOBA0u.
Optimizing module $paramod$3a9ab03ecb4efa8c240654e4c7efd8699dc26662\LOBA_MUX.
Optimizing module $paramod$3a9ab03ecb4efa8c240654e4c7efd8699dc26662\LOBA_SPLIT.
Optimizing module $paramod\LOBA_LOB\N=s32'00000000000000000000000000010000.
Optimizing module $paramod\LOBA_LOWER\N=s32'00000000000000000000000000010000.
Optimizing module neuron_intra_Nbits.

10.10.2. Executing OPT_MERGE pass (detect identical cells).
Finding identical cells in module `$paramod$3a9ab03ecb4efa8c240654e4c7efd8699dc26662\LOBA0s'.
Finding identical cells in module `$paramod$3a9ab03ecb4efa8c240654e4c7efd8699dc26662\LOBA0u'.
Finding identical cells in module `$paramod$3a9ab03ecb4efa8c240654e4c7efd8699dc26662\LOBA_MUX'.
Finding identical cells in module `$paramod$3a9ab03ecb4efa8c240654e4c7efd8699dc26662\LOBA_SPLIT'.
Finding identical cells in module `$paramod\LOBA_LOB\N=s32'00000000000000000000000000010000'.
Finding identical cells in module `$paramod\LOBA_LOWER\N=s32'00000000000000000000000000010000'.
Finding identical cells in module `\neuron_intra_Nbits'.
Removed a total of 0 cells.

10.10.3. Executing OPT_CLEAN pass (remove unused cells and wires).
Finding unused cells or wires in module $paramod$3a9ab03ecb4efa8c240654e4c7efd8699dc26662\LOBA0s..
Finding unused cells or wires in module $paramod$3a9ab03ecb4efa8c240654e4c7efd8699dc26662\LOBA0u..
Finding unused cells or wires in module $paramod$3a9ab03ecb4efa8c240654e4c7efd8699dc26662\LOBA_MUX..
Finding unused cells or wires in module $paramod$3a9ab03ecb4efa8c240654e4c7efd8699dc26662\LOBA_SPLIT..
Finding unused cells or wires in module $paramod\LOBA_LOB\N=s32'00000000000000000000000000010000..
Finding unused cells or wires in module $paramod\LOBA_LOWER\N=s32'00000000000000000000000000010000..
Finding unused cells or wires in module \neuron_intra_Nbits..

10.10.4. Finished fast OPT passes.

10.11. Printing statistics.

=== $paramod$3a9ab03ecb4efa8c240654e4c7efd8699dc26662\LOBA0s ===

   Number of wires:                 13
   Number of wire bits:            289
   Number of public wires:           7
   Number of public wire bits:     129
   Number of memories:               0
   Number of memory bits:            0
   Number of processes:              0
   Number of cells:                 11
     $add                            3
     $mux                            3
     $not                            3
     $paramod$3a9ab03ecb4efa8c240654e4c7efd8699dc26662\LOBA0u      1
     $xor                            1

=== $paramod$3a9ab03ecb4efa8c240654e4c7efd8699dc26662\LOBA0u ===

   Number of wires:                 14
   Number of wire bits:            181
   Number of public wires:          11
   Number of public wire bits:     112
   Number of memories:               0
   Number of memory bits:            0
   Number of processes:              0
   Number of cells:                  6
     $add                            1
     $mul                            1
     $paramod$3a9ab03ecb4efa8c240654e4c7efd8699dc26662\LOBA_SPLIT      2
     $shl                            1
     $sub                            1

=== $paramod$3a9ab03ecb4efa8c240654e4c7efd8699dc26662\LOBA_MUX ===

   Number of wires:                 21
   Number of wire bits:            133
   Number of public wires:           4
   Number of public wire bits:      60
   Number of memories:               0
   Number of memory bits:            0
   Number of processes:              0
   Number of cells:                 18
     $eq                             9
     $mux                            9

=== $paramod$3a9ab03ecb4efa8c240654e4c7efd8699dc26662\LOBA_SPLIT ===

   Number of wires:                  9
   Number of wire bits:            120
   Number of public wires:           8
   Number of public wire bits:      88
   Number of memories:               0
   Number of memory bits:            0
   Number of processes:              0
   Number of cells:                 24
     $dlatch                        18
     $paramod$3a9ab03ecb4efa8c240654e4c7efd8699dc26662\LOBA_MUX      2
     $paramod\LOBA_LOB\N=s32'00000000000000000000000000010000      2
     $paramod\LOBA_LOWER\N=s32'00000000000000000000000000010000      1
     $sub                            1

=== $paramod\LOBA_LOB\N=s32'00000000000000000000000000010000 ===

   Number of wires:                  4
   Number of wire bits:             80
   Number of public wires:           4
   Number of public wire bits:      80
   Number of memories:               0
   Number of memory bits:            0
   Number of processes:              0
   Number of cells:                 30
     $and                           15
     $mux                           15

=== $paramod\LOBA_LOWER\N=s32'00000000000000000000000000010000 ===

   Number of wires:                 19
   Number of wire bits:             52
   Number of public wires:           3
   Number of public wire bits:      36
   Number of memories:               0
   Number of memory bits:            0
   Number of processes:              0
   Number of cells:                 32
     $dlatch                        16
     $eq                            15
     $logic_not                      1

=== neuron_intra_Nbits ===

   Number of wires:                 40
   Number of wire bits:            828
   Number of public wires:          29
   Number of public wire bits:     547
   Number of memories:               0
   Number of memory bits:            0
   Number of processes:              0
   Number of cells:                 21
     $add                            7
     $adff                           2
     $gt                             1
     $mux                            3
     $paramod$3a9ab03ecb4efa8c240654e4c7efd8699dc26662\LOBA0s      8

=== design hierarchy ===

   neuron_intra_Nbits                1
     $paramod$3a9ab03ecb4efa8c240654e4c7efd8699dc26662\LOBA0s      8
       $paramod$3a9ab03ecb4efa8c240654e4c7efd8699dc26662\LOBA0u      1
         $paramod$3a9ab03ecb4efa8c240654e4c7efd8699dc26662\LOBA_SPLIT      2
           $paramod$3a9ab03ecb4efa8c240654e4c7efd8699dc26662\LOBA_MUX      2
           $paramod\LOBA_LOB\N=s32'00000000000000000000000000010000      2
           $paramod\LOBA_LOWER\N=s32'00000000000000000000000000010000      1

   Number of wires:               1504
   Number of wire bits:          14156
   Number of public wires:         605
   Number of public wire bits:    8939
   Number of memories:               0
   Number of memory bits:            0
   Number of processes:              0
   Number of cells:               2477
     $add                           39
     $adff                           2
     $and                          480
     $dlatch                       544
     $eq                           528
     $gt                             1
     $logic_not                     16
     $mul                            8
     $mux                          795
     $not                           24
     $shl                            8
     $sub                           24
     $xor                            8

10.12. Executing CHECK pass (checking for obvious problems).
Checking module $paramod$3a9ab03ecb4efa8c240654e4c7efd8699dc26662\LOBA0s...
Checking module $paramod$3a9ab03ecb4efa8c240654e4c7efd8699dc26662\LOBA0u...
Checking module $paramod$3a9ab03ecb4efa8c240654e4c7efd8699dc26662\LOBA_MUX...
Checking module $paramod$3a9ab03ecb4efa8c240654e4c7efd8699dc26662\LOBA_SPLIT...
Warning: multiple conflicting drivers for $paramod$3a9ab03ecb4efa8c240654e4c7efd8699dc26662\LOBA_SPLIT.\kl [3]:
    port Q[3] of cell $auto$proc_dlatch.cc:427:proc_dlatch$1114 ($dlatch)
    port Q[3] of cell $auto$proc_dlatch.cc:427:proc_dlatch$1136 ($dlatch)
    port Q[3] of cell $auto$proc_dlatch.cc:427:proc_dlatch$1158 ($dlatch)
    port Q[3] of cell $auto$proc_dlatch.cc:427:proc_dlatch$1180 ($dlatch)
    port Q[3] of cell $auto$proc_dlatch.cc:427:proc_dlatch$1202 ($dlatch)
    port Q[3] of cell $auto$proc_dlatch.cc:427:proc_dlatch$1224 ($dlatch)
    port Q[3] of cell $auto$proc_dlatch.cc:427:proc_dlatch$1246 ($dlatch)
    port Q[3] of cell $auto$proc_dlatch.cc:427:proc_dlatch$1268 ($dlatch)
    port Q[3] of cell $auto$proc_dlatch.cc:427:proc_dlatch$1290 ($dlatch)
Warning: multiple conflicting drivers for $paramod$3a9ab03ecb4efa8c240654e4c7efd8699dc26662\LOBA_SPLIT.\kl [2]:
    port Q[2] of cell $auto$proc_dlatch.cc:427:proc_dlatch$1114 ($dlatch)
    port Q[2] of cell $auto$proc_dlatch.cc:427:proc_dlatch$1136 ($dlatch)
    port Q[2] of cell $auto$proc_dlatch.cc:427:proc_dlatch$1158 ($dlatch)
    port Q[2] of cell $auto$proc_dlatch.cc:427:proc_dlatch$1180 ($dlatch)
    port Q[2] of cell $auto$proc_dlatch.cc:427:proc_dlatch$1202 ($dlatch)
    port Q[2] of cell $auto$proc_dlatch.cc:427:proc_dlatch$1224 ($dlatch)
    port Q[2] of cell $auto$proc_dlatch.cc:427:proc_dlatch$1246 ($dlatch)
    port Q[2] of cell $auto$proc_dlatch.cc:427:proc_dlatch$1268 ($dlatch)
    port Q[2] of cell $auto$proc_dlatch.cc:427:proc_dlatch$1290 ($dlatch)
Warning: multiple conflicting drivers for $paramod$3a9ab03ecb4efa8c240654e4c7efd8699dc26662\LOBA_SPLIT.\kl [1]:
    port Q[1] of cell $auto$proc_dlatch.cc:427:proc_dlatch$1114 ($dlatch)
    port Q[1] of cell $auto$proc_dlatch.cc:427:proc_dlatch$1136 ($dlatch)
    port Q[1] of cell $auto$proc_dlatch.cc:427:proc_dlatch$1158 ($dlatch)
    port Q[1] of cell $auto$proc_dlatch.cc:427:proc_dlatch$1180 ($dlatch)
    port Q[1] of cell $auto$proc_dlatch.cc:427:proc_dlatch$1202 ($dlatch)
    port Q[1] of cell $auto$proc_dlatch.cc:427:proc_dlatch$1224 ($dlatch)
    port Q[1] of cell $auto$proc_dlatch.cc:427:proc_dlatch$1246 ($dlatch)
    port Q[1] of cell $auto$proc_dlatch.cc:427:proc_dlatch$1268 ($dlatch)
    port Q[1] of cell $auto$proc_dlatch.cc:427:proc_dlatch$1290 ($dlatch)
Warning: multiple conflicting drivers for $paramod$3a9ab03ecb4efa8c240654e4c7efd8699dc26662\LOBA_SPLIT.\kl [0]:
    port Q[0] of cell $auto$proc_dlatch.cc:427:proc_dlatch$1114 ($dlatch)
    port Q[0] of cell $auto$proc_dlatch.cc:427:proc_dlatch$1136 ($dlatch)
    port Q[0] of cell $auto$proc_dlatch.cc:427:proc_dlatch$1158 ($dlatch)
    port Q[0] of cell $auto$proc_dlatch.cc:427:proc_dlatch$1180 ($dlatch)
    port Q[0] of cell $auto$proc_dlatch.cc:427:proc_dlatch$1202 ($dlatch)
    port Q[0] of cell $auto$proc_dlatch.cc:427:proc_dlatch$1224 ($dlatch)
    port Q[0] of cell $auto$proc_dlatch.cc:427:proc_dlatch$1246 ($dlatch)
    port Q[0] of cell $auto$proc_dlatch.cc:427:proc_dlatch$1268 ($dlatch)
    port Q[0] of cell $auto$proc_dlatch.cc:427:proc_dlatch$1290 ($dlatch)
Warning: multiple conflicting drivers for $paramod$3a9ab03ecb4efa8c240654e4c7efd8699dc26662\LOBA_SPLIT.\kh [3]:
    port Q[3] of cell $auto$proc_dlatch.cc:427:proc_dlatch$1103 ($dlatch)
    port Q[3] of cell $auto$proc_dlatch.cc:427:proc_dlatch$1125 ($dlatch)
    port Q[3] of cell $auto$proc_dlatch.cc:427:proc_dlatch$1147 ($dlatch)
    port Q[3] of cell $auto$proc_dlatch.cc:427:proc_dlatch$1169 ($dlatch)
    port Q[3] of cell $auto$proc_dlatch.cc:427:proc_dlatch$1191 ($dlatch)
    port Q[3] of cell $auto$proc_dlatch.cc:427:proc_dlatch$1213 ($dlatch)
    port Q[3] of cell $auto$proc_dlatch.cc:427:proc_dlatch$1235 ($dlatch)
    port Q[3] of cell $auto$proc_dlatch.cc:427:proc_dlatch$1257 ($dlatch)
    port Q[3] of cell $auto$proc_dlatch.cc:427:proc_dlatch$1279 ($dlatch)
Warning: multiple conflicting drivers for $paramod$3a9ab03ecb4efa8c240654e4c7efd8699dc26662\LOBA_SPLIT.\kh [2]:
    port Q[2] of cell $auto$proc_dlatch.cc:427:proc_dlatch$1103 ($dlatch)
    port Q[2] of cell $auto$proc_dlatch.cc:427:proc_dlatch$1125 ($dlatch)
    port Q[2] of cell $auto$proc_dlatch.cc:427:proc_dlatch$1147 ($dlatch)
    port Q[2] of cell $auto$proc_dlatch.cc:427:proc_dlatch$1169 ($dlatch)
    port Q[2] of cell $auto$proc_dlatch.cc:427:proc_dlatch$1191 ($dlatch)
    port Q[2] of cell $auto$proc_dlatch.cc:427:proc_dlatch$1213 ($dlatch)
    port Q[2] of cell $auto$proc_dlatch.cc:427:proc_dlatch$1235 ($dlatch)
    port Q[2] of cell $auto$proc_dlatch.cc:427:proc_dlatch$1257 ($dlatch)
    port Q[2] of cell $auto$proc_dlatch.cc:427:proc_dlatch$1279 ($dlatch)
Warning: multiple conflicting drivers for $paramod$3a9ab03ecb4efa8c240654e4c7efd8699dc26662\LOBA_SPLIT.\kh [1]:
    port Q[1] of cell $auto$proc_dlatch.cc:427:proc_dlatch$1103 ($dlatch)
    port Q[1] of cell $auto$proc_dlatch.cc:427:proc_dlatch$1125 ($dlatch)
    port Q[1] of cell $auto$proc_dlatch.cc:427:proc_dlatch$1147 ($dlatch)
    port Q[1] of cell $auto$proc_dlatch.cc:427:proc_dlatch$1169 ($dlatch)
    port Q[1] of cell $auto$proc_dlatch.cc:427:proc_dlatch$1191 ($dlatch)
    port Q[1] of cell $auto$proc_dlatch.cc:427:proc_dlatch$1213 ($dlatch)
    port Q[1] of cell $auto$proc_dlatch.cc:427:proc_dlatch$1235 ($dlatch)
    port Q[1] of cell $auto$proc_dlatch.cc:427:proc_dlatch$1257 ($dlatch)
    port Q[1] of cell $auto$proc_dlatch.cc:427:proc_dlatch$1279 ($dlatch)
Warning: multiple conflicting drivers for $paramod$3a9ab03ecb4efa8c240654e4c7efd8699dc26662\LOBA_SPLIT.\kh [0]:
    port Q[0] of cell $auto$proc_dlatch.cc:427:proc_dlatch$1103 ($dlatch)
    port Q[0] of cell $auto$proc_dlatch.cc:427:proc_dlatch$1125 ($dlatch)
    port Q[0] of cell $auto$proc_dlatch.cc:427:proc_dlatch$1147 ($dlatch)
    port Q[0] of cell $auto$proc_dlatch.cc:427:proc_dlatch$1169 ($dlatch)
    port Q[0] of cell $auto$proc_dlatch.cc:427:proc_dlatch$1191 ($dlatch)
    port Q[0] of cell $auto$proc_dlatch.cc:427:proc_dlatch$1213 ($dlatch)
    port Q[0] of cell $auto$proc_dlatch.cc:427:proc_dlatch$1235 ($dlatch)
    port Q[0] of cell $auto$proc_dlatch.cc:427:proc_dlatch$1257 ($dlatch)
    port Q[0] of cell $auto$proc_dlatch.cc:427:proc_dlatch$1279 ($dlatch)
Checking module $paramod\LOBA_LOB\N=s32'00000000000000000000000000010000...
Checking module $paramod\LOBA_LOWER\N=s32'00000000000000000000000000010000...
Warning: multiple conflicting drivers for $paramod\LOBA_LOWER\N=s32'00000000000000000000000000010000.\out [15]:
    port Q[15] of cell $auto$proc_dlatch.cc:427:proc_dlatch$1004 ($dlatch)
    port Q[15] of cell $auto$proc_dlatch.cc:427:proc_dlatch$1015 ($dlatch)
    port Q[15] of cell $auto$proc_dlatch.cc:427:proc_dlatch$1026 ($dlatch)
    port Q[15] of cell $auto$proc_dlatch.cc:427:proc_dlatch$1037 ($dlatch)
    port Q[15] of cell $auto$proc_dlatch.cc:427:proc_dlatch$1048 ($dlatch)
    port Q[15] of cell $auto$proc_dlatch.cc:427:proc_dlatch$1059 ($dlatch)
    port Q[15] of cell $auto$proc_dlatch.cc:427:proc_dlatch$1070 ($dlatch)
    port Q[15] of cell $auto$proc_dlatch.cc:427:proc_dlatch$1081 ($dlatch)
    port Q[15] of cell $auto$proc_dlatch.cc:427:proc_dlatch$1092 ($dlatch)
    port Q[15] of cell $auto$proc_dlatch.cc:427:proc_dlatch$927 ($dlatch)
    port Q[15] of cell $auto$proc_dlatch.cc:427:proc_dlatch$938 ($dlatch)
    port Q[15] of cell $auto$proc_dlatch.cc:427:proc_dlatch$949 ($dlatch)
    port Q[15] of cell $auto$proc_dlatch.cc:427:proc_dlatch$960 ($dlatch)
    port Q[15] of cell $auto$proc_dlatch.cc:427:proc_dlatch$971 ($dlatch)
    port Q[15] of cell $auto$proc_dlatch.cc:427:proc_dlatch$982 ($dlatch)
    port Q[15] of cell $auto$proc_dlatch.cc:427:proc_dlatch$993 ($dlatch)
Warning: multiple conflicting drivers for $paramod\LOBA_LOWER\N=s32'00000000000000000000000000010000.\out [14]:
    port Q[14] of cell $auto$proc_dlatch.cc:427:proc_dlatch$1004 ($dlatch)
    port Q[14] of cell $auto$proc_dlatch.cc:427:proc_dlatch$1015 ($dlatch)
    port Q[14] of cell $auto$proc_dlatch.cc:427:proc_dlatch$1026 ($dlatch)
    port Q[14] of cell $auto$proc_dlatch.cc:427:proc_dlatch$1037 ($dlatch)
    port Q[14] of cell $auto$proc_dlatch.cc:427:proc_dlatch$1048 ($dlatch)
    port Q[14] of cell $auto$proc_dlatch.cc:427:proc_dlatch$1059 ($dlatch)
    port Q[14] of cell $auto$proc_dlatch.cc:427:proc_dlatch$1070 ($dlatch)
    port Q[14] of cell $auto$proc_dlatch.cc:427:proc_dlatch$1081 ($dlatch)
    port Q[14] of cell $auto$proc_dlatch.cc:427:proc_dlatch$1092 ($dlatch)
    port Q[14] of cell $auto$proc_dlatch.cc:427:proc_dlatch$927 ($dlatch)
    port Q[14] of cell $auto$proc_dlatch.cc:427:proc_dlatch$938 ($dlatch)
    port Q[14] of cell $auto$proc_dlatch.cc:427:proc_dlatch$949 ($dlatch)
    port Q[14] of cell $auto$proc_dlatch.cc:427:proc_dlatch$960 ($dlatch)
    port Q[14] of cell $auto$proc_dlatch.cc:427:proc_dlatch$971 ($dlatch)
    port Q[14] of cell $auto$proc_dlatch.cc:427:proc_dlatch$982 ($dlatch)
    port Q[14] of cell $auto$proc_dlatch.cc:427:proc_dlatch$993 ($dlatch)
Warning: multiple conflicting drivers for $paramod\LOBA_LOWER\N=s32'00000000000000000000000000010000.\out [13]:
    port Q[13] of cell $auto$proc_dlatch.cc:427:proc_dlatch$1004 ($dlatch)
    port Q[13] of cell $auto$proc_dlatch.cc:427:proc_dlatch$1015 ($dlatch)
    port Q[13] of cell $auto$proc_dlatch.cc:427:proc_dlatch$1026 ($dlatch)
    port Q[13] of cell $auto$proc_dlatch.cc:427:proc_dlatch$1037 ($dlatch)
    port Q[13] of cell $auto$proc_dlatch.cc:427:proc_dlatch$1048 ($dlatch)
    port Q[13] of cell $auto$proc_dlatch.cc:427:proc_dlatch$1059 ($dlatch)
    port Q[13] of cell $auto$proc_dlatch.cc:427:proc_dlatch$1070 ($dlatch)
    port Q[13] of cell $auto$proc_dlatch.cc:427:proc_dlatch$1081 ($dlatch)
    port Q[13] of cell $auto$proc_dlatch.cc:427:proc_dlatch$1092 ($dlatch)
    port Q[13] of cell $auto$proc_dlatch.cc:427:proc_dlatch$927 ($dlatch)
    port Q[13] of cell $auto$proc_dlatch.cc:427:proc_dlatch$938 ($dlatch)
    port Q[13] of cell $auto$proc_dlatch.cc:427:proc_dlatch$949 ($dlatch)
    port Q[13] of cell $auto$proc_dlatch.cc:427:proc_dlatch$960 ($dlatch)
    port Q[13] of cell $auto$proc_dlatch.cc:427:proc_dlatch$971 ($dlatch)
    port Q[13] of cell $auto$proc_dlatch.cc:427:proc_dlatch$982 ($dlatch)
    port Q[13] of cell $auto$proc_dlatch.cc:427:proc_dlatch$993 ($dlatch)
Warning: multiple conflicting drivers for $paramod\LOBA_LOWER\N=s32'00000000000000000000000000010000.\out [12]:
    port Q[12] of cell $auto$proc_dlatch.cc:427:proc_dlatch$1004 ($dlatch)
    port Q[12] of cell $auto$proc_dlatch.cc:427:proc_dlatch$1015 ($dlatch)
    port Q[12] of cell $auto$proc_dlatch.cc:427:proc_dlatch$1026 ($dlatch)
    port Q[12] of cell $auto$proc_dlatch.cc:427:proc_dlatch$1037 ($dlatch)
    port Q[12] of cell $auto$proc_dlatch.cc:427:proc_dlatch$1048 ($dlatch)
    port Q[12] of cell $auto$proc_dlatch.cc:427:proc_dlatch$1059 ($dlatch)
    port Q[12] of cell $auto$proc_dlatch.cc:427:proc_dlatch$1070 ($dlatch)
    port Q[12] of cell $auto$proc_dlatch.cc:427:proc_dlatch$1081 ($dlatch)
    port Q[12] of cell $auto$proc_dlatch.cc:427:proc_dlatch$1092 ($dlatch)
    port Q[12] of cell $auto$proc_dlatch.cc:427:proc_dlatch$927 ($dlatch)
    port Q[12] of cell $auto$proc_dlatch.cc:427:proc_dlatch$938 ($dlatch)
    port Q[12] of cell $auto$proc_dlatch.cc:427:proc_dlatch$949 ($dlatch)
    port Q[12] of cell $auto$proc_dlatch.cc:427:proc_dlatch$960 ($dlatch)
    port Q[12] of cell $auto$proc_dlatch.cc:427:proc_dlatch$971 ($dlatch)
    port Q[12] of cell $auto$proc_dlatch.cc:427:proc_dlatch$982 ($dlatch)
    port Q[12] of cell $auto$proc_dlatch.cc:427:proc_dlatch$993 ($dlatch)
Warning: multiple conflicting drivers for $paramod\LOBA_LOWER\N=s32'00000000000000000000000000010000.\out [11]:
    port Q[11] of cell $auto$proc_dlatch.cc:427:proc_dlatch$1004 ($dlatch)
    port Q[11] of cell $auto$proc_dlatch.cc:427:proc_dlatch$1015 ($dlatch)
    port Q[11] of cell $auto$proc_dlatch.cc:427:proc_dlatch$1026 ($dlatch)
    port Q[11] of cell $auto$proc_dlatch.cc:427:proc_dlatch$1037 ($dlatch)
    port Q[11] of cell $auto$proc_dlatch.cc:427:proc_dlatch$1048 ($dlatch)
    port Q[11] of cell $auto$proc_dlatch.cc:427:proc_dlatch$1059 ($dlatch)
    port Q[11] of cell $auto$proc_dlatch.cc:427:proc_dlatch$1070 ($dlatch)
    port Q[11] of cell $auto$proc_dlatch.cc:427:proc_dlatch$1081 ($dlatch)
    port Q[11] of cell $auto$proc_dlatch.cc:427:proc_dlatch$1092 ($dlatch)
    port Q[11] of cell $auto$proc_dlatch.cc:427:proc_dlatch$927 ($dlatch)
    port Q[11] of cell $auto$proc_dlatch.cc:427:proc_dlatch$938 ($dlatch)
    port Q[11] of cell $auto$proc_dlatch.cc:427:proc_dlatch$949 ($dlatch)
    port Q[11] of cell $auto$proc_dlatch.cc:427:proc_dlatch$960 ($dlatch)
    port Q[11] of cell $auto$proc_dlatch.cc:427:proc_dlatch$971 ($dlatch)
    port Q[11] of cell $auto$proc_dlatch.cc:427:proc_dlatch$982 ($dlatch)
    port Q[11] of cell $auto$proc_dlatch.cc:427:proc_dlatch$993 ($dlatch)
Warning: multiple conflicting drivers for $paramod\LOBA_LOWER\N=s32'00000000000000000000000000010000.\out [10]:
    port Q[10] of cell $auto$proc_dlatch.cc:427:proc_dlatch$1004 ($dlatch)
    port Q[10] of cell $auto$proc_dlatch.cc:427:proc_dlatch$1015 ($dlatch)
    port Q[10] of cell $auto$proc_dlatch.cc:427:proc_dlatch$1026 ($dlatch)
    port Q[10] of cell $auto$proc_dlatch.cc:427:proc_dlatch$1037 ($dlatch)
    port Q[10] of cell $auto$proc_dlatch.cc:427:proc_dlatch$1048 ($dlatch)
    port Q[10] of cell $auto$proc_dlatch.cc:427:proc_dlatch$1059 ($dlatch)
    port Q[10] of cell $auto$proc_dlatch.cc:427:proc_dlatch$1070 ($dlatch)
    port Q[10] of cell $auto$proc_dlatch.cc:427:proc_dlatch$1081 ($dlatch)
    port Q[10] of cell $auto$proc_dlatch.cc:427:proc_dlatch$1092 ($dlatch)
    port Q[10] of cell $auto$proc_dlatch.cc:427:proc_dlatch$927 ($dlatch)
    port Q[10] of cell $auto$proc_dlatch.cc:427:proc_dlatch$938 ($dlatch)
    port Q[10] of cell $auto$proc_dlatch.cc:427:proc_dlatch$949 ($dlatch)
    port Q[10] of cell $auto$proc_dlatch.cc:427:proc_dlatch$960 ($dlatch)
    port Q[10] of cell $auto$proc_dlatch.cc:427:proc_dlatch$971 ($dlatch)
    port Q[10] of cell $auto$proc_dlatch.cc:427:proc_dlatch$982 ($dlatch)
    port Q[10] of cell $auto$proc_dlatch.cc:427:proc_dlatch$993 ($dlatch)
Warning: multiple conflicting drivers for $paramod\LOBA_LOWER\N=s32'00000000000000000000000000010000.\out [9]:
    port Q[9] of cell $auto$proc_dlatch.cc:427:proc_dlatch$1004 ($dlatch)
    port Q[9] of cell $auto$proc_dlatch.cc:427:proc_dlatch$1015 ($dlatch)
    port Q[9] of cell $auto$proc_dlatch.cc:427:proc_dlatch$1026 ($dlatch)
    port Q[9] of cell $auto$proc_dlatch.cc:427:proc_dlatch$1037 ($dlatch)
    port Q[9] of cell $auto$proc_dlatch.cc:427:proc_dlatch$1048 ($dlatch)
    port Q[9] of cell $auto$proc_dlatch.cc:427:proc_dlatch$1059 ($dlatch)
    port Q[9] of cell $auto$proc_dlatch.cc:427:proc_dlatch$1070 ($dlatch)
    port Q[9] of cell $auto$proc_dlatch.cc:427:proc_dlatch$1081 ($dlatch)
    port Q[9] of cell $auto$proc_dlatch.cc:427:proc_dlatch$1092 ($dlatch)
    port Q[9] of cell $auto$proc_dlatch.cc:427:proc_dlatch$927 ($dlatch)
    port Q[9] of cell $auto$proc_dlatch.cc:427:proc_dlatch$938 ($dlatch)
    port Q[9] of cell $auto$proc_dlatch.cc:427:proc_dlatch$949 ($dlatch)
    port Q[9] of cell $auto$proc_dlatch.cc:427:proc_dlatch$960 ($dlatch)
    port Q[9] of cell $auto$proc_dlatch.cc:427:proc_dlatch$971 ($dlatch)
    port Q[9] of cell $auto$proc_dlatch.cc:427:proc_dlatch$982 ($dlatch)
    port Q[9] of cell $auto$proc_dlatch.cc:427:proc_dlatch$993 ($dlatch)
Warning: multiple conflicting drivers for $paramod\LOBA_LOWER\N=s32'00000000000000000000000000010000.\out [8]:
    port Q[8] of cell $auto$proc_dlatch.cc:427:proc_dlatch$1004 ($dlatch)
    port Q[8] of cell $auto$proc_dlatch.cc:427:proc_dlatch$1015 ($dlatch)
    port Q[8] of cell $auto$proc_dlatch.cc:427:proc_dlatch$1026 ($dlatch)
    port Q[8] of cell $auto$proc_dlatch.cc:427:proc_dlatch$1037 ($dlatch)
    port Q[8] of cell $auto$proc_dlatch.cc:427:proc_dlatch$1048 ($dlatch)
    port Q[8] of cell $auto$proc_dlatch.cc:427:proc_dlatch$1059 ($dlatch)
    port Q[8] of cell $auto$proc_dlatch.cc:427:proc_dlatch$1070 ($dlatch)
    port Q[8] of cell $auto$proc_dlatch.cc:427:proc_dlatch$1081 ($dlatch)
    port Q[8] of cell $auto$proc_dlatch.cc:427:proc_dlatch$1092 ($dlatch)
    port Q[8] of cell $auto$proc_dlatch.cc:427:proc_dlatch$927 ($dlatch)
    port Q[8] of cell $auto$proc_dlatch.cc:427:proc_dlatch$938 ($dlatch)
    port Q[8] of cell $auto$proc_dlatch.cc:427:proc_dlatch$949 ($dlatch)
    port Q[8] of cell $auto$proc_dlatch.cc:427:proc_dlatch$960 ($dlatch)
    port Q[8] of cell $auto$proc_dlatch.cc:427:proc_dlatch$971 ($dlatch)
    port Q[8] of cell $auto$proc_dlatch.cc:427:proc_dlatch$982 ($dlatch)
    port Q[8] of cell $auto$proc_dlatch.cc:427:proc_dlatch$993 ($dlatch)
Warning: multiple conflicting drivers for $paramod\LOBA_LOWER\N=s32'00000000000000000000000000010000.\out [7]:
    port Q[7] of cell $auto$proc_dlatch.cc:427:proc_dlatch$1004 ($dlatch)
    port Q[7] of cell $auto$proc_dlatch.cc:427:proc_dlatch$1015 ($dlatch)
    port Q[7] of cell $auto$proc_dlatch.cc:427:proc_dlatch$1026 ($dlatch)
    port Q[7] of cell $auto$proc_dlatch.cc:427:proc_dlatch$1037 ($dlatch)
    port Q[7] of cell $auto$proc_dlatch.cc:427:proc_dlatch$1048 ($dlatch)
    port Q[7] of cell $auto$proc_dlatch.cc:427:proc_dlatch$1059 ($dlatch)
    port Q[7] of cell $auto$proc_dlatch.cc:427:proc_dlatch$1070 ($dlatch)
    port Q[7] of cell $auto$proc_dlatch.cc:427:proc_dlatch$1081 ($dlatch)
    port Q[7] of cell $auto$proc_dlatch.cc:427:proc_dlatch$1092 ($dlatch)
    port Q[7] of cell $auto$proc_dlatch.cc:427:proc_dlatch$927 ($dlatch)
    port Q[7] of cell $auto$proc_dlatch.cc:427:proc_dlatch$938 ($dlatch)
    port Q[7] of cell $auto$proc_dlatch.cc:427:proc_dlatch$949 ($dlatch)
    port Q[7] of cell $auto$proc_dlatch.cc:427:proc_dlatch$960 ($dlatch)
    port Q[7] of cell $auto$proc_dlatch.cc:427:proc_dlatch$971 ($dlatch)
    port Q[7] of cell $auto$proc_dlatch.cc:427:proc_dlatch$982 ($dlatch)
    port Q[7] of cell $auto$proc_dlatch.cc:427:proc_dlatch$993 ($dlatch)
Warning: multiple conflicting drivers for $paramod\LOBA_LOWER\N=s32'00000000000000000000000000010000.\out [6]:
    port Q[6] of cell $auto$proc_dlatch.cc:427:proc_dlatch$1004 ($dlatch)
    port Q[6] of cell $auto$proc_dlatch.cc:427:proc_dlatch$1015 ($dlatch)
    port Q[6] of cell $auto$proc_dlatch.cc:427:proc_dlatch$1026 ($dlatch)
    port Q[6] of cell $auto$proc_dlatch.cc:427:proc_dlatch$1037 ($dlatch)
    port Q[6] of cell $auto$proc_dlatch.cc:427:proc_dlatch$1048 ($dlatch)
    port Q[6] of cell $auto$proc_dlatch.cc:427:proc_dlatch$1059 ($dlatch)
    port Q[6] of cell $auto$proc_dlatch.cc:427:proc_dlatch$1070 ($dlatch)
    port Q[6] of cell $auto$proc_dlatch.cc:427:proc_dlatch$1081 ($dlatch)
    port Q[6] of cell $auto$proc_dlatch.cc:427:proc_dlatch$1092 ($dlatch)
    port Q[6] of cell $auto$proc_dlatch.cc:427:proc_dlatch$927 ($dlatch)
    port Q[6] of cell $auto$proc_dlatch.cc:427:proc_dlatch$938 ($dlatch)
    port Q[6] of cell $auto$proc_dlatch.cc:427:proc_dlatch$949 ($dlatch)
    port Q[6] of cell $auto$proc_dlatch.cc:427:proc_dlatch$960 ($dlatch)
    port Q[6] of cell $auto$proc_dlatch.cc:427:proc_dlatch$971 ($dlatch)
    port Q[6] of cell $auto$proc_dlatch.cc:427:proc_dlatch$982 ($dlatch)
    port Q[6] of cell $auto$proc_dlatch.cc:427:proc_dlatch$993 ($dlatch)
Warning: multiple conflicting drivers for $paramod\LOBA_LOWER\N=s32'00000000000000000000000000010000.\out [5]:
    port Q[5] of cell $auto$proc_dlatch.cc:427:proc_dlatch$1004 ($dlatch)
    port Q[5] of cell $auto$proc_dlatch.cc:427:proc_dlatch$1015 ($dlatch)
    port Q[5] of cell $auto$proc_dlatch.cc:427:proc_dlatch$1026 ($dlatch)
    port Q[5] of cell $auto$proc_dlatch.cc:427:proc_dlatch$1037 ($dlatch)
    port Q[5] of cell $auto$proc_dlatch.cc:427:proc_dlatch$1048 ($dlatch)
    port Q[5] of cell $auto$proc_dlatch.cc:427:proc_dlatch$1059 ($dlatch)
    port Q[5] of cell $auto$proc_dlatch.cc:427:proc_dlatch$1070 ($dlatch)
    port Q[5] of cell $auto$proc_dlatch.cc:427:proc_dlatch$1081 ($dlatch)
    port Q[5] of cell $auto$proc_dlatch.cc:427:proc_dlatch$1092 ($dlatch)
    port Q[5] of cell $auto$proc_dlatch.cc:427:proc_dlatch$927 ($dlatch)
    port Q[5] of cell $auto$proc_dlatch.cc:427:proc_dlatch$938 ($dlatch)
    port Q[5] of cell $auto$proc_dlatch.cc:427:proc_dlatch$949 ($dlatch)
    port Q[5] of cell $auto$proc_dlatch.cc:427:proc_dlatch$960 ($dlatch)
    port Q[5] of cell $auto$proc_dlatch.cc:427:proc_dlatch$971 ($dlatch)
    port Q[5] of cell $auto$proc_dlatch.cc:427:proc_dlatch$982 ($dlatch)
    port Q[5] of cell $auto$proc_dlatch.cc:427:proc_dlatch$993 ($dlatch)
Warning: multiple conflicting drivers for $paramod\LOBA_LOWER\N=s32'00000000000000000000000000010000.\out [4]:
    port Q[4] of cell $auto$proc_dlatch.cc:427:proc_dlatch$1004 ($dlatch)
    port Q[4] of cell $auto$proc_dlatch.cc:427:proc_dlatch$1015 ($dlatch)
    port Q[4] of cell $auto$proc_dlatch.cc:427:proc_dlatch$1026 ($dlatch)
    port Q[4] of cell $auto$proc_dlatch.cc:427:proc_dlatch$1037 ($dlatch)
    port Q[4] of cell $auto$proc_dlatch.cc:427:proc_dlatch$1048 ($dlatch)
    port Q[4] of cell $auto$proc_dlatch.cc:427:proc_dlatch$1059 ($dlatch)
    port Q[4] of cell $auto$proc_dlatch.cc:427:proc_dlatch$1070 ($dlatch)
    port Q[4] of cell $auto$proc_dlatch.cc:427:proc_dlatch$1081 ($dlatch)
    port Q[4] of cell $auto$proc_dlatch.cc:427:proc_dlatch$1092 ($dlatch)
    port Q[4] of cell $auto$proc_dlatch.cc:427:proc_dlatch$927 ($dlatch)
    port Q[4] of cell $auto$proc_dlatch.cc:427:proc_dlatch$938 ($dlatch)
    port Q[4] of cell $auto$proc_dlatch.cc:427:proc_dlatch$949 ($dlatch)
    port Q[4] of cell $auto$proc_dlatch.cc:427:proc_dlatch$960 ($dlatch)
    port Q[4] of cell $auto$proc_dlatch.cc:427:proc_dlatch$971 ($dlatch)
    port Q[4] of cell $auto$proc_dlatch.cc:427:proc_dlatch$982 ($dlatch)
    port Q[4] of cell $auto$proc_dlatch.cc:427:proc_dlatch$993 ($dlatch)
Warning: multiple conflicting drivers for $paramod\LOBA_LOWER\N=s32'00000000000000000000000000010000.\out [3]:
    port Q[3] of cell $auto$proc_dlatch.cc:427:proc_dlatch$1004 ($dlatch)
    port Q[3] of cell $auto$proc_dlatch.cc:427:proc_dlatch$1015 ($dlatch)
    port Q[3] of cell $auto$proc_dlatch.cc:427:proc_dlatch$1026 ($dlatch)
    port Q[3] of cell $auto$proc_dlatch.cc:427:proc_dlatch$1037 ($dlatch)
    port Q[3] of cell $auto$proc_dlatch.cc:427:proc_dlatch$1048 ($dlatch)
    port Q[3] of cell $auto$proc_dlatch.cc:427:proc_dlatch$1059 ($dlatch)
    port Q[3] of cell $auto$proc_dlatch.cc:427:proc_dlatch$1070 ($dlatch)
    port Q[3] of cell $auto$proc_dlatch.cc:427:proc_dlatch$1081 ($dlatch)
    port Q[3] of cell $auto$proc_dlatch.cc:427:proc_dlatch$1092 ($dlatch)
    port Q[3] of cell $auto$proc_dlatch.cc:427:proc_dlatch$927 ($dlatch)
    port Q[3] of cell $auto$proc_dlatch.cc:427:proc_dlatch$938 ($dlatch)
    port Q[3] of cell $auto$proc_dlatch.cc:427:proc_dlatch$949 ($dlatch)
    port Q[3] of cell $auto$proc_dlatch.cc:427:proc_dlatch$960 ($dlatch)
    port Q[3] of cell $auto$proc_dlatch.cc:427:proc_dlatch$971 ($dlatch)
    port Q[3] of cell $auto$proc_dlatch.cc:427:proc_dlatch$982 ($dlatch)
    port Q[3] of cell $auto$proc_dlatch.cc:427:proc_dlatch$993 ($dlatch)
Warning: multiple conflicting drivers for $paramod\LOBA_LOWER\N=s32'00000000000000000000000000010000.\out [2]:
    port Q[2] of cell $auto$proc_dlatch.cc:427:proc_dlatch$1004 ($dlatch)
    port Q[2] of cell $auto$proc_dlatch.cc:427:proc_dlatch$1015 ($dlatch)
    port Q[2] of cell $auto$proc_dlatch.cc:427:proc_dlatch$1026 ($dlatch)
    port Q[2] of cell $auto$proc_dlatch.cc:427:proc_dlatch$1037 ($dlatch)
    port Q[2] of cell $auto$proc_dlatch.cc:427:proc_dlatch$1048 ($dlatch)
    port Q[2] of cell $auto$proc_dlatch.cc:427:proc_dlatch$1059 ($dlatch)
    port Q[2] of cell $auto$proc_dlatch.cc:427:proc_dlatch$1070 ($dlatch)
    port Q[2] of cell $auto$proc_dlatch.cc:427:proc_dlatch$1081 ($dlatch)
    port Q[2] of cell $auto$proc_dlatch.cc:427:proc_dlatch$1092 ($dlatch)
    port Q[2] of cell $auto$proc_dlatch.cc:427:proc_dlatch$927 ($dlatch)
    port Q[2] of cell $auto$proc_dlatch.cc:427:proc_dlatch$938 ($dlatch)
    port Q[2] of cell $auto$proc_dlatch.cc:427:proc_dlatch$949 ($dlatch)
    port Q[2] of cell $auto$proc_dlatch.cc:427:proc_dlatch$960 ($dlatch)
    port Q[2] of cell $auto$proc_dlatch.cc:427:proc_dlatch$971 ($dlatch)
    port Q[2] of cell $auto$proc_dlatch.cc:427:proc_dlatch$982 ($dlatch)
    port Q[2] of cell $auto$proc_dlatch.cc:427:proc_dlatch$993 ($dlatch)
Warning: multiple conflicting drivers for $paramod\LOBA_LOWER\N=s32'00000000000000000000000000010000.\out [1]:
    port Q[1] of cell $auto$proc_dlatch.cc:427:proc_dlatch$1004 ($dlatch)
    port Q[1] of cell $auto$proc_dlatch.cc:427:proc_dlatch$1015 ($dlatch)
    port Q[1] of cell $auto$proc_dlatch.cc:427:proc_dlatch$1026 ($dlatch)
    port Q[1] of cell $auto$proc_dlatch.cc:427:proc_dlatch$1037 ($dlatch)
    port Q[1] of cell $auto$proc_dlatch.cc:427:proc_dlatch$1048 ($dlatch)
    port Q[1] of cell $auto$proc_dlatch.cc:427:proc_dlatch$1059 ($dlatch)
    port Q[1] of cell $auto$proc_dlatch.cc:427:proc_dlatch$1070 ($dlatch)
    port Q[1] of cell $auto$proc_dlatch.cc:427:proc_dlatch$1081 ($dlatch)
    port Q[1] of cell $auto$proc_dlatch.cc:427:proc_dlatch$1092 ($dlatch)
    port Q[1] of cell $auto$proc_dlatch.cc:427:proc_dlatch$927 ($dlatch)
    port Q[1] of cell $auto$proc_dlatch.cc:427:proc_dlatch$938 ($dlatch)
    port Q[1] of cell $auto$proc_dlatch.cc:427:proc_dlatch$949 ($dlatch)
    port Q[1] of cell $auto$proc_dlatch.cc:427:proc_dlatch$960 ($dlatch)
    port Q[1] of cell $auto$proc_dlatch.cc:427:proc_dlatch$971 ($dlatch)
    port Q[1] of cell $auto$proc_dlatch.cc:427:proc_dlatch$982 ($dlatch)
    port Q[1] of cell $auto$proc_dlatch.cc:427:proc_dlatch$993 ($dlatch)
Warning: multiple conflicting drivers for $paramod\LOBA_LOWER\N=s32'00000000000000000000000000010000.\out [0]:
    port Q[0] of cell $auto$proc_dlatch.cc:427:proc_dlatch$1004 ($dlatch)
    port Q[0] of cell $auto$proc_dlatch.cc:427:proc_dlatch$1015 ($dlatch)
    port Q[0] of cell $auto$proc_dlatch.cc:427:proc_dlatch$1026 ($dlatch)
    port Q[0] of cell $auto$proc_dlatch.cc:427:proc_dlatch$1037 ($dlatch)
    port Q[0] of cell $auto$proc_dlatch.cc:427:proc_dlatch$1048 ($dlatch)
    port Q[0] of cell $auto$proc_dlatch.cc:427:proc_dlatch$1059 ($dlatch)
    port Q[0] of cell $auto$proc_dlatch.cc:427:proc_dlatch$1070 ($dlatch)
    port Q[0] of cell $auto$proc_dlatch.cc:427:proc_dlatch$1081 ($dlatch)
    port Q[0] of cell $auto$proc_dlatch.cc:427:proc_dlatch$1092 ($dlatch)
    port Q[0] of cell $auto$proc_dlatch.cc:427:proc_dlatch$927 ($dlatch)
    port Q[0] of cell $auto$proc_dlatch.cc:427:proc_dlatch$938 ($dlatch)
    port Q[0] of cell $auto$proc_dlatch.cc:427:proc_dlatch$949 ($dlatch)
    port Q[0] of cell $auto$proc_dlatch.cc:427:proc_dlatch$960 ($dlatch)
    port Q[0] of cell $auto$proc_dlatch.cc:427:proc_dlatch$971 ($dlatch)
    port Q[0] of cell $auto$proc_dlatch.cc:427:proc_dlatch$982 ($dlatch)
    port Q[0] of cell $auto$proc_dlatch.cc:427:proc_dlatch$993 ($dlatch)
Checking module neuron_intra_Nbits...
Found and reported 24 problems.

11. Executing FLATTEN pass (flatten design).
Deleting now unused module $paramod$3a9ab03ecb4efa8c240654e4c7efd8699dc26662\LOBA0s.
Deleting now unused module $paramod$3a9ab03ecb4efa8c240654e4c7efd8699dc26662\LOBA0u.
Deleting now unused module $paramod$3a9ab03ecb4efa8c240654e4c7efd8699dc26662\LOBA_MUX.
Deleting now unused module $paramod$3a9ab03ecb4efa8c240654e4c7efd8699dc26662\LOBA_SPLIT.
Deleting now unused module $paramod\LOBA_LOB\N=s32'00000000000000000000000000010000.
Deleting now unused module $paramod\LOBA_LOWER\N=s32'00000000000000000000000000010000.
<suppressed ~16 debug messages>

12. Executing SYNTH pass.

12.1. Executing HIERARCHY pass (managing design hierarchy).

12.1.1. Analyzing design hierarchy..
Top module:  \neuron_intra_Nbits

12.1.2. Analyzing design hierarchy..
Top module:  \neuron_intra_Nbits
Removed 0 unused modules.

12.2. Executing PROC pass (convert processes to netlists).

12.2.1. Executing PROC_CLEAN pass (remove empty switches from decision trees).
Cleaned up 0 empty switches.

12.2.2. Executing PROC_RMDEAD pass (remove dead branches from decision trees).
Removed a total of 0 dead cases.

12.2.3. Executing PROC_PRUNE pass (remove redundant assignments in processes).
Removed 0 redundant assignments.
Promoted 0 assignments to connections.

12.2.4. Executing PROC_INIT pass (extract init attributes).

12.2.5. Executing PROC_ARST pass (detect async resets in processes).

12.2.6. Executing PROC_ROM pass (convert switches to ROMs).
Converted 0 switches.

12.2.7. Executing PROC_MUX pass (convert decision trees to multiplexers).

12.2.8. Executing PROC_DLATCH pass (convert process syncs to latches).

12.2.9. Executing PROC_DFF pass (convert process syncs to FFs).

12.2.10. Executing PROC_MEMWR pass (convert process memory writes to cells).

12.2.11. Executing PROC_CLEAN pass (remove empty switches from decision trees).
Cleaned up 0 empty switches.

12.2.12. Executing OPT_EXPR pass (perform const folding).
Optimizing module neuron_intra_Nbits.

12.3. Executing OPT_EXPR pass (perform const folding).
Optimizing module neuron_intra_Nbits.

12.4. Executing OPT_CLEAN pass (remove unused cells and wires).
Finding unused cells or wires in module \neuron_intra_Nbits..
Removed 1664 unused cells and 596 unused wires.
<suppressed ~1709 debug messages>

12.5. Executing CHECK pass (checking for obvious problems).
Checking module neuron_intra_Nbits...
Warning: multiple conflicting drivers for neuron_intra_Nbits.\mults[7].mult_i.u1.u2.kh [3]:
    port Q[3] of cell $flatten\mults[7].mult_i.\u1.\u2.$auto$proc_dlatch.cc:427:proc_dlatch$1103 ($dlatch)
    port Q[3] of cell $flatten\mults[7].mult_i.\u1.\u2.$auto$proc_dlatch.cc:427:proc_dlatch$1125 ($dlatch)
    port Q[3] of cell $flatten\mults[7].mult_i.\u1.\u2.$auto$proc_dlatch.cc:427:proc_dlatch$1147 ($dlatch)
    port Q[3] of cell $flatten\mults[7].mult_i.\u1.\u2.$auto$proc_dlatch.cc:427:proc_dlatch$1169 ($dlatch)
    port Q[3] of cell $flatten\mults[7].mult_i.\u1.\u2.$auto$proc_dlatch.cc:427:proc_dlatch$1191 ($dlatch)
    port Q[3] of cell $flatten\mults[7].mult_i.\u1.\u2.$auto$proc_dlatch.cc:427:proc_dlatch$1213 ($dlatch)
    port Q[3] of cell $flatten\mults[7].mult_i.\u1.\u2.$auto$proc_dlatch.cc:427:proc_dlatch$1235 ($dlatch)
    port Q[3] of cell $flatten\mults[7].mult_i.\u1.\u2.$auto$proc_dlatch.cc:427:proc_dlatch$1257 ($dlatch)
    port Q[3] of cell $flatten\mults[7].mult_i.\u1.\u2.$auto$proc_dlatch.cc:427:proc_dlatch$1279 ($dlatch)
Warning: multiple conflicting drivers for neuron_intra_Nbits.\mults[7].mult_i.u1.u2.kh [2]:
    port Q[2] of cell $flatten\mults[7].mult_i.\u1.\u2.$auto$proc_dlatch.cc:427:proc_dlatch$1103 ($dlatch)
    port Q[2] of cell $flatten\mults[7].mult_i.\u1.\u2.$auto$proc_dlatch.cc:427:proc_dlatch$1125 ($dlatch)
    port Q[2] of cell $flatten\mults[7].mult_i.\u1.\u2.$auto$proc_dlatch.cc:427:proc_dlatch$1147 ($dlatch)
    port Q[2] of cell $flatten\mults[7].mult_i.\u1.\u2.$auto$proc_dlatch.cc:427:proc_dlatch$1169 ($dlatch)
    port Q[2] of cell $flatten\mults[7].mult_i.\u1.\u2.$auto$proc_dlatch.cc:427:proc_dlatch$1191 ($dlatch)
    port Q[2] of cell $flatten\mults[7].mult_i.\u1.\u2.$auto$proc_dlatch.cc:427:proc_dlatch$1213 ($dlatch)
    port Q[2] of cell $flatten\mults[7].mult_i.\u1.\u2.$auto$proc_dlatch.cc:427:proc_dlatch$1235 ($dlatch)
    port Q[2] of cell $flatten\mults[7].mult_i.\u1.\u2.$auto$proc_dlatch.cc:427:proc_dlatch$1257 ($dlatch)
    port Q[2] of cell $flatten\mults[7].mult_i.\u1.\u2.$auto$proc_dlatch.cc:427:proc_dlatch$1279 ($dlatch)
Warning: multiple conflicting drivers for neuron_intra_Nbits.\mults[7].mult_i.u1.u2.kh [1]:
    port Q[1] of cell $flatten\mults[7].mult_i.\u1.\u2.$auto$proc_dlatch.cc:427:proc_dlatch$1103 ($dlatch)
    port Q[1] of cell $flatten\mults[7].mult_i.\u1.\u2.$auto$proc_dlatch.cc:427:proc_dlatch$1125 ($dlatch)
    port Q[1] of cell $flatten\mults[7].mult_i.\u1.\u2.$auto$proc_dlatch.cc:427:proc_dlatch$1147 ($dlatch)
    port Q[1] of cell $flatten\mults[7].mult_i.\u1.\u2.$auto$proc_dlatch.cc:427:proc_dlatch$1169 ($dlatch)
    port Q[1] of cell $flatten\mults[7].mult_i.\u1.\u2.$auto$proc_dlatch.cc:427:proc_dlatch$1191 ($dlatch)
    port Q[1] of cell $flatten\mults[7].mult_i.\u1.\u2.$auto$proc_dlatch.cc:427:proc_dlatch$1213 ($dlatch)
    port Q[1] of cell $flatten\mults[7].mult_i.\u1.\u2.$auto$proc_dlatch.cc:427:proc_dlatch$1235 ($dlatch)
    port Q[1] of cell $flatten\mults[7].mult_i.\u1.\u2.$auto$proc_dlatch.cc:427:proc_dlatch$1257 ($dlatch)
    port Q[1] of cell $flatten\mults[7].mult_i.\u1.\u2.$auto$proc_dlatch.cc:427:proc_dlatch$1279 ($dlatch)
Warning: multiple conflicting drivers for neuron_intra_Nbits.\mults[7].mult_i.u1.u2.kh [0]:
    port Q[0] of cell $flatten\mults[7].mult_i.\u1.\u2.$auto$proc_dlatch.cc:427:proc_dlatch$1103 ($dlatch)
    port Q[0] of cell $flatten\mults[7].mult_i.\u1.\u2.$auto$proc_dlatch.cc:427:proc_dlatch$1125 ($dlatch)
    port Q[0] of cell $flatten\mults[7].mult_i.\u1.\u2.$auto$proc_dlatch.cc:427:proc_dlatch$1147 ($dlatch)
    port Q[0] of cell $flatten\mults[7].mult_i.\u1.\u2.$auto$proc_dlatch.cc:427:proc_dlatch$1169 ($dlatch)
    port Q[0] of cell $flatten\mults[7].mult_i.\u1.\u2.$auto$proc_dlatch.cc:427:proc_dlatch$1191 ($dlatch)
    port Q[0] of cell $flatten\mults[7].mult_i.\u1.\u2.$auto$proc_dlatch.cc:427:proc_dlatch$1213 ($dlatch)
    port Q[0] of cell $flatten\mults[7].mult_i.\u1.\u2.$auto$proc_dlatch.cc:427:proc_dlatch$1235 ($dlatch)
    port Q[0] of cell $flatten\mults[7].mult_i.\u1.\u2.$auto$proc_dlatch.cc:427:proc_dlatch$1257 ($dlatch)
    port Q[0] of cell $flatten\mults[7].mult_i.\u1.\u2.$auto$proc_dlatch.cc:427:proc_dlatch$1279 ($dlatch)
Warning: multiple conflicting drivers for neuron_intra_Nbits.\mults[7].mult_i.u1.u1.kh [3]:
    port Q[3] of cell $flatten\mults[7].mult_i.\u1.\u1.$auto$proc_dlatch.cc:427:proc_dlatch$1103 ($dlatch)
    port Q[3] of cell $flatten\mults[7].mult_i.\u1.\u1.$auto$proc_dlatch.cc:427:proc_dlatch$1125 ($dlatch)
    port Q[3] of cell $flatten\mults[7].mult_i.\u1.\u1.$auto$proc_dlatch.cc:427:proc_dlatch$1147 ($dlatch)
    port Q[3] of cell $flatten\mults[7].mult_i.\u1.\u1.$auto$proc_dlatch.cc:427:proc_dlatch$1169 ($dlatch)
    port Q[3] of cell $flatten\mults[7].mult_i.\u1.\u1.$auto$proc_dlatch.cc:427:proc_dlatch$1191 ($dlatch)
    port Q[3] of cell $flatten\mults[7].mult_i.\u1.\u1.$auto$proc_dlatch.cc:427:proc_dlatch$1213 ($dlatch)
    port Q[3] of cell $flatten\mults[7].mult_i.\u1.\u1.$auto$proc_dlatch.cc:427:proc_dlatch$1235 ($dlatch)
    port Q[3] of cell $flatten\mults[7].mult_i.\u1.\u1.$auto$proc_dlatch.cc:427:proc_dlatch$1257 ($dlatch)
    port Q[3] of cell $flatten\mults[7].mult_i.\u1.\u1.$auto$proc_dlatch.cc:427:proc_dlatch$1279 ($dlatch)
Warning: multiple conflicting drivers for neuron_intra_Nbits.\mults[7].mult_i.u1.u1.kh [2]:
    port Q[2] of cell $flatten\mults[7].mult_i.\u1.\u1.$auto$proc_dlatch.cc:427:proc_dlatch$1103 ($dlatch)
    port Q[2] of cell $flatten\mults[7].mult_i.\u1.\u1.$auto$proc_dlatch.cc:427:proc_dlatch$1125 ($dlatch)
    port Q[2] of cell $flatten\mults[7].mult_i.\u1.\u1.$auto$proc_dlatch.cc:427:proc_dlatch$1147 ($dlatch)
    port Q[2] of cell $flatten\mults[7].mult_i.\u1.\u1.$auto$proc_dlatch.cc:427:proc_dlatch$1169 ($dlatch)
    port Q[2] of cell $flatten\mults[7].mult_i.\u1.\u1.$auto$proc_dlatch.cc:427:proc_dlatch$1191 ($dlatch)
    port Q[2] of cell $flatten\mults[7].mult_i.\u1.\u1.$auto$proc_dlatch.cc:427:proc_dlatch$1213 ($dlatch)
    port Q[2] of cell $flatten\mults[7].mult_i.\u1.\u1.$auto$proc_dlatch.cc:427:proc_dlatch$1235 ($dlatch)
    port Q[2] of cell $flatten\mults[7].mult_i.\u1.\u1.$auto$proc_dlatch.cc:427:proc_dlatch$1257 ($dlatch)
    port Q[2] of cell $flatten\mults[7].mult_i.\u1.\u1.$auto$proc_dlatch.cc:427:proc_dlatch$1279 ($dlatch)
Warning: multiple conflicting drivers for neuron_intra_Nbits.\mults[7].mult_i.u1.u1.kh [1]:
    port Q[1] of cell $flatten\mults[7].mult_i.\u1.\u1.$auto$proc_dlatch.cc:427:proc_dlatch$1103 ($dlatch)
    port Q[1] of cell $flatten\mults[7].mult_i.\u1.\u1.$auto$proc_dlatch.cc:427:proc_dlatch$1125 ($dlatch)
    port Q[1] of cell $flatten\mults[7].mult_i.\u1.\u1.$auto$proc_dlatch.cc:427:proc_dlatch$1147 ($dlatch)
    port Q[1] of cell $flatten\mults[7].mult_i.\u1.\u1.$auto$proc_dlatch.cc:427:proc_dlatch$1169 ($dlatch)
    port Q[1] of cell $flatten\mults[7].mult_i.\u1.\u1.$auto$proc_dlatch.cc:427:proc_dlatch$1191 ($dlatch)
    port Q[1] of cell $flatten\mults[7].mult_i.\u1.\u1.$auto$proc_dlatch.cc:427:proc_dlatch$1213 ($dlatch)
    port Q[1] of cell $flatten\mults[7].mult_i.\u1.\u1.$auto$proc_dlatch.cc:427:proc_dlatch$1235 ($dlatch)
    port Q[1] of cell $flatten\mults[7].mult_i.\u1.\u1.$auto$proc_dlatch.cc:427:proc_dlatch$1257 ($dlatch)
    port Q[1] of cell $flatten\mults[7].mult_i.\u1.\u1.$auto$proc_dlatch.cc:427:proc_dlatch$1279 ($dlatch)
Warning: multiple conflicting drivers for neuron_intra_Nbits.\mults[7].mult_i.u1.u1.kh [0]:
    port Q[0] of cell $flatten\mults[7].mult_i.\u1.\u1.$auto$proc_dlatch.cc:427:proc_dlatch$1103 ($dlatch)
    port Q[0] of cell $flatten\mults[7].mult_i.\u1.\u1.$auto$proc_dlatch.cc:427:proc_dlatch$1125 ($dlatch)
    port Q[0] of cell $flatten\mults[7].mult_i.\u1.\u1.$auto$proc_dlatch.cc:427:proc_dlatch$1147 ($dlatch)
    port Q[0] of cell $flatten\mults[7].mult_i.\u1.\u1.$auto$proc_dlatch.cc:427:proc_dlatch$1169 ($dlatch)
    port Q[0] of cell $flatten\mults[7].mult_i.\u1.\u1.$auto$proc_dlatch.cc:427:proc_dlatch$1191 ($dlatch)
    port Q[0] of cell $flatten\mults[7].mult_i.\u1.\u1.$auto$proc_dlatch.cc:427:proc_dlatch$1213 ($dlatch)
    port Q[0] of cell $flatten\mults[7].mult_i.\u1.\u1.$auto$proc_dlatch.cc:427:proc_dlatch$1235 ($dlatch)
    port Q[0] of cell $flatten\mults[7].mult_i.\u1.\u1.$auto$proc_dlatch.cc:427:proc_dlatch$1257 ($dlatch)
    port Q[0] of cell $flatten\mults[7].mult_i.\u1.\u1.$auto$proc_dlatch.cc:427:proc_dlatch$1279 ($dlatch)
Warning: multiple conflicting drivers for neuron_intra_Nbits.\mults[6].mult_i.u1.u2.kh [3]:
    port Q[3] of cell $flatten\mults[6].mult_i.\u1.\u2.$auto$proc_dlatch.cc:427:proc_dlatch$1103 ($dlatch)
    port Q[3] of cell $flatten\mults[6].mult_i.\u1.\u2.$auto$proc_dlatch.cc:427:proc_dlatch$1125 ($dlatch)
    port Q[3] of cell $flatten\mults[6].mult_i.\u1.\u2.$auto$proc_dlatch.cc:427:proc_dlatch$1147 ($dlatch)
    port Q[3] of cell $flatten\mults[6].mult_i.\u1.\u2.$auto$proc_dlatch.cc:427:proc_dlatch$1169 ($dlatch)
    port Q[3] of cell $flatten\mults[6].mult_i.\u1.\u2.$auto$proc_dlatch.cc:427:proc_dlatch$1191 ($dlatch)
    port Q[3] of cell $flatten\mults[6].mult_i.\u1.\u2.$auto$proc_dlatch.cc:427:proc_dlatch$1213 ($dlatch)
    port Q[3] of cell $flatten\mults[6].mult_i.\u1.\u2.$auto$proc_dlatch.cc:427:proc_dlatch$1235 ($dlatch)
    port Q[3] of cell $flatten\mults[6].mult_i.\u1.\u2.$auto$proc_dlatch.cc:427:proc_dlatch$1257 ($dlatch)
    port Q[3] of cell $flatten\mults[6].mult_i.\u1.\u2.$auto$proc_dlatch.cc:427:proc_dlatch$1279 ($dlatch)
Warning: multiple conflicting drivers for neuron_intra_Nbits.\mults[6].mult_i.u1.u2.kh [2]:
    port Q[2] of cell $flatten\mults[6].mult_i.\u1.\u2.$auto$proc_dlatch.cc:427:proc_dlatch$1103 ($dlatch)
    port Q[2] of cell $flatten\mults[6].mult_i.\u1.\u2.$auto$proc_dlatch.cc:427:proc_dlatch$1125 ($dlatch)
    port Q[2] of cell $flatten\mults[6].mult_i.\u1.\u2.$auto$proc_dlatch.cc:427:proc_dlatch$1147 ($dlatch)
    port Q[2] of cell $flatten\mults[6].mult_i.\u1.\u2.$auto$proc_dlatch.cc:427:proc_dlatch$1169 ($dlatch)
    port Q[2] of cell $flatten\mults[6].mult_i.\u1.\u2.$auto$proc_dlatch.cc:427:proc_dlatch$1191 ($dlatch)
    port Q[2] of cell $flatten\mults[6].mult_i.\u1.\u2.$auto$proc_dlatch.cc:427:proc_dlatch$1213 ($dlatch)
    port Q[2] of cell $flatten\mults[6].mult_i.\u1.\u2.$auto$proc_dlatch.cc:427:proc_dlatch$1235 ($dlatch)
    port Q[2] of cell $flatten\mults[6].mult_i.\u1.\u2.$auto$proc_dlatch.cc:427:proc_dlatch$1257 ($dlatch)
    port Q[2] of cell $flatten\mults[6].mult_i.\u1.\u2.$auto$proc_dlatch.cc:427:proc_dlatch$1279 ($dlatch)
Warning: multiple conflicting drivers for neuron_intra_Nbits.\mults[6].mult_i.u1.u2.kh [1]:
    port Q[1] of cell $flatten\mults[6].mult_i.\u1.\u2.$auto$proc_dlatch.cc:427:proc_dlatch$1103 ($dlatch)
    port Q[1] of cell $flatten\mults[6].mult_i.\u1.\u2.$auto$proc_dlatch.cc:427:proc_dlatch$1125 ($dlatch)
    port Q[1] of cell $flatten\mults[6].mult_i.\u1.\u2.$auto$proc_dlatch.cc:427:proc_dlatch$1147 ($dlatch)
    port Q[1] of cell $flatten\mults[6].mult_i.\u1.\u2.$auto$proc_dlatch.cc:427:proc_dlatch$1169 ($dlatch)
    port Q[1] of cell $flatten\mults[6].mult_i.\u1.\u2.$auto$proc_dlatch.cc:427:proc_dlatch$1191 ($dlatch)
    port Q[1] of cell $flatten\mults[6].mult_i.\u1.\u2.$auto$proc_dlatch.cc:427:proc_dlatch$1213 ($dlatch)
    port Q[1] of cell $flatten\mults[6].mult_i.\u1.\u2.$auto$proc_dlatch.cc:427:proc_dlatch$1235 ($dlatch)
    port Q[1] of cell $flatten\mults[6].mult_i.\u1.\u2.$auto$proc_dlatch.cc:427:proc_dlatch$1257 ($dlatch)
    port Q[1] of cell $flatten\mults[6].mult_i.\u1.\u2.$auto$proc_dlatch.cc:427:proc_dlatch$1279 ($dlatch)
Warning: multiple conflicting drivers for neuron_intra_Nbits.\mults[6].mult_i.u1.u2.kh [0]:
    port Q[0] of cell $flatten\mults[6].mult_i.\u1.\u2.$auto$proc_dlatch.cc:427:proc_dlatch$1103 ($dlatch)
    port Q[0] of cell $flatten\mults[6].mult_i.\u1.\u2.$auto$proc_dlatch.cc:427:proc_dlatch$1125 ($dlatch)
    port Q[0] of cell $flatten\mults[6].mult_i.\u1.\u2.$auto$proc_dlatch.cc:427:proc_dlatch$1147 ($dlatch)
    port Q[0] of cell $flatten\mults[6].mult_i.\u1.\u2.$auto$proc_dlatch.cc:427:proc_dlatch$1169 ($dlatch)
    port Q[0] of cell $flatten\mults[6].mult_i.\u1.\u2.$auto$proc_dlatch.cc:427:proc_dlatch$1191 ($dlatch)
    port Q[0] of cell $flatten\mults[6].mult_i.\u1.\u2.$auto$proc_dlatch.cc:427:proc_dlatch$1213 ($dlatch)
    port Q[0] of cell $flatten\mults[6].mult_i.\u1.\u2.$auto$proc_dlatch.cc:427:proc_dlatch$1235 ($dlatch)
    port Q[0] of cell $flatten\mults[6].mult_i.\u1.\u2.$auto$proc_dlatch.cc:427:proc_dlatch$1257 ($dlatch)
    port Q[0] of cell $flatten\mults[6].mult_i.\u1.\u2.$auto$proc_dlatch.cc:427:proc_dlatch$1279 ($dlatch)
Warning: multiple conflicting drivers for neuron_intra_Nbits.\mults[6].mult_i.u1.u1.kh [3]:
    port Q[3] of cell $flatten\mults[6].mult_i.\u1.\u1.$auto$proc_dlatch.cc:427:proc_dlatch$1103 ($dlatch)
    port Q[3] of cell $flatten\mults[6].mult_i.\u1.\u1.$auto$proc_dlatch.cc:427:proc_dlatch$1125 ($dlatch)
    port Q[3] of cell $flatten\mults[6].mult_i.\u1.\u1.$auto$proc_dlatch.cc:427:proc_dlatch$1147 ($dlatch)
    port Q[3] of cell $flatten\mults[6].mult_i.\u1.\u1.$auto$proc_dlatch.cc:427:proc_dlatch$1169 ($dlatch)
    port Q[3] of cell $flatten\mults[6].mult_i.\u1.\u1.$auto$proc_dlatch.cc:427:proc_dlatch$1191 ($dlatch)
    port Q[3] of cell $flatten\mults[6].mult_i.\u1.\u1.$auto$proc_dlatch.cc:427:proc_dlatch$1213 ($dlatch)
    port Q[3] of cell $flatten\mults[6].mult_i.\u1.\u1.$auto$proc_dlatch.cc:427:proc_dlatch$1235 ($dlatch)
    port Q[3] of cell $flatten\mults[6].mult_i.\u1.\u1.$auto$proc_dlatch.cc:427:proc_dlatch$1257 ($dlatch)
    port Q[3] of cell $flatten\mults[6].mult_i.\u1.\u1.$auto$proc_dlatch.cc:427:proc_dlatch$1279 ($dlatch)
Warning: multiple conflicting drivers for neuron_intra_Nbits.\mults[6].mult_i.u1.u1.kh [2]:
    port Q[2] of cell $flatten\mults[6].mult_i.\u1.\u1.$auto$proc_dlatch.cc:427:proc_dlatch$1103 ($dlatch)
    port Q[2] of cell $flatten\mults[6].mult_i.\u1.\u1.$auto$proc_dlatch.cc:427:proc_dlatch$1125 ($dlatch)
    port Q[2] of cell $flatten\mults[6].mult_i.\u1.\u1.$auto$proc_dlatch.cc:427:proc_dlatch$1147 ($dlatch)
    port Q[2] of cell $flatten\mults[6].mult_i.\u1.\u1.$auto$proc_dlatch.cc:427:proc_dlatch$1169 ($dlatch)
    port Q[2] of cell $flatten\mults[6].mult_i.\u1.\u1.$auto$proc_dlatch.cc:427:proc_dlatch$1191 ($dlatch)
    port Q[2] of cell $flatten\mults[6].mult_i.\u1.\u1.$auto$proc_dlatch.cc:427:proc_dlatch$1213 ($dlatch)
    port Q[2] of cell $flatten\mults[6].mult_i.\u1.\u1.$auto$proc_dlatch.cc:427:proc_dlatch$1235 ($dlatch)
    port Q[2] of cell $flatten\mults[6].mult_i.\u1.\u1.$auto$proc_dlatch.cc:427:proc_dlatch$1257 ($dlatch)
    port Q[2] of cell $flatten\mults[6].mult_i.\u1.\u1.$auto$proc_dlatch.cc:427:proc_dlatch$1279 ($dlatch)
Warning: multiple conflicting drivers for neuron_intra_Nbits.\mults[6].mult_i.u1.u1.kh [1]:
    port Q[1] of cell $flatten\mults[6].mult_i.\u1.\u1.$auto$proc_dlatch.cc:427:proc_dlatch$1103 ($dlatch)
    port Q[1] of cell $flatten\mults[6].mult_i.\u1.\u1.$auto$proc_dlatch.cc:427:proc_dlatch$1125 ($dlatch)
    port Q[1] of cell $flatten\mults[6].mult_i.\u1.\u1.$auto$proc_dlatch.cc:427:proc_dlatch$1147 ($dlatch)
    port Q[1] of cell $flatten\mults[6].mult_i.\u1.\u1.$auto$proc_dlatch.cc:427:proc_dlatch$1169 ($dlatch)
    port Q[1] of cell $flatten\mults[6].mult_i.\u1.\u1.$auto$proc_dlatch.cc:427:proc_dlatch$1191 ($dlatch)
    port Q[1] of cell $flatten\mults[6].mult_i.\u1.\u1.$auto$proc_dlatch.cc:427:proc_dlatch$1213 ($dlatch)
    port Q[1] of cell $flatten\mults[6].mult_i.\u1.\u1.$auto$proc_dlatch.cc:427:proc_dlatch$1235 ($dlatch)
    port Q[1] of cell $flatten\mults[6].mult_i.\u1.\u1.$auto$proc_dlatch.cc:427:proc_dlatch$1257 ($dlatch)
    port Q[1] of cell $flatten\mults[6].mult_i.\u1.\u1.$auto$proc_dlatch.cc:427:proc_dlatch$1279 ($dlatch)
Warning: multiple conflicting drivers for neuron_intra_Nbits.\mults[6].mult_i.u1.u1.kh [0]:
    port Q[0] of cell $flatten\mults[6].mult_i.\u1.\u1.$auto$proc_dlatch.cc:427:proc_dlatch$1103 ($dlatch)
    port Q[0] of cell $flatten\mults[6].mult_i.\u1.\u1.$auto$proc_dlatch.cc:427:proc_dlatch$1125 ($dlatch)
    port Q[0] of cell $flatten\mults[6].mult_i.\u1.\u1.$auto$proc_dlatch.cc:427:proc_dlatch$1147 ($dlatch)
    port Q[0] of cell $flatten\mults[6].mult_i.\u1.\u1.$auto$proc_dlatch.cc:427:proc_dlatch$1169 ($dlatch)
    port Q[0] of cell $flatten\mults[6].mult_i.\u1.\u1.$auto$proc_dlatch.cc:427:proc_dlatch$1191 ($dlatch)
    port Q[0] of cell $flatten\mults[6].mult_i.\u1.\u1.$auto$proc_dlatch.cc:427:proc_dlatch$1213 ($dlatch)
    port Q[0] of cell $flatten\mults[6].mult_i.\u1.\u1.$auto$proc_dlatch.cc:427:proc_dlatch$1235 ($dlatch)
    port Q[0] of cell $flatten\mults[6].mult_i.\u1.\u1.$auto$proc_dlatch.cc:427:proc_dlatch$1257 ($dlatch)
    port Q[0] of cell $flatten\mults[6].mult_i.\u1.\u1.$auto$proc_dlatch.cc:427:proc_dlatch$1279 ($dlatch)
Warning: multiple conflicting drivers for neuron_intra_Nbits.\mults[5].mult_i.u1.u2.kh [3]:
    port Q[3] of cell $flatten\mults[5].mult_i.\u1.\u2.$auto$proc_dlatch.cc:427:proc_dlatch$1103 ($dlatch)
    port Q[3] of cell $flatten\mults[5].mult_i.\u1.\u2.$auto$proc_dlatch.cc:427:proc_dlatch$1125 ($dlatch)
    port Q[3] of cell $flatten\mults[5].mult_i.\u1.\u2.$auto$proc_dlatch.cc:427:proc_dlatch$1147 ($dlatch)
    port Q[3] of cell $flatten\mults[5].mult_i.\u1.\u2.$auto$proc_dlatch.cc:427:proc_dlatch$1169 ($dlatch)
    port Q[3] of cell $flatten\mults[5].mult_i.\u1.\u2.$auto$proc_dlatch.cc:427:proc_dlatch$1191 ($dlatch)
    port Q[3] of cell $flatten\mults[5].mult_i.\u1.\u2.$auto$proc_dlatch.cc:427:proc_dlatch$1213 ($dlatch)
    port Q[3] of cell $flatten\mults[5].mult_i.\u1.\u2.$auto$proc_dlatch.cc:427:proc_dlatch$1235 ($dlatch)
    port Q[3] of cell $flatten\mults[5].mult_i.\u1.\u2.$auto$proc_dlatch.cc:427:proc_dlatch$1257 ($dlatch)
    port Q[3] of cell $flatten\mults[5].mult_i.\u1.\u2.$auto$proc_dlatch.cc:427:proc_dlatch$1279 ($dlatch)
Warning: multiple conflicting drivers for neuron_intra_Nbits.\mults[5].mult_i.u1.u2.kh [2]:
    port Q[2] of cell $flatten\mults[5].mult_i.\u1.\u2.$auto$proc_dlatch.cc:427:proc_dlatch$1103 ($dlatch)
    port Q[2] of cell $flatten\mults[5].mult_i.\u1.\u2.$auto$proc_dlatch.cc:427:proc_dlatch$1125 ($dlatch)
    port Q[2] of cell $flatten\mults[5].mult_i.\u1.\u2.$auto$proc_dlatch.cc:427:proc_dlatch$1147 ($dlatch)
    port Q[2] of cell $flatten\mults[5].mult_i.\u1.\u2.$auto$proc_dlatch.cc:427:proc_dlatch$1169 ($dlatch)
    port Q[2] of cell $flatten\mults[5].mult_i.\u1.\u2.$auto$proc_dlatch.cc:427:proc_dlatch$1191 ($dlatch)
    port Q[2] of cell $flatten\mults[5].mult_i.\u1.\u2.$auto$proc_dlatch.cc:427:proc_dlatch$1213 ($dlatch)
    port Q[2] of cell $flatten\mults[5].mult_i.\u1.\u2.$auto$proc_dlatch.cc:427:proc_dlatch$1235 ($dlatch)
    port Q[2] of cell $flatten\mults[5].mult_i.\u1.\u2.$auto$proc_dlatch.cc:427:proc_dlatch$1257 ($dlatch)
    port Q[2] of cell $flatten\mults[5].mult_i.\u1.\u2.$auto$proc_dlatch.cc:427:proc_dlatch$1279 ($dlatch)
Warning: multiple conflicting drivers for neuron_intra_Nbits.\mults[5].mult_i.u1.u2.kh [1]:
    port Q[1] of cell $flatten\mults[5].mult_i.\u1.\u2.$auto$proc_dlatch.cc:427:proc_dlatch$1103 ($dlatch)
    port Q[1] of cell $flatten\mults[5].mult_i.\u1.\u2.$auto$proc_dlatch.cc:427:proc_dlatch$1125 ($dlatch)
    port Q[1] of cell $flatten\mults[5].mult_i.\u1.\u2.$auto$proc_dlatch.cc:427:proc_dlatch$1147 ($dlatch)
    port Q[1] of cell $flatten\mults[5].mult_i.\u1.\u2.$auto$proc_dlatch.cc:427:proc_dlatch$1169 ($dlatch)
    port Q[1] of cell $flatten\mults[5].mult_i.\u1.\u2.$auto$proc_dlatch.cc:427:proc_dlatch$1191 ($dlatch)
    port Q[1] of cell $flatten\mults[5].mult_i.\u1.\u2.$auto$proc_dlatch.cc:427:proc_dlatch$1213 ($dlatch)
    port Q[1] of cell $flatten\mults[5].mult_i.\u1.\u2.$auto$proc_dlatch.cc:427:proc_dlatch$1235 ($dlatch)
    port Q[1] of cell $flatten\mults[5].mult_i.\u1.\u2.$auto$proc_dlatch.cc:427:proc_dlatch$1257 ($dlatch)
    port Q[1] of cell $flatten\mults[5].mult_i.\u1.\u2.$auto$proc_dlatch.cc:427:proc_dlatch$1279 ($dlatch)
Warning: multiple conflicting drivers for neuron_intra_Nbits.\mults[5].mult_i.u1.u2.kh [0]:
    port Q[0] of cell $flatten\mults[5].mult_i.\u1.\u2.$auto$proc_dlatch.cc:427:proc_dlatch$1103 ($dlatch)
    port Q[0] of cell $flatten\mults[5].mult_i.\u1.\u2.$auto$proc_dlatch.cc:427:proc_dlatch$1125 ($dlatch)
    port Q[0] of cell $flatten\mults[5].mult_i.\u1.\u2.$auto$proc_dlatch.cc:427:proc_dlatch$1147 ($dlatch)
    port Q[0] of cell $flatten\mults[5].mult_i.\u1.\u2.$auto$proc_dlatch.cc:427:proc_dlatch$1169 ($dlatch)
    port Q[0] of cell $flatten\mults[5].mult_i.\u1.\u2.$auto$proc_dlatch.cc:427:proc_dlatch$1191 ($dlatch)
    port Q[0] of cell $flatten\mults[5].mult_i.\u1.\u2.$auto$proc_dlatch.cc:427:proc_dlatch$1213 ($dlatch)
    port Q[0] of cell $flatten\mults[5].mult_i.\u1.\u2.$auto$proc_dlatch.cc:427:proc_dlatch$1235 ($dlatch)
    port Q[0] of cell $flatten\mults[5].mult_i.\u1.\u2.$auto$proc_dlatch.cc:427:proc_dlatch$1257 ($dlatch)
    port Q[0] of cell $flatten\mults[5].mult_i.\u1.\u2.$auto$proc_dlatch.cc:427:proc_dlatch$1279 ($dlatch)
Warning: multiple conflicting drivers for neuron_intra_Nbits.\mults[5].mult_i.u1.u1.kh [3]:
    port Q[3] of cell $flatten\mults[5].mult_i.\u1.\u1.$auto$proc_dlatch.cc:427:proc_dlatch$1103 ($dlatch)
    port Q[3] of cell $flatten\mults[5].mult_i.\u1.\u1.$auto$proc_dlatch.cc:427:proc_dlatch$1125 ($dlatch)
    port Q[3] of cell $flatten\mults[5].mult_i.\u1.\u1.$auto$proc_dlatch.cc:427:proc_dlatch$1147 ($dlatch)
    port Q[3] of cell $flatten\mults[5].mult_i.\u1.\u1.$auto$proc_dlatch.cc:427:proc_dlatch$1169 ($dlatch)
    port Q[3] of cell $flatten\mults[5].mult_i.\u1.\u1.$auto$proc_dlatch.cc:427:proc_dlatch$1191 ($dlatch)
    port Q[3] of cell $flatten\mults[5].mult_i.\u1.\u1.$auto$proc_dlatch.cc:427:proc_dlatch$1213 ($dlatch)
    port Q[3] of cell $flatten\mults[5].mult_i.\u1.\u1.$auto$proc_dlatch.cc:427:proc_dlatch$1235 ($dlatch)
    port Q[3] of cell $flatten\mults[5].mult_i.\u1.\u1.$auto$proc_dlatch.cc:427:proc_dlatch$1257 ($dlatch)
    port Q[3] of cell $flatten\mults[5].mult_i.\u1.\u1.$auto$proc_dlatch.cc:427:proc_dlatch$1279 ($dlatch)
Warning: multiple conflicting drivers for neuron_intra_Nbits.\mults[5].mult_i.u1.u1.kh [2]:
    port Q[2] of cell $flatten\mults[5].mult_i.\u1.\u1.$auto$proc_dlatch.cc:427:proc_dlatch$1103 ($dlatch)
    port Q[2] of cell $flatten\mults[5].mult_i.\u1.\u1.$auto$proc_dlatch.cc:427:proc_dlatch$1125 ($dlatch)
    port Q[2] of cell $flatten\mults[5].mult_i.\u1.\u1.$auto$proc_dlatch.cc:427:proc_dlatch$1147 ($dlatch)
    port Q[2] of cell $flatten\mults[5].mult_i.\u1.\u1.$auto$proc_dlatch.cc:427:proc_dlatch$1169 ($dlatch)
    port Q[2] of cell $flatten\mults[5].mult_i.\u1.\u1.$auto$proc_dlatch.cc:427:proc_dlatch$1191 ($dlatch)
    port Q[2] of cell $flatten\mults[5].mult_i.\u1.\u1.$auto$proc_dlatch.cc:427:proc_dlatch$1213 ($dlatch)
    port Q[2] of cell $flatten\mults[5].mult_i.\u1.\u1.$auto$proc_dlatch.cc:427:proc_dlatch$1235 ($dlatch)
    port Q[2] of cell $flatten\mults[5].mult_i.\u1.\u1.$auto$proc_dlatch.cc:427:proc_dlatch$1257 ($dlatch)
    port Q[2] of cell $flatten\mults[5].mult_i.\u1.\u1.$auto$proc_dlatch.cc:427:proc_dlatch$1279 ($dlatch)
Warning: multiple conflicting drivers for neuron_intra_Nbits.\mults[5].mult_i.u1.u1.kh [1]:
    port Q[1] of cell $flatten\mults[5].mult_i.\u1.\u1.$auto$proc_dlatch.cc:427:proc_dlatch$1103 ($dlatch)
    port Q[1] of cell $flatten\mults[5].mult_i.\u1.\u1.$auto$proc_dlatch.cc:427:proc_dlatch$1125 ($dlatch)
    port Q[1] of cell $flatten\mults[5].mult_i.\u1.\u1.$auto$proc_dlatch.cc:427:proc_dlatch$1147 ($dlatch)
    port Q[1] of cell $flatten\mults[5].mult_i.\u1.\u1.$auto$proc_dlatch.cc:427:proc_dlatch$1169 ($dlatch)
    port Q[1] of cell $flatten\mults[5].mult_i.\u1.\u1.$auto$proc_dlatch.cc:427:proc_dlatch$1191 ($dlatch)
    port Q[1] of cell $flatten\mults[5].mult_i.\u1.\u1.$auto$proc_dlatch.cc:427:proc_dlatch$1213 ($dlatch)
    port Q[1] of cell $flatten\mults[5].mult_i.\u1.\u1.$auto$proc_dlatch.cc:427:proc_dlatch$1235 ($dlatch)
    port Q[1] of cell $flatten\mults[5].mult_i.\u1.\u1.$auto$proc_dlatch.cc:427:proc_dlatch$1257 ($dlatch)
    port Q[1] of cell $flatten\mults[5].mult_i.\u1.\u1.$auto$proc_dlatch.cc:427:proc_dlatch$1279 ($dlatch)
Warning: multiple conflicting drivers for neuron_intra_Nbits.\mults[5].mult_i.u1.u1.kh [0]:
    port Q[0] of cell $flatten\mults[5].mult_i.\u1.\u1.$auto$proc_dlatch.cc:427:proc_dlatch$1103 ($dlatch)
    port Q[0] of cell $flatten\mults[5].mult_i.\u1.\u1.$auto$proc_dlatch.cc:427:proc_dlatch$1125 ($dlatch)
    port Q[0] of cell $flatten\mults[5].mult_i.\u1.\u1.$auto$proc_dlatch.cc:427:proc_dlatch$1147 ($dlatch)
    port Q[0] of cell $flatten\mults[5].mult_i.\u1.\u1.$auto$proc_dlatch.cc:427:proc_dlatch$1169 ($dlatch)
    port Q[0] of cell $flatten\mults[5].mult_i.\u1.\u1.$auto$proc_dlatch.cc:427:proc_dlatch$1191 ($dlatch)
    port Q[0] of cell $flatten\mults[5].mult_i.\u1.\u1.$auto$proc_dlatch.cc:427:proc_dlatch$1213 ($dlatch)
    port Q[0] of cell $flatten\mults[5].mult_i.\u1.\u1.$auto$proc_dlatch.cc:427:proc_dlatch$1235 ($dlatch)
    port Q[0] of cell $flatten\mults[5].mult_i.\u1.\u1.$auto$proc_dlatch.cc:427:proc_dlatch$1257 ($dlatch)
    port Q[0] of cell $flatten\mults[5].mult_i.\u1.\u1.$auto$proc_dlatch.cc:427:proc_dlatch$1279 ($dlatch)
Warning: multiple conflicting drivers for neuron_intra_Nbits.\mults[4].mult_i.u1.u2.kh [3]:
    port Q[3] of cell $flatten\mults[4].mult_i.\u1.\u2.$auto$proc_dlatch.cc:427:proc_dlatch$1103 ($dlatch)
    port Q[3] of cell $flatten\mults[4].mult_i.\u1.\u2.$auto$proc_dlatch.cc:427:proc_dlatch$1125 ($dlatch)
    port Q[3] of cell $flatten\mults[4].mult_i.\u1.\u2.$auto$proc_dlatch.cc:427:proc_dlatch$1147 ($dlatch)
    port Q[3] of cell $flatten\mults[4].mult_i.\u1.\u2.$auto$proc_dlatch.cc:427:proc_dlatch$1169 ($dlatch)
    port Q[3] of cell $flatten\mults[4].mult_i.\u1.\u2.$auto$proc_dlatch.cc:427:proc_dlatch$1191 ($dlatch)
    port Q[3] of cell $flatten\mults[4].mult_i.\u1.\u2.$auto$proc_dlatch.cc:427:proc_dlatch$1213 ($dlatch)
    port Q[3] of cell $flatten\mults[4].mult_i.\u1.\u2.$auto$proc_dlatch.cc:427:proc_dlatch$1235 ($dlatch)
    port Q[3] of cell $flatten\mults[4].mult_i.\u1.\u2.$auto$proc_dlatch.cc:427:proc_dlatch$1257 ($dlatch)
    port Q[3] of cell $flatten\mults[4].mult_i.\u1.\u2.$auto$proc_dlatch.cc:427:proc_dlatch$1279 ($dlatch)
Warning: multiple conflicting drivers for neuron_intra_Nbits.\mults[4].mult_i.u1.u2.kh [2]:
    port Q[2] of cell $flatten\mults[4].mult_i.\u1.\u2.$auto$proc_dlatch.cc:427:proc_dlatch$1103 ($dlatch)
    port Q[2] of cell $flatten\mults[4].mult_i.\u1.\u2.$auto$proc_dlatch.cc:427:proc_dlatch$1125 ($dlatch)
    port Q[2] of cell $flatten\mults[4].mult_i.\u1.\u2.$auto$proc_dlatch.cc:427:proc_dlatch$1147 ($dlatch)
    port Q[2] of cell $flatten\mults[4].mult_i.\u1.\u2.$auto$proc_dlatch.cc:427:proc_dlatch$1169 ($dlatch)
    port Q[2] of cell $flatten\mults[4].mult_i.\u1.\u2.$auto$proc_dlatch.cc:427:proc_dlatch$1191 ($dlatch)
    port Q[2] of cell $flatten\mults[4].mult_i.\u1.\u2.$auto$proc_dlatch.cc:427:proc_dlatch$1213 ($dlatch)
    port Q[2] of cell $flatten\mults[4].mult_i.\u1.\u2.$auto$proc_dlatch.cc:427:proc_dlatch$1235 ($dlatch)
    port Q[2] of cell $flatten\mults[4].mult_i.\u1.\u2.$auto$proc_dlatch.cc:427:proc_dlatch$1257 ($dlatch)
    port Q[2] of cell $flatten\mults[4].mult_i.\u1.\u2.$auto$proc_dlatch.cc:427:proc_dlatch$1279 ($dlatch)
Warning: multiple conflicting drivers for neuron_intra_Nbits.\mults[4].mult_i.u1.u2.kh [1]:
    port Q[1] of cell $flatten\mults[4].mult_i.\u1.\u2.$auto$proc_dlatch.cc:427:proc_dlatch$1103 ($dlatch)
    port Q[1] of cell $flatten\mults[4].mult_i.\u1.\u2.$auto$proc_dlatch.cc:427:proc_dlatch$1125 ($dlatch)
    port Q[1] of cell $flatten\mults[4].mult_i.\u1.\u2.$auto$proc_dlatch.cc:427:proc_dlatch$1147 ($dlatch)
    port Q[1] of cell $flatten\mults[4].mult_i.\u1.\u2.$auto$proc_dlatch.cc:427:proc_dlatch$1169 ($dlatch)
    port Q[1] of cell $flatten\mults[4].mult_i.\u1.\u2.$auto$proc_dlatch.cc:427:proc_dlatch$1191 ($dlatch)
    port Q[1] of cell $flatten\mults[4].mult_i.\u1.\u2.$auto$proc_dlatch.cc:427:proc_dlatch$1213 ($dlatch)
    port Q[1] of cell $flatten\mults[4].mult_i.\u1.\u2.$auto$proc_dlatch.cc:427:proc_dlatch$1235 ($dlatch)
    port Q[1] of cell $flatten\mults[4].mult_i.\u1.\u2.$auto$proc_dlatch.cc:427:proc_dlatch$1257 ($dlatch)
    port Q[1] of cell $flatten\mults[4].mult_i.\u1.\u2.$auto$proc_dlatch.cc:427:proc_dlatch$1279 ($dlatch)
Warning: multiple conflicting drivers for neuron_intra_Nbits.\mults[4].mult_i.u1.u2.kh [0]:
    port Q[0] of cell $flatten\mults[4].mult_i.\u1.\u2.$auto$proc_dlatch.cc:427:proc_dlatch$1103 ($dlatch)
    port Q[0] of cell $flatten\mults[4].mult_i.\u1.\u2.$auto$proc_dlatch.cc:427:proc_dlatch$1125 ($dlatch)
    port Q[0] of cell $flatten\mults[4].mult_i.\u1.\u2.$auto$proc_dlatch.cc:427:proc_dlatch$1147 ($dlatch)
    port Q[0] of cell $flatten\mults[4].mult_i.\u1.\u2.$auto$proc_dlatch.cc:427:proc_dlatch$1169 ($dlatch)
    port Q[0] of cell $flatten\mults[4].mult_i.\u1.\u2.$auto$proc_dlatch.cc:427:proc_dlatch$1191 ($dlatch)
    port Q[0] of cell $flatten\mults[4].mult_i.\u1.\u2.$auto$proc_dlatch.cc:427:proc_dlatch$1213 ($dlatch)
    port Q[0] of cell $flatten\mults[4].mult_i.\u1.\u2.$auto$proc_dlatch.cc:427:proc_dlatch$1235 ($dlatch)
    port Q[0] of cell $flatten\mults[4].mult_i.\u1.\u2.$auto$proc_dlatch.cc:427:proc_dlatch$1257 ($dlatch)
    port Q[0] of cell $flatten\mults[4].mult_i.\u1.\u2.$auto$proc_dlatch.cc:427:proc_dlatch$1279 ($dlatch)
Warning: multiple conflicting drivers for neuron_intra_Nbits.\mults[4].mult_i.u1.u1.kh [3]:
    port Q[3] of cell $flatten\mults[4].mult_i.\u1.\u1.$auto$proc_dlatch.cc:427:proc_dlatch$1103 ($dlatch)
    port Q[3] of cell $flatten\mults[4].mult_i.\u1.\u1.$auto$proc_dlatch.cc:427:proc_dlatch$1125 ($dlatch)
    port Q[3] of cell $flatten\mults[4].mult_i.\u1.\u1.$auto$proc_dlatch.cc:427:proc_dlatch$1147 ($dlatch)
    port Q[3] of cell $flatten\mults[4].mult_i.\u1.\u1.$auto$proc_dlatch.cc:427:proc_dlatch$1169 ($dlatch)
    port Q[3] of cell $flatten\mults[4].mult_i.\u1.\u1.$auto$proc_dlatch.cc:427:proc_dlatch$1191 ($dlatch)
    port Q[3] of cell $flatten\mults[4].mult_i.\u1.\u1.$auto$proc_dlatch.cc:427:proc_dlatch$1213 ($dlatch)
    port Q[3] of cell $flatten\mults[4].mult_i.\u1.\u1.$auto$proc_dlatch.cc:427:proc_dlatch$1235 ($dlatch)
    port Q[3] of cell $flatten\mults[4].mult_i.\u1.\u1.$auto$proc_dlatch.cc:427:proc_dlatch$1257 ($dlatch)
    port Q[3] of cell $flatten\mults[4].mult_i.\u1.\u1.$auto$proc_dlatch.cc:427:proc_dlatch$1279 ($dlatch)
Warning: multiple conflicting drivers for neuron_intra_Nbits.\mults[4].mult_i.u1.u1.kh [2]:
    port Q[2] of cell $flatten\mults[4].mult_i.\u1.\u1.$auto$proc_dlatch.cc:427:proc_dlatch$1103 ($dlatch)
    port Q[2] of cell $flatten\mults[4].mult_i.\u1.\u1.$auto$proc_dlatch.cc:427:proc_dlatch$1125 ($dlatch)
    port Q[2] of cell $flatten\mults[4].mult_i.\u1.\u1.$auto$proc_dlatch.cc:427:proc_dlatch$1147 ($dlatch)
    port Q[2] of cell $flatten\mults[4].mult_i.\u1.\u1.$auto$proc_dlatch.cc:427:proc_dlatch$1169 ($dlatch)
    port Q[2] of cell $flatten\mults[4].mult_i.\u1.\u1.$auto$proc_dlatch.cc:427:proc_dlatch$1191 ($dlatch)
    port Q[2] of cell $flatten\mults[4].mult_i.\u1.\u1.$auto$proc_dlatch.cc:427:proc_dlatch$1213 ($dlatch)
    port Q[2] of cell $flatten\mults[4].mult_i.\u1.\u1.$auto$proc_dlatch.cc:427:proc_dlatch$1235 ($dlatch)
    port Q[2] of cell $flatten\mults[4].mult_i.\u1.\u1.$auto$proc_dlatch.cc:427:proc_dlatch$1257 ($dlatch)
    port Q[2] of cell $flatten\mults[4].mult_i.\u1.\u1.$auto$proc_dlatch.cc:427:proc_dlatch$1279 ($dlatch)
Warning: multiple conflicting drivers for neuron_intra_Nbits.\mults[4].mult_i.u1.u1.kh [1]:
    port Q[1] of cell $flatten\mults[4].mult_i.\u1.\u1.$auto$proc_dlatch.cc:427:proc_dlatch$1103 ($dlatch)
    port Q[1] of cell $flatten\mults[4].mult_i.\u1.\u1.$auto$proc_dlatch.cc:427:proc_dlatch$1125 ($dlatch)
    port Q[1] of cell $flatten\mults[4].mult_i.\u1.\u1.$auto$proc_dlatch.cc:427:proc_dlatch$1147 ($dlatch)
    port Q[1] of cell $flatten\mults[4].mult_i.\u1.\u1.$auto$proc_dlatch.cc:427:proc_dlatch$1169 ($dlatch)
    port Q[1] of cell $flatten\mults[4].mult_i.\u1.\u1.$auto$proc_dlatch.cc:427:proc_dlatch$1191 ($dlatch)
    port Q[1] of cell $flatten\mults[4].mult_i.\u1.\u1.$auto$proc_dlatch.cc:427:proc_dlatch$1213 ($dlatch)
    port Q[1] of cell $flatten\mults[4].mult_i.\u1.\u1.$auto$proc_dlatch.cc:427:proc_dlatch$1235 ($dlatch)
    port Q[1] of cell $flatten\mults[4].mult_i.\u1.\u1.$auto$proc_dlatch.cc:427:proc_dlatch$1257 ($dlatch)
    port Q[1] of cell $flatten\mults[4].mult_i.\u1.\u1.$auto$proc_dlatch.cc:427:proc_dlatch$1279 ($dlatch)
Warning: multiple conflicting drivers for neuron_intra_Nbits.\mults[4].mult_i.u1.u1.kh [0]:
    port Q[0] of cell $flatten\mults[4].mult_i.\u1.\u1.$auto$proc_dlatch.cc:427:proc_dlatch$1103 ($dlatch)
    port Q[0] of cell $flatten\mults[4].mult_i.\u1.\u1.$auto$proc_dlatch.cc:427:proc_dlatch$1125 ($dlatch)
    port Q[0] of cell $flatten\mults[4].mult_i.\u1.\u1.$auto$proc_dlatch.cc:427:proc_dlatch$1147 ($dlatch)
    port Q[0] of cell $flatten\mults[4].mult_i.\u1.\u1.$auto$proc_dlatch.cc:427:proc_dlatch$1169 ($dlatch)
    port Q[0] of cell $flatten\mults[4].mult_i.\u1.\u1.$auto$proc_dlatch.cc:427:proc_dlatch$1191 ($dlatch)
    port Q[0] of cell $flatten\mults[4].mult_i.\u1.\u1.$auto$proc_dlatch.cc:427:proc_dlatch$1213 ($dlatch)
    port Q[0] of cell $flatten\mults[4].mult_i.\u1.\u1.$auto$proc_dlatch.cc:427:proc_dlatch$1235 ($dlatch)
    port Q[0] of cell $flatten\mults[4].mult_i.\u1.\u1.$auto$proc_dlatch.cc:427:proc_dlatch$1257 ($dlatch)
    port Q[0] of cell $flatten\mults[4].mult_i.\u1.\u1.$auto$proc_dlatch.cc:427:proc_dlatch$1279 ($dlatch)
Warning: multiple conflicting drivers for neuron_intra_Nbits.\mults[3].mult_i.u1.u2.kh [3]:
    port Q[3] of cell $flatten\mults[3].mult_i.\u1.\u2.$auto$proc_dlatch.cc:427:proc_dlatch$1103 ($dlatch)
    port Q[3] of cell $flatten\mults[3].mult_i.\u1.\u2.$auto$proc_dlatch.cc:427:proc_dlatch$1125 ($dlatch)
    port Q[3] of cell $flatten\mults[3].mult_i.\u1.\u2.$auto$proc_dlatch.cc:427:proc_dlatch$1147 ($dlatch)
    port Q[3] of cell $flatten\mults[3].mult_i.\u1.\u2.$auto$proc_dlatch.cc:427:proc_dlatch$1169 ($dlatch)
    port Q[3] of cell $flatten\mults[3].mult_i.\u1.\u2.$auto$proc_dlatch.cc:427:proc_dlatch$1191 ($dlatch)
    port Q[3] of cell $flatten\mults[3].mult_i.\u1.\u2.$auto$proc_dlatch.cc:427:proc_dlatch$1213 ($dlatch)
    port Q[3] of cell $flatten\mults[3].mult_i.\u1.\u2.$auto$proc_dlatch.cc:427:proc_dlatch$1235 ($dlatch)
    port Q[3] of cell $flatten\mults[3].mult_i.\u1.\u2.$auto$proc_dlatch.cc:427:proc_dlatch$1257 ($dlatch)
    port Q[3] of cell $flatten\mults[3].mult_i.\u1.\u2.$auto$proc_dlatch.cc:427:proc_dlatch$1279 ($dlatch)
Warning: multiple conflicting drivers for neuron_intra_Nbits.\mults[3].mult_i.u1.u2.kh [2]:
    port Q[2] of cell $flatten\mults[3].mult_i.\u1.\u2.$auto$proc_dlatch.cc:427:proc_dlatch$1103 ($dlatch)
    port Q[2] of cell $flatten\mults[3].mult_i.\u1.\u2.$auto$proc_dlatch.cc:427:proc_dlatch$1125 ($dlatch)
    port Q[2] of cell $flatten\mults[3].mult_i.\u1.\u2.$auto$proc_dlatch.cc:427:proc_dlatch$1147 ($dlatch)
    port Q[2] of cell $flatten\mults[3].mult_i.\u1.\u2.$auto$proc_dlatch.cc:427:proc_dlatch$1169 ($dlatch)
    port Q[2] of cell $flatten\mults[3].mult_i.\u1.\u2.$auto$proc_dlatch.cc:427:proc_dlatch$1191 ($dlatch)
    port Q[2] of cell $flatten\mults[3].mult_i.\u1.\u2.$auto$proc_dlatch.cc:427:proc_dlatch$1213 ($dlatch)
    port Q[2] of cell $flatten\mults[3].mult_i.\u1.\u2.$auto$proc_dlatch.cc:427:proc_dlatch$1235 ($dlatch)
    port Q[2] of cell $flatten\mults[3].mult_i.\u1.\u2.$auto$proc_dlatch.cc:427:proc_dlatch$1257 ($dlatch)
    port Q[2] of cell $flatten\mults[3].mult_i.\u1.\u2.$auto$proc_dlatch.cc:427:proc_dlatch$1279 ($dlatch)
Warning: multiple conflicting drivers for neuron_intra_Nbits.\mults[3].mult_i.u1.u2.kh [1]:
    port Q[1] of cell $flatten\mults[3].mult_i.\u1.\u2.$auto$proc_dlatch.cc:427:proc_dlatch$1103 ($dlatch)
    port Q[1] of cell $flatten\mults[3].mult_i.\u1.\u2.$auto$proc_dlatch.cc:427:proc_dlatch$1125 ($dlatch)
    port Q[1] of cell $flatten\mults[3].mult_i.\u1.\u2.$auto$proc_dlatch.cc:427:proc_dlatch$1147 ($dlatch)
    port Q[1] of cell $flatten\mults[3].mult_i.\u1.\u2.$auto$proc_dlatch.cc:427:proc_dlatch$1169 ($dlatch)
    port Q[1] of cell $flatten\mults[3].mult_i.\u1.\u2.$auto$proc_dlatch.cc:427:proc_dlatch$1191 ($dlatch)
    port Q[1] of cell $flatten\mults[3].mult_i.\u1.\u2.$auto$proc_dlatch.cc:427:proc_dlatch$1213 ($dlatch)
    port Q[1] of cell $flatten\mults[3].mult_i.\u1.\u2.$auto$proc_dlatch.cc:427:proc_dlatch$1235 ($dlatch)
    port Q[1] of cell $flatten\mults[3].mult_i.\u1.\u2.$auto$proc_dlatch.cc:427:proc_dlatch$1257 ($dlatch)
    port Q[1] of cell $flatten\mults[3].mult_i.\u1.\u2.$auto$proc_dlatch.cc:427:proc_dlatch$1279 ($dlatch)
Warning: multiple conflicting drivers for neuron_intra_Nbits.\mults[3].mult_i.u1.u2.kh [0]:
    port Q[0] of cell $flatten\mults[3].mult_i.\u1.\u2.$auto$proc_dlatch.cc:427:proc_dlatch$1103 ($dlatch)
    port Q[0] of cell $flatten\mults[3].mult_i.\u1.\u2.$auto$proc_dlatch.cc:427:proc_dlatch$1125 ($dlatch)
    port Q[0] of cell $flatten\mults[3].mult_i.\u1.\u2.$auto$proc_dlatch.cc:427:proc_dlatch$1147 ($dlatch)
    port Q[0] of cell $flatten\mults[3].mult_i.\u1.\u2.$auto$proc_dlatch.cc:427:proc_dlatch$1169 ($dlatch)
    port Q[0] of cell $flatten\mults[3].mult_i.\u1.\u2.$auto$proc_dlatch.cc:427:proc_dlatch$1191 ($dlatch)
    port Q[0] of cell $flatten\mults[3].mult_i.\u1.\u2.$auto$proc_dlatch.cc:427:proc_dlatch$1213 ($dlatch)
    port Q[0] of cell $flatten\mults[3].mult_i.\u1.\u2.$auto$proc_dlatch.cc:427:proc_dlatch$1235 ($dlatch)
    port Q[0] of cell $flatten\mults[3].mult_i.\u1.\u2.$auto$proc_dlatch.cc:427:proc_dlatch$1257 ($dlatch)
    port Q[0] of cell $flatten\mults[3].mult_i.\u1.\u2.$auto$proc_dlatch.cc:427:proc_dlatch$1279 ($dlatch)
Warning: multiple conflicting drivers for neuron_intra_Nbits.\mults[3].mult_i.u1.u1.kh [3]:
    port Q[3] of cell $flatten\mults[3].mult_i.\u1.\u1.$auto$proc_dlatch.cc:427:proc_dlatch$1103 ($dlatch)
    port Q[3] of cell $flatten\mults[3].mult_i.\u1.\u1.$auto$proc_dlatch.cc:427:proc_dlatch$1125 ($dlatch)
    port Q[3] of cell $flatten\mults[3].mult_i.\u1.\u1.$auto$proc_dlatch.cc:427:proc_dlatch$1147 ($dlatch)
    port Q[3] of cell $flatten\mults[3].mult_i.\u1.\u1.$auto$proc_dlatch.cc:427:proc_dlatch$1169 ($dlatch)
    port Q[3] of cell $flatten\mults[3].mult_i.\u1.\u1.$auto$proc_dlatch.cc:427:proc_dlatch$1191 ($dlatch)
    port Q[3] of cell $flatten\mults[3].mult_i.\u1.\u1.$auto$proc_dlatch.cc:427:proc_dlatch$1213 ($dlatch)
    port Q[3] of cell $flatten\mults[3].mult_i.\u1.\u1.$auto$proc_dlatch.cc:427:proc_dlatch$1235 ($dlatch)
    port Q[3] of cell $flatten\mults[3].mult_i.\u1.\u1.$auto$proc_dlatch.cc:427:proc_dlatch$1257 ($dlatch)
    port Q[3] of cell $flatten\mults[3].mult_i.\u1.\u1.$auto$proc_dlatch.cc:427:proc_dlatch$1279 ($dlatch)
Warning: multiple conflicting drivers for neuron_intra_Nbits.\mults[3].mult_i.u1.u1.kh [2]:
    port Q[2] of cell $flatten\mults[3].mult_i.\u1.\u1.$auto$proc_dlatch.cc:427:proc_dlatch$1103 ($dlatch)
    port Q[2] of cell $flatten\mults[3].mult_i.\u1.\u1.$auto$proc_dlatch.cc:427:proc_dlatch$1125 ($dlatch)
    port Q[2] of cell $flatten\mults[3].mult_i.\u1.\u1.$auto$proc_dlatch.cc:427:proc_dlatch$1147 ($dlatch)
    port Q[2] of cell $flatten\mults[3].mult_i.\u1.\u1.$auto$proc_dlatch.cc:427:proc_dlatch$1169 ($dlatch)
    port Q[2] of cell $flatten\mults[3].mult_i.\u1.\u1.$auto$proc_dlatch.cc:427:proc_dlatch$1191 ($dlatch)
    port Q[2] of cell $flatten\mults[3].mult_i.\u1.\u1.$auto$proc_dlatch.cc:427:proc_dlatch$1213 ($dlatch)
    port Q[2] of cell $flatten\mults[3].mult_i.\u1.\u1.$auto$proc_dlatch.cc:427:proc_dlatch$1235 ($dlatch)
    port Q[2] of cell $flatten\mults[3].mult_i.\u1.\u1.$auto$proc_dlatch.cc:427:proc_dlatch$1257 ($dlatch)
    port Q[2] of cell $flatten\mults[3].mult_i.\u1.\u1.$auto$proc_dlatch.cc:427:proc_dlatch$1279 ($dlatch)
Warning: multiple conflicting drivers for neuron_intra_Nbits.\mults[3].mult_i.u1.u1.kh [1]:
    port Q[1] of cell $flatten\mults[3].mult_i.\u1.\u1.$auto$proc_dlatch.cc:427:proc_dlatch$1103 ($dlatch)
    port Q[1] of cell $flatten\mults[3].mult_i.\u1.\u1.$auto$proc_dlatch.cc:427:proc_dlatch$1125 ($dlatch)
    port Q[1] of cell $flatten\mults[3].mult_i.\u1.\u1.$auto$proc_dlatch.cc:427:proc_dlatch$1147 ($dlatch)
    port Q[1] of cell $flatten\mults[3].mult_i.\u1.\u1.$auto$proc_dlatch.cc:427:proc_dlatch$1169 ($dlatch)
    port Q[1] of cell $flatten\mults[3].mult_i.\u1.\u1.$auto$proc_dlatch.cc:427:proc_dlatch$1191 ($dlatch)
    port Q[1] of cell $flatten\mults[3].mult_i.\u1.\u1.$auto$proc_dlatch.cc:427:proc_dlatch$1213 ($dlatch)
    port Q[1] of cell $flatten\mults[3].mult_i.\u1.\u1.$auto$proc_dlatch.cc:427:proc_dlatch$1235 ($dlatch)
    port Q[1] of cell $flatten\mults[3].mult_i.\u1.\u1.$auto$proc_dlatch.cc:427:proc_dlatch$1257 ($dlatch)
    port Q[1] of cell $flatten\mults[3].mult_i.\u1.\u1.$auto$proc_dlatch.cc:427:proc_dlatch$1279 ($dlatch)
Warning: multiple conflicting drivers for neuron_intra_Nbits.\mults[3].mult_i.u1.u1.kh [0]:
    port Q[0] of cell $flatten\mults[3].mult_i.\u1.\u1.$auto$proc_dlatch.cc:427:proc_dlatch$1103 ($dlatch)
    port Q[0] of cell $flatten\mults[3].mult_i.\u1.\u1.$auto$proc_dlatch.cc:427:proc_dlatch$1125 ($dlatch)
    port Q[0] of cell $flatten\mults[3].mult_i.\u1.\u1.$auto$proc_dlatch.cc:427:proc_dlatch$1147 ($dlatch)
    port Q[0] of cell $flatten\mults[3].mult_i.\u1.\u1.$auto$proc_dlatch.cc:427:proc_dlatch$1169 ($dlatch)
    port Q[0] of cell $flatten\mults[3].mult_i.\u1.\u1.$auto$proc_dlatch.cc:427:proc_dlatch$1191 ($dlatch)
    port Q[0] of cell $flatten\mults[3].mult_i.\u1.\u1.$auto$proc_dlatch.cc:427:proc_dlatch$1213 ($dlatch)
    port Q[0] of cell $flatten\mults[3].mult_i.\u1.\u1.$auto$proc_dlatch.cc:427:proc_dlatch$1235 ($dlatch)
    port Q[0] of cell $flatten\mults[3].mult_i.\u1.\u1.$auto$proc_dlatch.cc:427:proc_dlatch$1257 ($dlatch)
    port Q[0] of cell $flatten\mults[3].mult_i.\u1.\u1.$auto$proc_dlatch.cc:427:proc_dlatch$1279 ($dlatch)
Warning: multiple conflicting drivers for neuron_intra_Nbits.\mults[2].mult_i.u1.u2.kh [3]:
    port Q[3] of cell $flatten\mults[2].mult_i.\u1.\u2.$auto$proc_dlatch.cc:427:proc_dlatch$1103 ($dlatch)
    port Q[3] of cell $flatten\mults[2].mult_i.\u1.\u2.$auto$proc_dlatch.cc:427:proc_dlatch$1125 ($dlatch)
    port Q[3] of cell $flatten\mults[2].mult_i.\u1.\u2.$auto$proc_dlatch.cc:427:proc_dlatch$1147 ($dlatch)
    port Q[3] of cell $flatten\mults[2].mult_i.\u1.\u2.$auto$proc_dlatch.cc:427:proc_dlatch$1169 ($dlatch)
    port Q[3] of cell $flatten\mults[2].mult_i.\u1.\u2.$auto$proc_dlatch.cc:427:proc_dlatch$1191 ($dlatch)
    port Q[3] of cell $flatten\mults[2].mult_i.\u1.\u2.$auto$proc_dlatch.cc:427:proc_dlatch$1213 ($dlatch)
    port Q[3] of cell $flatten\mults[2].mult_i.\u1.\u2.$auto$proc_dlatch.cc:427:proc_dlatch$1235 ($dlatch)
    port Q[3] of cell $flatten\mults[2].mult_i.\u1.\u2.$auto$proc_dlatch.cc:427:proc_dlatch$1257 ($dlatch)
    port Q[3] of cell $flatten\mults[2].mult_i.\u1.\u2.$auto$proc_dlatch.cc:427:proc_dlatch$1279 ($dlatch)
Warning: multiple conflicting drivers for neuron_intra_Nbits.\mults[2].mult_i.u1.u2.kh [2]:
    port Q[2] of cell $flatten\mults[2].mult_i.\u1.\u2.$auto$proc_dlatch.cc:427:proc_dlatch$1103 ($dlatch)
    port Q[2] of cell $flatten\mults[2].mult_i.\u1.\u2.$auto$proc_dlatch.cc:427:proc_dlatch$1125 ($dlatch)
    port Q[2] of cell $flatten\mults[2].mult_i.\u1.\u2.$auto$proc_dlatch.cc:427:proc_dlatch$1147 ($dlatch)
    port Q[2] of cell $flatten\mults[2].mult_i.\u1.\u2.$auto$proc_dlatch.cc:427:proc_dlatch$1169 ($dlatch)
    port Q[2] of cell $flatten\mults[2].mult_i.\u1.\u2.$auto$proc_dlatch.cc:427:proc_dlatch$1191 ($dlatch)
    port Q[2] of cell $flatten\mults[2].mult_i.\u1.\u2.$auto$proc_dlatch.cc:427:proc_dlatch$1213 ($dlatch)
    port Q[2] of cell $flatten\mults[2].mult_i.\u1.\u2.$auto$proc_dlatch.cc:427:proc_dlatch$1235 ($dlatch)
    port Q[2] of cell $flatten\mults[2].mult_i.\u1.\u2.$auto$proc_dlatch.cc:427:proc_dlatch$1257 ($dlatch)
    port Q[2] of cell $flatten\mults[2].mult_i.\u1.\u2.$auto$proc_dlatch.cc:427:proc_dlatch$1279 ($dlatch)
Warning: multiple conflicting drivers for neuron_intra_Nbits.\mults[2].mult_i.u1.u2.kh [1]:
    port Q[1] of cell $flatten\mults[2].mult_i.\u1.\u2.$auto$proc_dlatch.cc:427:proc_dlatch$1103 ($dlatch)
    port Q[1] of cell $flatten\mults[2].mult_i.\u1.\u2.$auto$proc_dlatch.cc:427:proc_dlatch$1125 ($dlatch)
    port Q[1] of cell $flatten\mults[2].mult_i.\u1.\u2.$auto$proc_dlatch.cc:427:proc_dlatch$1147 ($dlatch)
    port Q[1] of cell $flatten\mults[2].mult_i.\u1.\u2.$auto$proc_dlatch.cc:427:proc_dlatch$1169 ($dlatch)
    port Q[1] of cell $flatten\mults[2].mult_i.\u1.\u2.$auto$proc_dlatch.cc:427:proc_dlatch$1191 ($dlatch)
    port Q[1] of cell $flatten\mults[2].mult_i.\u1.\u2.$auto$proc_dlatch.cc:427:proc_dlatch$1213 ($dlatch)
    port Q[1] of cell $flatten\mults[2].mult_i.\u1.\u2.$auto$proc_dlatch.cc:427:proc_dlatch$1235 ($dlatch)
    port Q[1] of cell $flatten\mults[2].mult_i.\u1.\u2.$auto$proc_dlatch.cc:427:proc_dlatch$1257 ($dlatch)
    port Q[1] of cell $flatten\mults[2].mult_i.\u1.\u2.$auto$proc_dlatch.cc:427:proc_dlatch$1279 ($dlatch)
Warning: multiple conflicting drivers for neuron_intra_Nbits.\mults[2].mult_i.u1.u2.kh [0]:
    port Q[0] of cell $flatten\mults[2].mult_i.\u1.\u2.$auto$proc_dlatch.cc:427:proc_dlatch$1103 ($dlatch)
    port Q[0] of cell $flatten\mults[2].mult_i.\u1.\u2.$auto$proc_dlatch.cc:427:proc_dlatch$1125 ($dlatch)
    port Q[0] of cell $flatten\mults[2].mult_i.\u1.\u2.$auto$proc_dlatch.cc:427:proc_dlatch$1147 ($dlatch)
    port Q[0] of cell $flatten\mults[2].mult_i.\u1.\u2.$auto$proc_dlatch.cc:427:proc_dlatch$1169 ($dlatch)
    port Q[0] of cell $flatten\mults[2].mult_i.\u1.\u2.$auto$proc_dlatch.cc:427:proc_dlatch$1191 ($dlatch)
    port Q[0] of cell $flatten\mults[2].mult_i.\u1.\u2.$auto$proc_dlatch.cc:427:proc_dlatch$1213 ($dlatch)
    port Q[0] of cell $flatten\mults[2].mult_i.\u1.\u2.$auto$proc_dlatch.cc:427:proc_dlatch$1235 ($dlatch)
    port Q[0] of cell $flatten\mults[2].mult_i.\u1.\u2.$auto$proc_dlatch.cc:427:proc_dlatch$1257 ($dlatch)
    port Q[0] of cell $flatten\mults[2].mult_i.\u1.\u2.$auto$proc_dlatch.cc:427:proc_dlatch$1279 ($dlatch)
Warning: multiple conflicting drivers for neuron_intra_Nbits.\mults[2].mult_i.u1.u1.kh [3]:
    port Q[3] of cell $flatten\mults[2].mult_i.\u1.\u1.$auto$proc_dlatch.cc:427:proc_dlatch$1103 ($dlatch)
    port Q[3] of cell $flatten\mults[2].mult_i.\u1.\u1.$auto$proc_dlatch.cc:427:proc_dlatch$1125 ($dlatch)
    port Q[3] of cell $flatten\mults[2].mult_i.\u1.\u1.$auto$proc_dlatch.cc:427:proc_dlatch$1147 ($dlatch)
    port Q[3] of cell $flatten\mults[2].mult_i.\u1.\u1.$auto$proc_dlatch.cc:427:proc_dlatch$1169 ($dlatch)
    port Q[3] of cell $flatten\mults[2].mult_i.\u1.\u1.$auto$proc_dlatch.cc:427:proc_dlatch$1191 ($dlatch)
    port Q[3] of cell $flatten\mults[2].mult_i.\u1.\u1.$auto$proc_dlatch.cc:427:proc_dlatch$1213 ($dlatch)
    port Q[3] of cell $flatten\mults[2].mult_i.\u1.\u1.$auto$proc_dlatch.cc:427:proc_dlatch$1235 ($dlatch)
    port Q[3] of cell $flatten\mults[2].mult_i.\u1.\u1.$auto$proc_dlatch.cc:427:proc_dlatch$1257 ($dlatch)
    port Q[3] of cell $flatten\mults[2].mult_i.\u1.\u1.$auto$proc_dlatch.cc:427:proc_dlatch$1279 ($dlatch)
Warning: multiple conflicting drivers for neuron_intra_Nbits.\mults[2].mult_i.u1.u1.kh [2]:
    port Q[2] of cell $flatten\mults[2].mult_i.\u1.\u1.$auto$proc_dlatch.cc:427:proc_dlatch$1103 ($dlatch)
    port Q[2] of cell $flatten\mults[2].mult_i.\u1.\u1.$auto$proc_dlatch.cc:427:proc_dlatch$1125 ($dlatch)
    port Q[2] of cell $flatten\mults[2].mult_i.\u1.\u1.$auto$proc_dlatch.cc:427:proc_dlatch$1147 ($dlatch)
    port Q[2] of cell $flatten\mults[2].mult_i.\u1.\u1.$auto$proc_dlatch.cc:427:proc_dlatch$1169 ($dlatch)
    port Q[2] of cell $flatten\mults[2].mult_i.\u1.\u1.$auto$proc_dlatch.cc:427:proc_dlatch$1191 ($dlatch)
    port Q[2] of cell $flatten\mults[2].mult_i.\u1.\u1.$auto$proc_dlatch.cc:427:proc_dlatch$1213 ($dlatch)
    port Q[2] of cell $flatten\mults[2].mult_i.\u1.\u1.$auto$proc_dlatch.cc:427:proc_dlatch$1235 ($dlatch)
    port Q[2] of cell $flatten\mults[2].mult_i.\u1.\u1.$auto$proc_dlatch.cc:427:proc_dlatch$1257 ($dlatch)
    port Q[2] of cell $flatten\mults[2].mult_i.\u1.\u1.$auto$proc_dlatch.cc:427:proc_dlatch$1279 ($dlatch)
Warning: multiple conflicting drivers for neuron_intra_Nbits.\mults[2].mult_i.u1.u1.kh [1]:
    port Q[1] of cell $flatten\mults[2].mult_i.\u1.\u1.$auto$proc_dlatch.cc:427:proc_dlatch$1103 ($dlatch)
    port Q[1] of cell $flatten\mults[2].mult_i.\u1.\u1.$auto$proc_dlatch.cc:427:proc_dlatch$1125 ($dlatch)
    port Q[1] of cell $flatten\mults[2].mult_i.\u1.\u1.$auto$proc_dlatch.cc:427:proc_dlatch$1147 ($dlatch)
    port Q[1] of cell $flatten\mults[2].mult_i.\u1.\u1.$auto$proc_dlatch.cc:427:proc_dlatch$1169 ($dlatch)
    port Q[1] of cell $flatten\mults[2].mult_i.\u1.\u1.$auto$proc_dlatch.cc:427:proc_dlatch$1191 ($dlatch)
    port Q[1] of cell $flatten\mults[2].mult_i.\u1.\u1.$auto$proc_dlatch.cc:427:proc_dlatch$1213 ($dlatch)
    port Q[1] of cell $flatten\mults[2].mult_i.\u1.\u1.$auto$proc_dlatch.cc:427:proc_dlatch$1235 ($dlatch)
    port Q[1] of cell $flatten\mults[2].mult_i.\u1.\u1.$auto$proc_dlatch.cc:427:proc_dlatch$1257 ($dlatch)
    port Q[1] of cell $flatten\mults[2].mult_i.\u1.\u1.$auto$proc_dlatch.cc:427:proc_dlatch$1279 ($dlatch)
Warning: multiple conflicting drivers for neuron_intra_Nbits.\mults[2].mult_i.u1.u1.kh [0]:
    port Q[0] of cell $flatten\mults[2].mult_i.\u1.\u1.$auto$proc_dlatch.cc:427:proc_dlatch$1103 ($dlatch)
    port Q[0] of cell $flatten\mults[2].mult_i.\u1.\u1.$auto$proc_dlatch.cc:427:proc_dlatch$1125 ($dlatch)
    port Q[0] of cell $flatten\mults[2].mult_i.\u1.\u1.$auto$proc_dlatch.cc:427:proc_dlatch$1147 ($dlatch)
    port Q[0] of cell $flatten\mults[2].mult_i.\u1.\u1.$auto$proc_dlatch.cc:427:proc_dlatch$1169 ($dlatch)
    port Q[0] of cell $flatten\mults[2].mult_i.\u1.\u1.$auto$proc_dlatch.cc:427:proc_dlatch$1191 ($dlatch)
    port Q[0] of cell $flatten\mults[2].mult_i.\u1.\u1.$auto$proc_dlatch.cc:427:proc_dlatch$1213 ($dlatch)
    port Q[0] of cell $flatten\mults[2].mult_i.\u1.\u1.$auto$proc_dlatch.cc:427:proc_dlatch$1235 ($dlatch)
    port Q[0] of cell $flatten\mults[2].mult_i.\u1.\u1.$auto$proc_dlatch.cc:427:proc_dlatch$1257 ($dlatch)
    port Q[0] of cell $flatten\mults[2].mult_i.\u1.\u1.$auto$proc_dlatch.cc:427:proc_dlatch$1279 ($dlatch)
Warning: multiple conflicting drivers for neuron_intra_Nbits.\mults[1].mult_i.u1.u2.kh [3]:
    port Q[3] of cell $flatten\mults[1].mult_i.\u1.\u2.$auto$proc_dlatch.cc:427:proc_dlatch$1103 ($dlatch)
    port Q[3] of cell $flatten\mults[1].mult_i.\u1.\u2.$auto$proc_dlatch.cc:427:proc_dlatch$1125 ($dlatch)
    port Q[3] of cell $flatten\mults[1].mult_i.\u1.\u2.$auto$proc_dlatch.cc:427:proc_dlatch$1147 ($dlatch)
    port Q[3] of cell $flatten\mults[1].mult_i.\u1.\u2.$auto$proc_dlatch.cc:427:proc_dlatch$1169 ($dlatch)
    port Q[3] of cell $flatten\mults[1].mult_i.\u1.\u2.$auto$proc_dlatch.cc:427:proc_dlatch$1191 ($dlatch)
    port Q[3] of cell $flatten\mults[1].mult_i.\u1.\u2.$auto$proc_dlatch.cc:427:proc_dlatch$1213 ($dlatch)
    port Q[3] of cell $flatten\mults[1].mult_i.\u1.\u2.$auto$proc_dlatch.cc:427:proc_dlatch$1235 ($dlatch)
    port Q[3] of cell $flatten\mults[1].mult_i.\u1.\u2.$auto$proc_dlatch.cc:427:proc_dlatch$1257 ($dlatch)
    port Q[3] of cell $flatten\mults[1].mult_i.\u1.\u2.$auto$proc_dlatch.cc:427:proc_dlatch$1279 ($dlatch)
Warning: multiple conflicting drivers for neuron_intra_Nbits.\mults[1].mult_i.u1.u2.kh [2]:
    port Q[2] of cell $flatten\mults[1].mult_i.\u1.\u2.$auto$proc_dlatch.cc:427:proc_dlatch$1103 ($dlatch)
    port Q[2] of cell $flatten\mults[1].mult_i.\u1.\u2.$auto$proc_dlatch.cc:427:proc_dlatch$1125 ($dlatch)
    port Q[2] of cell $flatten\mults[1].mult_i.\u1.\u2.$auto$proc_dlatch.cc:427:proc_dlatch$1147 ($dlatch)
    port Q[2] of cell $flatten\mults[1].mult_i.\u1.\u2.$auto$proc_dlatch.cc:427:proc_dlatch$1169 ($dlatch)
    port Q[2] of cell $flatten\mults[1].mult_i.\u1.\u2.$auto$proc_dlatch.cc:427:proc_dlatch$1191 ($dlatch)
    port Q[2] of cell $flatten\mults[1].mult_i.\u1.\u2.$auto$proc_dlatch.cc:427:proc_dlatch$1213 ($dlatch)
    port Q[2] of cell $flatten\mults[1].mult_i.\u1.\u2.$auto$proc_dlatch.cc:427:proc_dlatch$1235 ($dlatch)
    port Q[2] of cell $flatten\mults[1].mult_i.\u1.\u2.$auto$proc_dlatch.cc:427:proc_dlatch$1257 ($dlatch)
    port Q[2] of cell $flatten\mults[1].mult_i.\u1.\u2.$auto$proc_dlatch.cc:427:proc_dlatch$1279 ($dlatch)
Warning: multiple conflicting drivers for neuron_intra_Nbits.\mults[1].mult_i.u1.u2.kh [1]:
    port Q[1] of cell $flatten\mults[1].mult_i.\u1.\u2.$auto$proc_dlatch.cc:427:proc_dlatch$1103 ($dlatch)
    port Q[1] of cell $flatten\mults[1].mult_i.\u1.\u2.$auto$proc_dlatch.cc:427:proc_dlatch$1125 ($dlatch)
    port Q[1] of cell $flatten\mults[1].mult_i.\u1.\u2.$auto$proc_dlatch.cc:427:proc_dlatch$1147 ($dlatch)
    port Q[1] of cell $flatten\mults[1].mult_i.\u1.\u2.$auto$proc_dlatch.cc:427:proc_dlatch$1169 ($dlatch)
    port Q[1] of cell $flatten\mults[1].mult_i.\u1.\u2.$auto$proc_dlatch.cc:427:proc_dlatch$1191 ($dlatch)
    port Q[1] of cell $flatten\mults[1].mult_i.\u1.\u2.$auto$proc_dlatch.cc:427:proc_dlatch$1213 ($dlatch)
    port Q[1] of cell $flatten\mults[1].mult_i.\u1.\u2.$auto$proc_dlatch.cc:427:proc_dlatch$1235 ($dlatch)
    port Q[1] of cell $flatten\mults[1].mult_i.\u1.\u2.$auto$proc_dlatch.cc:427:proc_dlatch$1257 ($dlatch)
    port Q[1] of cell $flatten\mults[1].mult_i.\u1.\u2.$auto$proc_dlatch.cc:427:proc_dlatch$1279 ($dlatch)
Warning: multiple conflicting drivers for neuron_intra_Nbits.\mults[1].mult_i.u1.u2.kh [0]:
    port Q[0] of cell $flatten\mults[1].mult_i.\u1.\u2.$auto$proc_dlatch.cc:427:proc_dlatch$1103 ($dlatch)
    port Q[0] of cell $flatten\mults[1].mult_i.\u1.\u2.$auto$proc_dlatch.cc:427:proc_dlatch$1125 ($dlatch)
    port Q[0] of cell $flatten\mults[1].mult_i.\u1.\u2.$auto$proc_dlatch.cc:427:proc_dlatch$1147 ($dlatch)
    port Q[0] of cell $flatten\mults[1].mult_i.\u1.\u2.$auto$proc_dlatch.cc:427:proc_dlatch$1169 ($dlatch)
    port Q[0] of cell $flatten\mults[1].mult_i.\u1.\u2.$auto$proc_dlatch.cc:427:proc_dlatch$1191 ($dlatch)
    port Q[0] of cell $flatten\mults[1].mult_i.\u1.\u2.$auto$proc_dlatch.cc:427:proc_dlatch$1213 ($dlatch)
    port Q[0] of cell $flatten\mults[1].mult_i.\u1.\u2.$auto$proc_dlatch.cc:427:proc_dlatch$1235 ($dlatch)
    port Q[0] of cell $flatten\mults[1].mult_i.\u1.\u2.$auto$proc_dlatch.cc:427:proc_dlatch$1257 ($dlatch)
    port Q[0] of cell $flatten\mults[1].mult_i.\u1.\u2.$auto$proc_dlatch.cc:427:proc_dlatch$1279 ($dlatch)
Warning: multiple conflicting drivers for neuron_intra_Nbits.\mults[1].mult_i.u1.u1.kh [3]:
    port Q[3] of cell $flatten\mults[1].mult_i.\u1.\u1.$auto$proc_dlatch.cc:427:proc_dlatch$1103 ($dlatch)
    port Q[3] of cell $flatten\mults[1].mult_i.\u1.\u1.$auto$proc_dlatch.cc:427:proc_dlatch$1125 ($dlatch)
    port Q[3] of cell $flatten\mults[1].mult_i.\u1.\u1.$auto$proc_dlatch.cc:427:proc_dlatch$1147 ($dlatch)
    port Q[3] of cell $flatten\mults[1].mult_i.\u1.\u1.$auto$proc_dlatch.cc:427:proc_dlatch$1169 ($dlatch)
    port Q[3] of cell $flatten\mults[1].mult_i.\u1.\u1.$auto$proc_dlatch.cc:427:proc_dlatch$1191 ($dlatch)
    port Q[3] of cell $flatten\mults[1].mult_i.\u1.\u1.$auto$proc_dlatch.cc:427:proc_dlatch$1213 ($dlatch)
    port Q[3] of cell $flatten\mults[1].mult_i.\u1.\u1.$auto$proc_dlatch.cc:427:proc_dlatch$1235 ($dlatch)
    port Q[3] of cell $flatten\mults[1].mult_i.\u1.\u1.$auto$proc_dlatch.cc:427:proc_dlatch$1257 ($dlatch)
    port Q[3] of cell $flatten\mults[1].mult_i.\u1.\u1.$auto$proc_dlatch.cc:427:proc_dlatch$1279 ($dlatch)
Warning: multiple conflicting drivers for neuron_intra_Nbits.\mults[1].mult_i.u1.u1.kh [2]:
    port Q[2] of cell $flatten\mults[1].mult_i.\u1.\u1.$auto$proc_dlatch.cc:427:proc_dlatch$1103 ($dlatch)
    port Q[2] of cell $flatten\mults[1].mult_i.\u1.\u1.$auto$proc_dlatch.cc:427:proc_dlatch$1125 ($dlatch)
    port Q[2] of cell $flatten\mults[1].mult_i.\u1.\u1.$auto$proc_dlatch.cc:427:proc_dlatch$1147 ($dlatch)
    port Q[2] of cell $flatten\mults[1].mult_i.\u1.\u1.$auto$proc_dlatch.cc:427:proc_dlatch$1169 ($dlatch)
    port Q[2] of cell $flatten\mults[1].mult_i.\u1.\u1.$auto$proc_dlatch.cc:427:proc_dlatch$1191 ($dlatch)
    port Q[2] of cell $flatten\mults[1].mult_i.\u1.\u1.$auto$proc_dlatch.cc:427:proc_dlatch$1213 ($dlatch)
    port Q[2] of cell $flatten\mults[1].mult_i.\u1.\u1.$auto$proc_dlatch.cc:427:proc_dlatch$1235 ($dlatch)
    port Q[2] of cell $flatten\mults[1].mult_i.\u1.\u1.$auto$proc_dlatch.cc:427:proc_dlatch$1257 ($dlatch)
    port Q[2] of cell $flatten\mults[1].mult_i.\u1.\u1.$auto$proc_dlatch.cc:427:proc_dlatch$1279 ($dlatch)
Warning: multiple conflicting drivers for neuron_intra_Nbits.\mults[1].mult_i.u1.u1.kh [1]:
    port Q[1] of cell $flatten\mults[1].mult_i.\u1.\u1.$auto$proc_dlatch.cc:427:proc_dlatch$1103 ($dlatch)
    port Q[1] of cell $flatten\mults[1].mult_i.\u1.\u1.$auto$proc_dlatch.cc:427:proc_dlatch$1125 ($dlatch)
    port Q[1] of cell $flatten\mults[1].mult_i.\u1.\u1.$auto$proc_dlatch.cc:427:proc_dlatch$1147 ($dlatch)
    port Q[1] of cell $flatten\mults[1].mult_i.\u1.\u1.$auto$proc_dlatch.cc:427:proc_dlatch$1169 ($dlatch)
    port Q[1] of cell $flatten\mults[1].mult_i.\u1.\u1.$auto$proc_dlatch.cc:427:proc_dlatch$1191 ($dlatch)
    port Q[1] of cell $flatten\mults[1].mult_i.\u1.\u1.$auto$proc_dlatch.cc:427:proc_dlatch$1213 ($dlatch)
    port Q[1] of cell $flatten\mults[1].mult_i.\u1.\u1.$auto$proc_dlatch.cc:427:proc_dlatch$1235 ($dlatch)
    port Q[1] of cell $flatten\mults[1].mult_i.\u1.\u1.$auto$proc_dlatch.cc:427:proc_dlatch$1257 ($dlatch)
    port Q[1] of cell $flatten\mults[1].mult_i.\u1.\u1.$auto$proc_dlatch.cc:427:proc_dlatch$1279 ($dlatch)
Warning: multiple conflicting drivers for neuron_intra_Nbits.\mults[1].mult_i.u1.u1.kh [0]:
    port Q[0] of cell $flatten\mults[1].mult_i.\u1.\u1.$auto$proc_dlatch.cc:427:proc_dlatch$1103 ($dlatch)
    port Q[0] of cell $flatten\mults[1].mult_i.\u1.\u1.$auto$proc_dlatch.cc:427:proc_dlatch$1125 ($dlatch)
    port Q[0] of cell $flatten\mults[1].mult_i.\u1.\u1.$auto$proc_dlatch.cc:427:proc_dlatch$1147 ($dlatch)
    port Q[0] of cell $flatten\mults[1].mult_i.\u1.\u1.$auto$proc_dlatch.cc:427:proc_dlatch$1169 ($dlatch)
    port Q[0] of cell $flatten\mults[1].mult_i.\u1.\u1.$auto$proc_dlatch.cc:427:proc_dlatch$1191 ($dlatch)
    port Q[0] of cell $flatten\mults[1].mult_i.\u1.\u1.$auto$proc_dlatch.cc:427:proc_dlatch$1213 ($dlatch)
    port Q[0] of cell $flatten\mults[1].mult_i.\u1.\u1.$auto$proc_dlatch.cc:427:proc_dlatch$1235 ($dlatch)
    port Q[0] of cell $flatten\mults[1].mult_i.\u1.\u1.$auto$proc_dlatch.cc:427:proc_dlatch$1257 ($dlatch)
    port Q[0] of cell $flatten\mults[1].mult_i.\u1.\u1.$auto$proc_dlatch.cc:427:proc_dlatch$1279 ($dlatch)
Warning: multiple conflicting drivers for neuron_intra_Nbits.\mults[0].mult_i.u1.u2.kh [3]:
    port Q[3] of cell $flatten\mults[0].mult_i.\u1.\u2.$auto$proc_dlatch.cc:427:proc_dlatch$1103 ($dlatch)
    port Q[3] of cell $flatten\mults[0].mult_i.\u1.\u2.$auto$proc_dlatch.cc:427:proc_dlatch$1125 ($dlatch)
    port Q[3] of cell $flatten\mults[0].mult_i.\u1.\u2.$auto$proc_dlatch.cc:427:proc_dlatch$1147 ($dlatch)
    port Q[3] of cell $flatten\mults[0].mult_i.\u1.\u2.$auto$proc_dlatch.cc:427:proc_dlatch$1169 ($dlatch)
    port Q[3] of cell $flatten\mults[0].mult_i.\u1.\u2.$auto$proc_dlatch.cc:427:proc_dlatch$1191 ($dlatch)
    port Q[3] of cell $flatten\mults[0].mult_i.\u1.\u2.$auto$proc_dlatch.cc:427:proc_dlatch$1213 ($dlatch)
    port Q[3] of cell $flatten\mults[0].mult_i.\u1.\u2.$auto$proc_dlatch.cc:427:proc_dlatch$1235 ($dlatch)
    port Q[3] of cell $flatten\mults[0].mult_i.\u1.\u2.$auto$proc_dlatch.cc:427:proc_dlatch$1257 ($dlatch)
    port Q[3] of cell $flatten\mults[0].mult_i.\u1.\u2.$auto$proc_dlatch.cc:427:proc_dlatch$1279 ($dlatch)
Warning: multiple conflicting drivers for neuron_intra_Nbits.\mults[0].mult_i.u1.u2.kh [2]:
    port Q[2] of cell $flatten\mults[0].mult_i.\u1.\u2.$auto$proc_dlatch.cc:427:proc_dlatch$1103 ($dlatch)
    port Q[2] of cell $flatten\mults[0].mult_i.\u1.\u2.$auto$proc_dlatch.cc:427:proc_dlatch$1125 ($dlatch)
    port Q[2] of cell $flatten\mults[0].mult_i.\u1.\u2.$auto$proc_dlatch.cc:427:proc_dlatch$1147 ($dlatch)
    port Q[2] of cell $flatten\mults[0].mult_i.\u1.\u2.$auto$proc_dlatch.cc:427:proc_dlatch$1169 ($dlatch)
    port Q[2] of cell $flatten\mults[0].mult_i.\u1.\u2.$auto$proc_dlatch.cc:427:proc_dlatch$1191 ($dlatch)
    port Q[2] of cell $flatten\mults[0].mult_i.\u1.\u2.$auto$proc_dlatch.cc:427:proc_dlatch$1213 ($dlatch)
    port Q[2] of cell $flatten\mults[0].mult_i.\u1.\u2.$auto$proc_dlatch.cc:427:proc_dlatch$1235 ($dlatch)
    port Q[2] of cell $flatten\mults[0].mult_i.\u1.\u2.$auto$proc_dlatch.cc:427:proc_dlatch$1257 ($dlatch)
    port Q[2] of cell $flatten\mults[0].mult_i.\u1.\u2.$auto$proc_dlatch.cc:427:proc_dlatch$1279 ($dlatch)
Warning: multiple conflicting drivers for neuron_intra_Nbits.\mults[0].mult_i.u1.u2.kh [1]:
    port Q[1] of cell $flatten\mults[0].mult_i.\u1.\u2.$auto$proc_dlatch.cc:427:proc_dlatch$1103 ($dlatch)
    port Q[1] of cell $flatten\mults[0].mult_i.\u1.\u2.$auto$proc_dlatch.cc:427:proc_dlatch$1125 ($dlatch)
    port Q[1] of cell $flatten\mults[0].mult_i.\u1.\u2.$auto$proc_dlatch.cc:427:proc_dlatch$1147 ($dlatch)
    port Q[1] of cell $flatten\mults[0].mult_i.\u1.\u2.$auto$proc_dlatch.cc:427:proc_dlatch$1169 ($dlatch)
    port Q[1] of cell $flatten\mults[0].mult_i.\u1.\u2.$auto$proc_dlatch.cc:427:proc_dlatch$1191 ($dlatch)
    port Q[1] of cell $flatten\mults[0].mult_i.\u1.\u2.$auto$proc_dlatch.cc:427:proc_dlatch$1213 ($dlatch)
    port Q[1] of cell $flatten\mults[0].mult_i.\u1.\u2.$auto$proc_dlatch.cc:427:proc_dlatch$1235 ($dlatch)
    port Q[1] of cell $flatten\mults[0].mult_i.\u1.\u2.$auto$proc_dlatch.cc:427:proc_dlatch$1257 ($dlatch)
    port Q[1] of cell $flatten\mults[0].mult_i.\u1.\u2.$auto$proc_dlatch.cc:427:proc_dlatch$1279 ($dlatch)
Warning: multiple conflicting drivers for neuron_intra_Nbits.\mults[0].mult_i.u1.u2.kh [0]:
    port Q[0] of cell $flatten\mults[0].mult_i.\u1.\u2.$auto$proc_dlatch.cc:427:proc_dlatch$1103 ($dlatch)
    port Q[0] of cell $flatten\mults[0].mult_i.\u1.\u2.$auto$proc_dlatch.cc:427:proc_dlatch$1125 ($dlatch)
    port Q[0] of cell $flatten\mults[0].mult_i.\u1.\u2.$auto$proc_dlatch.cc:427:proc_dlatch$1147 ($dlatch)
    port Q[0] of cell $flatten\mults[0].mult_i.\u1.\u2.$auto$proc_dlatch.cc:427:proc_dlatch$1169 ($dlatch)
    port Q[0] of cell $flatten\mults[0].mult_i.\u1.\u2.$auto$proc_dlatch.cc:427:proc_dlatch$1191 ($dlatch)
    port Q[0] of cell $flatten\mults[0].mult_i.\u1.\u2.$auto$proc_dlatch.cc:427:proc_dlatch$1213 ($dlatch)
    port Q[0] of cell $flatten\mults[0].mult_i.\u1.\u2.$auto$proc_dlatch.cc:427:proc_dlatch$1235 ($dlatch)
    port Q[0] of cell $flatten\mults[0].mult_i.\u1.\u2.$auto$proc_dlatch.cc:427:proc_dlatch$1257 ($dlatch)
    port Q[0] of cell $flatten\mults[0].mult_i.\u1.\u2.$auto$proc_dlatch.cc:427:proc_dlatch$1279 ($dlatch)
Warning: multiple conflicting drivers for neuron_intra_Nbits.\mults[0].mult_i.u1.u1.kh [3]:
    port Q[3] of cell $flatten\mults[0].mult_i.\u1.\u1.$auto$proc_dlatch.cc:427:proc_dlatch$1103 ($dlatch)
    port Q[3] of cell $flatten\mults[0].mult_i.\u1.\u1.$auto$proc_dlatch.cc:427:proc_dlatch$1125 ($dlatch)
    port Q[3] of cell $flatten\mults[0].mult_i.\u1.\u1.$auto$proc_dlatch.cc:427:proc_dlatch$1147 ($dlatch)
    port Q[3] of cell $flatten\mults[0].mult_i.\u1.\u1.$auto$proc_dlatch.cc:427:proc_dlatch$1169 ($dlatch)
    port Q[3] of cell $flatten\mults[0].mult_i.\u1.\u1.$auto$proc_dlatch.cc:427:proc_dlatch$1191 ($dlatch)
    port Q[3] of cell $flatten\mults[0].mult_i.\u1.\u1.$auto$proc_dlatch.cc:427:proc_dlatch$1213 ($dlatch)
    port Q[3] of cell $flatten\mults[0].mult_i.\u1.\u1.$auto$proc_dlatch.cc:427:proc_dlatch$1235 ($dlatch)
    port Q[3] of cell $flatten\mults[0].mult_i.\u1.\u1.$auto$proc_dlatch.cc:427:proc_dlatch$1257 ($dlatch)
    port Q[3] of cell $flatten\mults[0].mult_i.\u1.\u1.$auto$proc_dlatch.cc:427:proc_dlatch$1279 ($dlatch)
Warning: multiple conflicting drivers for neuron_intra_Nbits.\mults[0].mult_i.u1.u1.kh [2]:
    port Q[2] of cell $flatten\mults[0].mult_i.\u1.\u1.$auto$proc_dlatch.cc:427:proc_dlatch$1103 ($dlatch)
    port Q[2] of cell $flatten\mults[0].mult_i.\u1.\u1.$auto$proc_dlatch.cc:427:proc_dlatch$1125 ($dlatch)
    port Q[2] of cell $flatten\mults[0].mult_i.\u1.\u1.$auto$proc_dlatch.cc:427:proc_dlatch$1147 ($dlatch)
    port Q[2] of cell $flatten\mults[0].mult_i.\u1.\u1.$auto$proc_dlatch.cc:427:proc_dlatch$1169 ($dlatch)
    port Q[2] of cell $flatten\mults[0].mult_i.\u1.\u1.$auto$proc_dlatch.cc:427:proc_dlatch$1191 ($dlatch)
    port Q[2] of cell $flatten\mults[0].mult_i.\u1.\u1.$auto$proc_dlatch.cc:427:proc_dlatch$1213 ($dlatch)
    port Q[2] of cell $flatten\mults[0].mult_i.\u1.\u1.$auto$proc_dlatch.cc:427:proc_dlatch$1235 ($dlatch)
    port Q[2] of cell $flatten\mults[0].mult_i.\u1.\u1.$auto$proc_dlatch.cc:427:proc_dlatch$1257 ($dlatch)
    port Q[2] of cell $flatten\mults[0].mult_i.\u1.\u1.$auto$proc_dlatch.cc:427:proc_dlatch$1279 ($dlatch)
Warning: multiple conflicting drivers for neuron_intra_Nbits.\mults[0].mult_i.u1.u1.kh [1]:
    port Q[1] of cell $flatten\mults[0].mult_i.\u1.\u1.$auto$proc_dlatch.cc:427:proc_dlatch$1103 ($dlatch)
    port Q[1] of cell $flatten\mults[0].mult_i.\u1.\u1.$auto$proc_dlatch.cc:427:proc_dlatch$1125 ($dlatch)
    port Q[1] of cell $flatten\mults[0].mult_i.\u1.\u1.$auto$proc_dlatch.cc:427:proc_dlatch$1147 ($dlatch)
    port Q[1] of cell $flatten\mults[0].mult_i.\u1.\u1.$auto$proc_dlatch.cc:427:proc_dlatch$1169 ($dlatch)
    port Q[1] of cell $flatten\mults[0].mult_i.\u1.\u1.$auto$proc_dlatch.cc:427:proc_dlatch$1191 ($dlatch)
    port Q[1] of cell $flatten\mults[0].mult_i.\u1.\u1.$auto$proc_dlatch.cc:427:proc_dlatch$1213 ($dlatch)
    port Q[1] of cell $flatten\mults[0].mult_i.\u1.\u1.$auto$proc_dlatch.cc:427:proc_dlatch$1235 ($dlatch)
    port Q[1] of cell $flatten\mults[0].mult_i.\u1.\u1.$auto$proc_dlatch.cc:427:proc_dlatch$1257 ($dlatch)
    port Q[1] of cell $flatten\mults[0].mult_i.\u1.\u1.$auto$proc_dlatch.cc:427:proc_dlatch$1279 ($dlatch)
Warning: multiple conflicting drivers for neuron_intra_Nbits.\mults[0].mult_i.u1.u1.kh [0]:
    port Q[0] of cell $flatten\mults[0].mult_i.\u1.\u1.$auto$proc_dlatch.cc:427:proc_dlatch$1103 ($dlatch)
    port Q[0] of cell $flatten\mults[0].mult_i.\u1.\u1.$auto$proc_dlatch.cc:427:proc_dlatch$1125 ($dlatch)
    port Q[0] of cell $flatten\mults[0].mult_i.\u1.\u1.$auto$proc_dlatch.cc:427:proc_dlatch$1147 ($dlatch)
    port Q[0] of cell $flatten\mults[0].mult_i.\u1.\u1.$auto$proc_dlatch.cc:427:proc_dlatch$1169 ($dlatch)
    port Q[0] of cell $flatten\mults[0].mult_i.\u1.\u1.$auto$proc_dlatch.cc:427:proc_dlatch$1191 ($dlatch)
    port Q[0] of cell $flatten\mults[0].mult_i.\u1.\u1.$auto$proc_dlatch.cc:427:proc_dlatch$1213 ($dlatch)
    port Q[0] of cell $flatten\mults[0].mult_i.\u1.\u1.$auto$proc_dlatch.cc:427:proc_dlatch$1235 ($dlatch)
    port Q[0] of cell $flatten\mults[0].mult_i.\u1.\u1.$auto$proc_dlatch.cc:427:proc_dlatch$1257 ($dlatch)
    port Q[0] of cell $flatten\mults[0].mult_i.\u1.\u1.$auto$proc_dlatch.cc:427:proc_dlatch$1279 ($dlatch)
Found and reported 64 problems.

12.6. Executing OPT pass (performing simple optimizations).

12.6.1. Executing OPT_EXPR pass (perform const folding).
Optimizing module neuron_intra_Nbits.

12.6.2. Executing OPT_MERGE pass (detect identical cells).
Finding identical cells in module `\neuron_intra_Nbits'.
Removed a total of 0 cells.

12.6.3. Executing OPT_MUXTREE pass (detect dead branches in mux trees).
Running muxtree optimizer on module \neuron_intra_Nbits..
  Creating internal representation of mux trees.
  Evaluating internal representation of mux trees.
      Replacing known input bits on port A of cell $flatten\mults[0].mult_i.$ternary$/home/juliana/venv_pytorch/lib/python3.12/site-packages/MAxPy/vlib/AxArith/multipliers/LOBA.v:18$718: { 1'0 \W [7] \W [7] \W [7] \W [7] \W [7] \W [7] \W [7] \W [7:0] } -> { 9'000000000 \W [6:0] }
      Replacing known input bits on port A of cell $flatten\mults[0].mult_i.$ternary$/home/juliana/venv_pytorch/lib/python3.12/site-packages/MAxPy/vlib/AxArith/multipliers/LOBA.v:19$723: { 1'0 \X_N [7] \X_N [7] \X_N [7] \X_N [7] \X_N [7] \X_N [7] \X_N [7] \X_N [7:0] } -> { 9'000000000 \X_N [6:0] }
      Replacing known input bits on port A of cell $flatten\mults[1].mult_i.$ternary$/home/juliana/venv_pytorch/lib/python3.12/site-packages/MAxPy/vlib/AxArith/multipliers/LOBA.v:18$718: { 1'0 \W [15] \W [15] \W [15] \W [15] \W [15] \W [15] \W [15] \W [15:8] } -> { 9'000000000 \W [14:8] }
      Replacing known input bits on port A of cell $flatten\mults[1].mult_i.$ternary$/home/juliana/venv_pytorch/lib/python3.12/site-packages/MAxPy/vlib/AxArith/multipliers/LOBA.v:19$723: { 1'0 \X_N [15] \X_N [15] \X_N [15] \X_N [15] \X_N [15] \X_N [15] \X_N [15] \X_N [15:8] } -> { 9'000000000 \X_N [14:8] }
      Replacing known input bits on port A of cell $flatten\mults[2].mult_i.$ternary$/home/juliana/venv_pytorch/lib/python3.12/site-packages/MAxPy/vlib/AxArith/multipliers/LOBA.v:18$718: { 1'0 \W [23] \W [23] \W [23] \W [23] \W [23] \W [23] \W [23] \W [23:16] } -> { 9'000000000 \W [22:16] }
      Replacing known input bits on port A of cell $flatten\mults[2].mult_i.$ternary$/home/juliana/venv_pytorch/lib/python3.12/site-packages/MAxPy/vlib/AxArith/multipliers/LOBA.v:19$723: { 1'0 \X_N [23] \X_N [23] \X_N [23] \X_N [23] \X_N [23] \X_N [23] \X_N [23] \X_N [23:16] } -> { 9'000000000 \X_N [22:16] }
      Replacing known input bits on port A of cell $flatten\mults[3].mult_i.$ternary$/home/juliana/venv_pytorch/lib/python3.12/site-packages/MAxPy/vlib/AxArith/multipliers/LOBA.v:18$718: { 1'0 \W [31] \W [31] \W [31] \W [31] \W [31] \W [31] \W [31] \W [31:24] } -> { 9'000000000 \W [30:24] }
      Replacing known input bits on port A of cell $flatten\mults[3].mult_i.$ternary$/home/juliana/venv_pytorch/lib/python3.12/site-packages/MAxPy/vlib/AxArith/multipliers/LOBA.v:19$723: { 1'0 \X_N [31] \X_N [31] \X_N [31] \X_N [31] \X_N [31] \X_N [31] \X_N [31] \X_N [31:24] } -> { 9'000000000 \X_N [30:24] }
      Replacing known input bits on port A of cell $flatten\mults[4].mult_i.$ternary$/home/juliana/venv_pytorch/lib/python3.12/site-packages/MAxPy/vlib/AxArith/multipliers/LOBA.v:18$718: { 1'0 \W [39] \W [39] \W [39] \W [39] \W [39] \W [39] \W [39] \W [39:32] } -> { 9'000000000 \W [38:32] }
      Replacing known input bits on port A of cell $flatten\mults[4].mult_i.$ternary$/home/juliana/venv_pytorch/lib/python3.12/site-packages/MAxPy/vlib/AxArith/multipliers/LOBA.v:19$723: { 1'0 \X_N [39] \X_N [39] \X_N [39] \X_N [39] \X_N [39] \X_N [39] \X_N [39] \X_N [39:32] } -> { 9'000000000 \X_N [38:32] }
      Replacing known input bits on port A of cell $flatten\mults[5].mult_i.$ternary$/home/juliana/venv_pytorch/lib/python3.12/site-packages/MAxPy/vlib/AxArith/multipliers/LOBA.v:18$718: { 1'0 \W [47] \W [47] \W [47] \W [47] \W [47] \W [47] \W [47] \W [47:40] } -> { 9'000000000 \W [46:40] }
      Replacing known input bits on port A of cell $flatten\mults[5].mult_i.$ternary$/home/juliana/venv_pytorch/lib/python3.12/site-packages/MAxPy/vlib/AxArith/multipliers/LOBA.v:19$723: { 1'0 \X_N [47] \X_N [47] \X_N [47] \X_N [47] \X_N [47] \X_N [47] \X_N [47] \X_N [47:40] } -> { 9'000000000 \X_N [46:40] }
      Replacing known input bits on port A of cell $flatten\mults[6].mult_i.$ternary$/home/juliana/venv_pytorch/lib/python3.12/site-packages/MAxPy/vlib/AxArith/multipliers/LOBA.v:18$718: { 1'0 \W [55] \W [55] \W [55] \W [55] \W [55] \W [55] \W [55] \W [55:48] } -> { 9'000000000 \W [54:48] }
      Replacing known input bits on port A of cell $flatten\mults[6].mult_i.$ternary$/home/juliana/venv_pytorch/lib/python3.12/site-packages/MAxPy/vlib/AxArith/multipliers/LOBA.v:19$723: { 1'0 \X_N [55] \X_N [55] \X_N [55] \X_N [55] \X_N [55] \X_N [55] \X_N [55] \X_N [55:48] } -> { 9'000000000 \X_N [54:48] }
      Replacing known input bits on port A of cell $flatten\mults[7].mult_i.$ternary$/home/juliana/venv_pytorch/lib/python3.12/site-packages/MAxPy/vlib/AxArith/multipliers/LOBA.v:18$718: { 1'0 \W [63] \W [63] \W [63] \W [63] \W [63] \W [63] \W [63] \W [63:56] } -> { 9'000000000 \W [62:56] }
      Replacing known input bits on port A of cell $flatten\mults[7].mult_i.$ternary$/home/juliana/venv_pytorch/lib/python3.12/site-packages/MAxPy/vlib/AxArith/multipliers/LOBA.v:19$723: { 1'0 \X_N [63] \X_N [63] \X_N [63] \X_N [63] \X_N [63] \X_N [63] \X_N [63] \X_N [63:56] } -> { 9'000000000 \X_N [62:56] }
  Analyzing evaluation results.
Removed 0 multiplexer ports.
<suppressed ~170 debug messages>

12.6.4. Executing OPT_REDUCE pass (consolidate $*mux and $reduce_* inputs).
  Optimizing cells in module \neuron_intra_Nbits.
Performed a total of 0 changes.

12.6.5. Executing OPT_MERGE pass (detect identical cells).
Finding identical cells in module `\neuron_intra_Nbits'.
Removed a total of 0 cells.

12.6.6. Executing OPT_DFF pass (perform DFF optimizations).
Setting constant 1-bit at position 0 on $flatten\mults[0].mult_i.\u1.\u1.$auto$proc_dlatch.cc:427:proc_dlatch$1103 ($dlatch) from module neuron_intra_Nbits.
Setting constant 1-bit at position 1 on $flatten\mults[0].mult_i.\u1.\u1.$auto$proc_dlatch.cc:427:proc_dlatch$1103 ($dlatch) from module neuron_intra_Nbits.
Setting constant 1-bit at position 2 on $flatten\mults[0].mult_i.\u1.\u1.$auto$proc_dlatch.cc:427:proc_dlatch$1103 ($dlatch) from module neuron_intra_Nbits.
Setting constant 0-bit at position 3 on $flatten\mults[0].mult_i.\u1.\u1.$auto$proc_dlatch.cc:427:proc_dlatch$1103 ($dlatch) from module neuron_intra_Nbits.
Setting constant 0-bit at position 0 on $flatten\mults[0].mult_i.\u1.\u1.$auto$proc_dlatch.cc:427:proc_dlatch$1125 ($dlatch) from module neuron_intra_Nbits.
Setting constant 0-bit at position 1 on $flatten\mults[0].mult_i.\u1.\u1.$auto$proc_dlatch.cc:427:proc_dlatch$1125 ($dlatch) from module neuron_intra_Nbits.
Setting constant 0-bit at position 2 on $flatten\mults[0].mult_i.\u1.\u1.$auto$proc_dlatch.cc:427:proc_dlatch$1125 ($dlatch) from module neuron_intra_Nbits.
Setting constant 1-bit at position 3 on $flatten\mults[0].mult_i.\u1.\u1.$auto$proc_dlatch.cc:427:proc_dlatch$1125 ($dlatch) from module neuron_intra_Nbits.
Setting constant 1-bit at position 0 on $flatten\mults[0].mult_i.\u1.\u1.$auto$proc_dlatch.cc:427:proc_dlatch$1147 ($dlatch) from module neuron_intra_Nbits.
Setting constant 0-bit at position 1 on $flatten\mults[0].mult_i.\u1.\u1.$auto$proc_dlatch.cc:427:proc_dlatch$1147 ($dlatch) from module neuron_intra_Nbits.
Setting constant 0-bit at position 2 on $flatten\mults[0].mult_i.\u1.\u1.$auto$proc_dlatch.cc:427:proc_dlatch$1147 ($dlatch) from module neuron_intra_Nbits.
Setting constant 1-bit at position 3 on $flatten\mults[0].mult_i.\u1.\u1.$auto$proc_dlatch.cc:427:proc_dlatch$1147 ($dlatch) from module neuron_intra_Nbits.
Setting constant 0-bit at position 0 on $flatten\mults[0].mult_i.\u1.\u1.$auto$proc_dlatch.cc:427:proc_dlatch$1169 ($dlatch) from module neuron_intra_Nbits.
Setting constant 1-bit at position 1 on $flatten\mults[0].mult_i.\u1.\u1.$auto$proc_dlatch.cc:427:proc_dlatch$1169 ($dlatch) from module neuron_intra_Nbits.
Setting constant 0-bit at position 2 on $flatten\mults[0].mult_i.\u1.\u1.$auto$proc_dlatch.cc:427:proc_dlatch$1169 ($dlatch) from module neuron_intra_Nbits.
Setting constant 1-bit at position 3 on $flatten\mults[0].mult_i.\u1.\u1.$auto$proc_dlatch.cc:427:proc_dlatch$1169 ($dlatch) from module neuron_intra_Nbits.
Setting constant 1-bit at position 0 on $flatten\mults[0].mult_i.\u1.\u1.$auto$proc_dlatch.cc:427:proc_dlatch$1191 ($dlatch) from module neuron_intra_Nbits.
Setting constant 1-bit at position 1 on $flatten\mults[0].mult_i.\u1.\u1.$auto$proc_dlatch.cc:427:proc_dlatch$1191 ($dlatch) from module neuron_intra_Nbits.
Setting constant 0-bit at position 2 on $flatten\mults[0].mult_i.\u1.\u1.$auto$proc_dlatch.cc:427:proc_dlatch$1191 ($dlatch) from module neuron_intra_Nbits.
Setting constant 1-bit at position 3 on $flatten\mults[0].mult_i.\u1.\u1.$auto$proc_dlatch.cc:427:proc_dlatch$1191 ($dlatch) from module neuron_intra_Nbits.
Setting constant 0-bit at position 0 on $flatten\mults[0].mult_i.\u1.\u1.$auto$proc_dlatch.cc:427:proc_dlatch$1213 ($dlatch) from module neuron_intra_Nbits.
Setting constant 0-bit at position 1 on $flatten\mults[0].mult_i.\u1.\u1.$auto$proc_dlatch.cc:427:proc_dlatch$1213 ($dlatch) from module neuron_intra_Nbits.
Setting constant 1-bit at position 2 on $flatten\mults[0].mult_i.\u1.\u1.$auto$proc_dlatch.cc:427:proc_dlatch$1213 ($dlatch) from module neuron_intra_Nbits.
Setting constant 1-bit at position 3 on $flatten\mults[0].mult_i.\u1.\u1.$auto$proc_dlatch.cc:427:proc_dlatch$1213 ($dlatch) from module neuron_intra_Nbits.
Setting constant 1-bit at position 0 on $flatten\mults[0].mult_i.\u1.\u1.$auto$proc_dlatch.cc:427:proc_dlatch$1235 ($dlatch) from module neuron_intra_Nbits.
Setting constant 0-bit at position 1 on $flatten\mults[0].mult_i.\u1.\u1.$auto$proc_dlatch.cc:427:proc_dlatch$1235 ($dlatch) from module neuron_intra_Nbits.
Setting constant 1-bit at position 2 on $flatten\mults[0].mult_i.\u1.\u1.$auto$proc_dlatch.cc:427:proc_dlatch$1235 ($dlatch) from module neuron_intra_Nbits.
Setting constant 1-bit at position 3 on $flatten\mults[0].mult_i.\u1.\u1.$auto$proc_dlatch.cc:427:proc_dlatch$1235 ($dlatch) from module neuron_intra_Nbits.
Setting constant 0-bit at position 0 on $flatten\mults[0].mult_i.\u1.\u1.$auto$proc_dlatch.cc:427:proc_dlatch$1257 ($dlatch) from module neuron_intra_Nbits.
Setting constant 1-bit at position 1 on $flatten\mults[0].mult_i.\u1.\u1.$auto$proc_dlatch.cc:427:proc_dlatch$1257 ($dlatch) from module neuron_intra_Nbits.
Setting constant 1-bit at position 2 on $flatten\mults[0].mult_i.\u1.\u1.$auto$proc_dlatch.cc:427:proc_dlatch$1257 ($dlatch) from module neuron_intra_Nbits.
Setting constant 1-bit at position 3 on $flatten\mults[0].mult_i.\u1.\u1.$auto$proc_dlatch.cc:427:proc_dlatch$1257 ($dlatch) from module neuron_intra_Nbits.
Setting constant 1-bit at position 0 on $flatten\mults[0].mult_i.\u1.\u1.$auto$proc_dlatch.cc:427:proc_dlatch$1279 ($dlatch) from module neuron_intra_Nbits.
Setting constant 1-bit at position 1 on $flatten\mults[0].mult_i.\u1.\u1.$auto$proc_dlatch.cc:427:proc_dlatch$1279 ($dlatch) from module neuron_intra_Nbits.
Setting constant 1-bit at position 2 on $flatten\mults[0].mult_i.\u1.\u1.$auto$proc_dlatch.cc:427:proc_dlatch$1279 ($dlatch) from module neuron_intra_Nbits.
Setting constant 1-bit at position 3 on $flatten\mults[0].mult_i.\u1.\u1.$auto$proc_dlatch.cc:427:proc_dlatch$1279 ($dlatch) from module neuron_intra_Nbits.
Setting constant 1-bit at position 0 on $flatten\mults[0].mult_i.\u1.\u2.$auto$proc_dlatch.cc:427:proc_dlatch$1103 ($dlatch) from module neuron_intra_Nbits.
Setting constant 1-bit at position 1 on $flatten\mults[0].mult_i.\u1.\u2.$auto$proc_dlatch.cc:427:proc_dlatch$1103 ($dlatch) from module neuron_intra_Nbits.
Setting constant 1-bit at position 2 on $flatten\mults[0].mult_i.\u1.\u2.$auto$proc_dlatch.cc:427:proc_dlatch$1103 ($dlatch) from module neuron_intra_Nbits.
Setting constant 0-bit at position 3 on $flatten\mults[0].mult_i.\u1.\u2.$auto$proc_dlatch.cc:427:proc_dlatch$1103 ($dlatch) from module neuron_intra_Nbits.
Setting constant 0-bit at position 0 on $flatten\mults[0].mult_i.\u1.\u2.$auto$proc_dlatch.cc:427:proc_dlatch$1125 ($dlatch) from module neuron_intra_Nbits.
Setting constant 0-bit at position 1 on $flatten\mults[0].mult_i.\u1.\u2.$auto$proc_dlatch.cc:427:proc_dlatch$1125 ($dlatch) from module neuron_intra_Nbits.
Setting constant 0-bit at position 2 on $flatten\mults[0].mult_i.\u1.\u2.$auto$proc_dlatch.cc:427:proc_dlatch$1125 ($dlatch) from module neuron_intra_Nbits.
Setting constant 1-bit at position 3 on $flatten\mults[0].mult_i.\u1.\u2.$auto$proc_dlatch.cc:427:proc_dlatch$1125 ($dlatch) from module neuron_intra_Nbits.
Setting constant 1-bit at position 0 on $flatten\mults[0].mult_i.\u1.\u2.$auto$proc_dlatch.cc:427:proc_dlatch$1147 ($dlatch) from module neuron_intra_Nbits.
Setting constant 0-bit at position 1 on $flatten\mults[0].mult_i.\u1.\u2.$auto$proc_dlatch.cc:427:proc_dlatch$1147 ($dlatch) from module neuron_intra_Nbits.
Setting constant 0-bit at position 2 on $flatten\mults[0].mult_i.\u1.\u2.$auto$proc_dlatch.cc:427:proc_dlatch$1147 ($dlatch) from module neuron_intra_Nbits.
Setting constant 1-bit at position 3 on $flatten\mults[0].mult_i.\u1.\u2.$auto$proc_dlatch.cc:427:proc_dlatch$1147 ($dlatch) from module neuron_intra_Nbits.
Setting constant 0-bit at position 0 on $flatten\mults[0].mult_i.\u1.\u2.$auto$proc_dlatch.cc:427:proc_dlatch$1169 ($dlatch) from module neuron_intra_Nbits.
Setting constant 1-bit at position 1 on $flatten\mults[0].mult_i.\u1.\u2.$auto$proc_dlatch.cc:427:proc_dlatch$1169 ($dlatch) from module neuron_intra_Nbits.
Setting constant 0-bit at position 2 on $flatten\mults[0].mult_i.\u1.\u2.$auto$proc_dlatch.cc:427:proc_dlatch$1169 ($dlatch) from module neuron_intra_Nbits.
Setting constant 1-bit at position 3 on $flatten\mults[0].mult_i.\u1.\u2.$auto$proc_dlatch.cc:427:proc_dlatch$1169 ($dlatch) from module neuron_intra_Nbits.
Setting constant 1-bit at position 0 on $flatten\mults[0].mult_i.\u1.\u2.$auto$proc_dlatch.cc:427:proc_dlatch$1191 ($dlatch) from module neuron_intra_Nbits.
Setting constant 1-bit at position 1 on $flatten\mults[0].mult_i.\u1.\u2.$auto$proc_dlatch.cc:427:proc_dlatch$1191 ($dlatch) from module neuron_intra_Nbits.
Setting constant 0-bit at position 2 on $flatten\mults[0].mult_i.\u1.\u2.$auto$proc_dlatch.cc:427:proc_dlatch$1191 ($dlatch) from module neuron_intra_Nbits.
Setting constant 1-bit at position 3 on $flatten\mults[0].mult_i.\u1.\u2.$auto$proc_dlatch.cc:427:proc_dlatch$1191 ($dlatch) from module neuron_intra_Nbits.
Setting constant 0-bit at position 0 on $flatten\mults[0].mult_i.\u1.\u2.$auto$proc_dlatch.cc:427:proc_dlatch$1213 ($dlatch) from module neuron_intra_Nbits.
Setting constant 0-bit at position 1 on $flatten\mults[0].mult_i.\u1.\u2.$auto$proc_dlatch.cc:427:proc_dlatch$1213 ($dlatch) from module neuron_intra_Nbits.
Setting constant 1-bit at position 2 on $flatten\mults[0].mult_i.\u1.\u2.$auto$proc_dlatch.cc:427:proc_dlatch$1213 ($dlatch) from module neuron_intra_Nbits.
Setting constant 1-bit at position 3 on $flatten\mults[0].mult_i.\u1.\u2.$auto$proc_dlatch.cc:427:proc_dlatch$1213 ($dlatch) from module neuron_intra_Nbits.
Setting constant 1-bit at position 0 on $flatten\mults[0].mult_i.\u1.\u2.$auto$proc_dlatch.cc:427:proc_dlatch$1235 ($dlatch) from module neuron_intra_Nbits.
Setting constant 0-bit at position 1 on $flatten\mults[0].mult_i.\u1.\u2.$auto$proc_dlatch.cc:427:proc_dlatch$1235 ($dlatch) from module neuron_intra_Nbits.
Setting constant 1-bit at position 2 on $flatten\mults[0].mult_i.\u1.\u2.$auto$proc_dlatch.cc:427:proc_dlatch$1235 ($dlatch) from module neuron_intra_Nbits.
Setting constant 1-bit at position 3 on $flatten\mults[0].mult_i.\u1.\u2.$auto$proc_dlatch.cc:427:proc_dlatch$1235 ($dlatch) from module neuron_intra_Nbits.
Setting constant 0-bit at position 0 on $flatten\mults[0].mult_i.\u1.\u2.$auto$proc_dlatch.cc:427:proc_dlatch$1257 ($dlatch) from module neuron_intra_Nbits.
Setting constant 1-bit at position 1 on $flatten\mults[0].mult_i.\u1.\u2.$auto$proc_dlatch.cc:427:proc_dlatch$1257 ($dlatch) from module neuron_intra_Nbits.
Setting constant 1-bit at position 2 on $flatten\mults[0].mult_i.\u1.\u2.$auto$proc_dlatch.cc:427:proc_dlatch$1257 ($dlatch) from module neuron_intra_Nbits.
Setting constant 1-bit at position 3 on $flatten\mults[0].mult_i.\u1.\u2.$auto$proc_dlatch.cc:427:proc_dlatch$1257 ($dlatch) from module neuron_intra_Nbits.
Setting constant 1-bit at position 0 on $flatten\mults[0].mult_i.\u1.\u2.$auto$proc_dlatch.cc:427:proc_dlatch$1279 ($dlatch) from module neuron_intra_Nbits.
Setting constant 1-bit at position 1 on $flatten\mults[0].mult_i.\u1.\u2.$auto$proc_dlatch.cc:427:proc_dlatch$1279 ($dlatch) from module neuron_intra_Nbits.
Setting constant 1-bit at position 2 on $flatten\mults[0].mult_i.\u1.\u2.$auto$proc_dlatch.cc:427:proc_dlatch$1279 ($dlatch) from module neuron_intra_Nbits.
Setting constant 1-bit at position 3 on $flatten\mults[0].mult_i.\u1.\u2.$auto$proc_dlatch.cc:427:proc_dlatch$1279 ($dlatch) from module neuron_intra_Nbits.
Setting constant 1-bit at position 0 on $flatten\mults[1].mult_i.\u1.\u1.$auto$proc_dlatch.cc:427:proc_dlatch$1103 ($dlatch) from module neuron_intra_Nbits.
Setting constant 1-bit at position 1 on $flatten\mults[1].mult_i.\u1.\u1.$auto$proc_dlatch.cc:427:proc_dlatch$1103 ($dlatch) from module neuron_intra_Nbits.
Setting constant 1-bit at position 2 on $flatten\mults[1].mult_i.\u1.\u1.$auto$proc_dlatch.cc:427:proc_dlatch$1103 ($dlatch) from module neuron_intra_Nbits.
Setting constant 0-bit at position 3 on $flatten\mults[1].mult_i.\u1.\u1.$auto$proc_dlatch.cc:427:proc_dlatch$1103 ($dlatch) from module neuron_intra_Nbits.
Setting constant 0-bit at position 0 on $flatten\mults[1].mult_i.\u1.\u1.$auto$proc_dlatch.cc:427:proc_dlatch$1125 ($dlatch) from module neuron_intra_Nbits.
Setting constant 0-bit at position 1 on $flatten\mults[1].mult_i.\u1.\u1.$auto$proc_dlatch.cc:427:proc_dlatch$1125 ($dlatch) from module neuron_intra_Nbits.
Setting constant 0-bit at position 2 on $flatten\mults[1].mult_i.\u1.\u1.$auto$proc_dlatch.cc:427:proc_dlatch$1125 ($dlatch) from module neuron_intra_Nbits.
Setting constant 1-bit at position 3 on $flatten\mults[1].mult_i.\u1.\u1.$auto$proc_dlatch.cc:427:proc_dlatch$1125 ($dlatch) from module neuron_intra_Nbits.
Setting constant 1-bit at position 0 on $flatten\mults[1].mult_i.\u1.\u1.$auto$proc_dlatch.cc:427:proc_dlatch$1147 ($dlatch) from module neuron_intra_Nbits.
Setting constant 0-bit at position 1 on $flatten\mults[1].mult_i.\u1.\u1.$auto$proc_dlatch.cc:427:proc_dlatch$1147 ($dlatch) from module neuron_intra_Nbits.
Setting constant 0-bit at position 2 on $flatten\mults[1].mult_i.\u1.\u1.$auto$proc_dlatch.cc:427:proc_dlatch$1147 ($dlatch) from module neuron_intra_Nbits.
Setting constant 1-bit at position 3 on $flatten\mults[1].mult_i.\u1.\u1.$auto$proc_dlatch.cc:427:proc_dlatch$1147 ($dlatch) from module neuron_intra_Nbits.
Setting constant 0-bit at position 0 on $flatten\mults[1].mult_i.\u1.\u1.$auto$proc_dlatch.cc:427:proc_dlatch$1169 ($dlatch) from module neuron_intra_Nbits.
Setting constant 1-bit at position 1 on $flatten\mults[1].mult_i.\u1.\u1.$auto$proc_dlatch.cc:427:proc_dlatch$1169 ($dlatch) from module neuron_intra_Nbits.
Setting constant 0-bit at position 2 on $flatten\mults[1].mult_i.\u1.\u1.$auto$proc_dlatch.cc:427:proc_dlatch$1169 ($dlatch) from module neuron_intra_Nbits.
Setting constant 1-bit at position 3 on $flatten\mults[1].mult_i.\u1.\u1.$auto$proc_dlatch.cc:427:proc_dlatch$1169 ($dlatch) from module neuron_intra_Nbits.
Setting constant 1-bit at position 0 on $flatten\mults[1].mult_i.\u1.\u1.$auto$proc_dlatch.cc:427:proc_dlatch$1191 ($dlatch) from module neuron_intra_Nbits.
Setting constant 1-bit at position 1 on $flatten\mults[1].mult_i.\u1.\u1.$auto$proc_dlatch.cc:427:proc_dlatch$1191 ($dlatch) from module neuron_intra_Nbits.
Setting constant 0-bit at position 2 on $flatten\mults[1].mult_i.\u1.\u1.$auto$proc_dlatch.cc:427:proc_dlatch$1191 ($dlatch) from module neuron_intra_Nbits.
Setting constant 1-bit at position 3 on $flatten\mults[1].mult_i.\u1.\u1.$auto$proc_dlatch.cc:427:proc_dlatch$1191 ($dlatch) from module neuron_intra_Nbits.
Setting constant 0-bit at position 0 on $flatten\mults[1].mult_i.\u1.\u1.$auto$proc_dlatch.cc:427:proc_dlatch$1213 ($dlatch) from module neuron_intra_Nbits.
Setting constant 0-bit at position 1 on $flatten\mults[1].mult_i.\u1.\u1.$auto$proc_dlatch.cc:427:proc_dlatch$1213 ($dlatch) from module neuron_intra_Nbits.
Setting constant 1-bit at position 2 on $flatten\mults[1].mult_i.\u1.\u1.$auto$proc_dlatch.cc:427:proc_dlatch$1213 ($dlatch) from module neuron_intra_Nbits.
Setting constant 1-bit at position 3 on $flatten\mults[1].mult_i.\u1.\u1.$auto$proc_dlatch.cc:427:proc_dlatch$1213 ($dlatch) from module neuron_intra_Nbits.
Setting constant 1-bit at position 0 on $flatten\mults[1].mult_i.\u1.\u1.$auto$proc_dlatch.cc:427:proc_dlatch$1235 ($dlatch) from module neuron_intra_Nbits.
Setting constant 0-bit at position 1 on $flatten\mults[1].mult_i.\u1.\u1.$auto$proc_dlatch.cc:427:proc_dlatch$1235 ($dlatch) from module neuron_intra_Nbits.
Setting constant 1-bit at position 2 on $flatten\mults[1].mult_i.\u1.\u1.$auto$proc_dlatch.cc:427:proc_dlatch$1235 ($dlatch) from module neuron_intra_Nbits.
Setting constant 1-bit at position 3 on $flatten\mults[1].mult_i.\u1.\u1.$auto$proc_dlatch.cc:427:proc_dlatch$1235 ($dlatch) from module neuron_intra_Nbits.
Setting constant 0-bit at position 0 on $flatten\mults[1].mult_i.\u1.\u1.$auto$proc_dlatch.cc:427:proc_dlatch$1257 ($dlatch) from module neuron_intra_Nbits.
Setting constant 1-bit at position 1 on $flatten\mults[1].mult_i.\u1.\u1.$auto$proc_dlatch.cc:427:proc_dlatch$1257 ($dlatch) from module neuron_intra_Nbits.
Setting constant 1-bit at position 2 on $flatten\mults[1].mult_i.\u1.\u1.$auto$proc_dlatch.cc:427:proc_dlatch$1257 ($dlatch) from module neuron_intra_Nbits.
Setting constant 1-bit at position 3 on $flatten\mults[1].mult_i.\u1.\u1.$auto$proc_dlatch.cc:427:proc_dlatch$1257 ($dlatch) from module neuron_intra_Nbits.
Setting constant 1-bit at position 0 on $flatten\mults[1].mult_i.\u1.\u1.$auto$proc_dlatch.cc:427:proc_dlatch$1279 ($dlatch) from module neuron_intra_Nbits.
Setting constant 1-bit at position 1 on $flatten\mults[1].mult_i.\u1.\u1.$auto$proc_dlatch.cc:427:proc_dlatch$1279 ($dlatch) from module neuron_intra_Nbits.
Setting constant 1-bit at position 2 on $flatten\mults[1].mult_i.\u1.\u1.$auto$proc_dlatch.cc:427:proc_dlatch$1279 ($dlatch) from module neuron_intra_Nbits.
Setting constant 1-bit at position 3 on $flatten\mults[1].mult_i.\u1.\u1.$auto$proc_dlatch.cc:427:proc_dlatch$1279 ($dlatch) from module neuron_intra_Nbits.
Setting constant 1-bit at position 0 on $flatten\mults[1].mult_i.\u1.\u2.$auto$proc_dlatch.cc:427:proc_dlatch$1103 ($dlatch) from module neuron_intra_Nbits.
Setting constant 1-bit at position 1 on $flatten\mults[1].mult_i.\u1.\u2.$auto$proc_dlatch.cc:427:proc_dlatch$1103 ($dlatch) from module neuron_intra_Nbits.
Setting constant 1-bit at position 2 on $flatten\mults[1].mult_i.\u1.\u2.$auto$proc_dlatch.cc:427:proc_dlatch$1103 ($dlatch) from module neuron_intra_Nbits.
Setting constant 0-bit at position 3 on $flatten\mults[1].mult_i.\u1.\u2.$auto$proc_dlatch.cc:427:proc_dlatch$1103 ($dlatch) from module neuron_intra_Nbits.
Setting constant 0-bit at position 0 on $flatten\mults[1].mult_i.\u1.\u2.$auto$proc_dlatch.cc:427:proc_dlatch$1125 ($dlatch) from module neuron_intra_Nbits.
Setting constant 0-bit at position 1 on $flatten\mults[1].mult_i.\u1.\u2.$auto$proc_dlatch.cc:427:proc_dlatch$1125 ($dlatch) from module neuron_intra_Nbits.
Setting constant 0-bit at position 2 on $flatten\mults[1].mult_i.\u1.\u2.$auto$proc_dlatch.cc:427:proc_dlatch$1125 ($dlatch) from module neuron_intra_Nbits.
Setting constant 1-bit at position 3 on $flatten\mults[1].mult_i.\u1.\u2.$auto$proc_dlatch.cc:427:proc_dlatch$1125 ($dlatch) from module neuron_intra_Nbits.
Setting constant 1-bit at position 0 on $flatten\mults[1].mult_i.\u1.\u2.$auto$proc_dlatch.cc:427:proc_dlatch$1147 ($dlatch) from module neuron_intra_Nbits.
Setting constant 0-bit at position 1 on $flatten\mults[1].mult_i.\u1.\u2.$auto$proc_dlatch.cc:427:proc_dlatch$1147 ($dlatch) from module neuron_intra_Nbits.
Setting constant 0-bit at position 2 on $flatten\mults[1].mult_i.\u1.\u2.$auto$proc_dlatch.cc:427:proc_dlatch$1147 ($dlatch) from module neuron_intra_Nbits.
Setting constant 1-bit at position 3 on $flatten\mults[1].mult_i.\u1.\u2.$auto$proc_dlatch.cc:427:proc_dlatch$1147 ($dlatch) from module neuron_intra_Nbits.
Setting constant 0-bit at position 0 on $flatten\mults[1].mult_i.\u1.\u2.$auto$proc_dlatch.cc:427:proc_dlatch$1169 ($dlatch) from module neuron_intra_Nbits.
Setting constant 1-bit at position 1 on $flatten\mults[1].mult_i.\u1.\u2.$auto$proc_dlatch.cc:427:proc_dlatch$1169 ($dlatch) from module neuron_intra_Nbits.
Setting constant 0-bit at position 2 on $flatten\mults[1].mult_i.\u1.\u2.$auto$proc_dlatch.cc:427:proc_dlatch$1169 ($dlatch) from module neuron_intra_Nbits.
Setting constant 1-bit at position 3 on $flatten\mults[1].mult_i.\u1.\u2.$auto$proc_dlatch.cc:427:proc_dlatch$1169 ($dlatch) from module neuron_intra_Nbits.
Setting constant 1-bit at position 0 on $flatten\mults[1].mult_i.\u1.\u2.$auto$proc_dlatch.cc:427:proc_dlatch$1191 ($dlatch) from module neuron_intra_Nbits.
Setting constant 1-bit at position 1 on $flatten\mults[1].mult_i.\u1.\u2.$auto$proc_dlatch.cc:427:proc_dlatch$1191 ($dlatch) from module neuron_intra_Nbits.
Setting constant 0-bit at position 2 on $flatten\mults[1].mult_i.\u1.\u2.$auto$proc_dlatch.cc:427:proc_dlatch$1191 ($dlatch) from module neuron_intra_Nbits.
Setting constant 1-bit at position 3 on $flatten\mults[1].mult_i.\u1.\u2.$auto$proc_dlatch.cc:427:proc_dlatch$1191 ($dlatch) from module neuron_intra_Nbits.
Setting constant 0-bit at position 0 on $flatten\mults[1].mult_i.\u1.\u2.$auto$proc_dlatch.cc:427:proc_dlatch$1213 ($dlatch) from module neuron_intra_Nbits.
Setting constant 0-bit at position 1 on $flatten\mults[1].mult_i.\u1.\u2.$auto$proc_dlatch.cc:427:proc_dlatch$1213 ($dlatch) from module neuron_intra_Nbits.
Setting constant 1-bit at position 2 on $flatten\mults[1].mult_i.\u1.\u2.$auto$proc_dlatch.cc:427:proc_dlatch$1213 ($dlatch) from module neuron_intra_Nbits.
Setting constant 1-bit at position 3 on $flatten\mults[1].mult_i.\u1.\u2.$auto$proc_dlatch.cc:427:proc_dlatch$1213 ($dlatch) from module neuron_intra_Nbits.
Setting constant 1-bit at position 0 on $flatten\mults[1].mult_i.\u1.\u2.$auto$proc_dlatch.cc:427:proc_dlatch$1235 ($dlatch) from module neuron_intra_Nbits.
Setting constant 0-bit at position 1 on $flatten\mults[1].mult_i.\u1.\u2.$auto$proc_dlatch.cc:427:proc_dlatch$1235 ($dlatch) from module neuron_intra_Nbits.
Setting constant 1-bit at position 2 on $flatten\mults[1].mult_i.\u1.\u2.$auto$proc_dlatch.cc:427:proc_dlatch$1235 ($dlatch) from module neuron_intra_Nbits.
Setting constant 1-bit at position 3 on $flatten\mults[1].mult_i.\u1.\u2.$auto$proc_dlatch.cc:427:proc_dlatch$1235 ($dlatch) from module neuron_intra_Nbits.
Setting constant 0-bit at position 0 on $flatten\mults[1].mult_i.\u1.\u2.$auto$proc_dlatch.cc:427:proc_dlatch$1257 ($dlatch) from module neuron_intra_Nbits.
Setting constant 1-bit at position 1 on $flatten\mults[1].mult_i.\u1.\u2.$auto$proc_dlatch.cc:427:proc_dlatch$1257 ($dlatch) from module neuron_intra_Nbits.
Setting constant 1-bit at position 2 on $flatten\mults[1].mult_i.\u1.\u2.$auto$proc_dlatch.cc:427:proc_dlatch$1257 ($dlatch) from module neuron_intra_Nbits.
Setting constant 1-bit at position 3 on $flatten\mults[1].mult_i.\u1.\u2.$auto$proc_dlatch.cc:427:proc_dlatch$1257 ($dlatch) from module neuron_intra_Nbits.
Setting constant 1-bit at position 0 on $flatten\mults[1].mult_i.\u1.\u2.$auto$proc_dlatch.cc:427:proc_dlatch$1279 ($dlatch) from module neuron_intra_Nbits.
Setting constant 1-bit at position 1 on $flatten\mults[1].mult_i.\u1.\u2.$auto$proc_dlatch.cc:427:proc_dlatch$1279 ($dlatch) from module neuron_intra_Nbits.
Setting constant 1-bit at position 2 on $flatten\mults[1].mult_i.\u1.\u2.$auto$proc_dlatch.cc:427:proc_dlatch$1279 ($dlatch) from module neuron_intra_Nbits.
Setting constant 1-bit at position 3 on $flatten\mults[1].mult_i.\u1.\u2.$auto$proc_dlatch.cc:427:proc_dlatch$1279 ($dlatch) from module neuron_intra_Nbits.
Setting constant 1-bit at position 0 on $flatten\mults[2].mult_i.\u1.\u1.$auto$proc_dlatch.cc:427:proc_dlatch$1103 ($dlatch) from module neuron_intra_Nbits.
Setting constant 1-bit at position 1 on $flatten\mults[2].mult_i.\u1.\u1.$auto$proc_dlatch.cc:427:proc_dlatch$1103 ($dlatch) from module neuron_intra_Nbits.
Setting constant 1-bit at position 2 on $flatten\mults[2].mult_i.\u1.\u1.$auto$proc_dlatch.cc:427:proc_dlatch$1103 ($dlatch) from module neuron_intra_Nbits.
Setting constant 0-bit at position 3 on $flatten\mults[2].mult_i.\u1.\u1.$auto$proc_dlatch.cc:427:proc_dlatch$1103 ($dlatch) from module neuron_intra_Nbits.
Setting constant 0-bit at position 0 on $flatten\mults[2].mult_i.\u1.\u1.$auto$proc_dlatch.cc:427:proc_dlatch$1125 ($dlatch) from module neuron_intra_Nbits.
Setting constant 0-bit at position 1 on $flatten\mults[2].mult_i.\u1.\u1.$auto$proc_dlatch.cc:427:proc_dlatch$1125 ($dlatch) from module neuron_intra_Nbits.
Setting constant 0-bit at position 2 on $flatten\mults[2].mult_i.\u1.\u1.$auto$proc_dlatch.cc:427:proc_dlatch$1125 ($dlatch) from module neuron_intra_Nbits.
Setting constant 1-bit at position 3 on $flatten\mults[2].mult_i.\u1.\u1.$auto$proc_dlatch.cc:427:proc_dlatch$1125 ($dlatch) from module neuron_intra_Nbits.
Setting constant 1-bit at position 0 on $flatten\mults[2].mult_i.\u1.\u1.$auto$proc_dlatch.cc:427:proc_dlatch$1147 ($dlatch) from module neuron_intra_Nbits.
Setting constant 0-bit at position 1 on $flatten\mults[2].mult_i.\u1.\u1.$auto$proc_dlatch.cc:427:proc_dlatch$1147 ($dlatch) from module neuron_intra_Nbits.
Setting constant 0-bit at position 2 on $flatten\mults[2].mult_i.\u1.\u1.$auto$proc_dlatch.cc:427:proc_dlatch$1147 ($dlatch) from module neuron_intra_Nbits.
Setting constant 1-bit at position 3 on $flatten\mults[2].mult_i.\u1.\u1.$auto$proc_dlatch.cc:427:proc_dlatch$1147 ($dlatch) from module neuron_intra_Nbits.
Setting constant 0-bit at position 0 on $flatten\mults[2].mult_i.\u1.\u1.$auto$proc_dlatch.cc:427:proc_dlatch$1169 ($dlatch) from module neuron_intra_Nbits.
Setting constant 1-bit at position 1 on $flatten\mults[2].mult_i.\u1.\u1.$auto$proc_dlatch.cc:427:proc_dlatch$1169 ($dlatch) from module neuron_intra_Nbits.
Setting constant 0-bit at position 2 on $flatten\mults[2].mult_i.\u1.\u1.$auto$proc_dlatch.cc:427:proc_dlatch$1169 ($dlatch) from module neuron_intra_Nbits.
Setting constant 1-bit at position 3 on $flatten\mults[2].mult_i.\u1.\u1.$auto$proc_dlatch.cc:427:proc_dlatch$1169 ($dlatch) from module neuron_intra_Nbits.
Setting constant 1-bit at position 0 on $flatten\mults[2].mult_i.\u1.\u1.$auto$proc_dlatch.cc:427:proc_dlatch$1191 ($dlatch) from module neuron_intra_Nbits.
Setting constant 1-bit at position 1 on $flatten\mults[2].mult_i.\u1.\u1.$auto$proc_dlatch.cc:427:proc_dlatch$1191 ($dlatch) from module neuron_intra_Nbits.
Setting constant 0-bit at position 2 on $flatten\mults[2].mult_i.\u1.\u1.$auto$proc_dlatch.cc:427:proc_dlatch$1191 ($dlatch) from module neuron_intra_Nbits.
Setting constant 1-bit at position 3 on $flatten\mults[2].mult_i.\u1.\u1.$auto$proc_dlatch.cc:427:proc_dlatch$1191 ($dlatch) from module neuron_intra_Nbits.
Setting constant 0-bit at position 0 on $flatten\mults[2].mult_i.\u1.\u1.$auto$proc_dlatch.cc:427:proc_dlatch$1213 ($dlatch) from module neuron_intra_Nbits.
Setting constant 0-bit at position 1 on $flatten\mults[2].mult_i.\u1.\u1.$auto$proc_dlatch.cc:427:proc_dlatch$1213 ($dlatch) from module neuron_intra_Nbits.
Setting constant 1-bit at position 2 on $flatten\mults[2].mult_i.\u1.\u1.$auto$proc_dlatch.cc:427:proc_dlatch$1213 ($dlatch) from module neuron_intra_Nbits.
Setting constant 1-bit at position 3 on $flatten\mults[2].mult_i.\u1.\u1.$auto$proc_dlatch.cc:427:proc_dlatch$1213 ($dlatch) from module neuron_intra_Nbits.
Setting constant 1-bit at position 0 on $flatten\mults[2].mult_i.\u1.\u1.$auto$proc_dlatch.cc:427:proc_dlatch$1235 ($dlatch) from module neuron_intra_Nbits.
Setting constant 0-bit at position 1 on $flatten\mults[2].mult_i.\u1.\u1.$auto$proc_dlatch.cc:427:proc_dlatch$1235 ($dlatch) from module neuron_intra_Nbits.
Setting constant 1-bit at position 2 on $flatten\mults[2].mult_i.\u1.\u1.$auto$proc_dlatch.cc:427:proc_dlatch$1235 ($dlatch) from module neuron_intra_Nbits.
Setting constant 1-bit at position 3 on $flatten\mults[2].mult_i.\u1.\u1.$auto$proc_dlatch.cc:427:proc_dlatch$1235 ($dlatch) from module neuron_intra_Nbits.
Setting constant 0-bit at position 0 on $flatten\mults[2].mult_i.\u1.\u1.$auto$proc_dlatch.cc:427:proc_dlatch$1257 ($dlatch) from module neuron_intra_Nbits.
Setting constant 1-bit at position 1 on $flatten\mults[2].mult_i.\u1.\u1.$auto$proc_dlatch.cc:427:proc_dlatch$1257 ($dlatch) from module neuron_intra_Nbits.
Setting constant 1-bit at position 2 on $flatten\mults[2].mult_i.\u1.\u1.$auto$proc_dlatch.cc:427:proc_dlatch$1257 ($dlatch) from module neuron_intra_Nbits.
Setting constant 1-bit at position 3 on $flatten\mults[2].mult_i.\u1.\u1.$auto$proc_dlatch.cc:427:proc_dlatch$1257 ($dlatch) from module neuron_intra_Nbits.
Setting constant 1-bit at position 0 on $flatten\mults[2].mult_i.\u1.\u1.$auto$proc_dlatch.cc:427:proc_dlatch$1279 ($dlatch) from module neuron_intra_Nbits.
Setting constant 1-bit at position 1 on $flatten\mults[2].mult_i.\u1.\u1.$auto$proc_dlatch.cc:427:proc_dlatch$1279 ($dlatch) from module neuron_intra_Nbits.
Setting constant 1-bit at position 2 on $flatten\mults[2].mult_i.\u1.\u1.$auto$proc_dlatch.cc:427:proc_dlatch$1279 ($dlatch) from module neuron_intra_Nbits.
Setting constant 1-bit at position 3 on $flatten\mults[2].mult_i.\u1.\u1.$auto$proc_dlatch.cc:427:proc_dlatch$1279 ($dlatch) from module neuron_intra_Nbits.
Setting constant 1-bit at position 0 on $flatten\mults[2].mult_i.\u1.\u2.$auto$proc_dlatch.cc:427:proc_dlatch$1103 ($dlatch) from module neuron_intra_Nbits.
Setting constant 1-bit at position 1 on $flatten\mults[2].mult_i.\u1.\u2.$auto$proc_dlatch.cc:427:proc_dlatch$1103 ($dlatch) from module neuron_intra_Nbits.
Setting constant 1-bit at position 2 on $flatten\mults[2].mult_i.\u1.\u2.$auto$proc_dlatch.cc:427:proc_dlatch$1103 ($dlatch) from module neuron_intra_Nbits.
Setting constant 0-bit at position 3 on $flatten\mults[2].mult_i.\u1.\u2.$auto$proc_dlatch.cc:427:proc_dlatch$1103 ($dlatch) from module neuron_intra_Nbits.
Setting constant 0-bit at position 0 on $flatten\mults[2].mult_i.\u1.\u2.$auto$proc_dlatch.cc:427:proc_dlatch$1125 ($dlatch) from module neuron_intra_Nbits.
Setting constant 0-bit at position 1 on $flatten\mults[2].mult_i.\u1.\u2.$auto$proc_dlatch.cc:427:proc_dlatch$1125 ($dlatch) from module neuron_intra_Nbits.
Setting constant 0-bit at position 2 on $flatten\mults[2].mult_i.\u1.\u2.$auto$proc_dlatch.cc:427:proc_dlatch$1125 ($dlatch) from module neuron_intra_Nbits.
Setting constant 1-bit at position 3 on $flatten\mults[2].mult_i.\u1.\u2.$auto$proc_dlatch.cc:427:proc_dlatch$1125 ($dlatch) from module neuron_intra_Nbits.
Setting constant 1-bit at position 0 on $flatten\mults[2].mult_i.\u1.\u2.$auto$proc_dlatch.cc:427:proc_dlatch$1147 ($dlatch) from module neuron_intra_Nbits.
Setting constant 0-bit at position 1 on $flatten\mults[2].mult_i.\u1.\u2.$auto$proc_dlatch.cc:427:proc_dlatch$1147 ($dlatch) from module neuron_intra_Nbits.
Setting constant 0-bit at position 2 on $flatten\mults[2].mult_i.\u1.\u2.$auto$proc_dlatch.cc:427:proc_dlatch$1147 ($dlatch) from module neuron_intra_Nbits.
Setting constant 1-bit at position 3 on $flatten\mults[2].mult_i.\u1.\u2.$auto$proc_dlatch.cc:427:proc_dlatch$1147 ($dlatch) from module neuron_intra_Nbits.
Setting constant 0-bit at position 0 on $flatten\mults[2].mult_i.\u1.\u2.$auto$proc_dlatch.cc:427:proc_dlatch$1169 ($dlatch) from module neuron_intra_Nbits.
Setting constant 1-bit at position 1 on $flatten\mults[2].mult_i.\u1.\u2.$auto$proc_dlatch.cc:427:proc_dlatch$1169 ($dlatch) from module neuron_intra_Nbits.
Setting constant 0-bit at position 2 on $flatten\mults[2].mult_i.\u1.\u2.$auto$proc_dlatch.cc:427:proc_dlatch$1169 ($dlatch) from module neuron_intra_Nbits.
Setting constant 1-bit at position 3 on $flatten\mults[2].mult_i.\u1.\u2.$auto$proc_dlatch.cc:427:proc_dlatch$1169 ($dlatch) from module neuron_intra_Nbits.
Setting constant 1-bit at position 0 on $flatten\mults[2].mult_i.\u1.\u2.$auto$proc_dlatch.cc:427:proc_dlatch$1191 ($dlatch) from module neuron_intra_Nbits.
Setting constant 1-bit at position 1 on $flatten\mults[2].mult_i.\u1.\u2.$auto$proc_dlatch.cc:427:proc_dlatch$1191 ($dlatch) from module neuron_intra_Nbits.
Setting constant 0-bit at position 2 on $flatten\mults[2].mult_i.\u1.\u2.$auto$proc_dlatch.cc:427:proc_dlatch$1191 ($dlatch) from module neuron_intra_Nbits.
Setting constant 1-bit at position 3 on $flatten\mults[2].mult_i.\u1.\u2.$auto$proc_dlatch.cc:427:proc_dlatch$1191 ($dlatch) from module neuron_intra_Nbits.
Setting constant 0-bit at position 0 on $flatten\mults[2].mult_i.\u1.\u2.$auto$proc_dlatch.cc:427:proc_dlatch$1213 ($dlatch) from module neuron_intra_Nbits.
Setting constant 0-bit at position 1 on $flatten\mults[2].mult_i.\u1.\u2.$auto$proc_dlatch.cc:427:proc_dlatch$1213 ($dlatch) from module neuron_intra_Nbits.
Setting constant 1-bit at position 2 on $flatten\mults[2].mult_i.\u1.\u2.$auto$proc_dlatch.cc:427:proc_dlatch$1213 ($dlatch) from module neuron_intra_Nbits.
Setting constant 1-bit at position 3 on $flatten\mults[2].mult_i.\u1.\u2.$auto$proc_dlatch.cc:427:proc_dlatch$1213 ($dlatch) from module neuron_intra_Nbits.
Setting constant 1-bit at position 0 on $flatten\mults[2].mult_i.\u1.\u2.$auto$proc_dlatch.cc:427:proc_dlatch$1235 ($dlatch) from module neuron_intra_Nbits.
Setting constant 0-bit at position 1 on $flatten\mults[2].mult_i.\u1.\u2.$auto$proc_dlatch.cc:427:proc_dlatch$1235 ($dlatch) from module neuron_intra_Nbits.
Setting constant 1-bit at position 2 on $flatten\mults[2].mult_i.\u1.\u2.$auto$proc_dlatch.cc:427:proc_dlatch$1235 ($dlatch) from module neuron_intra_Nbits.
Setting constant 1-bit at position 3 on $flatten\mults[2].mult_i.\u1.\u2.$auto$proc_dlatch.cc:427:proc_dlatch$1235 ($dlatch) from module neuron_intra_Nbits.
Setting constant 0-bit at position 0 on $flatten\mults[2].mult_i.\u1.\u2.$auto$proc_dlatch.cc:427:proc_dlatch$1257 ($dlatch) from module neuron_intra_Nbits.
Setting constant 1-bit at position 1 on $flatten\mults[2].mult_i.\u1.\u2.$auto$proc_dlatch.cc:427:proc_dlatch$1257 ($dlatch) from module neuron_intra_Nbits.
Setting constant 1-bit at position 2 on $flatten\mults[2].mult_i.\u1.\u2.$auto$proc_dlatch.cc:427:proc_dlatch$1257 ($dlatch) from module neuron_intra_Nbits.
Setting constant 1-bit at position 3 on $flatten\mults[2].mult_i.\u1.\u2.$auto$proc_dlatch.cc:427:proc_dlatch$1257 ($dlatch) from module neuron_intra_Nbits.
Setting constant 1-bit at position 0 on $flatten\mults[2].mult_i.\u1.\u2.$auto$proc_dlatch.cc:427:proc_dlatch$1279 ($dlatch) from module neuron_intra_Nbits.
Setting constant 1-bit at position 1 on $flatten\mults[2].mult_i.\u1.\u2.$auto$proc_dlatch.cc:427:proc_dlatch$1279 ($dlatch) from module neuron_intra_Nbits.
Setting constant 1-bit at position 2 on $flatten\mults[2].mult_i.\u1.\u2.$auto$proc_dlatch.cc:427:proc_dlatch$1279 ($dlatch) from module neuron_intra_Nbits.
Setting constant 1-bit at position 3 on $flatten\mults[2].mult_i.\u1.\u2.$auto$proc_dlatch.cc:427:proc_dlatch$1279 ($dlatch) from module neuron_intra_Nbits.
Setting constant 1-bit at position 0 on $flatten\mults[3].mult_i.\u1.\u1.$auto$proc_dlatch.cc:427:proc_dlatch$1103 ($dlatch) from module neuron_intra_Nbits.
Setting constant 1-bit at position 1 on $flatten\mults[3].mult_i.\u1.\u1.$auto$proc_dlatch.cc:427:proc_dlatch$1103 ($dlatch) from module neuron_intra_Nbits.
Setting constant 1-bit at position 2 on $flatten\mults[3].mult_i.\u1.\u1.$auto$proc_dlatch.cc:427:proc_dlatch$1103 ($dlatch) from module neuron_intra_Nbits.
Setting constant 0-bit at position 3 on $flatten\mults[3].mult_i.\u1.\u1.$auto$proc_dlatch.cc:427:proc_dlatch$1103 ($dlatch) from module neuron_intra_Nbits.
Setting constant 0-bit at position 0 on $flatten\mults[3].mult_i.\u1.\u1.$auto$proc_dlatch.cc:427:proc_dlatch$1125 ($dlatch) from module neuron_intra_Nbits.
Setting constant 0-bit at position 1 on $flatten\mults[3].mult_i.\u1.\u1.$auto$proc_dlatch.cc:427:proc_dlatch$1125 ($dlatch) from module neuron_intra_Nbits.
Setting constant 0-bit at position 2 on $flatten\mults[3].mult_i.\u1.\u1.$auto$proc_dlatch.cc:427:proc_dlatch$1125 ($dlatch) from module neuron_intra_Nbits.
Setting constant 1-bit at position 3 on $flatten\mults[3].mult_i.\u1.\u1.$auto$proc_dlatch.cc:427:proc_dlatch$1125 ($dlatch) from module neuron_intra_Nbits.
Setting constant 1-bit at position 0 on $flatten\mults[3].mult_i.\u1.\u1.$auto$proc_dlatch.cc:427:proc_dlatch$1147 ($dlatch) from module neuron_intra_Nbits.
Setting constant 0-bit at position 1 on $flatten\mults[3].mult_i.\u1.\u1.$auto$proc_dlatch.cc:427:proc_dlatch$1147 ($dlatch) from module neuron_intra_Nbits.
Setting constant 0-bit at position 2 on $flatten\mults[3].mult_i.\u1.\u1.$auto$proc_dlatch.cc:427:proc_dlatch$1147 ($dlatch) from module neuron_intra_Nbits.
Setting constant 1-bit at position 3 on $flatten\mults[3].mult_i.\u1.\u1.$auto$proc_dlatch.cc:427:proc_dlatch$1147 ($dlatch) from module neuron_intra_Nbits.
Setting constant 0-bit at position 0 on $flatten\mults[3].mult_i.\u1.\u1.$auto$proc_dlatch.cc:427:proc_dlatch$1169 ($dlatch) from module neuron_intra_Nbits.
Setting constant 1-bit at position 1 on $flatten\mults[3].mult_i.\u1.\u1.$auto$proc_dlatch.cc:427:proc_dlatch$1169 ($dlatch) from module neuron_intra_Nbits.
Setting constant 0-bit at position 2 on $flatten\mults[3].mult_i.\u1.\u1.$auto$proc_dlatch.cc:427:proc_dlatch$1169 ($dlatch) from module neuron_intra_Nbits.
Setting constant 1-bit at position 3 on $flatten\mults[3].mult_i.\u1.\u1.$auto$proc_dlatch.cc:427:proc_dlatch$1169 ($dlatch) from module neuron_intra_Nbits.
Setting constant 1-bit at position 0 on $flatten\mults[3].mult_i.\u1.\u1.$auto$proc_dlatch.cc:427:proc_dlatch$1191 ($dlatch) from module neuron_intra_Nbits.
Setting constant 1-bit at position 1 on $flatten\mults[3].mult_i.\u1.\u1.$auto$proc_dlatch.cc:427:proc_dlatch$1191 ($dlatch) from module neuron_intra_Nbits.
Setting constant 0-bit at position 2 on $flatten\mults[3].mult_i.\u1.\u1.$auto$proc_dlatch.cc:427:proc_dlatch$1191 ($dlatch) from module neuron_intra_Nbits.
Setting constant 1-bit at position 3 on $flatten\mults[3].mult_i.\u1.\u1.$auto$proc_dlatch.cc:427:proc_dlatch$1191 ($dlatch) from module neuron_intra_Nbits.
Setting constant 0-bit at position 0 on $flatten\mults[3].mult_i.\u1.\u1.$auto$proc_dlatch.cc:427:proc_dlatch$1213 ($dlatch) from module neuron_intra_Nbits.
Setting constant 0-bit at position 1 on $flatten\mults[3].mult_i.\u1.\u1.$auto$proc_dlatch.cc:427:proc_dlatch$1213 ($dlatch) from module neuron_intra_Nbits.
Setting constant 1-bit at position 2 on $flatten\mults[3].mult_i.\u1.\u1.$auto$proc_dlatch.cc:427:proc_dlatch$1213 ($dlatch) from module neuron_intra_Nbits.
Setting constant 1-bit at position 3 on $flatten\mults[3].mult_i.\u1.\u1.$auto$proc_dlatch.cc:427:proc_dlatch$1213 ($dlatch) from module neuron_intra_Nbits.
Setting constant 1-bit at position 0 on $flatten\mults[3].mult_i.\u1.\u1.$auto$proc_dlatch.cc:427:proc_dlatch$1235 ($dlatch) from module neuron_intra_Nbits.
Setting constant 0-bit at position 1 on $flatten\mults[3].mult_i.\u1.\u1.$auto$proc_dlatch.cc:427:proc_dlatch$1235 ($dlatch) from module neuron_intra_Nbits.
Setting constant 1-bit at position 2 on $flatten\mults[3].mult_i.\u1.\u1.$auto$proc_dlatch.cc:427:proc_dlatch$1235 ($dlatch) from module neuron_intra_Nbits.
Setting constant 1-bit at position 3 on $flatten\mults[3].mult_i.\u1.\u1.$auto$proc_dlatch.cc:427:proc_dlatch$1235 ($dlatch) from module neuron_intra_Nbits.
Setting constant 0-bit at position 0 on $flatten\mults[3].mult_i.\u1.\u1.$auto$proc_dlatch.cc:427:proc_dlatch$1257 ($dlatch) from module neuron_intra_Nbits.
Setting constant 1-bit at position 1 on $flatten\mults[3].mult_i.\u1.\u1.$auto$proc_dlatch.cc:427:proc_dlatch$1257 ($dlatch) from module neuron_intra_Nbits.
Setting constant 1-bit at position 2 on $flatten\mults[3].mult_i.\u1.\u1.$auto$proc_dlatch.cc:427:proc_dlatch$1257 ($dlatch) from module neuron_intra_Nbits.
Setting constant 1-bit at position 3 on $flatten\mults[3].mult_i.\u1.\u1.$auto$proc_dlatch.cc:427:proc_dlatch$1257 ($dlatch) from module neuron_intra_Nbits.
Setting constant 1-bit at position 0 on $flatten\mults[3].mult_i.\u1.\u1.$auto$proc_dlatch.cc:427:proc_dlatch$1279 ($dlatch) from module neuron_intra_Nbits.
Setting constant 1-bit at position 1 on $flatten\mults[3].mult_i.\u1.\u1.$auto$proc_dlatch.cc:427:proc_dlatch$1279 ($dlatch) from module neuron_intra_Nbits.
Setting constant 1-bit at position 2 on $flatten\mults[3].mult_i.\u1.\u1.$auto$proc_dlatch.cc:427:proc_dlatch$1279 ($dlatch) from module neuron_intra_Nbits.
Setting constant 1-bit at position 3 on $flatten\mults[3].mult_i.\u1.\u1.$auto$proc_dlatch.cc:427:proc_dlatch$1279 ($dlatch) from module neuron_intra_Nbits.
Setting constant 1-bit at position 0 on $flatten\mults[3].mult_i.\u1.\u2.$auto$proc_dlatch.cc:427:proc_dlatch$1103 ($dlatch) from module neuron_intra_Nbits.
Setting constant 1-bit at position 1 on $flatten\mults[3].mult_i.\u1.\u2.$auto$proc_dlatch.cc:427:proc_dlatch$1103 ($dlatch) from module neuron_intra_Nbits.
Setting constant 1-bit at position 2 on $flatten\mults[3].mult_i.\u1.\u2.$auto$proc_dlatch.cc:427:proc_dlatch$1103 ($dlatch) from module neuron_intra_Nbits.
Setting constant 0-bit at position 3 on $flatten\mults[3].mult_i.\u1.\u2.$auto$proc_dlatch.cc:427:proc_dlatch$1103 ($dlatch) from module neuron_intra_Nbits.
Setting constant 0-bit at position 0 on $flatten\mults[3].mult_i.\u1.\u2.$auto$proc_dlatch.cc:427:proc_dlatch$1125 ($dlatch) from module neuron_intra_Nbits.
Setting constant 0-bit at position 1 on $flatten\mults[3].mult_i.\u1.\u2.$auto$proc_dlatch.cc:427:proc_dlatch$1125 ($dlatch) from module neuron_intra_Nbits.
Setting constant 0-bit at position 2 on $flatten\mults[3].mult_i.\u1.\u2.$auto$proc_dlatch.cc:427:proc_dlatch$1125 ($dlatch) from module neuron_intra_Nbits.
Setting constant 1-bit at position 3 on $flatten\mults[3].mult_i.\u1.\u2.$auto$proc_dlatch.cc:427:proc_dlatch$1125 ($dlatch) from module neuron_intra_Nbits.
Setting constant 1-bit at position 0 on $flatten\mults[3].mult_i.\u1.\u2.$auto$proc_dlatch.cc:427:proc_dlatch$1147 ($dlatch) from module neuron_intra_Nbits.
Setting constant 0-bit at position 1 on $flatten\mults[3].mult_i.\u1.\u2.$auto$proc_dlatch.cc:427:proc_dlatch$1147 ($dlatch) from module neuron_intra_Nbits.
Setting constant 0-bit at position 2 on $flatten\mults[3].mult_i.\u1.\u2.$auto$proc_dlatch.cc:427:proc_dlatch$1147 ($dlatch) from module neuron_intra_Nbits.
Setting constant 1-bit at position 3 on $flatten\mults[3].mult_i.\u1.\u2.$auto$proc_dlatch.cc:427:proc_dlatch$1147 ($dlatch) from module neuron_intra_Nbits.
Setting constant 0-bit at position 0 on $flatten\mults[3].mult_i.\u1.\u2.$auto$proc_dlatch.cc:427:proc_dlatch$1169 ($dlatch) from module neuron_intra_Nbits.
Setting constant 1-bit at position 1 on $flatten\mults[3].mult_i.\u1.\u2.$auto$proc_dlatch.cc:427:proc_dlatch$1169 ($dlatch) from module neuron_intra_Nbits.
Setting constant 0-bit at position 2 on $flatten\mults[3].mult_i.\u1.\u2.$auto$proc_dlatch.cc:427:proc_dlatch$1169 ($dlatch) from module neuron_intra_Nbits.
Setting constant 1-bit at position 3 on $flatten\mults[3].mult_i.\u1.\u2.$auto$proc_dlatch.cc:427:proc_dlatch$1169 ($dlatch) from module neuron_intra_Nbits.
Setting constant 1-bit at position 0 on $flatten\mults[3].mult_i.\u1.\u2.$auto$proc_dlatch.cc:427:proc_dlatch$1191 ($dlatch) from module neuron_intra_Nbits.
Setting constant 1-bit at position 1 on $flatten\mults[3].mult_i.\u1.\u2.$auto$proc_dlatch.cc:427:proc_dlatch$1191 ($dlatch) from module neuron_intra_Nbits.
Setting constant 0-bit at position 2 on $flatten\mults[3].mult_i.\u1.\u2.$auto$proc_dlatch.cc:427:proc_dlatch$1191 ($dlatch) from module neuron_intra_Nbits.
Setting constant 1-bit at position 3 on $flatten\mults[3].mult_i.\u1.\u2.$auto$proc_dlatch.cc:427:proc_dlatch$1191 ($dlatch) from module neuron_intra_Nbits.
Setting constant 0-bit at position 0 on $flatten\mults[3].mult_i.\u1.\u2.$auto$proc_dlatch.cc:427:proc_dlatch$1213 ($dlatch) from module neuron_intra_Nbits.
Setting constant 0-bit at position 1 on $flatten\mults[3].mult_i.\u1.\u2.$auto$proc_dlatch.cc:427:proc_dlatch$1213 ($dlatch) from module neuron_intra_Nbits.
Setting constant 1-bit at position 2 on $flatten\mults[3].mult_i.\u1.\u2.$auto$proc_dlatch.cc:427:proc_dlatch$1213 ($dlatch) from module neuron_intra_Nbits.
Setting constant 1-bit at position 3 on $flatten\mults[3].mult_i.\u1.\u2.$auto$proc_dlatch.cc:427:proc_dlatch$1213 ($dlatch) from module neuron_intra_Nbits.
Setting constant 1-bit at position 0 on $flatten\mults[3].mult_i.\u1.\u2.$auto$proc_dlatch.cc:427:proc_dlatch$1235 ($dlatch) from module neuron_intra_Nbits.
Setting constant 0-bit at position 1 on $flatten\mults[3].mult_i.\u1.\u2.$auto$proc_dlatch.cc:427:proc_dlatch$1235 ($dlatch) from module neuron_intra_Nbits.
Setting constant 1-bit at position 2 on $flatten\mults[3].mult_i.\u1.\u2.$auto$proc_dlatch.cc:427:proc_dlatch$1235 ($dlatch) from module neuron_intra_Nbits.
Setting constant 1-bit at position 3 on $flatten\mults[3].mult_i.\u1.\u2.$auto$proc_dlatch.cc:427:proc_dlatch$1235 ($dlatch) from module neuron_intra_Nbits.
Setting constant 0-bit at position 0 on $flatten\mults[3].mult_i.\u1.\u2.$auto$proc_dlatch.cc:427:proc_dlatch$1257 ($dlatch) from module neuron_intra_Nbits.
Setting constant 1-bit at position 1 on $flatten\mults[3].mult_i.\u1.\u2.$auto$proc_dlatch.cc:427:proc_dlatch$1257 ($dlatch) from module neuron_intra_Nbits.
Setting constant 1-bit at position 2 on $flatten\mults[3].mult_i.\u1.\u2.$auto$proc_dlatch.cc:427:proc_dlatch$1257 ($dlatch) from module neuron_intra_Nbits.
Setting constant 1-bit at position 3 on $flatten\mults[3].mult_i.\u1.\u2.$auto$proc_dlatch.cc:427:proc_dlatch$1257 ($dlatch) from module neuron_intra_Nbits.
Setting constant 1-bit at position 0 on $flatten\mults[3].mult_i.\u1.\u2.$auto$proc_dlatch.cc:427:proc_dlatch$1279 ($dlatch) from module neuron_intra_Nbits.
Setting constant 1-bit at position 1 on $flatten\mults[3].mult_i.\u1.\u2.$auto$proc_dlatch.cc:427:proc_dlatch$1279 ($dlatch) from module neuron_intra_Nbits.
Setting constant 1-bit at position 2 on $flatten\mults[3].mult_i.\u1.\u2.$auto$proc_dlatch.cc:427:proc_dlatch$1279 ($dlatch) from module neuron_intra_Nbits.
Setting constant 1-bit at position 3 on $flatten\mults[3].mult_i.\u1.\u2.$auto$proc_dlatch.cc:427:proc_dlatch$1279 ($dlatch) from module neuron_intra_Nbits.
Setting constant 1-bit at position 0 on $flatten\mults[4].mult_i.\u1.\u1.$auto$proc_dlatch.cc:427:proc_dlatch$1103 ($dlatch) from module neuron_intra_Nbits.
Setting constant 1-bit at position 1 on $flatten\mults[4].mult_i.\u1.\u1.$auto$proc_dlatch.cc:427:proc_dlatch$1103 ($dlatch) from module neuron_intra_Nbits.
Setting constant 1-bit at position 2 on $flatten\mults[4].mult_i.\u1.\u1.$auto$proc_dlatch.cc:427:proc_dlatch$1103 ($dlatch) from module neuron_intra_Nbits.
Setting constant 0-bit at position 3 on $flatten\mults[4].mult_i.\u1.\u1.$auto$proc_dlatch.cc:427:proc_dlatch$1103 ($dlatch) from module neuron_intra_Nbits.
Setting constant 0-bit at position 0 on $flatten\mults[4].mult_i.\u1.\u1.$auto$proc_dlatch.cc:427:proc_dlatch$1125 ($dlatch) from module neuron_intra_Nbits.
Setting constant 0-bit at position 1 on $flatten\mults[4].mult_i.\u1.\u1.$auto$proc_dlatch.cc:427:proc_dlatch$1125 ($dlatch) from module neuron_intra_Nbits.
Setting constant 0-bit at position 2 on $flatten\mults[4].mult_i.\u1.\u1.$auto$proc_dlatch.cc:427:proc_dlatch$1125 ($dlatch) from module neuron_intra_Nbits.
Setting constant 1-bit at position 3 on $flatten\mults[4].mult_i.\u1.\u1.$auto$proc_dlatch.cc:427:proc_dlatch$1125 ($dlatch) from module neuron_intra_Nbits.
Setting constant 1-bit at position 0 on $flatten\mults[4].mult_i.\u1.\u1.$auto$proc_dlatch.cc:427:proc_dlatch$1147 ($dlatch) from module neuron_intra_Nbits.
Setting constant 0-bit at position 1 on $flatten\mults[4].mult_i.\u1.\u1.$auto$proc_dlatch.cc:427:proc_dlatch$1147 ($dlatch) from module neuron_intra_Nbits.
Setting constant 0-bit at position 2 on $flatten\mults[4].mult_i.\u1.\u1.$auto$proc_dlatch.cc:427:proc_dlatch$1147 ($dlatch) from module neuron_intra_Nbits.
Setting constant 1-bit at position 3 on $flatten\mults[4].mult_i.\u1.\u1.$auto$proc_dlatch.cc:427:proc_dlatch$1147 ($dlatch) from module neuron_intra_Nbits.
Setting constant 0-bit at position 0 on $flatten\mults[4].mult_i.\u1.\u1.$auto$proc_dlatch.cc:427:proc_dlatch$1169 ($dlatch) from module neuron_intra_Nbits.
Setting constant 1-bit at position 1 on $flatten\mults[4].mult_i.\u1.\u1.$auto$proc_dlatch.cc:427:proc_dlatch$1169 ($dlatch) from module neuron_intra_Nbits.
Setting constant 0-bit at position 2 on $flatten\mults[4].mult_i.\u1.\u1.$auto$proc_dlatch.cc:427:proc_dlatch$1169 ($dlatch) from module neuron_intra_Nbits.
Setting constant 1-bit at position 3 on $flatten\mults[4].mult_i.\u1.\u1.$auto$proc_dlatch.cc:427:proc_dlatch$1169 ($dlatch) from module neuron_intra_Nbits.
Setting constant 1-bit at position 0 on $flatten\mults[4].mult_i.\u1.\u1.$auto$proc_dlatch.cc:427:proc_dlatch$1191 ($dlatch) from module neuron_intra_Nbits.
Setting constant 1-bit at position 1 on $flatten\mults[4].mult_i.\u1.\u1.$auto$proc_dlatch.cc:427:proc_dlatch$1191 ($dlatch) from module neuron_intra_Nbits.
Setting constant 0-bit at position 2 on $flatten\mults[4].mult_i.\u1.\u1.$auto$proc_dlatch.cc:427:proc_dlatch$1191 ($dlatch) from module neuron_intra_Nbits.
Setting constant 1-bit at position 3 on $flatten\mults[4].mult_i.\u1.\u1.$auto$proc_dlatch.cc:427:proc_dlatch$1191 ($dlatch) from module neuron_intra_Nbits.
Setting constant 0-bit at position 0 on $flatten\mults[4].mult_i.\u1.\u1.$auto$proc_dlatch.cc:427:proc_dlatch$1213 ($dlatch) from module neuron_intra_Nbits.
Setting constant 0-bit at position 1 on $flatten\mults[4].mult_i.\u1.\u1.$auto$proc_dlatch.cc:427:proc_dlatch$1213 ($dlatch) from module neuron_intra_Nbits.
Setting constant 1-bit at position 2 on $flatten\mults[4].mult_i.\u1.\u1.$auto$proc_dlatch.cc:427:proc_dlatch$1213 ($dlatch) from module neuron_intra_Nbits.
Setting constant 1-bit at position 3 on $flatten\mults[4].mult_i.\u1.\u1.$auto$proc_dlatch.cc:427:proc_dlatch$1213 ($dlatch) from module neuron_intra_Nbits.
Setting constant 1-bit at position 0 on $flatten\mults[4].mult_i.\u1.\u1.$auto$proc_dlatch.cc:427:proc_dlatch$1235 ($dlatch) from module neuron_intra_Nbits.
Setting constant 0-bit at position 1 on $flatten\mults[4].mult_i.\u1.\u1.$auto$proc_dlatch.cc:427:proc_dlatch$1235 ($dlatch) from module neuron_intra_Nbits.
Setting constant 1-bit at position 2 on $flatten\mults[4].mult_i.\u1.\u1.$auto$proc_dlatch.cc:427:proc_dlatch$1235 ($dlatch) from module neuron_intra_Nbits.
Setting constant 1-bit at position 3 on $flatten\mults[4].mult_i.\u1.\u1.$auto$proc_dlatch.cc:427:proc_dlatch$1235 ($dlatch) from module neuron_intra_Nbits.
Setting constant 0-bit at position 0 on $flatten\mults[4].mult_i.\u1.\u1.$auto$proc_dlatch.cc:427:proc_dlatch$1257 ($dlatch) from module neuron_intra_Nbits.
Setting constant 1-bit at position 1 on $flatten\mults[4].mult_i.\u1.\u1.$auto$proc_dlatch.cc:427:proc_dlatch$1257 ($dlatch) from module neuron_intra_Nbits.
Setting constant 1-bit at position 2 on $flatten\mults[4].mult_i.\u1.\u1.$auto$proc_dlatch.cc:427:proc_dlatch$1257 ($dlatch) from module neuron_intra_Nbits.
Setting constant 1-bit at position 3 on $flatten\mults[4].mult_i.\u1.\u1.$auto$proc_dlatch.cc:427:proc_dlatch$1257 ($dlatch) from module neuron_intra_Nbits.
Setting constant 1-bit at position 0 on $flatten\mults[4].mult_i.\u1.\u1.$auto$proc_dlatch.cc:427:proc_dlatch$1279 ($dlatch) from module neuron_intra_Nbits.
Setting constant 1-bit at position 1 on $flatten\mults[4].mult_i.\u1.\u1.$auto$proc_dlatch.cc:427:proc_dlatch$1279 ($dlatch) from module neuron_intra_Nbits.
Setting constant 1-bit at position 2 on $flatten\mults[4].mult_i.\u1.\u1.$auto$proc_dlatch.cc:427:proc_dlatch$1279 ($dlatch) from module neuron_intra_Nbits.
Setting constant 1-bit at position 3 on $flatten\mults[4].mult_i.\u1.\u1.$auto$proc_dlatch.cc:427:proc_dlatch$1279 ($dlatch) from module neuron_intra_Nbits.
Setting constant 1-bit at position 0 on $flatten\mults[4].mult_i.\u1.\u2.$auto$proc_dlatch.cc:427:proc_dlatch$1103 ($dlatch) from module neuron_intra_Nbits.
Setting constant 1-bit at position 1 on $flatten\mults[4].mult_i.\u1.\u2.$auto$proc_dlatch.cc:427:proc_dlatch$1103 ($dlatch) from module neuron_intra_Nbits.
Setting constant 1-bit at position 2 on $flatten\mults[4].mult_i.\u1.\u2.$auto$proc_dlatch.cc:427:proc_dlatch$1103 ($dlatch) from module neuron_intra_Nbits.
Setting constant 0-bit at position 3 on $flatten\mults[4].mult_i.\u1.\u2.$auto$proc_dlatch.cc:427:proc_dlatch$1103 ($dlatch) from module neuron_intra_Nbits.
Setting constant 0-bit at position 0 on $flatten\mults[4].mult_i.\u1.\u2.$auto$proc_dlatch.cc:427:proc_dlatch$1125 ($dlatch) from module neuron_intra_Nbits.
Setting constant 0-bit at position 1 on $flatten\mults[4].mult_i.\u1.\u2.$auto$proc_dlatch.cc:427:proc_dlatch$1125 ($dlatch) from module neuron_intra_Nbits.
Setting constant 0-bit at position 2 on $flatten\mults[4].mult_i.\u1.\u2.$auto$proc_dlatch.cc:427:proc_dlatch$1125 ($dlatch) from module neuron_intra_Nbits.
Setting constant 1-bit at position 3 on $flatten\mults[4].mult_i.\u1.\u2.$auto$proc_dlatch.cc:427:proc_dlatch$1125 ($dlatch) from module neuron_intra_Nbits.
Setting constant 1-bit at position 0 on $flatten\mults[4].mult_i.\u1.\u2.$auto$proc_dlatch.cc:427:proc_dlatch$1147 ($dlatch) from module neuron_intra_Nbits.
Setting constant 0-bit at position 1 on $flatten\mults[4].mult_i.\u1.\u2.$auto$proc_dlatch.cc:427:proc_dlatch$1147 ($dlatch) from module neuron_intra_Nbits.
Setting constant 0-bit at position 2 on $flatten\mults[4].mult_i.\u1.\u2.$auto$proc_dlatch.cc:427:proc_dlatch$1147 ($dlatch) from module neuron_intra_Nbits.
Setting constant 1-bit at position 3 on $flatten\mults[4].mult_i.\u1.\u2.$auto$proc_dlatch.cc:427:proc_dlatch$1147 ($dlatch) from module neuron_intra_Nbits.
Setting constant 0-bit at position 0 on $flatten\mults[4].mult_i.\u1.\u2.$auto$proc_dlatch.cc:427:proc_dlatch$1169 ($dlatch) from module neuron_intra_Nbits.
Setting constant 1-bit at position 1 on $flatten\mults[4].mult_i.\u1.\u2.$auto$proc_dlatch.cc:427:proc_dlatch$1169 ($dlatch) from module neuron_intra_Nbits.
Setting constant 0-bit at position 2 on $flatten\mults[4].mult_i.\u1.\u2.$auto$proc_dlatch.cc:427:proc_dlatch$1169 ($dlatch) from module neuron_intra_Nbits.
Setting constant 1-bit at position 3 on $flatten\mults[4].mult_i.\u1.\u2.$auto$proc_dlatch.cc:427:proc_dlatch$1169 ($dlatch) from module neuron_intra_Nbits.
Setting constant 1-bit at position 0 on $flatten\mults[4].mult_i.\u1.\u2.$auto$proc_dlatch.cc:427:proc_dlatch$1191 ($dlatch) from module neuron_intra_Nbits.
Setting constant 1-bit at position 1 on $flatten\mults[4].mult_i.\u1.\u2.$auto$proc_dlatch.cc:427:proc_dlatch$1191 ($dlatch) from module neuron_intra_Nbits.
Setting constant 0-bit at position 2 on $flatten\mults[4].mult_i.\u1.\u2.$auto$proc_dlatch.cc:427:proc_dlatch$1191 ($dlatch) from module neuron_intra_Nbits.
Setting constant 1-bit at position 3 on $flatten\mults[4].mult_i.\u1.\u2.$auto$proc_dlatch.cc:427:proc_dlatch$1191 ($dlatch) from module neuron_intra_Nbits.
Setting constant 0-bit at position 0 on $flatten\mults[4].mult_i.\u1.\u2.$auto$proc_dlatch.cc:427:proc_dlatch$1213 ($dlatch) from module neuron_intra_Nbits.
Setting constant 0-bit at position 1 on $flatten\mults[4].mult_i.\u1.\u2.$auto$proc_dlatch.cc:427:proc_dlatch$1213 ($dlatch) from module neuron_intra_Nbits.
Setting constant 1-bit at position 2 on $flatten\mults[4].mult_i.\u1.\u2.$auto$proc_dlatch.cc:427:proc_dlatch$1213 ($dlatch) from module neuron_intra_Nbits.
Setting constant 1-bit at position 3 on $flatten\mults[4].mult_i.\u1.\u2.$auto$proc_dlatch.cc:427:proc_dlatch$1213 ($dlatch) from module neuron_intra_Nbits.
Setting constant 1-bit at position 0 on $flatten\mults[4].mult_i.\u1.\u2.$auto$proc_dlatch.cc:427:proc_dlatch$1235 ($dlatch) from module neuron_intra_Nbits.
Setting constant 0-bit at position 1 on $flatten\mults[4].mult_i.\u1.\u2.$auto$proc_dlatch.cc:427:proc_dlatch$1235 ($dlatch) from module neuron_intra_Nbits.
Setting constant 1-bit at position 2 on $flatten\mults[4].mult_i.\u1.\u2.$auto$proc_dlatch.cc:427:proc_dlatch$1235 ($dlatch) from module neuron_intra_Nbits.
Setting constant 1-bit at position 3 on $flatten\mults[4].mult_i.\u1.\u2.$auto$proc_dlatch.cc:427:proc_dlatch$1235 ($dlatch) from module neuron_intra_Nbits.
Setting constant 0-bit at position 0 on $flatten\mults[4].mult_i.\u1.\u2.$auto$proc_dlatch.cc:427:proc_dlatch$1257 ($dlatch) from module neuron_intra_Nbits.
Setting constant 1-bit at position 1 on $flatten\mults[4].mult_i.\u1.\u2.$auto$proc_dlatch.cc:427:proc_dlatch$1257 ($dlatch) from module neuron_intra_Nbits.
Setting constant 1-bit at position 2 on $flatten\mults[4].mult_i.\u1.\u2.$auto$proc_dlatch.cc:427:proc_dlatch$1257 ($dlatch) from module neuron_intra_Nbits.
Setting constant 1-bit at position 3 on $flatten\mults[4].mult_i.\u1.\u2.$auto$proc_dlatch.cc:427:proc_dlatch$1257 ($dlatch) from module neuron_intra_Nbits.
Setting constant 1-bit at position 0 on $flatten\mults[4].mult_i.\u1.\u2.$auto$proc_dlatch.cc:427:proc_dlatch$1279 ($dlatch) from module neuron_intra_Nbits.
Setting constant 1-bit at position 1 on $flatten\mults[4].mult_i.\u1.\u2.$auto$proc_dlatch.cc:427:proc_dlatch$1279 ($dlatch) from module neuron_intra_Nbits.
Setting constant 1-bit at position 2 on $flatten\mults[4].mult_i.\u1.\u2.$auto$proc_dlatch.cc:427:proc_dlatch$1279 ($dlatch) from module neuron_intra_Nbits.
Setting constant 1-bit at position 3 on $flatten\mults[4].mult_i.\u1.\u2.$auto$proc_dlatch.cc:427:proc_dlatch$1279 ($dlatch) from module neuron_intra_Nbits.
Setting constant 1-bit at position 0 on $flatten\mults[5].mult_i.\u1.\u1.$auto$proc_dlatch.cc:427:proc_dlatch$1103 ($dlatch) from module neuron_intra_Nbits.
Setting constant 1-bit at position 1 on $flatten\mults[5].mult_i.\u1.\u1.$auto$proc_dlatch.cc:427:proc_dlatch$1103 ($dlatch) from module neuron_intra_Nbits.
Setting constant 1-bit at position 2 on $flatten\mults[5].mult_i.\u1.\u1.$auto$proc_dlatch.cc:427:proc_dlatch$1103 ($dlatch) from module neuron_intra_Nbits.
Setting constant 0-bit at position 3 on $flatten\mults[5].mult_i.\u1.\u1.$auto$proc_dlatch.cc:427:proc_dlatch$1103 ($dlatch) from module neuron_intra_Nbits.
Setting constant 0-bit at position 0 on $flatten\mults[5].mult_i.\u1.\u1.$auto$proc_dlatch.cc:427:proc_dlatch$1125 ($dlatch) from module neuron_intra_Nbits.
Setting constant 0-bit at position 1 on $flatten\mults[5].mult_i.\u1.\u1.$auto$proc_dlatch.cc:427:proc_dlatch$1125 ($dlatch) from module neuron_intra_Nbits.
Setting constant 0-bit at position 2 on $flatten\mults[5].mult_i.\u1.\u1.$auto$proc_dlatch.cc:427:proc_dlatch$1125 ($dlatch) from module neuron_intra_Nbits.
Setting constant 1-bit at position 3 on $flatten\mults[5].mult_i.\u1.\u1.$auto$proc_dlatch.cc:427:proc_dlatch$1125 ($dlatch) from module neuron_intra_Nbits.
Setting constant 1-bit at position 0 on $flatten\mults[5].mult_i.\u1.\u1.$auto$proc_dlatch.cc:427:proc_dlatch$1147 ($dlatch) from module neuron_intra_Nbits.
Setting constant 0-bit at position 1 on $flatten\mults[5].mult_i.\u1.\u1.$auto$proc_dlatch.cc:427:proc_dlatch$1147 ($dlatch) from module neuron_intra_Nbits.
Setting constant 0-bit at position 2 on $flatten\mults[5].mult_i.\u1.\u1.$auto$proc_dlatch.cc:427:proc_dlatch$1147 ($dlatch) from module neuron_intra_Nbits.
Setting constant 1-bit at position 3 on $flatten\mults[5].mult_i.\u1.\u1.$auto$proc_dlatch.cc:427:proc_dlatch$1147 ($dlatch) from module neuron_intra_Nbits.
Setting constant 0-bit at position 0 on $flatten\mults[5].mult_i.\u1.\u1.$auto$proc_dlatch.cc:427:proc_dlatch$1169 ($dlatch) from module neuron_intra_Nbits.
Setting constant 1-bit at position 1 on $flatten\mults[5].mult_i.\u1.\u1.$auto$proc_dlatch.cc:427:proc_dlatch$1169 ($dlatch) from module neuron_intra_Nbits.
Setting constant 0-bit at position 2 on $flatten\mults[5].mult_i.\u1.\u1.$auto$proc_dlatch.cc:427:proc_dlatch$1169 ($dlatch) from module neuron_intra_Nbits.
Setting constant 1-bit at position 3 on $flatten\mults[5].mult_i.\u1.\u1.$auto$proc_dlatch.cc:427:proc_dlatch$1169 ($dlatch) from module neuron_intra_Nbits.
Setting constant 1-bit at position 0 on $flatten\mults[5].mult_i.\u1.\u1.$auto$proc_dlatch.cc:427:proc_dlatch$1191 ($dlatch) from module neuron_intra_Nbits.
Setting constant 1-bit at position 1 on $flatten\mults[5].mult_i.\u1.\u1.$auto$proc_dlatch.cc:427:proc_dlatch$1191 ($dlatch) from module neuron_intra_Nbits.
Setting constant 0-bit at position 2 on $flatten\mults[5].mult_i.\u1.\u1.$auto$proc_dlatch.cc:427:proc_dlatch$1191 ($dlatch) from module neuron_intra_Nbits.
Setting constant 1-bit at position 3 on $flatten\mults[5].mult_i.\u1.\u1.$auto$proc_dlatch.cc:427:proc_dlatch$1191 ($dlatch) from module neuron_intra_Nbits.
Setting constant 0-bit at position 0 on $flatten\mults[5].mult_i.\u1.\u1.$auto$proc_dlatch.cc:427:proc_dlatch$1213 ($dlatch) from module neuron_intra_Nbits.
Setting constant 0-bit at position 1 on $flatten\mults[5].mult_i.\u1.\u1.$auto$proc_dlatch.cc:427:proc_dlatch$1213 ($dlatch) from module neuron_intra_Nbits.
Setting constant 1-bit at position 2 on $flatten\mults[5].mult_i.\u1.\u1.$auto$proc_dlatch.cc:427:proc_dlatch$1213 ($dlatch) from module neuron_intra_Nbits.
Setting constant 1-bit at position 3 on $flatten\mults[5].mult_i.\u1.\u1.$auto$proc_dlatch.cc:427:proc_dlatch$1213 ($dlatch) from module neuron_intra_Nbits.
Setting constant 1-bit at position 0 on $flatten\mults[5].mult_i.\u1.\u1.$auto$proc_dlatch.cc:427:proc_dlatch$1235 ($dlatch) from module neuron_intra_Nbits.
Setting constant 0-bit at position 1 on $flatten\mults[5].mult_i.\u1.\u1.$auto$proc_dlatch.cc:427:proc_dlatch$1235 ($dlatch) from module neuron_intra_Nbits.
Setting constant 1-bit at position 2 on $flatten\mults[5].mult_i.\u1.\u1.$auto$proc_dlatch.cc:427:proc_dlatch$1235 ($dlatch) from module neuron_intra_Nbits.
Setting constant 1-bit at position 3 on $flatten\mults[5].mult_i.\u1.\u1.$auto$proc_dlatch.cc:427:proc_dlatch$1235 ($dlatch) from module neuron_intra_Nbits.
Setting constant 0-bit at position 0 on $flatten\mults[5].mult_i.\u1.\u1.$auto$proc_dlatch.cc:427:proc_dlatch$1257 ($dlatch) from module neuron_intra_Nbits.
Setting constant 1-bit at position 1 on $flatten\mults[5].mult_i.\u1.\u1.$auto$proc_dlatch.cc:427:proc_dlatch$1257 ($dlatch) from module neuron_intra_Nbits.
Setting constant 1-bit at position 2 on $flatten\mults[5].mult_i.\u1.\u1.$auto$proc_dlatch.cc:427:proc_dlatch$1257 ($dlatch) from module neuron_intra_Nbits.
Setting constant 1-bit at position 3 on $flatten\mults[5].mult_i.\u1.\u1.$auto$proc_dlatch.cc:427:proc_dlatch$1257 ($dlatch) from module neuron_intra_Nbits.
Setting constant 1-bit at position 0 on $flatten\mults[5].mult_i.\u1.\u1.$auto$proc_dlatch.cc:427:proc_dlatch$1279 ($dlatch) from module neuron_intra_Nbits.
Setting constant 1-bit at position 1 on $flatten\mults[5].mult_i.\u1.\u1.$auto$proc_dlatch.cc:427:proc_dlatch$1279 ($dlatch) from module neuron_intra_Nbits.
Setting constant 1-bit at position 2 on $flatten\mults[5].mult_i.\u1.\u1.$auto$proc_dlatch.cc:427:proc_dlatch$1279 ($dlatch) from module neuron_intra_Nbits.
Setting constant 1-bit at position 3 on $flatten\mults[5].mult_i.\u1.\u1.$auto$proc_dlatch.cc:427:proc_dlatch$1279 ($dlatch) from module neuron_intra_Nbits.
Setting constant 1-bit at position 0 on $flatten\mults[5].mult_i.\u1.\u2.$auto$proc_dlatch.cc:427:proc_dlatch$1103 ($dlatch) from module neuron_intra_Nbits.
Setting constant 1-bit at position 1 on $flatten\mults[5].mult_i.\u1.\u2.$auto$proc_dlatch.cc:427:proc_dlatch$1103 ($dlatch) from module neuron_intra_Nbits.
Setting constant 1-bit at position 2 on $flatten\mults[5].mult_i.\u1.\u2.$auto$proc_dlatch.cc:427:proc_dlatch$1103 ($dlatch) from module neuron_intra_Nbits.
Setting constant 0-bit at position 3 on $flatten\mults[5].mult_i.\u1.\u2.$auto$proc_dlatch.cc:427:proc_dlatch$1103 ($dlatch) from module neuron_intra_Nbits.
Setting constant 0-bit at position 0 on $flatten\mults[5].mult_i.\u1.\u2.$auto$proc_dlatch.cc:427:proc_dlatch$1125 ($dlatch) from module neuron_intra_Nbits.
Setting constant 0-bit at position 1 on $flatten\mults[5].mult_i.\u1.\u2.$auto$proc_dlatch.cc:427:proc_dlatch$1125 ($dlatch) from module neuron_intra_Nbits.
Setting constant 0-bit at position 2 on $flatten\mults[5].mult_i.\u1.\u2.$auto$proc_dlatch.cc:427:proc_dlatch$1125 ($dlatch) from module neuron_intra_Nbits.
Setting constant 1-bit at position 3 on $flatten\mults[5].mult_i.\u1.\u2.$auto$proc_dlatch.cc:427:proc_dlatch$1125 ($dlatch) from module neuron_intra_Nbits.
Setting constant 1-bit at position 0 on $flatten\mults[5].mult_i.\u1.\u2.$auto$proc_dlatch.cc:427:proc_dlatch$1147 ($dlatch) from module neuron_intra_Nbits.
Setting constant 0-bit at position 1 on $flatten\mults[5].mult_i.\u1.\u2.$auto$proc_dlatch.cc:427:proc_dlatch$1147 ($dlatch) from module neuron_intra_Nbits.
Setting constant 0-bit at position 2 on $flatten\mults[5].mult_i.\u1.\u2.$auto$proc_dlatch.cc:427:proc_dlatch$1147 ($dlatch) from module neuron_intra_Nbits.
Setting constant 1-bit at position 3 on $flatten\mults[5].mult_i.\u1.\u2.$auto$proc_dlatch.cc:427:proc_dlatch$1147 ($dlatch) from module neuron_intra_Nbits.
Setting constant 0-bit at position 0 on $flatten\mults[5].mult_i.\u1.\u2.$auto$proc_dlatch.cc:427:proc_dlatch$1169 ($dlatch) from module neuron_intra_Nbits.
Setting constant 1-bit at position 1 on $flatten\mults[5].mult_i.\u1.\u2.$auto$proc_dlatch.cc:427:proc_dlatch$1169 ($dlatch) from module neuron_intra_Nbits.
Setting constant 0-bit at position 2 on $flatten\mults[5].mult_i.\u1.\u2.$auto$proc_dlatch.cc:427:proc_dlatch$1169 ($dlatch) from module neuron_intra_Nbits.
Setting constant 1-bit at position 3 on $flatten\mults[5].mult_i.\u1.\u2.$auto$proc_dlatch.cc:427:proc_dlatch$1169 ($dlatch) from module neuron_intra_Nbits.
Setting constant 1-bit at position 0 on $flatten\mults[5].mult_i.\u1.\u2.$auto$proc_dlatch.cc:427:proc_dlatch$1191 ($dlatch) from module neuron_intra_Nbits.
Setting constant 1-bit at position 1 on $flatten\mults[5].mult_i.\u1.\u2.$auto$proc_dlatch.cc:427:proc_dlatch$1191 ($dlatch) from module neuron_intra_Nbits.
Setting constant 0-bit at position 2 on $flatten\mults[5].mult_i.\u1.\u2.$auto$proc_dlatch.cc:427:proc_dlatch$1191 ($dlatch) from module neuron_intra_Nbits.
Setting constant 1-bit at position 3 on $flatten\mults[5].mult_i.\u1.\u2.$auto$proc_dlatch.cc:427:proc_dlatch$1191 ($dlatch) from module neuron_intra_Nbits.
Setting constant 0-bit at position 0 on $flatten\mults[5].mult_i.\u1.\u2.$auto$proc_dlatch.cc:427:proc_dlatch$1213 ($dlatch) from module neuron_intra_Nbits.
Setting constant 0-bit at position 1 on $flatten\mults[5].mult_i.\u1.\u2.$auto$proc_dlatch.cc:427:proc_dlatch$1213 ($dlatch) from module neuron_intra_Nbits.
Setting constant 1-bit at position 2 on $flatten\mults[5].mult_i.\u1.\u2.$auto$proc_dlatch.cc:427:proc_dlatch$1213 ($dlatch) from module neuron_intra_Nbits.
Setting constant 1-bit at position 3 on $flatten\mults[5].mult_i.\u1.\u2.$auto$proc_dlatch.cc:427:proc_dlatch$1213 ($dlatch) from module neuron_intra_Nbits.
Setting constant 1-bit at position 0 on $flatten\mults[5].mult_i.\u1.\u2.$auto$proc_dlatch.cc:427:proc_dlatch$1235 ($dlatch) from module neuron_intra_Nbits.
Setting constant 0-bit at position 1 on $flatten\mults[5].mult_i.\u1.\u2.$auto$proc_dlatch.cc:427:proc_dlatch$1235 ($dlatch) from module neuron_intra_Nbits.
Setting constant 1-bit at position 2 on $flatten\mults[5].mult_i.\u1.\u2.$auto$proc_dlatch.cc:427:proc_dlatch$1235 ($dlatch) from module neuron_intra_Nbits.
Setting constant 1-bit at position 3 on $flatten\mults[5].mult_i.\u1.\u2.$auto$proc_dlatch.cc:427:proc_dlatch$1235 ($dlatch) from module neuron_intra_Nbits.
Setting constant 0-bit at position 0 on $flatten\mults[5].mult_i.\u1.\u2.$auto$proc_dlatch.cc:427:proc_dlatch$1257 ($dlatch) from module neuron_intra_Nbits.
Setting constant 1-bit at position 1 on $flatten\mults[5].mult_i.\u1.\u2.$auto$proc_dlatch.cc:427:proc_dlatch$1257 ($dlatch) from module neuron_intra_Nbits.
Setting constant 1-bit at position 2 on $flatten\mults[5].mult_i.\u1.\u2.$auto$proc_dlatch.cc:427:proc_dlatch$1257 ($dlatch) from module neuron_intra_Nbits.
Setting constant 1-bit at position 3 on $flatten\mults[5].mult_i.\u1.\u2.$auto$proc_dlatch.cc:427:proc_dlatch$1257 ($dlatch) from module neuron_intra_Nbits.
Setting constant 1-bit at position 0 on $flatten\mults[5].mult_i.\u1.\u2.$auto$proc_dlatch.cc:427:proc_dlatch$1279 ($dlatch) from module neuron_intra_Nbits.
Setting constant 1-bit at position 1 on $flatten\mults[5].mult_i.\u1.\u2.$auto$proc_dlatch.cc:427:proc_dlatch$1279 ($dlatch) from module neuron_intra_Nbits.
Setting constant 1-bit at position 2 on $flatten\mults[5].mult_i.\u1.\u2.$auto$proc_dlatch.cc:427:proc_dlatch$1279 ($dlatch) from module neuron_intra_Nbits.
Setting constant 1-bit at position 3 on $flatten\mults[5].mult_i.\u1.\u2.$auto$proc_dlatch.cc:427:proc_dlatch$1279 ($dlatch) from module neuron_intra_Nbits.
Setting constant 1-bit at position 0 on $flatten\mults[6].mult_i.\u1.\u1.$auto$proc_dlatch.cc:427:proc_dlatch$1103 ($dlatch) from module neuron_intra_Nbits.
Setting constant 1-bit at position 1 on $flatten\mults[6].mult_i.\u1.\u1.$auto$proc_dlatch.cc:427:proc_dlatch$1103 ($dlatch) from module neuron_intra_Nbits.
Setting constant 1-bit at position 2 on $flatten\mults[6].mult_i.\u1.\u1.$auto$proc_dlatch.cc:427:proc_dlatch$1103 ($dlatch) from module neuron_intra_Nbits.
Setting constant 0-bit at position 3 on $flatten\mults[6].mult_i.\u1.\u1.$auto$proc_dlatch.cc:427:proc_dlatch$1103 ($dlatch) from module neuron_intra_Nbits.
Setting constant 0-bit at position 0 on $flatten\mults[6].mult_i.\u1.\u1.$auto$proc_dlatch.cc:427:proc_dlatch$1125 ($dlatch) from module neuron_intra_Nbits.
Setting constant 0-bit at position 1 on $flatten\mults[6].mult_i.\u1.\u1.$auto$proc_dlatch.cc:427:proc_dlatch$1125 ($dlatch) from module neuron_intra_Nbits.
Setting constant 0-bit at position 2 on $flatten\mults[6].mult_i.\u1.\u1.$auto$proc_dlatch.cc:427:proc_dlatch$1125 ($dlatch) from module neuron_intra_Nbits.
Setting constant 1-bit at position 3 on $flatten\mults[6].mult_i.\u1.\u1.$auto$proc_dlatch.cc:427:proc_dlatch$1125 ($dlatch) from module neuron_intra_Nbits.
Setting constant 1-bit at position 0 on $flatten\mults[6].mult_i.\u1.\u1.$auto$proc_dlatch.cc:427:proc_dlatch$1147 ($dlatch) from module neuron_intra_Nbits.
Setting constant 0-bit at position 1 on $flatten\mults[6].mult_i.\u1.\u1.$auto$proc_dlatch.cc:427:proc_dlatch$1147 ($dlatch) from module neuron_intra_Nbits.
Setting constant 0-bit at position 2 on $flatten\mults[6].mult_i.\u1.\u1.$auto$proc_dlatch.cc:427:proc_dlatch$1147 ($dlatch) from module neuron_intra_Nbits.
Setting constant 1-bit at position 3 on $flatten\mults[6].mult_i.\u1.\u1.$auto$proc_dlatch.cc:427:proc_dlatch$1147 ($dlatch) from module neuron_intra_Nbits.
Setting constant 0-bit at position 0 on $flatten\mults[6].mult_i.\u1.\u1.$auto$proc_dlatch.cc:427:proc_dlatch$1169 ($dlatch) from module neuron_intra_Nbits.
Setting constant 1-bit at position 1 on $flatten\mults[6].mult_i.\u1.\u1.$auto$proc_dlatch.cc:427:proc_dlatch$1169 ($dlatch) from module neuron_intra_Nbits.
Setting constant 0-bit at position 2 on $flatten\mults[6].mult_i.\u1.\u1.$auto$proc_dlatch.cc:427:proc_dlatch$1169 ($dlatch) from module neuron_intra_Nbits.
Setting constant 1-bit at position 3 on $flatten\mults[6].mult_i.\u1.\u1.$auto$proc_dlatch.cc:427:proc_dlatch$1169 ($dlatch) from module neuron_intra_Nbits.
Setting constant 1-bit at position 0 on $flatten\mults[6].mult_i.\u1.\u1.$auto$proc_dlatch.cc:427:proc_dlatch$1191 ($dlatch) from module neuron_intra_Nbits.
Setting constant 1-bit at position 1 on $flatten\mults[6].mult_i.\u1.\u1.$auto$proc_dlatch.cc:427:proc_dlatch$1191 ($dlatch) from module neuron_intra_Nbits.
Setting constant 0-bit at position 2 on $flatten\mults[6].mult_i.\u1.\u1.$auto$proc_dlatch.cc:427:proc_dlatch$1191 ($dlatch) from module neuron_intra_Nbits.
Setting constant 1-bit at position 3 on $flatten\mults[6].mult_i.\u1.\u1.$auto$proc_dlatch.cc:427:proc_dlatch$1191 ($dlatch) from module neuron_intra_Nbits.
Setting constant 0-bit at position 0 on $flatten\mults[6].mult_i.\u1.\u1.$auto$proc_dlatch.cc:427:proc_dlatch$1213 ($dlatch) from module neuron_intra_Nbits.
Setting constant 0-bit at position 1 on $flatten\mults[6].mult_i.\u1.\u1.$auto$proc_dlatch.cc:427:proc_dlatch$1213 ($dlatch) from module neuron_intra_Nbits.
Setting constant 1-bit at position 2 on $flatten\mults[6].mult_i.\u1.\u1.$auto$proc_dlatch.cc:427:proc_dlatch$1213 ($dlatch) from module neuron_intra_Nbits.
Setting constant 1-bit at position 3 on $flatten\mults[6].mult_i.\u1.\u1.$auto$proc_dlatch.cc:427:proc_dlatch$1213 ($dlatch) from module neuron_intra_Nbits.
Setting constant 1-bit at position 0 on $flatten\mults[6].mult_i.\u1.\u1.$auto$proc_dlatch.cc:427:proc_dlatch$1235 ($dlatch) from module neuron_intra_Nbits.
Setting constant 0-bit at position 1 on $flatten\mults[6].mult_i.\u1.\u1.$auto$proc_dlatch.cc:427:proc_dlatch$1235 ($dlatch) from module neuron_intra_Nbits.
Setting constant 1-bit at position 2 on $flatten\mults[6].mult_i.\u1.\u1.$auto$proc_dlatch.cc:427:proc_dlatch$1235 ($dlatch) from module neuron_intra_Nbits.
Setting constant 1-bit at position 3 on $flatten\mults[6].mult_i.\u1.\u1.$auto$proc_dlatch.cc:427:proc_dlatch$1235 ($dlatch) from module neuron_intra_Nbits.
Setting constant 0-bit at position 0 on $flatten\mults[6].mult_i.\u1.\u1.$auto$proc_dlatch.cc:427:proc_dlatch$1257 ($dlatch) from module neuron_intra_Nbits.
Setting constant 1-bit at position 1 on $flatten\mults[6].mult_i.\u1.\u1.$auto$proc_dlatch.cc:427:proc_dlatch$1257 ($dlatch) from module neuron_intra_Nbits.
Setting constant 1-bit at position 2 on $flatten\mults[6].mult_i.\u1.\u1.$auto$proc_dlatch.cc:427:proc_dlatch$1257 ($dlatch) from module neuron_intra_Nbits.
Setting constant 1-bit at position 3 on $flatten\mults[6].mult_i.\u1.\u1.$auto$proc_dlatch.cc:427:proc_dlatch$1257 ($dlatch) from module neuron_intra_Nbits.
Setting constant 1-bit at position 0 on $flatten\mults[6].mult_i.\u1.\u1.$auto$proc_dlatch.cc:427:proc_dlatch$1279 ($dlatch) from module neuron_intra_Nbits.
Setting constant 1-bit at position 1 on $flatten\mults[6].mult_i.\u1.\u1.$auto$proc_dlatch.cc:427:proc_dlatch$1279 ($dlatch) from module neuron_intra_Nbits.
Setting constant 1-bit at position 2 on $flatten\mults[6].mult_i.\u1.\u1.$auto$proc_dlatch.cc:427:proc_dlatch$1279 ($dlatch) from module neuron_intra_Nbits.
Setting constant 1-bit at position 3 on $flatten\mults[6].mult_i.\u1.\u1.$auto$proc_dlatch.cc:427:proc_dlatch$1279 ($dlatch) from module neuron_intra_Nbits.
Setting constant 1-bit at position 0 on $flatten\mults[6].mult_i.\u1.\u2.$auto$proc_dlatch.cc:427:proc_dlatch$1103 ($dlatch) from module neuron_intra_Nbits.
Setting constant 1-bit at position 1 on $flatten\mults[6].mult_i.\u1.\u2.$auto$proc_dlatch.cc:427:proc_dlatch$1103 ($dlatch) from module neuron_intra_Nbits.
Setting constant 1-bit at position 2 on $flatten\mults[6].mult_i.\u1.\u2.$auto$proc_dlatch.cc:427:proc_dlatch$1103 ($dlatch) from module neuron_intra_Nbits.
Setting constant 0-bit at position 3 on $flatten\mults[6].mult_i.\u1.\u2.$auto$proc_dlatch.cc:427:proc_dlatch$1103 ($dlatch) from module neuron_intra_Nbits.
Setting constant 0-bit at position 0 on $flatten\mults[6].mult_i.\u1.\u2.$auto$proc_dlatch.cc:427:proc_dlatch$1125 ($dlatch) from module neuron_intra_Nbits.
Setting constant 0-bit at position 1 on $flatten\mults[6].mult_i.\u1.\u2.$auto$proc_dlatch.cc:427:proc_dlatch$1125 ($dlatch) from module neuron_intra_Nbits.
Setting constant 0-bit at position 2 on $flatten\mults[6].mult_i.\u1.\u2.$auto$proc_dlatch.cc:427:proc_dlatch$1125 ($dlatch) from module neuron_intra_Nbits.
Setting constant 1-bit at position 3 on $flatten\mults[6].mult_i.\u1.\u2.$auto$proc_dlatch.cc:427:proc_dlatch$1125 ($dlatch) from module neuron_intra_Nbits.
Setting constant 1-bit at position 0 on $flatten\mults[6].mult_i.\u1.\u2.$auto$proc_dlatch.cc:427:proc_dlatch$1147 ($dlatch) from module neuron_intra_Nbits.
Setting constant 0-bit at position 1 on $flatten\mults[6].mult_i.\u1.\u2.$auto$proc_dlatch.cc:427:proc_dlatch$1147 ($dlatch) from module neuron_intra_Nbits.
Setting constant 0-bit at position 2 on $flatten\mults[6].mult_i.\u1.\u2.$auto$proc_dlatch.cc:427:proc_dlatch$1147 ($dlatch) from module neuron_intra_Nbits.
Setting constant 1-bit at position 3 on $flatten\mults[6].mult_i.\u1.\u2.$auto$proc_dlatch.cc:427:proc_dlatch$1147 ($dlatch) from module neuron_intra_Nbits.
Setting constant 0-bit at position 0 on $flatten\mults[6].mult_i.\u1.\u2.$auto$proc_dlatch.cc:427:proc_dlatch$1169 ($dlatch) from module neuron_intra_Nbits.
Setting constant 1-bit at position 1 on $flatten\mults[6].mult_i.\u1.\u2.$auto$proc_dlatch.cc:427:proc_dlatch$1169 ($dlatch) from module neuron_intra_Nbits.
Setting constant 0-bit at position 2 on $flatten\mults[6].mult_i.\u1.\u2.$auto$proc_dlatch.cc:427:proc_dlatch$1169 ($dlatch) from module neuron_intra_Nbits.
Setting constant 1-bit at position 3 on $flatten\mults[6].mult_i.\u1.\u2.$auto$proc_dlatch.cc:427:proc_dlatch$1169 ($dlatch) from module neuron_intra_Nbits.
Setting constant 1-bit at position 0 on $flatten\mults[6].mult_i.\u1.\u2.$auto$proc_dlatch.cc:427:proc_dlatch$1191 ($dlatch) from module neuron_intra_Nbits.
Setting constant 1-bit at position 1 on $flatten\mults[6].mult_i.\u1.\u2.$auto$proc_dlatch.cc:427:proc_dlatch$1191 ($dlatch) from module neuron_intra_Nbits.
Setting constant 0-bit at position 2 on $flatten\mults[6].mult_i.\u1.\u2.$auto$proc_dlatch.cc:427:proc_dlatch$1191 ($dlatch) from module neuron_intra_Nbits.
Setting constant 1-bit at position 3 on $flatten\mults[6].mult_i.\u1.\u2.$auto$proc_dlatch.cc:427:proc_dlatch$1191 ($dlatch) from module neuron_intra_Nbits.
Setting constant 0-bit at position 0 on $flatten\mults[6].mult_i.\u1.\u2.$auto$proc_dlatch.cc:427:proc_dlatch$1213 ($dlatch) from module neuron_intra_Nbits.
Setting constant 0-bit at position 1 on $flatten\mults[6].mult_i.\u1.\u2.$auto$proc_dlatch.cc:427:proc_dlatch$1213 ($dlatch) from module neuron_intra_Nbits.
Setting constant 1-bit at position 2 on $flatten\mults[6].mult_i.\u1.\u2.$auto$proc_dlatch.cc:427:proc_dlatch$1213 ($dlatch) from module neuron_intra_Nbits.
Setting constant 1-bit at position 3 on $flatten\mults[6].mult_i.\u1.\u2.$auto$proc_dlatch.cc:427:proc_dlatch$1213 ($dlatch) from module neuron_intra_Nbits.
Setting constant 1-bit at position 0 on $flatten\mults[6].mult_i.\u1.\u2.$auto$proc_dlatch.cc:427:proc_dlatch$1235 ($dlatch) from module neuron_intra_Nbits.
Setting constant 0-bit at position 1 on $flatten\mults[6].mult_i.\u1.\u2.$auto$proc_dlatch.cc:427:proc_dlatch$1235 ($dlatch) from module neuron_intra_Nbits.
Setting constant 1-bit at position 2 on $flatten\mults[6].mult_i.\u1.\u2.$auto$proc_dlatch.cc:427:proc_dlatch$1235 ($dlatch) from module neuron_intra_Nbits.
Setting constant 1-bit at position 3 on $flatten\mults[6].mult_i.\u1.\u2.$auto$proc_dlatch.cc:427:proc_dlatch$1235 ($dlatch) from module neuron_intra_Nbits.
Setting constant 0-bit at position 0 on $flatten\mults[6].mult_i.\u1.\u2.$auto$proc_dlatch.cc:427:proc_dlatch$1257 ($dlatch) from module neuron_intra_Nbits.
Setting constant 1-bit at position 1 on $flatten\mults[6].mult_i.\u1.\u2.$auto$proc_dlatch.cc:427:proc_dlatch$1257 ($dlatch) from module neuron_intra_Nbits.
Setting constant 1-bit at position 2 on $flatten\mults[6].mult_i.\u1.\u2.$auto$proc_dlatch.cc:427:proc_dlatch$1257 ($dlatch) from module neuron_intra_Nbits.
Setting constant 1-bit at position 3 on $flatten\mults[6].mult_i.\u1.\u2.$auto$proc_dlatch.cc:427:proc_dlatch$1257 ($dlatch) from module neuron_intra_Nbits.
Setting constant 1-bit at position 0 on $flatten\mults[6].mult_i.\u1.\u2.$auto$proc_dlatch.cc:427:proc_dlatch$1279 ($dlatch) from module neuron_intra_Nbits.
Setting constant 1-bit at position 1 on $flatten\mults[6].mult_i.\u1.\u2.$auto$proc_dlatch.cc:427:proc_dlatch$1279 ($dlatch) from module neuron_intra_Nbits.
Setting constant 1-bit at position 2 on $flatten\mults[6].mult_i.\u1.\u2.$auto$proc_dlatch.cc:427:proc_dlatch$1279 ($dlatch) from module neuron_intra_Nbits.
Setting constant 1-bit at position 3 on $flatten\mults[6].mult_i.\u1.\u2.$auto$proc_dlatch.cc:427:proc_dlatch$1279 ($dlatch) from module neuron_intra_Nbits.
Setting constant 1-bit at position 0 on $flatten\mults[7].mult_i.\u1.\u1.$auto$proc_dlatch.cc:427:proc_dlatch$1103 ($dlatch) from module neuron_intra_Nbits.
Setting constant 1-bit at position 1 on $flatten\mults[7].mult_i.\u1.\u1.$auto$proc_dlatch.cc:427:proc_dlatch$1103 ($dlatch) from module neuron_intra_Nbits.
Setting constant 1-bit at position 2 on $flatten\mults[7].mult_i.\u1.\u1.$auto$proc_dlatch.cc:427:proc_dlatch$1103 ($dlatch) from module neuron_intra_Nbits.
Setting constant 0-bit at position 3 on $flatten\mults[7].mult_i.\u1.\u1.$auto$proc_dlatch.cc:427:proc_dlatch$1103 ($dlatch) from module neuron_intra_Nbits.
Setting constant 0-bit at position 0 on $flatten\mults[7].mult_i.\u1.\u1.$auto$proc_dlatch.cc:427:proc_dlatch$1125 ($dlatch) from module neuron_intra_Nbits.
Setting constant 0-bit at position 1 on $flatten\mults[7].mult_i.\u1.\u1.$auto$proc_dlatch.cc:427:proc_dlatch$1125 ($dlatch) from module neuron_intra_Nbits.
Setting constant 0-bit at position 2 on $flatten\mults[7].mult_i.\u1.\u1.$auto$proc_dlatch.cc:427:proc_dlatch$1125 ($dlatch) from module neuron_intra_Nbits.
Setting constant 1-bit at position 3 on $flatten\mults[7].mult_i.\u1.\u1.$auto$proc_dlatch.cc:427:proc_dlatch$1125 ($dlatch) from module neuron_intra_Nbits.
Setting constant 1-bit at position 0 on $flatten\mults[7].mult_i.\u1.\u1.$auto$proc_dlatch.cc:427:proc_dlatch$1147 ($dlatch) from module neuron_intra_Nbits.
Setting constant 0-bit at position 1 on $flatten\mults[7].mult_i.\u1.\u1.$auto$proc_dlatch.cc:427:proc_dlatch$1147 ($dlatch) from module neuron_intra_Nbits.
Setting constant 0-bit at position 2 on $flatten\mults[7].mult_i.\u1.\u1.$auto$proc_dlatch.cc:427:proc_dlatch$1147 ($dlatch) from module neuron_intra_Nbits.
Setting constant 1-bit at position 3 on $flatten\mults[7].mult_i.\u1.\u1.$auto$proc_dlatch.cc:427:proc_dlatch$1147 ($dlatch) from module neuron_intra_Nbits.
Setting constant 0-bit at position 0 on $flatten\mults[7].mult_i.\u1.\u1.$auto$proc_dlatch.cc:427:proc_dlatch$1169 ($dlatch) from module neuron_intra_Nbits.
Setting constant 1-bit at position 1 on $flatten\mults[7].mult_i.\u1.\u1.$auto$proc_dlatch.cc:427:proc_dlatch$1169 ($dlatch) from module neuron_intra_Nbits.
Setting constant 0-bit at position 2 on $flatten\mults[7].mult_i.\u1.\u1.$auto$proc_dlatch.cc:427:proc_dlatch$1169 ($dlatch) from module neuron_intra_Nbits.
Setting constant 1-bit at position 3 on $flatten\mults[7].mult_i.\u1.\u1.$auto$proc_dlatch.cc:427:proc_dlatch$1169 ($dlatch) from module neuron_intra_Nbits.
Setting constant 1-bit at position 0 on $flatten\mults[7].mult_i.\u1.\u1.$auto$proc_dlatch.cc:427:proc_dlatch$1191 ($dlatch) from module neuron_intra_Nbits.
Setting constant 1-bit at position 1 on $flatten\mults[7].mult_i.\u1.\u1.$auto$proc_dlatch.cc:427:proc_dlatch$1191 ($dlatch) from module neuron_intra_Nbits.
Setting constant 0-bit at position 2 on $flatten\mults[7].mult_i.\u1.\u1.$auto$proc_dlatch.cc:427:proc_dlatch$1191 ($dlatch) from module neuron_intra_Nbits.
Setting constant 1-bit at position 3 on $flatten\mults[7].mult_i.\u1.\u1.$auto$proc_dlatch.cc:427:proc_dlatch$1191 ($dlatch) from module neuron_intra_Nbits.
Setting constant 0-bit at position 0 on $flatten\mults[7].mult_i.\u1.\u1.$auto$proc_dlatch.cc:427:proc_dlatch$1213 ($dlatch) from module neuron_intra_Nbits.
Setting constant 0-bit at position 1 on $flatten\mults[7].mult_i.\u1.\u1.$auto$proc_dlatch.cc:427:proc_dlatch$1213 ($dlatch) from module neuron_intra_Nbits.
Setting constant 1-bit at position 2 on $flatten\mults[7].mult_i.\u1.\u1.$auto$proc_dlatch.cc:427:proc_dlatch$1213 ($dlatch) from module neuron_intra_Nbits.
Setting constant 1-bit at position 3 on $flatten\mults[7].mult_i.\u1.\u1.$auto$proc_dlatch.cc:427:proc_dlatch$1213 ($dlatch) from module neuron_intra_Nbits.
Setting constant 1-bit at position 0 on $flatten\mults[7].mult_i.\u1.\u1.$auto$proc_dlatch.cc:427:proc_dlatch$1235 ($dlatch) from module neuron_intra_Nbits.
Setting constant 0-bit at position 1 on $flatten\mults[7].mult_i.\u1.\u1.$auto$proc_dlatch.cc:427:proc_dlatch$1235 ($dlatch) from module neuron_intra_Nbits.
Setting constant 1-bit at position 2 on $flatten\mults[7].mult_i.\u1.\u1.$auto$proc_dlatch.cc:427:proc_dlatch$1235 ($dlatch) from module neuron_intra_Nbits.
Setting constant 1-bit at position 3 on $flatten\mults[7].mult_i.\u1.\u1.$auto$proc_dlatch.cc:427:proc_dlatch$1235 ($dlatch) from module neuron_intra_Nbits.
Setting constant 0-bit at position 0 on $flatten\mults[7].mult_i.\u1.\u1.$auto$proc_dlatch.cc:427:proc_dlatch$1257 ($dlatch) from module neuron_intra_Nbits.
Setting constant 1-bit at position 1 on $flatten\mults[7].mult_i.\u1.\u1.$auto$proc_dlatch.cc:427:proc_dlatch$1257 ($dlatch) from module neuron_intra_Nbits.
Setting constant 1-bit at position 2 on $flatten\mults[7].mult_i.\u1.\u1.$auto$proc_dlatch.cc:427:proc_dlatch$1257 ($dlatch) from module neuron_intra_Nbits.
Setting constant 1-bit at position 3 on $flatten\mults[7].mult_i.\u1.\u1.$auto$proc_dlatch.cc:427:proc_dlatch$1257 ($dlatch) from module neuron_intra_Nbits.
Setting constant 1-bit at position 0 on $flatten\mults[7].mult_i.\u1.\u1.$auto$proc_dlatch.cc:427:proc_dlatch$1279 ($dlatch) from module neuron_intra_Nbits.
Setting constant 1-bit at position 1 on $flatten\mults[7].mult_i.\u1.\u1.$auto$proc_dlatch.cc:427:proc_dlatch$1279 ($dlatch) from module neuron_intra_Nbits.
Setting constant 1-bit at position 2 on $flatten\mults[7].mult_i.\u1.\u1.$auto$proc_dlatch.cc:427:proc_dlatch$1279 ($dlatch) from module neuron_intra_Nbits.
Setting constant 1-bit at position 3 on $flatten\mults[7].mult_i.\u1.\u1.$auto$proc_dlatch.cc:427:proc_dlatch$1279 ($dlatch) from module neuron_intra_Nbits.
Setting constant 1-bit at position 0 on $flatten\mults[7].mult_i.\u1.\u2.$auto$proc_dlatch.cc:427:proc_dlatch$1103 ($dlatch) from module neuron_intra_Nbits.
Setting constant 1-bit at position 1 on $flatten\mults[7].mult_i.\u1.\u2.$auto$proc_dlatch.cc:427:proc_dlatch$1103 ($dlatch) from module neuron_intra_Nbits.
Setting constant 1-bit at position 2 on $flatten\mults[7].mult_i.\u1.\u2.$auto$proc_dlatch.cc:427:proc_dlatch$1103 ($dlatch) from module neuron_intra_Nbits.
Setting constant 0-bit at position 3 on $flatten\mults[7].mult_i.\u1.\u2.$auto$proc_dlatch.cc:427:proc_dlatch$1103 ($dlatch) from module neuron_intra_Nbits.
Setting constant 0-bit at position 0 on $flatten\mults[7].mult_i.\u1.\u2.$auto$proc_dlatch.cc:427:proc_dlatch$1125 ($dlatch) from module neuron_intra_Nbits.
Setting constant 0-bit at position 1 on $flatten\mults[7].mult_i.\u1.\u2.$auto$proc_dlatch.cc:427:proc_dlatch$1125 ($dlatch) from module neuron_intra_Nbits.
Setting constant 0-bit at position 2 on $flatten\mults[7].mult_i.\u1.\u2.$auto$proc_dlatch.cc:427:proc_dlatch$1125 ($dlatch) from module neuron_intra_Nbits.
Setting constant 1-bit at position 3 on $flatten\mults[7].mult_i.\u1.\u2.$auto$proc_dlatch.cc:427:proc_dlatch$1125 ($dlatch) from module neuron_intra_Nbits.
Setting constant 1-bit at position 0 on $flatten\mults[7].mult_i.\u1.\u2.$auto$proc_dlatch.cc:427:proc_dlatch$1147 ($dlatch) from module neuron_intra_Nbits.
Setting constant 0-bit at position 1 on $flatten\mults[7].mult_i.\u1.\u2.$auto$proc_dlatch.cc:427:proc_dlatch$1147 ($dlatch) from module neuron_intra_Nbits.
Setting constant 0-bit at position 2 on $flatten\mults[7].mult_i.\u1.\u2.$auto$proc_dlatch.cc:427:proc_dlatch$1147 ($dlatch) from module neuron_intra_Nbits.
Setting constant 1-bit at position 3 on $flatten\mults[7].mult_i.\u1.\u2.$auto$proc_dlatch.cc:427:proc_dlatch$1147 ($dlatch) from module neuron_intra_Nbits.
Setting constant 0-bit at position 0 on $flatten\mults[7].mult_i.\u1.\u2.$auto$proc_dlatch.cc:427:proc_dlatch$1169 ($dlatch) from module neuron_intra_Nbits.
Setting constant 1-bit at position 1 on $flatten\mults[7].mult_i.\u1.\u2.$auto$proc_dlatch.cc:427:proc_dlatch$1169 ($dlatch) from module neuron_intra_Nbits.
Setting constant 0-bit at position 2 on $flatten\mults[7].mult_i.\u1.\u2.$auto$proc_dlatch.cc:427:proc_dlatch$1169 ($dlatch) from module neuron_intra_Nbits.
Setting constant 1-bit at position 3 on $flatten\mults[7].mult_i.\u1.\u2.$auto$proc_dlatch.cc:427:proc_dlatch$1169 ($dlatch) from module neuron_intra_Nbits.
Setting constant 1-bit at position 0 on $flatten\mults[7].mult_i.\u1.\u2.$auto$proc_dlatch.cc:427:proc_dlatch$1191 ($dlatch) from module neuron_intra_Nbits.
Setting constant 1-bit at position 1 on $flatten\mults[7].mult_i.\u1.\u2.$auto$proc_dlatch.cc:427:proc_dlatch$1191 ($dlatch) from module neuron_intra_Nbits.
Setting constant 0-bit at position 2 on $flatten\mults[7].mult_i.\u1.\u2.$auto$proc_dlatch.cc:427:proc_dlatch$1191 ($dlatch) from module neuron_intra_Nbits.
Setting constant 1-bit at position 3 on $flatten\mults[7].mult_i.\u1.\u2.$auto$proc_dlatch.cc:427:proc_dlatch$1191 ($dlatch) from module neuron_intra_Nbits.
Setting constant 0-bit at position 0 on $flatten\mults[7].mult_i.\u1.\u2.$auto$proc_dlatch.cc:427:proc_dlatch$1213 ($dlatch) from module neuron_intra_Nbits.
Setting constant 0-bit at position 1 on $flatten\mults[7].mult_i.\u1.\u2.$auto$proc_dlatch.cc:427:proc_dlatch$1213 ($dlatch) from module neuron_intra_Nbits.
Setting constant 1-bit at position 2 on $flatten\mults[7].mult_i.\u1.\u2.$auto$proc_dlatch.cc:427:proc_dlatch$1213 ($dlatch) from module neuron_intra_Nbits.
Setting constant 1-bit at position 3 on $flatten\mults[7].mult_i.\u1.\u2.$auto$proc_dlatch.cc:427:proc_dlatch$1213 ($dlatch) from module neuron_intra_Nbits.
Setting constant 1-bit at position 0 on $flatten\mults[7].mult_i.\u1.\u2.$auto$proc_dlatch.cc:427:proc_dlatch$1235 ($dlatch) from module neuron_intra_Nbits.
Setting constant 0-bit at position 1 on $flatten\mults[7].mult_i.\u1.\u2.$auto$proc_dlatch.cc:427:proc_dlatch$1235 ($dlatch) from module neuron_intra_Nbits.
Setting constant 1-bit at position 2 on $flatten\mults[7].mult_i.\u1.\u2.$auto$proc_dlatch.cc:427:proc_dlatch$1235 ($dlatch) from module neuron_intra_Nbits.
Setting constant 1-bit at position 3 on $flatten\mults[7].mult_i.\u1.\u2.$auto$proc_dlatch.cc:427:proc_dlatch$1235 ($dlatch) from module neuron_intra_Nbits.
Setting constant 0-bit at position 0 on $flatten\mults[7].mult_i.\u1.\u2.$auto$proc_dlatch.cc:427:proc_dlatch$1257 ($dlatch) from module neuron_intra_Nbits.
Setting constant 1-bit at position 1 on $flatten\mults[7].mult_i.\u1.\u2.$auto$proc_dlatch.cc:427:proc_dlatch$1257 ($dlatch) from module neuron_intra_Nbits.
Setting constant 1-bit at position 2 on $flatten\mults[7].mult_i.\u1.\u2.$auto$proc_dlatch.cc:427:proc_dlatch$1257 ($dlatch) from module neuron_intra_Nbits.
Setting constant 1-bit at position 3 on $flatten\mults[7].mult_i.\u1.\u2.$auto$proc_dlatch.cc:427:proc_dlatch$1257 ($dlatch) from module neuron_intra_Nbits.
Setting constant 1-bit at position 0 on $flatten\mults[7].mult_i.\u1.\u2.$auto$proc_dlatch.cc:427:proc_dlatch$1279 ($dlatch) from module neuron_intra_Nbits.
Setting constant 1-bit at position 1 on $flatten\mults[7].mult_i.\u1.\u2.$auto$proc_dlatch.cc:427:proc_dlatch$1279 ($dlatch) from module neuron_intra_Nbits.
Setting constant 1-bit at position 2 on $flatten\mults[7].mult_i.\u1.\u2.$auto$proc_dlatch.cc:427:proc_dlatch$1279 ($dlatch) from module neuron_intra_Nbits.
Setting constant 1-bit at position 3 on $flatten\mults[7].mult_i.\u1.\u2.$auto$proc_dlatch.cc:427:proc_dlatch$1279 ($dlatch) from module neuron_intra_Nbits.

12.6.7. Executing OPT_CLEAN pass (remove unused cells and wires).
Finding unused cells or wires in module \neuron_intra_Nbits..
Removed 256 unused cells and 180 unused wires.
<suppressed ~436 debug messages>

12.6.8. Executing OPT_EXPR pass (perform const folding).
Optimizing module neuron_intra_Nbits.
<suppressed ~312 debug messages>

12.6.9. Rerunning OPT passes. (Maybe there is more to do..)

12.6.10. Executing OPT_MUXTREE pass (detect dead branches in mux trees).
Running muxtree optimizer on module \neuron_intra_Nbits..
  Creating internal representation of mux trees.
  Evaluating internal representation of mux trees.
  Analyzing evaluation results.
Removed 0 multiplexer ports.
<suppressed ~26 debug messages>

12.6.11. Executing OPT_REDUCE pass (consolidate $*mux and $reduce_* inputs).
  Optimizing cells in module \neuron_intra_Nbits.
Performed a total of 0 changes.

12.6.12. Executing OPT_MERGE pass (detect identical cells).
Finding identical cells in module `\neuron_intra_Nbits'.
Removed a total of 0 cells.

12.6.13. Executing OPT_DFF pass (perform DFF optimizations).

12.6.14. Executing OPT_CLEAN pass (remove unused cells and wires).
Finding unused cells or wires in module \neuron_intra_Nbits..
Removed 0 unused cells and 296 unused wires.
<suppressed ~1 debug messages>

12.6.15. Executing OPT_EXPR pass (perform const folding).
Optimizing module neuron_intra_Nbits.

12.6.16. Rerunning OPT passes. (Maybe there is more to do..)

12.6.17. Executing OPT_MUXTREE pass (detect dead branches in mux trees).
Running muxtree optimizer on module \neuron_intra_Nbits..
  Creating internal representation of mux trees.
  Evaluating internal representation of mux trees.
  Analyzing evaluation results.
Removed 0 multiplexer ports.
<suppressed ~26 debug messages>

12.6.18. Executing OPT_REDUCE pass (consolidate $*mux and $reduce_* inputs).
  Optimizing cells in module \neuron_intra_Nbits.
Performed a total of 0 changes.

12.6.19. Executing OPT_MERGE pass (detect identical cells).
Finding identical cells in module `\neuron_intra_Nbits'.
Removed a total of 0 cells.

12.6.20. Executing OPT_DFF pass (perform DFF optimizations).

12.6.21. Executing OPT_CLEAN pass (remove unused cells and wires).
Finding unused cells or wires in module \neuron_intra_Nbits..

12.6.22. Executing OPT_EXPR pass (perform const folding).
Optimizing module neuron_intra_Nbits.

12.6.23. Finished OPT passes. (There is nothing left to do.)

12.7. Executing FSM pass (extract and optimize FSM).

12.7.1. Executing FSM_DETECT pass (finding FSMs in design).

12.7.2. Executing FSM_EXTRACT pass (extracting FSM from design).

12.7.3. Executing FSM_OPT pass (simple optimizations of FSMs).

12.7.4. Executing OPT_CLEAN pass (remove unused cells and wires).
Finding unused cells or wires in module \neuron_intra_Nbits..

12.7.5. Executing FSM_OPT pass (simple optimizations of FSMs).

12.7.6. Executing FSM_RECODE pass (re-assigning FSM state encoding).

12.7.7. Executing FSM_INFO pass (dumping all available information on FSM cells).

12.7.8. Executing FSM_MAP pass (mapping FSMs to basic logic).

12.8. Executing OPT pass (performing simple optimizations).

12.8.1. Executing OPT_EXPR pass (perform const folding).
Optimizing module neuron_intra_Nbits.

12.8.2. Executing OPT_MERGE pass (detect identical cells).
Finding identical cells in module `\neuron_intra_Nbits'.
Removed a total of 0 cells.

12.8.3. Executing OPT_MUXTREE pass (detect dead branches in mux trees).
Running muxtree optimizer on module \neuron_intra_Nbits..
  Creating internal representation of mux trees.
  Evaluating internal representation of mux trees.
  Analyzing evaluation results.
Removed 0 multiplexer ports.
<suppressed ~26 debug messages>

12.8.4. Executing OPT_REDUCE pass (consolidate $*mux and $reduce_* inputs).
  Optimizing cells in module \neuron_intra_Nbits.
Performed a total of 0 changes.

12.8.5. Executing OPT_MERGE pass (detect identical cells).
Finding identical cells in module `\neuron_intra_Nbits'.
Removed a total of 0 cells.

12.8.6. Executing OPT_DFF pass (perform DFF optimizations).
Adding EN signal on $procdff$1292 ($adff) from module neuron_intra_Nbits (D = \ADDER_TREE[2].sum_stage, Q = \acc).
Adding EN signal on $procdff$1291 ($adff) from module neuron_intra_Nbits (D = \act_out, Q = \Out).

12.8.7. Executing OPT_CLEAN pass (remove unused cells and wires).
Finding unused cells or wires in module \neuron_intra_Nbits..
Removed 2 unused cells and 2 unused wires.
<suppressed ~3 debug messages>

12.8.8. Executing OPT_EXPR pass (perform const folding).
Optimizing module neuron_intra_Nbits.

12.8.9. Rerunning OPT passes. (Maybe there is more to do..)

12.8.10. Executing OPT_MUXTREE pass (detect dead branches in mux trees).
Running muxtree optimizer on module \neuron_intra_Nbits..
  Creating internal representation of mux trees.
  Evaluating internal representation of mux trees.
  Analyzing evaluation results.
Removed 0 multiplexer ports.
<suppressed ~25 debug messages>

12.8.11. Executing OPT_REDUCE pass (consolidate $*mux and $reduce_* inputs).
  Optimizing cells in module \neuron_intra_Nbits.
Performed a total of 0 changes.

12.8.12. Executing OPT_MERGE pass (detect identical cells).
Finding identical cells in module `\neuron_intra_Nbits'.
Removed a total of 0 cells.

12.8.13. Executing OPT_DFF pass (perform DFF optimizations).

12.8.14. Executing OPT_CLEAN pass (remove unused cells and wires).
Finding unused cells or wires in module \neuron_intra_Nbits..

12.8.15. Executing OPT_EXPR pass (perform const folding).
Optimizing module neuron_intra_Nbits.

12.8.16. Finished OPT passes. (There is nothing left to do.)

12.9. Executing WREDUCE pass (reducing word size of cells).
Removed top 16 bits (of 32) from port A of cell neuron_intra_Nbits.$flatten\mults[7].mult_i.$not$/home/juliana/venv_pytorch/lib/python3.12/site-packages/MAxPy/vlib/AxArith/multipliers/LOBA.v:21$725 ($not).
Removed top 8 bits (of 16) from mux cell neuron_intra_Nbits.$flatten\mults[7].mult_i.$ternary$/home/juliana/venv_pytorch/lib/python3.12/site-packages/MAxPy/vlib/AxArith/multipliers/LOBA.v:18$718 ($mux).
Removed top 8 bits (of 16) from mux cell neuron_intra_Nbits.$flatten\mults[7].mult_i.$ternary$/home/juliana/venv_pytorch/lib/python3.12/site-packages/MAxPy/vlib/AxArith/multipliers/LOBA.v:19$723 ($mux).
Removed top 16 bits (of 32) from mux cell neuron_intra_Nbits.$flatten\mults[7].mult_i.$ternary$/home/juliana/venv_pytorch/lib/python3.12/site-packages/MAxPy/vlib/AxArith/multipliers/LOBA.v:21$727 ($mux).
Removed top 16 bits (of 32) from port A of cell neuron_intra_Nbits.$flatten\mults[6].mult_i.$not$/home/juliana/venv_pytorch/lib/python3.12/site-packages/MAxPy/vlib/AxArith/multipliers/LOBA.v:21$725 ($not).
Removed top 8 bits (of 16) from mux cell neuron_intra_Nbits.$flatten\mults[6].mult_i.$ternary$/home/juliana/venv_pytorch/lib/python3.12/site-packages/MAxPy/vlib/AxArith/multipliers/LOBA.v:18$718 ($mux).
Removed top 8 bits (of 16) from mux cell neuron_intra_Nbits.$flatten\mults[6].mult_i.$ternary$/home/juliana/venv_pytorch/lib/python3.12/site-packages/MAxPy/vlib/AxArith/multipliers/LOBA.v:19$723 ($mux).
Removed top 16 bits (of 32) from mux cell neuron_intra_Nbits.$flatten\mults[6].mult_i.$ternary$/home/juliana/venv_pytorch/lib/python3.12/site-packages/MAxPy/vlib/AxArith/multipliers/LOBA.v:21$727 ($mux).
Removed top 16 bits (of 32) from port A of cell neuron_intra_Nbits.$flatten\mults[5].mult_i.$not$/home/juliana/venv_pytorch/lib/python3.12/site-packages/MAxPy/vlib/AxArith/multipliers/LOBA.v:21$725 ($not).
Removed top 8 bits (of 16) from mux cell neuron_intra_Nbits.$flatten\mults[5].mult_i.$ternary$/home/juliana/venv_pytorch/lib/python3.12/site-packages/MAxPy/vlib/AxArith/multipliers/LOBA.v:18$718 ($mux).
Removed top 8 bits (of 16) from mux cell neuron_intra_Nbits.$flatten\mults[5].mult_i.$ternary$/home/juliana/venv_pytorch/lib/python3.12/site-packages/MAxPy/vlib/AxArith/multipliers/LOBA.v:19$723 ($mux).
Removed top 16 bits (of 32) from mux cell neuron_intra_Nbits.$flatten\mults[5].mult_i.$ternary$/home/juliana/venv_pytorch/lib/python3.12/site-packages/MAxPy/vlib/AxArith/multipliers/LOBA.v:21$727 ($mux).
Removed top 16 bits (of 32) from port A of cell neuron_intra_Nbits.$flatten\mults[4].mult_i.$not$/home/juliana/venv_pytorch/lib/python3.12/site-packages/MAxPy/vlib/AxArith/multipliers/LOBA.v:21$725 ($not).
Removed top 8 bits (of 16) from mux cell neuron_intra_Nbits.$flatten\mults[4].mult_i.$ternary$/home/juliana/venv_pytorch/lib/python3.12/site-packages/MAxPy/vlib/AxArith/multipliers/LOBA.v:18$718 ($mux).
Removed top 8 bits (of 16) from mux cell neuron_intra_Nbits.$flatten\mults[4].mult_i.$ternary$/home/juliana/venv_pytorch/lib/python3.12/site-packages/MAxPy/vlib/AxArith/multipliers/LOBA.v:19$723 ($mux).
Removed top 16 bits (of 32) from mux cell neuron_intra_Nbits.$flatten\mults[4].mult_i.$ternary$/home/juliana/venv_pytorch/lib/python3.12/site-packages/MAxPy/vlib/AxArith/multipliers/LOBA.v:21$727 ($mux).
Removed top 16 bits (of 32) from port A of cell neuron_intra_Nbits.$flatten\mults[3].mult_i.$not$/home/juliana/venv_pytorch/lib/python3.12/site-packages/MAxPy/vlib/AxArith/multipliers/LOBA.v:21$725 ($not).
Removed top 8 bits (of 16) from mux cell neuron_intra_Nbits.$flatten\mults[3].mult_i.$ternary$/home/juliana/venv_pytorch/lib/python3.12/site-packages/MAxPy/vlib/AxArith/multipliers/LOBA.v:18$718 ($mux).
Removed top 8 bits (of 16) from mux cell neuron_intra_Nbits.$flatten\mults[3].mult_i.$ternary$/home/juliana/venv_pytorch/lib/python3.12/site-packages/MAxPy/vlib/AxArith/multipliers/LOBA.v:19$723 ($mux).
Removed top 16 bits (of 32) from mux cell neuron_intra_Nbits.$flatten\mults[3].mult_i.$ternary$/home/juliana/venv_pytorch/lib/python3.12/site-packages/MAxPy/vlib/AxArith/multipliers/LOBA.v:21$727 ($mux).
Removed top 16 bits (of 32) from port A of cell neuron_intra_Nbits.$flatten\mults[2].mult_i.$not$/home/juliana/venv_pytorch/lib/python3.12/site-packages/MAxPy/vlib/AxArith/multipliers/LOBA.v:21$725 ($not).
Removed top 8 bits (of 16) from mux cell neuron_intra_Nbits.$flatten\mults[2].mult_i.$ternary$/home/juliana/venv_pytorch/lib/python3.12/site-packages/MAxPy/vlib/AxArith/multipliers/LOBA.v:18$718 ($mux).
Removed top 8 bits (of 16) from mux cell neuron_intra_Nbits.$flatten\mults[2].mult_i.$ternary$/home/juliana/venv_pytorch/lib/python3.12/site-packages/MAxPy/vlib/AxArith/multipliers/LOBA.v:19$723 ($mux).
Removed top 16 bits (of 32) from mux cell neuron_intra_Nbits.$flatten\mults[2].mult_i.$ternary$/home/juliana/venv_pytorch/lib/python3.12/site-packages/MAxPy/vlib/AxArith/multipliers/LOBA.v:21$727 ($mux).
Removed top 16 bits (of 32) from port A of cell neuron_intra_Nbits.$flatten\mults[1].mult_i.$not$/home/juliana/venv_pytorch/lib/python3.12/site-packages/MAxPy/vlib/AxArith/multipliers/LOBA.v:21$725 ($not).
Removed top 8 bits (of 16) from mux cell neuron_intra_Nbits.$flatten\mults[1].mult_i.$ternary$/home/juliana/venv_pytorch/lib/python3.12/site-packages/MAxPy/vlib/AxArith/multipliers/LOBA.v:18$718 ($mux).
Removed top 8 bits (of 16) from mux cell neuron_intra_Nbits.$flatten\mults[1].mult_i.$ternary$/home/juliana/venv_pytorch/lib/python3.12/site-packages/MAxPy/vlib/AxArith/multipliers/LOBA.v:19$723 ($mux).
Removed top 16 bits (of 32) from mux cell neuron_intra_Nbits.$flatten\mults[1].mult_i.$ternary$/home/juliana/venv_pytorch/lib/python3.12/site-packages/MAxPy/vlib/AxArith/multipliers/LOBA.v:21$727 ($mux).
Removed top 16 bits (of 32) from port A of cell neuron_intra_Nbits.$flatten\mults[0].mult_i.$not$/home/juliana/venv_pytorch/lib/python3.12/site-packages/MAxPy/vlib/AxArith/multipliers/LOBA.v:21$725 ($not).
Removed top 8 bits (of 16) from mux cell neuron_intra_Nbits.$flatten\mults[0].mult_i.$ternary$/home/juliana/venv_pytorch/lib/python3.12/site-packages/MAxPy/vlib/AxArith/multipliers/LOBA.v:18$718 ($mux).
Removed top 8 bits (of 16) from mux cell neuron_intra_Nbits.$flatten\mults[0].mult_i.$ternary$/home/juliana/venv_pytorch/lib/python3.12/site-packages/MAxPy/vlib/AxArith/multipliers/LOBA.v:19$723 ($mux).
Removed top 16 bits (of 32) from mux cell neuron_intra_Nbits.$flatten\mults[0].mult_i.$ternary$/home/juliana/venv_pytorch/lib/python3.12/site-packages/MAxPy/vlib/AxArith/multipliers/LOBA.v:21$727 ($mux).
Removed top 8 bits (of 16) from port Y of cell neuron_intra_Nbits.$flatten\mults[7].mult_i.$add$/home/juliana/venv_pytorch/lib/python3.12/site-packages/MAxPy/vlib/AxArith/multipliers/LOBA.v:18$716 ($add).
Removed top 8 bits (of 16) from port A of cell neuron_intra_Nbits.$flatten\mults[7].mult_i.$add$/home/juliana/venv_pytorch/lib/python3.12/site-packages/MAxPy/vlib/AxArith/multipliers/LOBA.v:18$716 ($add).
Removed top 8 bits (of 16) from port Y of cell neuron_intra_Nbits.$flatten\mults[7].mult_i.$add$/home/juliana/venv_pytorch/lib/python3.12/site-packages/MAxPy/vlib/AxArith/multipliers/LOBA.v:19$721 ($add).
Removed top 8 bits (of 16) from port A of cell neuron_intra_Nbits.$flatten\mults[7].mult_i.$add$/home/juliana/venv_pytorch/lib/python3.12/site-packages/MAxPy/vlib/AxArith/multipliers/LOBA.v:19$721 ($add).
Removed top 16 bits (of 32) from port Y of cell neuron_intra_Nbits.$flatten\mults[7].mult_i.$add$/home/juliana/venv_pytorch/lib/python3.12/site-packages/MAxPy/vlib/AxArith/multipliers/LOBA.v:21$726 ($add).
Removed top 16 bits (of 32) from port A of cell neuron_intra_Nbits.$flatten\mults[7].mult_i.$add$/home/juliana/venv_pytorch/lib/python3.12/site-packages/MAxPy/vlib/AxArith/multipliers/LOBA.v:21$726 ($add).
Removed top 8 bits (of 16) from port Y of cell neuron_intra_Nbits.$flatten\mults[6].mult_i.$add$/home/juliana/venv_pytorch/lib/python3.12/site-packages/MAxPy/vlib/AxArith/multipliers/LOBA.v:18$716 ($add).
Removed top 8 bits (of 16) from port A of cell neuron_intra_Nbits.$flatten\mults[6].mult_i.$add$/home/juliana/venv_pytorch/lib/python3.12/site-packages/MAxPy/vlib/AxArith/multipliers/LOBA.v:18$716 ($add).
Removed top 8 bits (of 16) from port Y of cell neuron_intra_Nbits.$flatten\mults[6].mult_i.$add$/home/juliana/venv_pytorch/lib/python3.12/site-packages/MAxPy/vlib/AxArith/multipliers/LOBA.v:19$721 ($add).
Removed top 8 bits (of 16) from port A of cell neuron_intra_Nbits.$flatten\mults[6].mult_i.$add$/home/juliana/venv_pytorch/lib/python3.12/site-packages/MAxPy/vlib/AxArith/multipliers/LOBA.v:19$721 ($add).
Removed top 16 bits (of 32) from port Y of cell neuron_intra_Nbits.$flatten\mults[6].mult_i.$add$/home/juliana/venv_pytorch/lib/python3.12/site-packages/MAxPy/vlib/AxArith/multipliers/LOBA.v:21$726 ($add).
Removed top 16 bits (of 32) from port A of cell neuron_intra_Nbits.$flatten\mults[6].mult_i.$add$/home/juliana/venv_pytorch/lib/python3.12/site-packages/MAxPy/vlib/AxArith/multipliers/LOBA.v:21$726 ($add).
Removed top 8 bits (of 16) from port Y of cell neuron_intra_Nbits.$flatten\mults[5].mult_i.$add$/home/juliana/venv_pytorch/lib/python3.12/site-packages/MAxPy/vlib/AxArith/multipliers/LOBA.v:18$716 ($add).
Removed top 8 bits (of 16) from port A of cell neuron_intra_Nbits.$flatten\mults[5].mult_i.$add$/home/juliana/venv_pytorch/lib/python3.12/site-packages/MAxPy/vlib/AxArith/multipliers/LOBA.v:18$716 ($add).
Removed top 8 bits (of 16) from port Y of cell neuron_intra_Nbits.$flatten\mults[5].mult_i.$add$/home/juliana/venv_pytorch/lib/python3.12/site-packages/MAxPy/vlib/AxArith/multipliers/LOBA.v:19$721 ($add).
Removed top 8 bits (of 16) from port A of cell neuron_intra_Nbits.$flatten\mults[5].mult_i.$add$/home/juliana/venv_pytorch/lib/python3.12/site-packages/MAxPy/vlib/AxArith/multipliers/LOBA.v:19$721 ($add).
Removed top 16 bits (of 32) from port Y of cell neuron_intra_Nbits.$flatten\mults[5].mult_i.$add$/home/juliana/venv_pytorch/lib/python3.12/site-packages/MAxPy/vlib/AxArith/multipliers/LOBA.v:21$726 ($add).
Removed top 16 bits (of 32) from port A of cell neuron_intra_Nbits.$flatten\mults[5].mult_i.$add$/home/juliana/venv_pytorch/lib/python3.12/site-packages/MAxPy/vlib/AxArith/multipliers/LOBA.v:21$726 ($add).
Removed top 8 bits (of 16) from port Y of cell neuron_intra_Nbits.$flatten\mults[4].mult_i.$add$/home/juliana/venv_pytorch/lib/python3.12/site-packages/MAxPy/vlib/AxArith/multipliers/LOBA.v:18$716 ($add).
Removed top 8 bits (of 16) from port A of cell neuron_intra_Nbits.$flatten\mults[4].mult_i.$add$/home/juliana/venv_pytorch/lib/python3.12/site-packages/MAxPy/vlib/AxArith/multipliers/LOBA.v:18$716 ($add).
Removed top 8 bits (of 16) from port Y of cell neuron_intra_Nbits.$flatten\mults[4].mult_i.$add$/home/juliana/venv_pytorch/lib/python3.12/site-packages/MAxPy/vlib/AxArith/multipliers/LOBA.v:19$721 ($add).
Removed top 8 bits (of 16) from port A of cell neuron_intra_Nbits.$flatten\mults[4].mult_i.$add$/home/juliana/venv_pytorch/lib/python3.12/site-packages/MAxPy/vlib/AxArith/multipliers/LOBA.v:19$721 ($add).
Removed top 16 bits (of 32) from port Y of cell neuron_intra_Nbits.$flatten\mults[4].mult_i.$add$/home/juliana/venv_pytorch/lib/python3.12/site-packages/MAxPy/vlib/AxArith/multipliers/LOBA.v:21$726 ($add).
Removed top 16 bits (of 32) from port A of cell neuron_intra_Nbits.$flatten\mults[4].mult_i.$add$/home/juliana/venv_pytorch/lib/python3.12/site-packages/MAxPy/vlib/AxArith/multipliers/LOBA.v:21$726 ($add).
Removed top 8 bits (of 16) from port Y of cell neuron_intra_Nbits.$flatten\mults[3].mult_i.$add$/home/juliana/venv_pytorch/lib/python3.12/site-packages/MAxPy/vlib/AxArith/multipliers/LOBA.v:18$716 ($add).
Removed top 8 bits (of 16) from port A of cell neuron_intra_Nbits.$flatten\mults[3].mult_i.$add$/home/juliana/venv_pytorch/lib/python3.12/site-packages/MAxPy/vlib/AxArith/multipliers/LOBA.v:18$716 ($add).
Removed top 8 bits (of 16) from port Y of cell neuron_intra_Nbits.$flatten\mults[3].mult_i.$add$/home/juliana/venv_pytorch/lib/python3.12/site-packages/MAxPy/vlib/AxArith/multipliers/LOBA.v:19$721 ($add).
Removed top 8 bits (of 16) from port A of cell neuron_intra_Nbits.$flatten\mults[3].mult_i.$add$/home/juliana/venv_pytorch/lib/python3.12/site-packages/MAxPy/vlib/AxArith/multipliers/LOBA.v:19$721 ($add).
Removed top 16 bits (of 32) from port Y of cell neuron_intra_Nbits.$flatten\mults[3].mult_i.$add$/home/juliana/venv_pytorch/lib/python3.12/site-packages/MAxPy/vlib/AxArith/multipliers/LOBA.v:21$726 ($add).
Removed top 16 bits (of 32) from port A of cell neuron_intra_Nbits.$flatten\mults[3].mult_i.$add$/home/juliana/venv_pytorch/lib/python3.12/site-packages/MAxPy/vlib/AxArith/multipliers/LOBA.v:21$726 ($add).
Removed top 8 bits (of 16) from port Y of cell neuron_intra_Nbits.$flatten\mults[2].mult_i.$add$/home/juliana/venv_pytorch/lib/python3.12/site-packages/MAxPy/vlib/AxArith/multipliers/LOBA.v:18$716 ($add).
Removed top 8 bits (of 16) from port A of cell neuron_intra_Nbits.$flatten\mults[2].mult_i.$add$/home/juliana/venv_pytorch/lib/python3.12/site-packages/MAxPy/vlib/AxArith/multipliers/LOBA.v:18$716 ($add).
Removed top 8 bits (of 16) from port Y of cell neuron_intra_Nbits.$flatten\mults[2].mult_i.$add$/home/juliana/venv_pytorch/lib/python3.12/site-packages/MAxPy/vlib/AxArith/multipliers/LOBA.v:19$721 ($add).
Removed top 8 bits (of 16) from port A of cell neuron_intra_Nbits.$flatten\mults[2].mult_i.$add$/home/juliana/venv_pytorch/lib/python3.12/site-packages/MAxPy/vlib/AxArith/multipliers/LOBA.v:19$721 ($add).
Removed top 16 bits (of 32) from port Y of cell neuron_intra_Nbits.$flatten\mults[2].mult_i.$add$/home/juliana/venv_pytorch/lib/python3.12/site-packages/MAxPy/vlib/AxArith/multipliers/LOBA.v:21$726 ($add).
Removed top 16 bits (of 32) from port A of cell neuron_intra_Nbits.$flatten\mults[2].mult_i.$add$/home/juliana/venv_pytorch/lib/python3.12/site-packages/MAxPy/vlib/AxArith/multipliers/LOBA.v:21$726 ($add).
Removed top 8 bits (of 16) from port Y of cell neuron_intra_Nbits.$flatten\mults[1].mult_i.$add$/home/juliana/venv_pytorch/lib/python3.12/site-packages/MAxPy/vlib/AxArith/multipliers/LOBA.v:18$716 ($add).
Removed top 8 bits (of 16) from port A of cell neuron_intra_Nbits.$flatten\mults[1].mult_i.$add$/home/juliana/venv_pytorch/lib/python3.12/site-packages/MAxPy/vlib/AxArith/multipliers/LOBA.v:18$716 ($add).
Removed top 8 bits (of 16) from port Y of cell neuron_intra_Nbits.$flatten\mults[1].mult_i.$add$/home/juliana/venv_pytorch/lib/python3.12/site-packages/MAxPy/vlib/AxArith/multipliers/LOBA.v:19$721 ($add).
Removed top 8 bits (of 16) from port A of cell neuron_intra_Nbits.$flatten\mults[1].mult_i.$add$/home/juliana/venv_pytorch/lib/python3.12/site-packages/MAxPy/vlib/AxArith/multipliers/LOBA.v:19$721 ($add).
Removed top 16 bits (of 32) from port Y of cell neuron_intra_Nbits.$flatten\mults[1].mult_i.$add$/home/juliana/venv_pytorch/lib/python3.12/site-packages/MAxPy/vlib/AxArith/multipliers/LOBA.v:21$726 ($add).
Removed top 16 bits (of 32) from port A of cell neuron_intra_Nbits.$flatten\mults[1].mult_i.$add$/home/juliana/venv_pytorch/lib/python3.12/site-packages/MAxPy/vlib/AxArith/multipliers/LOBA.v:21$726 ($add).
Removed top 8 bits (of 16) from port Y of cell neuron_intra_Nbits.$flatten\mults[0].mult_i.$add$/home/juliana/venv_pytorch/lib/python3.12/site-packages/MAxPy/vlib/AxArith/multipliers/LOBA.v:18$716 ($add).
Removed top 8 bits (of 16) from port A of cell neuron_intra_Nbits.$flatten\mults[0].mult_i.$add$/home/juliana/venv_pytorch/lib/python3.12/site-packages/MAxPy/vlib/AxArith/multipliers/LOBA.v:18$716 ($add).
Removed top 8 bits (of 16) from port Y of cell neuron_intra_Nbits.$flatten\mults[0].mult_i.$add$/home/juliana/venv_pytorch/lib/python3.12/site-packages/MAxPy/vlib/AxArith/multipliers/LOBA.v:19$721 ($add).
Removed top 8 bits (of 16) from port A of cell neuron_intra_Nbits.$flatten\mults[0].mult_i.$add$/home/juliana/venv_pytorch/lib/python3.12/site-packages/MAxPy/vlib/AxArith/multipliers/LOBA.v:19$721 ($add).
Removed top 16 bits (of 32) from port Y of cell neuron_intra_Nbits.$flatten\mults[0].mult_i.$add$/home/juliana/venv_pytorch/lib/python3.12/site-packages/MAxPy/vlib/AxArith/multipliers/LOBA.v:21$726 ($add).
Removed top 16 bits (of 32) from port A of cell neuron_intra_Nbits.$flatten\mults[0].mult_i.$add$/home/juliana/venv_pytorch/lib/python3.12/site-packages/MAxPy/vlib/AxArith/multipliers/LOBA.v:21$726 ($add).
Removed top 8 bits (of 16) from port Y of cell neuron_intra_Nbits.$flatten\mults[7].mult_i.$not$/home/juliana/venv_pytorch/lib/python3.12/site-packages/MAxPy/vlib/AxArith/multipliers/LOBA.v:18$715 ($not).
Removed top 8 bits (of 16) from port A of cell neuron_intra_Nbits.$flatten\mults[7].mult_i.$not$/home/juliana/venv_pytorch/lib/python3.12/site-packages/MAxPy/vlib/AxArith/multipliers/LOBA.v:18$715 ($not).
Removed top 8 bits (of 16) from port Y of cell neuron_intra_Nbits.$flatten\mults[7].mult_i.$not$/home/juliana/venv_pytorch/lib/python3.12/site-packages/MAxPy/vlib/AxArith/multipliers/LOBA.v:19$720 ($not).
Removed top 8 bits (of 16) from port A of cell neuron_intra_Nbits.$flatten\mults[7].mult_i.$not$/home/juliana/venv_pytorch/lib/python3.12/site-packages/MAxPy/vlib/AxArith/multipliers/LOBA.v:19$720 ($not).
Removed top 16 bits (of 32) from port Y of cell neuron_intra_Nbits.$flatten\mults[7].mult_i.$not$/home/juliana/venv_pytorch/lib/python3.12/site-packages/MAxPy/vlib/AxArith/multipliers/LOBA.v:21$725 ($not).
Removed top 8 bits (of 16) from port Y of cell neuron_intra_Nbits.$flatten\mults[6].mult_i.$not$/home/juliana/venv_pytorch/lib/python3.12/site-packages/MAxPy/vlib/AxArith/multipliers/LOBA.v:18$715 ($not).
Removed top 8 bits (of 16) from port A of cell neuron_intra_Nbits.$flatten\mults[6].mult_i.$not$/home/juliana/venv_pytorch/lib/python3.12/site-packages/MAxPy/vlib/AxArith/multipliers/LOBA.v:18$715 ($not).
Removed top 8 bits (of 16) from port Y of cell neuron_intra_Nbits.$flatten\mults[6].mult_i.$not$/home/juliana/venv_pytorch/lib/python3.12/site-packages/MAxPy/vlib/AxArith/multipliers/LOBA.v:19$720 ($not).
Removed top 8 bits (of 16) from port A of cell neuron_intra_Nbits.$flatten\mults[6].mult_i.$not$/home/juliana/venv_pytorch/lib/python3.12/site-packages/MAxPy/vlib/AxArith/multipliers/LOBA.v:19$720 ($not).
Removed top 16 bits (of 32) from port Y of cell neuron_intra_Nbits.$flatten\mults[6].mult_i.$not$/home/juliana/venv_pytorch/lib/python3.12/site-packages/MAxPy/vlib/AxArith/multipliers/LOBA.v:21$725 ($not).
Removed top 8 bits (of 16) from port Y of cell neuron_intra_Nbits.$flatten\mults[5].mult_i.$not$/home/juliana/venv_pytorch/lib/python3.12/site-packages/MAxPy/vlib/AxArith/multipliers/LOBA.v:18$715 ($not).
Removed top 8 bits (of 16) from port A of cell neuron_intra_Nbits.$flatten\mults[5].mult_i.$not$/home/juliana/venv_pytorch/lib/python3.12/site-packages/MAxPy/vlib/AxArith/multipliers/LOBA.v:18$715 ($not).
Removed top 8 bits (of 16) from port Y of cell neuron_intra_Nbits.$flatten\mults[5].mult_i.$not$/home/juliana/venv_pytorch/lib/python3.12/site-packages/MAxPy/vlib/AxArith/multipliers/LOBA.v:19$720 ($not).
Removed top 8 bits (of 16) from port A of cell neuron_intra_Nbits.$flatten\mults[5].mult_i.$not$/home/juliana/venv_pytorch/lib/python3.12/site-packages/MAxPy/vlib/AxArith/multipliers/LOBA.v:19$720 ($not).
Removed top 16 bits (of 32) from port Y of cell neuron_intra_Nbits.$flatten\mults[5].mult_i.$not$/home/juliana/venv_pytorch/lib/python3.12/site-packages/MAxPy/vlib/AxArith/multipliers/LOBA.v:21$725 ($not).
Removed top 8 bits (of 16) from port Y of cell neuron_intra_Nbits.$flatten\mults[4].mult_i.$not$/home/juliana/venv_pytorch/lib/python3.12/site-packages/MAxPy/vlib/AxArith/multipliers/LOBA.v:18$715 ($not).
Removed top 8 bits (of 16) from port A of cell neuron_intra_Nbits.$flatten\mults[4].mult_i.$not$/home/juliana/venv_pytorch/lib/python3.12/site-packages/MAxPy/vlib/AxArith/multipliers/LOBA.v:18$715 ($not).
Removed top 8 bits (of 16) from port Y of cell neuron_intra_Nbits.$flatten\mults[4].mult_i.$not$/home/juliana/venv_pytorch/lib/python3.12/site-packages/MAxPy/vlib/AxArith/multipliers/LOBA.v:19$720 ($not).
Removed top 8 bits (of 16) from port A of cell neuron_intra_Nbits.$flatten\mults[4].mult_i.$not$/home/juliana/venv_pytorch/lib/python3.12/site-packages/MAxPy/vlib/AxArith/multipliers/LOBA.v:19$720 ($not).
Removed top 16 bits (of 32) from port Y of cell neuron_intra_Nbits.$flatten\mults[4].mult_i.$not$/home/juliana/venv_pytorch/lib/python3.12/site-packages/MAxPy/vlib/AxArith/multipliers/LOBA.v:21$725 ($not).
Removed top 8 bits (of 16) from port Y of cell neuron_intra_Nbits.$flatten\mults[3].mult_i.$not$/home/juliana/venv_pytorch/lib/python3.12/site-packages/MAxPy/vlib/AxArith/multipliers/LOBA.v:18$715 ($not).
Removed top 8 bits (of 16) from port A of cell neuron_intra_Nbits.$flatten\mults[3].mult_i.$not$/home/juliana/venv_pytorch/lib/python3.12/site-packages/MAxPy/vlib/AxArith/multipliers/LOBA.v:18$715 ($not).
Removed top 8 bits (of 16) from port Y of cell neuron_intra_Nbits.$flatten\mults[3].mult_i.$not$/home/juliana/venv_pytorch/lib/python3.12/site-packages/MAxPy/vlib/AxArith/multipliers/LOBA.v:19$720 ($not).
Removed top 8 bits (of 16) from port A of cell neuron_intra_Nbits.$flatten\mults[3].mult_i.$not$/home/juliana/venv_pytorch/lib/python3.12/site-packages/MAxPy/vlib/AxArith/multipliers/LOBA.v:19$720 ($not).
Removed top 16 bits (of 32) from port Y of cell neuron_intra_Nbits.$flatten\mults[3].mult_i.$not$/home/juliana/venv_pytorch/lib/python3.12/site-packages/MAxPy/vlib/AxArith/multipliers/LOBA.v:21$725 ($not).
Removed top 8 bits (of 16) from port Y of cell neuron_intra_Nbits.$flatten\mults[2].mult_i.$not$/home/juliana/venv_pytorch/lib/python3.12/site-packages/MAxPy/vlib/AxArith/multipliers/LOBA.v:18$715 ($not).
Removed top 8 bits (of 16) from port A of cell neuron_intra_Nbits.$flatten\mults[2].mult_i.$not$/home/juliana/venv_pytorch/lib/python3.12/site-packages/MAxPy/vlib/AxArith/multipliers/LOBA.v:18$715 ($not).
Removed top 8 bits (of 16) from port Y of cell neuron_intra_Nbits.$flatten\mults[2].mult_i.$not$/home/juliana/venv_pytorch/lib/python3.12/site-packages/MAxPy/vlib/AxArith/multipliers/LOBA.v:19$720 ($not).
Removed top 8 bits (of 16) from port A of cell neuron_intra_Nbits.$flatten\mults[2].mult_i.$not$/home/juliana/venv_pytorch/lib/python3.12/site-packages/MAxPy/vlib/AxArith/multipliers/LOBA.v:19$720 ($not).
Removed top 16 bits (of 32) from port Y of cell neuron_intra_Nbits.$flatten\mults[2].mult_i.$not$/home/juliana/venv_pytorch/lib/python3.12/site-packages/MAxPy/vlib/AxArith/multipliers/LOBA.v:21$725 ($not).
Removed top 8 bits (of 16) from port Y of cell neuron_intra_Nbits.$flatten\mults[1].mult_i.$not$/home/juliana/venv_pytorch/lib/python3.12/site-packages/MAxPy/vlib/AxArith/multipliers/LOBA.v:18$715 ($not).
Removed top 8 bits (of 16) from port A of cell neuron_intra_Nbits.$flatten\mults[1].mult_i.$not$/home/juliana/venv_pytorch/lib/python3.12/site-packages/MAxPy/vlib/AxArith/multipliers/LOBA.v:18$715 ($not).
Removed top 8 bits (of 16) from port Y of cell neuron_intra_Nbits.$flatten\mults[1].mult_i.$not$/home/juliana/venv_pytorch/lib/python3.12/site-packages/MAxPy/vlib/AxArith/multipliers/LOBA.v:19$720 ($not).
Removed top 8 bits (of 16) from port A of cell neuron_intra_Nbits.$flatten\mults[1].mult_i.$not$/home/juliana/venv_pytorch/lib/python3.12/site-packages/MAxPy/vlib/AxArith/multipliers/LOBA.v:19$720 ($not).
Removed top 16 bits (of 32) from port Y of cell neuron_intra_Nbits.$flatten\mults[1].mult_i.$not$/home/juliana/venv_pytorch/lib/python3.12/site-packages/MAxPy/vlib/AxArith/multipliers/LOBA.v:21$725 ($not).
Removed top 8 bits (of 16) from port Y of cell neuron_intra_Nbits.$flatten\mults[0].mult_i.$not$/home/juliana/venv_pytorch/lib/python3.12/site-packages/MAxPy/vlib/AxArith/multipliers/LOBA.v:18$715 ($not).
Removed top 8 bits (of 16) from port A of cell neuron_intra_Nbits.$flatten\mults[0].mult_i.$not$/home/juliana/venv_pytorch/lib/python3.12/site-packages/MAxPy/vlib/AxArith/multipliers/LOBA.v:18$715 ($not).
Removed top 8 bits (of 16) from port Y of cell neuron_intra_Nbits.$flatten\mults[0].mult_i.$not$/home/juliana/venv_pytorch/lib/python3.12/site-packages/MAxPy/vlib/AxArith/multipliers/LOBA.v:19$720 ($not).
Removed top 8 bits (of 16) from port A of cell neuron_intra_Nbits.$flatten\mults[0].mult_i.$not$/home/juliana/venv_pytorch/lib/python3.12/site-packages/MAxPy/vlib/AxArith/multipliers/LOBA.v:19$720 ($not).
Removed top 16 bits (of 32) from port Y of cell neuron_intra_Nbits.$flatten\mults[0].mult_i.$not$/home/juliana/venv_pytorch/lib/python3.12/site-packages/MAxPy/vlib/AxArith/multipliers/LOBA.v:21$725 ($not).
Removed top 8 bits (of 16) from wire neuron_intra_Nbits.$flatten\mults[0].mult_i.$add$/home/juliana/venv_pytorch/lib/python3.12/site-packages/MAxPy/vlib/AxArith/multipliers/LOBA.v:18$716_Y.
Removed top 8 bits (of 16) from wire neuron_intra_Nbits.$flatten\mults[0].mult_i.$add$/home/juliana/venv_pytorch/lib/python3.12/site-packages/MAxPy/vlib/AxArith/multipliers/LOBA.v:19$721_Y.
Removed top 16 bits (of 32) from wire neuron_intra_Nbits.$flatten\mults[0].mult_i.$add$/home/juliana/venv_pytorch/lib/python3.12/site-packages/MAxPy/vlib/AxArith/multipliers/LOBA.v:21$726_Y.
Removed top 24 bits (of 32) from wire neuron_intra_Nbits.$flatten\mults[0].mult_i.$auto$wreduce.cc:461:run$1295.
Removed top 24 bits (of 32) from wire neuron_intra_Nbits.$flatten\mults[0].mult_i.$not$/home/juliana/venv_pytorch/lib/python3.12/site-packages/MAxPy/vlib/AxArith/multipliers/LOBA.v:18$715_Y.
Removed top 16 bits (of 32) from wire neuron_intra_Nbits.$flatten\mults[0].mult_i.$not$/home/juliana/venv_pytorch/lib/python3.12/site-packages/MAxPy/vlib/AxArith/multipliers/LOBA.v:21$725_Y.
Removed top 8 bits (of 16) from wire neuron_intra_Nbits.$flatten\mults[1].mult_i.$add$/home/juliana/venv_pytorch/lib/python3.12/site-packages/MAxPy/vlib/AxArith/multipliers/LOBA.v:18$716_Y.
Removed top 8 bits (of 16) from wire neuron_intra_Nbits.$flatten\mults[2].mult_i.$add$/home/juliana/venv_pytorch/lib/python3.12/site-packages/MAxPy/vlib/AxArith/multipliers/LOBA.v:18$716_Y.
Removed top 8 bits (of 16) from wire neuron_intra_Nbits.$flatten\mults[2].mult_i.$add$/home/juliana/venv_pytorch/lib/python3.12/site-packages/MAxPy/vlib/AxArith/multipliers/LOBA.v:19$721_Y.
Removed top 24 bits (of 32) from wire neuron_intra_Nbits.$flatten\mults[2].mult_i.$not$/home/juliana/venv_pytorch/lib/python3.12/site-packages/MAxPy/vlib/AxArith/multipliers/LOBA.v:18$715_Y.
Removed top 8 bits (of 16) from wire neuron_intra_Nbits.$flatten\mults[3].mult_i.$add$/home/juliana/venv_pytorch/lib/python3.12/site-packages/MAxPy/vlib/AxArith/multipliers/LOBA.v:18$716_Y.
Removed top 24 bits (of 32) from wire neuron_intra_Nbits.$flatten\mults[3].mult_i.$auto$wreduce.cc:461:run$1295.
Removed top 8 bits (of 16) from wire neuron_intra_Nbits.$flatten\mults[4].mult_i.$add$/home/juliana/venv_pytorch/lib/python3.12/site-packages/MAxPy/vlib/AxArith/multipliers/LOBA.v:18$716_Y.
Removed top 8 bits (of 16) from wire neuron_intra_Nbits.$flatten\mults[5].mult_i.$add$/home/juliana/venv_pytorch/lib/python3.12/site-packages/MAxPy/vlib/AxArith/multipliers/LOBA.v:18$716_Y.
Removed top 8 bits (of 16) from wire neuron_intra_Nbits.$flatten\mults[6].mult_i.$add$/home/juliana/venv_pytorch/lib/python3.12/site-packages/MAxPy/vlib/AxArith/multipliers/LOBA.v:18$716_Y.
Removed top 8 bits (of 16) from wire neuron_intra_Nbits.$flatten\mults[7].mult_i.$add$/home/juliana/venv_pytorch/lib/python3.12/site-packages/MAxPy/vlib/AxArith/multipliers/LOBA.v:18$716_Y.
Removed top 8 bits (of 16) from wire neuron_intra_Nbits.$flatten\mults[7].mult_i.$add$/home/juliana/venv_pytorch/lib/python3.12/site-packages/MAxPy/vlib/AxArith/multipliers/LOBA.v:19$721_Y.
Removed top 16 bits (of 32) from wire neuron_intra_Nbits.$flatten\mults[7].mult_i.$add$/home/juliana/venv_pytorch/lib/python3.12/site-packages/MAxPy/vlib/AxArith/multipliers/LOBA.v:21$726_Y.
Removed top 24 bits (of 32) from wire neuron_intra_Nbits.$flatten\mults[7].mult_i.$auto$wreduce.cc:461:run$1295.
Removed top 24 bits (of 32) from wire neuron_intra_Nbits.$flatten\mults[7].mult_i.$not$/home/juliana/venv_pytorch/lib/python3.12/site-packages/MAxPy/vlib/AxArith/multipliers/LOBA.v:18$715_Y.
Removed top 16 bits (of 32) from wire neuron_intra_Nbits.$flatten\mults[7].mult_i.$not$/home/juliana/venv_pytorch/lib/python3.12/site-packages/MAxPy/vlib/AxArith/multipliers/LOBA.v:21$725_Y.
Removed top 48 bits (of 128) from wire neuron_intra_Nbits.prod.

12.10. Executing PEEPOPT pass (run peephole optimizers).

12.11. Executing OPT_CLEAN pass (remove unused cells and wires).
Finding unused cells or wires in module \neuron_intra_Nbits..
Removed 0 unused cells and 22 unused wires.
<suppressed ~1 debug messages>

12.12. Executing ALUMACC pass (create $alu and $macc cells).
Extracting $alu and $macc cells in module neuron_intra_Nbits:
  creating $macc model for $add$neuron_drums_4/neuron_intra_Nbits_LOBA0s_8/rtl/neuron_intra_Nbits.v:47$740 ($add).
  creating $macc model for $add$neuron_drums_4/neuron_intra_Nbits_LOBA0s_8/rtl/neuron_intra_Nbits.v:47$741 ($add).
  creating $macc model for $add$neuron_drums_4/neuron_intra_Nbits_LOBA0s_8/rtl/neuron_intra_Nbits.v:47$742 ($add).
  creating $macc model for $add$neuron_drums_4/neuron_intra_Nbits_LOBA0s_8/rtl/neuron_intra_Nbits.v:47$743 ($add).
  creating $macc model for $add$neuron_drums_4/neuron_intra_Nbits_LOBA0s_8/rtl/neuron_intra_Nbits.v:51$744 ($add).
  creating $macc model for $add$neuron_drums_4/neuron_intra_Nbits_LOBA0s_8/rtl/neuron_intra_Nbits.v:51$745 ($add).
  creating $macc model for $add$neuron_drums_4/neuron_intra_Nbits_LOBA0s_8/rtl/neuron_intra_Nbits.v:51$746 ($add).
  creating $macc model for $flatten\mults[0].mult_i.$add$/home/juliana/venv_pytorch/lib/python3.12/site-packages/MAxPy/vlib/AxArith/multipliers/LOBA.v:18$716 ($add).
  creating $macc model for $flatten\mults[0].mult_i.$add$/home/juliana/venv_pytorch/lib/python3.12/site-packages/MAxPy/vlib/AxArith/multipliers/LOBA.v:19$721 ($add).
  creating $macc model for $flatten\mults[0].mult_i.$add$/home/juliana/venv_pytorch/lib/python3.12/site-packages/MAxPy/vlib/AxArith/multipliers/LOBA.v:21$726 ($add).
  creating $macc model for $flatten\mults[0].mult_i.\u1.$mul$/home/juliana/venv_pytorch/lib/python3.12/site-packages/MAxPy/vlib/AxArith/multipliers/LOBA.v:48$747 ($mul).
  creating $macc model for $flatten\mults[1].mult_i.$add$/home/juliana/venv_pytorch/lib/python3.12/site-packages/MAxPy/vlib/AxArith/multipliers/LOBA.v:18$716 ($add).
  creating $macc model for $flatten\mults[1].mult_i.$add$/home/juliana/venv_pytorch/lib/python3.12/site-packages/MAxPy/vlib/AxArith/multipliers/LOBA.v:19$721 ($add).
  creating $macc model for $flatten\mults[1].mult_i.$add$/home/juliana/venv_pytorch/lib/python3.12/site-packages/MAxPy/vlib/AxArith/multipliers/LOBA.v:21$726 ($add).
  creating $macc model for $flatten\mults[1].mult_i.\u1.$mul$/home/juliana/venv_pytorch/lib/python3.12/site-packages/MAxPy/vlib/AxArith/multipliers/LOBA.v:48$747 ($mul).
  creating $macc model for $flatten\mults[2].mult_i.$add$/home/juliana/venv_pytorch/lib/python3.12/site-packages/MAxPy/vlib/AxArith/multipliers/LOBA.v:18$716 ($add).
  creating $macc model for $flatten\mults[2].mult_i.$add$/home/juliana/venv_pytorch/lib/python3.12/site-packages/MAxPy/vlib/AxArith/multipliers/LOBA.v:19$721 ($add).
  creating $macc model for $flatten\mults[2].mult_i.$add$/home/juliana/venv_pytorch/lib/python3.12/site-packages/MAxPy/vlib/AxArith/multipliers/LOBA.v:21$726 ($add).
  creating $macc model for $flatten\mults[2].mult_i.\u1.$mul$/home/juliana/venv_pytorch/lib/python3.12/site-packages/MAxPy/vlib/AxArith/multipliers/LOBA.v:48$747 ($mul).
  creating $macc model for $flatten\mults[3].mult_i.$add$/home/juliana/venv_pytorch/lib/python3.12/site-packages/MAxPy/vlib/AxArith/multipliers/LOBA.v:18$716 ($add).
  creating $macc model for $flatten\mults[3].mult_i.$add$/home/juliana/venv_pytorch/lib/python3.12/site-packages/MAxPy/vlib/AxArith/multipliers/LOBA.v:19$721 ($add).
  creating $macc model for $flatten\mults[3].mult_i.$add$/home/juliana/venv_pytorch/lib/python3.12/site-packages/MAxPy/vlib/AxArith/multipliers/LOBA.v:21$726 ($add).
  creating $macc model for $flatten\mults[3].mult_i.\u1.$mul$/home/juliana/venv_pytorch/lib/python3.12/site-packages/MAxPy/vlib/AxArith/multipliers/LOBA.v:48$747 ($mul).
  creating $macc model for $flatten\mults[4].mult_i.$add$/home/juliana/venv_pytorch/lib/python3.12/site-packages/MAxPy/vlib/AxArith/multipliers/LOBA.v:18$716 ($add).
  creating $macc model for $flatten\mults[4].mult_i.$add$/home/juliana/venv_pytorch/lib/python3.12/site-packages/MAxPy/vlib/AxArith/multipliers/LOBA.v:19$721 ($add).
  creating $macc model for $flatten\mults[4].mult_i.$add$/home/juliana/venv_pytorch/lib/python3.12/site-packages/MAxPy/vlib/AxArith/multipliers/LOBA.v:21$726 ($add).
  creating $macc model for $flatten\mults[4].mult_i.\u1.$mul$/home/juliana/venv_pytorch/lib/python3.12/site-packages/MAxPy/vlib/AxArith/multipliers/LOBA.v:48$747 ($mul).
  creating $macc model for $flatten\mults[5].mult_i.$add$/home/juliana/venv_pytorch/lib/python3.12/site-packages/MAxPy/vlib/AxArith/multipliers/LOBA.v:18$716 ($add).
  creating $macc model for $flatten\mults[5].mult_i.$add$/home/juliana/venv_pytorch/lib/python3.12/site-packages/MAxPy/vlib/AxArith/multipliers/LOBA.v:19$721 ($add).
  creating $macc model for $flatten\mults[5].mult_i.$add$/home/juliana/venv_pytorch/lib/python3.12/site-packages/MAxPy/vlib/AxArith/multipliers/LOBA.v:21$726 ($add).
  creating $macc model for $flatten\mults[5].mult_i.\u1.$mul$/home/juliana/venv_pytorch/lib/python3.12/site-packages/MAxPy/vlib/AxArith/multipliers/LOBA.v:48$747 ($mul).
  creating $macc model for $flatten\mults[6].mult_i.$add$/home/juliana/venv_pytorch/lib/python3.12/site-packages/MAxPy/vlib/AxArith/multipliers/LOBA.v:18$716 ($add).
  creating $macc model for $flatten\mults[6].mult_i.$add$/home/juliana/venv_pytorch/lib/python3.12/site-packages/MAxPy/vlib/AxArith/multipliers/LOBA.v:19$721 ($add).
  creating $macc model for $flatten\mults[6].mult_i.$add$/home/juliana/venv_pytorch/lib/python3.12/site-packages/MAxPy/vlib/AxArith/multipliers/LOBA.v:21$726 ($add).
  creating $macc model for $flatten\mults[6].mult_i.\u1.$mul$/home/juliana/venv_pytorch/lib/python3.12/site-packages/MAxPy/vlib/AxArith/multipliers/LOBA.v:48$747 ($mul).
  creating $macc model for $flatten\mults[7].mult_i.$add$/home/juliana/venv_pytorch/lib/python3.12/site-packages/MAxPy/vlib/AxArith/multipliers/LOBA.v:18$716 ($add).
  creating $macc model for $flatten\mults[7].mult_i.$add$/home/juliana/venv_pytorch/lib/python3.12/site-packages/MAxPy/vlib/AxArith/multipliers/LOBA.v:19$721 ($add).
  creating $macc model for $flatten\mults[7].mult_i.$add$/home/juliana/venv_pytorch/lib/python3.12/site-packages/MAxPy/vlib/AxArith/multipliers/LOBA.v:21$726 ($add).
  creating $macc model for $flatten\mults[7].mult_i.\u1.$mul$/home/juliana/venv_pytorch/lib/python3.12/site-packages/MAxPy/vlib/AxArith/multipliers/LOBA.v:48$747 ($mul).
  merging $macc model for $add$neuron_drums_4/neuron_intra_Nbits_LOBA0s_8/rtl/neuron_intra_Nbits.v:51$744 into $add$neuron_drums_4/neuron_intra_Nbits_LOBA0s_8/rtl/neuron_intra_Nbits.v:51$746.
  merging $macc model for $add$neuron_drums_4/neuron_intra_Nbits_LOBA0s_8/rtl/neuron_intra_Nbits.v:47$740 into $add$neuron_drums_4/neuron_intra_Nbits_LOBA0s_8/rtl/neuron_intra_Nbits.v:51$746.
  merging $macc model for $add$neuron_drums_4/neuron_intra_Nbits_LOBA0s_8/rtl/neuron_intra_Nbits.v:51$745 into $add$neuron_drums_4/neuron_intra_Nbits_LOBA0s_8/rtl/neuron_intra_Nbits.v:51$746.
  merging $macc model for $add$neuron_drums_4/neuron_intra_Nbits_LOBA0s_8/rtl/neuron_intra_Nbits.v:47$742 into $add$neuron_drums_4/neuron_intra_Nbits_LOBA0s_8/rtl/neuron_intra_Nbits.v:51$746.
  merging $macc model for $add$neuron_drums_4/neuron_intra_Nbits_LOBA0s_8/rtl/neuron_intra_Nbits.v:47$741 into $add$neuron_drums_4/neuron_intra_Nbits_LOBA0s_8/rtl/neuron_intra_Nbits.v:51$746.
  merging $macc model for $add$neuron_drums_4/neuron_intra_Nbits_LOBA0s_8/rtl/neuron_intra_Nbits.v:47$743 into $add$neuron_drums_4/neuron_intra_Nbits_LOBA0s_8/rtl/neuron_intra_Nbits.v:51$746.
  creating $alu model for $macc $flatten\mults[6].mult_i.$add$/home/juliana/venv_pytorch/lib/python3.12/site-packages/MAxPy/vlib/AxArith/multipliers/LOBA.v:19$721.
  creating $alu model for $macc $flatten\mults[6].mult_i.$add$/home/juliana/venv_pytorch/lib/python3.12/site-packages/MAxPy/vlib/AxArith/multipliers/LOBA.v:18$716.
  creating $alu model for $macc $flatten\mults[5].mult_i.$add$/home/juliana/venv_pytorch/lib/python3.12/site-packages/MAxPy/vlib/AxArith/multipliers/LOBA.v:21$726.
  creating $alu model for $macc $flatten\mults[5].mult_i.$add$/home/juliana/venv_pytorch/lib/python3.12/site-packages/MAxPy/vlib/AxArith/multipliers/LOBA.v:19$721.
  creating $alu model for $macc $flatten\mults[5].mult_i.$add$/home/juliana/venv_pytorch/lib/python3.12/site-packages/MAxPy/vlib/AxArith/multipliers/LOBA.v:18$716.
  creating $alu model for $macc $flatten\mults[4].mult_i.$add$/home/juliana/venv_pytorch/lib/python3.12/site-packages/MAxPy/vlib/AxArith/multipliers/LOBA.v:21$726.
  creating $alu model for $macc $flatten\mults[4].mult_i.$add$/home/juliana/venv_pytorch/lib/python3.12/site-packages/MAxPy/vlib/AxArith/multipliers/LOBA.v:19$721.
  creating $alu model for $macc $flatten\mults[4].mult_i.$add$/home/juliana/venv_pytorch/lib/python3.12/site-packages/MAxPy/vlib/AxArith/multipliers/LOBA.v:18$716.
  creating $alu model for $macc $flatten\mults[3].mult_i.$add$/home/juliana/venv_pytorch/lib/python3.12/site-packages/MAxPy/vlib/AxArith/multipliers/LOBA.v:21$726.
  creating $alu model for $macc $flatten\mults[3].mult_i.$add$/home/juliana/venv_pytorch/lib/python3.12/site-packages/MAxPy/vlib/AxArith/multipliers/LOBA.v:19$721.
  creating $alu model for $macc $flatten\mults[3].mult_i.$add$/home/juliana/venv_pytorch/lib/python3.12/site-packages/MAxPy/vlib/AxArith/multipliers/LOBA.v:18$716.
  creating $alu model for $macc $flatten\mults[2].mult_i.$add$/home/juliana/venv_pytorch/lib/python3.12/site-packages/MAxPy/vlib/AxArith/multipliers/LOBA.v:21$726.
  creating $alu model for $macc $flatten\mults[2].mult_i.$add$/home/juliana/venv_pytorch/lib/python3.12/site-packages/MAxPy/vlib/AxArith/multipliers/LOBA.v:19$721.
  creating $alu model for $macc $flatten\mults[2].mult_i.$add$/home/juliana/venv_pytorch/lib/python3.12/site-packages/MAxPy/vlib/AxArith/multipliers/LOBA.v:18$716.
  creating $alu model for $macc $flatten\mults[1].mult_i.$add$/home/juliana/venv_pytorch/lib/python3.12/site-packages/MAxPy/vlib/AxArith/multipliers/LOBA.v:21$726.
  creating $alu model for $macc $flatten\mults[1].mult_i.$add$/home/juliana/venv_pytorch/lib/python3.12/site-packages/MAxPy/vlib/AxArith/multipliers/LOBA.v:19$721.
  creating $alu model for $macc $flatten\mults[1].mult_i.$add$/home/juliana/venv_pytorch/lib/python3.12/site-packages/MAxPy/vlib/AxArith/multipliers/LOBA.v:18$716.
  creating $alu model for $macc $flatten\mults[0].mult_i.$add$/home/juliana/venv_pytorch/lib/python3.12/site-packages/MAxPy/vlib/AxArith/multipliers/LOBA.v:21$726.
  creating $alu model for $macc $flatten\mults[0].mult_i.$add$/home/juliana/venv_pytorch/lib/python3.12/site-packages/MAxPy/vlib/AxArith/multipliers/LOBA.v:19$721.
  creating $alu model for $macc $flatten\mults[0].mult_i.$add$/home/juliana/venv_pytorch/lib/python3.12/site-packages/MAxPy/vlib/AxArith/multipliers/LOBA.v:18$716.
  creating $alu model for $macc $flatten\mults[7].mult_i.$add$/home/juliana/venv_pytorch/lib/python3.12/site-packages/MAxPy/vlib/AxArith/multipliers/LOBA.v:18$716.
  creating $alu model for $macc $flatten\mults[6].mult_i.$add$/home/juliana/venv_pytorch/lib/python3.12/site-packages/MAxPy/vlib/AxArith/multipliers/LOBA.v:21$726.
  creating $alu model for $macc $flatten\mults[7].mult_i.$add$/home/juliana/venv_pytorch/lib/python3.12/site-packages/MAxPy/vlib/AxArith/multipliers/LOBA.v:19$721.
  creating $alu model for $macc $flatten\mults[7].mult_i.$add$/home/juliana/venv_pytorch/lib/python3.12/site-packages/MAxPy/vlib/AxArith/multipliers/LOBA.v:21$726.
  creating $macc cell for $flatten\mults[2].mult_i.\u1.$mul$/home/juliana/venv_pytorch/lib/python3.12/site-packages/MAxPy/vlib/AxArith/multipliers/LOBA.v:48$747: $auto$alumacc.cc:365:replace_macc$1338
  creating $macc cell for $flatten\mults[3].mult_i.\u1.$mul$/home/juliana/venv_pytorch/lib/python3.12/site-packages/MAxPy/vlib/AxArith/multipliers/LOBA.v:48$747: $auto$alumacc.cc:365:replace_macc$1339
  creating $macc cell for $add$neuron_drums_4/neuron_intra_Nbits_LOBA0s_8/rtl/neuron_intra_Nbits.v:51$746: $auto$alumacc.cc:365:replace_macc$1340
  creating $macc cell for $flatten\mults[1].mult_i.\u1.$mul$/home/juliana/venv_pytorch/lib/python3.12/site-packages/MAxPy/vlib/AxArith/multipliers/LOBA.v:48$747: $auto$alumacc.cc:365:replace_macc$1341
  creating $macc cell for $flatten\mults[5].mult_i.\u1.$mul$/home/juliana/venv_pytorch/lib/python3.12/site-packages/MAxPy/vlib/AxArith/multipliers/LOBA.v:48$747: $auto$alumacc.cc:365:replace_macc$1342
  creating $macc cell for $flatten\mults[7].mult_i.\u1.$mul$/home/juliana/venv_pytorch/lib/python3.12/site-packages/MAxPy/vlib/AxArith/multipliers/LOBA.v:48$747: $auto$alumacc.cc:365:replace_macc$1343
  creating $macc cell for $flatten\mults[0].mult_i.\u1.$mul$/home/juliana/venv_pytorch/lib/python3.12/site-packages/MAxPy/vlib/AxArith/multipliers/LOBA.v:48$747: $auto$alumacc.cc:365:replace_macc$1344
  creating $macc cell for $flatten\mults[4].mult_i.\u1.$mul$/home/juliana/venv_pytorch/lib/python3.12/site-packages/MAxPy/vlib/AxArith/multipliers/LOBA.v:48$747: $auto$alumacc.cc:365:replace_macc$1345
  creating $macc cell for $flatten\mults[6].mult_i.\u1.$mul$/home/juliana/venv_pytorch/lib/python3.12/site-packages/MAxPy/vlib/AxArith/multipliers/LOBA.v:48$747: $auto$alumacc.cc:365:replace_macc$1346
  creating $alu model for $gt$neuron_drums_4/neuron_intra_Nbits_LOBA0s_8/rtl/neuron_intra_Nbits.v:73$737 ($gt): new $alu
  creating $alu cell for $gt$neuron_drums_4/neuron_intra_Nbits_LOBA0s_8/rtl/neuron_intra_Nbits.v:73$737: $auto$alumacc.cc:485:replace_alu$1348
  creating $alu cell for $flatten\mults[7].mult_i.$add$/home/juliana/venv_pytorch/lib/python3.12/site-packages/MAxPy/vlib/AxArith/multipliers/LOBA.v:21$726: $auto$alumacc.cc:485:replace_alu$1355
  creating $alu cell for $flatten\mults[7].mult_i.$add$/home/juliana/venv_pytorch/lib/python3.12/site-packages/MAxPy/vlib/AxArith/multipliers/LOBA.v:19$721: $auto$alumacc.cc:485:replace_alu$1358
  creating $alu cell for $flatten\mults[6].mult_i.$add$/home/juliana/venv_pytorch/lib/python3.12/site-packages/MAxPy/vlib/AxArith/multipliers/LOBA.v:21$726: $auto$alumacc.cc:485:replace_alu$1361
  creating $alu cell for $flatten\mults[7].mult_i.$add$/home/juliana/venv_pytorch/lib/python3.12/site-packages/MAxPy/vlib/AxArith/multipliers/LOBA.v:18$716: $auto$alumacc.cc:485:replace_alu$1364
  creating $alu cell for $flatten\mults[0].mult_i.$add$/home/juliana/venv_pytorch/lib/python3.12/site-packages/MAxPy/vlib/AxArith/multipliers/LOBA.v:18$716: $auto$alumacc.cc:485:replace_alu$1367
  creating $alu cell for $flatten\mults[0].mult_i.$add$/home/juliana/venv_pytorch/lib/python3.12/site-packages/MAxPy/vlib/AxArith/multipliers/LOBA.v:19$721: $auto$alumacc.cc:485:replace_alu$1370
  creating $alu cell for $flatten\mults[0].mult_i.$add$/home/juliana/venv_pytorch/lib/python3.12/site-packages/MAxPy/vlib/AxArith/multipliers/LOBA.v:21$726: $auto$alumacc.cc:485:replace_alu$1373
  creating $alu cell for $flatten\mults[1].mult_i.$add$/home/juliana/venv_pytorch/lib/python3.12/site-packages/MAxPy/vlib/AxArith/multipliers/LOBA.v:18$716: $auto$alumacc.cc:485:replace_alu$1376
  creating $alu cell for $flatten\mults[1].mult_i.$add$/home/juliana/venv_pytorch/lib/python3.12/site-packages/MAxPy/vlib/AxArith/multipliers/LOBA.v:19$721: $auto$alumacc.cc:485:replace_alu$1379
  creating $alu cell for $flatten\mults[1].mult_i.$add$/home/juliana/venv_pytorch/lib/python3.12/site-packages/MAxPy/vlib/AxArith/multipliers/LOBA.v:21$726: $auto$alumacc.cc:485:replace_alu$1382
  creating $alu cell for $flatten\mults[2].mult_i.$add$/home/juliana/venv_pytorch/lib/python3.12/site-packages/MAxPy/vlib/AxArith/multipliers/LOBA.v:18$716: $auto$alumacc.cc:485:replace_alu$1385
  creating $alu cell for $flatten\mults[2].mult_i.$add$/home/juliana/venv_pytorch/lib/python3.12/site-packages/MAxPy/vlib/AxArith/multipliers/LOBA.v:19$721: $auto$alumacc.cc:485:replace_alu$1388
  creating $alu cell for $flatten\mults[2].mult_i.$add$/home/juliana/venv_pytorch/lib/python3.12/site-packages/MAxPy/vlib/AxArith/multipliers/LOBA.v:21$726: $auto$alumacc.cc:485:replace_alu$1391
  creating $alu cell for $flatten\mults[3].mult_i.$add$/home/juliana/venv_pytorch/lib/python3.12/site-packages/MAxPy/vlib/AxArith/multipliers/LOBA.v:18$716: $auto$alumacc.cc:485:replace_alu$1394
  creating $alu cell for $flatten\mults[3].mult_i.$add$/home/juliana/venv_pytorch/lib/python3.12/site-packages/MAxPy/vlib/AxArith/multipliers/LOBA.v:19$721: $auto$alumacc.cc:485:replace_alu$1397
  creating $alu cell for $flatten\mults[3].mult_i.$add$/home/juliana/venv_pytorch/lib/python3.12/site-packages/MAxPy/vlib/AxArith/multipliers/LOBA.v:21$726: $auto$alumacc.cc:485:replace_alu$1400
  creating $alu cell for $flatten\mults[4].mult_i.$add$/home/juliana/venv_pytorch/lib/python3.12/site-packages/MAxPy/vlib/AxArith/multipliers/LOBA.v:18$716: $auto$alumacc.cc:485:replace_alu$1403
  creating $alu cell for $flatten\mults[4].mult_i.$add$/home/juliana/venv_pytorch/lib/python3.12/site-packages/MAxPy/vlib/AxArith/multipliers/LOBA.v:19$721: $auto$alumacc.cc:485:replace_alu$1406
  creating $alu cell for $flatten\mults[4].mult_i.$add$/home/juliana/venv_pytorch/lib/python3.12/site-packages/MAxPy/vlib/AxArith/multipliers/LOBA.v:21$726: $auto$alumacc.cc:485:replace_alu$1409
  creating $alu cell for $flatten\mults[5].mult_i.$add$/home/juliana/venv_pytorch/lib/python3.12/site-packages/MAxPy/vlib/AxArith/multipliers/LOBA.v:18$716: $auto$alumacc.cc:485:replace_alu$1412
  creating $alu cell for $flatten\mults[5].mult_i.$add$/home/juliana/venv_pytorch/lib/python3.12/site-packages/MAxPy/vlib/AxArith/multipliers/LOBA.v:19$721: $auto$alumacc.cc:485:replace_alu$1415
  creating $alu cell for $flatten\mults[5].mult_i.$add$/home/juliana/venv_pytorch/lib/python3.12/site-packages/MAxPy/vlib/AxArith/multipliers/LOBA.v:21$726: $auto$alumacc.cc:485:replace_alu$1418
  creating $alu cell for $flatten\mults[6].mult_i.$add$/home/juliana/venv_pytorch/lib/python3.12/site-packages/MAxPy/vlib/AxArith/multipliers/LOBA.v:18$716: $auto$alumacc.cc:485:replace_alu$1421
  creating $alu cell for $flatten\mults[6].mult_i.$add$/home/juliana/venv_pytorch/lib/python3.12/site-packages/MAxPy/vlib/AxArith/multipliers/LOBA.v:19$721: $auto$alumacc.cc:485:replace_alu$1424
  created 25 $alu and 9 $macc cells.

12.13. Executing SHARE pass (SAT-based resource sharing).

12.14. Executing OPT pass (performing simple optimizations).

12.14.1. Executing OPT_EXPR pass (perform const folding).
Optimizing module neuron_intra_Nbits.

12.14.2. Executing OPT_MERGE pass (detect identical cells).
Finding identical cells in module `\neuron_intra_Nbits'.
Removed a total of 0 cells.

12.14.3. Executing OPT_MUXTREE pass (detect dead branches in mux trees).
Running muxtree optimizer on module \neuron_intra_Nbits..
  Creating internal representation of mux trees.
  Evaluating internal representation of mux trees.
  Analyzing evaluation results.
Removed 0 multiplexer ports.
<suppressed ~25 debug messages>

12.14.4. Executing OPT_REDUCE pass (consolidate $*mux and $reduce_* inputs).
  Optimizing cells in module \neuron_intra_Nbits.
Performed a total of 0 changes.

12.14.5. Executing OPT_MERGE pass (detect identical cells).
Finding identical cells in module `\neuron_intra_Nbits'.
Removed a total of 0 cells.

12.14.6. Executing OPT_DFF pass (perform DFF optimizations).

12.14.7. Executing OPT_CLEAN pass (remove unused cells and wires).
Finding unused cells or wires in module \neuron_intra_Nbits..
Removed 6 unused cells and 3 unused wires.
<suppressed ~9 debug messages>

12.14.8. Executing OPT_EXPR pass (perform const folding).
Optimizing module neuron_intra_Nbits.

12.14.9. Rerunning OPT passes. (Maybe there is more to do..)

12.14.10. Executing OPT_MUXTREE pass (detect dead branches in mux trees).
Running muxtree optimizer on module \neuron_intra_Nbits..
  Creating internal representation of mux trees.
  Evaluating internal representation of mux trees.
  Analyzing evaluation results.
Removed 0 multiplexer ports.
<suppressed ~25 debug messages>

12.14.11. Executing OPT_REDUCE pass (consolidate $*mux and $reduce_* inputs).
  Optimizing cells in module \neuron_intra_Nbits.
Performed a total of 0 changes.

12.14.12. Executing OPT_MERGE pass (detect identical cells).
Finding identical cells in module `\neuron_intra_Nbits'.
Removed a total of 0 cells.

12.14.13. Executing OPT_DFF pass (perform DFF optimizations).

12.14.14. Executing OPT_CLEAN pass (remove unused cells and wires).
Finding unused cells or wires in module \neuron_intra_Nbits..

12.14.15. Executing OPT_EXPR pass (perform const folding).
Optimizing module neuron_intra_Nbits.

12.14.16. Finished OPT passes. (There is nothing left to do.)

12.15. Executing MEMORY pass.

12.15.1. Executing OPT_MEM pass (optimize memories).
Performed a total of 0 transformations.

12.15.2. Executing OPT_MEM_PRIORITY pass (removing unnecessary memory write priority relations).
Performed a total of 0 transformations.

12.15.3. Executing OPT_MEM_FEEDBACK pass (finding memory read-to-write feedback paths).

12.15.4. Executing MEMORY_BMUX2ROM pass (converting muxes to ROMs).

12.15.5. Executing MEMORY_DFF pass (merging $dff cells to $memrd).

12.15.6. Executing OPT_CLEAN pass (remove unused cells and wires).
Finding unused cells or wires in module \neuron_intra_Nbits..

12.15.7. Executing MEMORY_SHARE pass (consolidating $memrd/$memwr cells).

12.15.8. Executing OPT_MEM_WIDEN pass (optimize memories where all ports are wide).
Performed a total of 0 transformations.

12.15.9. Executing OPT_CLEAN pass (remove unused cells and wires).
Finding unused cells or wires in module \neuron_intra_Nbits..

12.15.10. Executing MEMORY_COLLECT pass (generating $mem cells).

12.16. Executing OPT_CLEAN pass (remove unused cells and wires).
Finding unused cells or wires in module \neuron_intra_Nbits..

12.17. Executing OPT pass (performing simple optimizations).

12.17.1. Executing OPT_EXPR pass (perform const folding).
Optimizing module neuron_intra_Nbits.
<suppressed ~68 debug messages>

12.17.2. Executing OPT_MERGE pass (detect identical cells).
Finding identical cells in module `\neuron_intra_Nbits'.
Removed a total of 0 cells.

12.17.3. Executing OPT_DFF pass (perform DFF optimizations).

12.17.4. Executing OPT_CLEAN pass (remove unused cells and wires).
Finding unused cells or wires in module \neuron_intra_Nbits..
Removed 7 unused cells and 7 unused wires.
<suppressed ~8 debug messages>

12.17.5. Finished fast OPT passes.

12.18. Executing MEMORY_MAP pass (converting memories to logic and flip-flops).

12.19. Executing OPT pass (performing simple optimizations).

12.19.1. Executing OPT_EXPR pass (perform const folding).
Optimizing module neuron_intra_Nbits.

12.19.2. Executing OPT_MERGE pass (detect identical cells).
Finding identical cells in module `\neuron_intra_Nbits'.
Removed a total of 0 cells.

12.19.3. Executing OPT_MUXTREE pass (detect dead branches in mux trees).
Running muxtree optimizer on module \neuron_intra_Nbits..
  Creating internal representation of mux trees.
  Evaluating internal representation of mux trees.
  Analyzing evaluation results.
Removed 0 multiplexer ports.
<suppressed ~25 debug messages>

12.19.4. Executing OPT_REDUCE pass (consolidate $*mux and $reduce_* inputs).
  Optimizing cells in module \neuron_intra_Nbits.
Performed a total of 0 changes.

12.19.5. Executing OPT_MERGE pass (detect identical cells).
Finding identical cells in module `\neuron_intra_Nbits'.
Removed a total of 0 cells.

12.19.6. Executing OPT_SHARE pass.

12.19.7. Executing OPT_DFF pass (perform DFF optimizations).

12.19.8. Executing OPT_CLEAN pass (remove unused cells and wires).
Finding unused cells or wires in module \neuron_intra_Nbits..

12.19.9. Executing OPT_EXPR pass (perform const folding).
Optimizing module neuron_intra_Nbits.

12.19.10. Finished OPT passes. (There is nothing left to do.)

12.20. Executing TECHMAP pass (map to technology primitives).

12.20.1. Executing Verilog-2005 frontend: /usr/bin/../share/yosys/techmap.v
Parsing Verilog input from `/usr/bin/../share/yosys/techmap.v' to AST representation.
Generating RTLIL representation for module `\_90_simplemap_bool_ops'.
Generating RTLIL representation for module `\_90_simplemap_reduce_ops'.
Generating RTLIL representation for module `\_90_simplemap_logic_ops'.
Generating RTLIL representation for module `\_90_simplemap_compare_ops'.
Generating RTLIL representation for module `\_90_simplemap_various'.
Generating RTLIL representation for module `\_90_simplemap_registers'.
Generating RTLIL representation for module `\_90_shift_ops_shr_shl_sshl_sshr'.
Generating RTLIL representation for module `\_90_shift_shiftx'.
Generating RTLIL representation for module `\_90_fa'.
Generating RTLIL representation for module `\_90_lcu'.
Generating RTLIL representation for module `\_90_alu'.
Generating RTLIL representation for module `\_90_macc'.
Generating RTLIL representation for module `\_90_alumacc'.
Generating RTLIL representation for module `\$__div_mod_u'.
Generating RTLIL representation for module `\$__div_mod_trunc'.
Generating RTLIL representation for module `\_90_div'.
Generating RTLIL representation for module `\_90_mod'.
Generating RTLIL representation for module `\$__div_mod_floor'.
Generating RTLIL representation for module `\_90_divfloor'.
Generating RTLIL representation for module `\_90_modfloor'.
Generating RTLIL representation for module `\_90_pow'.
Generating RTLIL representation for module `\_90_pmux'.
Generating RTLIL representation for module `\_90_demux'.
Generating RTLIL representation for module `\_90_lut'.
Successfully finished Verilog frontend.

12.20.2. Continuing TECHMAP pass.
Using extmapper simplemap for cells of type $adffe.
Using extmapper maccmap for cells of type $macc.
  add \mults[0].mult_i.u1.Ah * \mults[0].mult_i.u1.Bh (8x8 bits, unsigned)
Using template $paramod$2af30114e9bd4ccb04dad757b3f0a8f6bf0615b0\_90_alu for cells of type $alu.
Using extmapper simplemap for cells of type $mux.
  add \mults[1].mult_i.u1.Ah * \mults[1].mult_i.u1.Bh (8x8 bits, unsigned)
Using template $paramod$c3cd1564c35d873179656addd6052d7ea8b6d991\_90_alu for cells of type $alu.
Using extmapper simplemap for cells of type $not.
Using extmapper simplemap for cells of type $xor.
  add \mults[7].mult_i.u1.Ah * \mults[7].mult_i.u1.Bh (8x8 bits, unsigned)
  add \mults[6].mult_i.u1.Ah * \mults[6].mult_i.u1.Bh (8x8 bits, unsigned)
  add \mults[0].mult_i.r [15:0] (16 bits, unsigned)
  add \mults[4].mult_i.r [15:0] (16 bits, unsigned)
  add \mults[2].mult_i.r [15:0] (16 bits, unsigned)
  add \mults[1].mult_i.r [15:0] (16 bits, unsigned)
  add \mults[6].mult_i.r [15:0] (16 bits, unsigned)
  add \mults[5].mult_i.r [15:0] (16 bits, unsigned)
  add \mults[3].mult_i.r [15:0] (16 bits, unsigned)
  add \mults[7].mult_i.r [15:0] (16 bits, unsigned)
  add \mults[3].mult_i.u1.Ah * \mults[3].mult_i.u1.Bh (8x8 bits, unsigned)
  add \mults[5].mult_i.u1.Ah * \mults[5].mult_i.u1.Bh (8x8 bits, unsigned)
  add \mults[2].mult_i.u1.Ah * \mults[2].mult_i.u1.Bh (8x8 bits, unsigned)
Using template $paramod$003256218b736a5f72fe70a6e5006b2214b99da4\_90_alu for cells of type $alu.
  add \mults[4].mult_i.u1.Ah * \mults[4].mult_i.u1.Bh (8x8 bits, unsigned)
Using extmapper simplemap for cells of type $and.
Using template $paramod\_90_fa\WIDTH=32'00000000000000000000000000010000 for cells of type $fa.
Using extmapper simplemap for cells of type $pos.
Using template $paramod$6df0329addda9228fcc2546de2aaf14ad26c98e1\_90_alu for cells of type $alu.
Using template $paramod\_90_lcu\WIDTH=32'00000000000000000000000000001000 for cells of type $lcu.
Using template $paramod\_90_lcu\WIDTH=32'00000000000000000000000000010000 for cells of type $lcu.
Using template $paramod\_90_lcu\WIDTH=32'00000000000000000000000000001001 for cells of type $lcu.
Using extmapper simplemap for cells of type $or.
No more expansions possible.
<suppressed ~2855 debug messages>

12.21. Executing OPT pass (performing simple optimizations).

12.21.1. Executing OPT_EXPR pass (perform const folding).
Optimizing module neuron_intra_Nbits.
<suppressed ~4743 debug messages>

12.21.2. Executing OPT_MERGE pass (detect identical cells).
Finding identical cells in module `\neuron_intra_Nbits'.
Removed a total of 0 cells.

12.21.3. Executing OPT_DFF pass (perform DFF optimizations).

12.21.4. Executing OPT_CLEAN pass (remove unused cells and wires).
Finding unused cells or wires in module \neuron_intra_Nbits..
Removed 347 unused cells and 2255 unused wires.
<suppressed ~348 debug messages>

12.21.5. Finished fast OPT passes.

12.22. Executing ABC pass (technology mapping using ABC).

12.22.1. Extracting gate netlist of module `\neuron_intra_Nbits' to `<abc-temp-dir>/input.blif'..
Extracted 4471 gates and 4617 wires to a netlist network with 144 inputs and 24 outputs.

12.22.1.1. Executing ABC.
Running ABC command: "<yosys-exe-dir>/yosys-abc" -s -f <abc-temp-dir>/abc.script 2>&1
ABC: ABC command line: "source <abc-temp-dir>/abc.script".
ABC: 
ABC: + read_blif <abc-temp-dir>/input.blif 
ABC: + read_library <abc-temp-dir>/stdcells.genlib 
ABC: Entered genlib library with 13 gates from file "<abc-temp-dir>/stdcells.genlib".
ABC: + strash 
ABC: + dretime 
ABC: + map 
ABC: + write_blif <abc-temp-dir>/output.blif 

12.22.1.2. Re-integrating ABC results.
ABC RESULTS:               NOR cells:      585
ABC RESULTS:               NOT cells:      322
ABC RESULTS:               AND cells:       83
ABC RESULTS:             ORNOT cells:      123
ABC RESULTS:              XNOR cells:      428
ABC RESULTS:              NAND cells:      142
ABC RESULTS:               MUX cells:      216
ABC RESULTS:                OR cells:      481
ABC RESULTS:            ANDNOT cells:     1182
ABC RESULTS:               XOR cells:      948
ABC RESULTS:        internal signals:     4449
ABC RESULTS:           input signals:      144
ABC RESULTS:          output signals:       24
Removing temp directory.

12.23. Executing OPT pass (performing simple optimizations).

12.23.1. Executing OPT_EXPR pass (perform const folding).
Optimizing module neuron_intra_Nbits.
<suppressed ~96 debug messages>

12.23.2. Executing OPT_MERGE pass (detect identical cells).
Finding identical cells in module `\neuron_intra_Nbits'.
Removed a total of 0 cells.

12.23.3. Executing OPT_DFF pass (perform DFF optimizations).

12.23.4. Executing OPT_CLEAN pass (remove unused cells and wires).
Finding unused cells or wires in module \neuron_intra_Nbits..
Removed 0 unused cells and 972 unused wires.
<suppressed ~9 debug messages>

12.23.5. Finished fast OPT passes.

12.24. Executing HIERARCHY pass (managing design hierarchy).

12.24.1. Analyzing design hierarchy..
Top module:  \neuron_intra_Nbits

12.24.2. Analyzing design hierarchy..
Top module:  \neuron_intra_Nbits
Removed 0 unused modules.

12.25. Printing statistics.

=== neuron_intra_Nbits ===

   Number of wires:               4857
   Number of wire bits:          10841
   Number of public wires:         371
   Number of public wire bits:    6355
   Number of memories:               0
   Number of memory bits:            0
   Number of processes:              0
   Number of cells:               4534
     $_ANDNOT_                    1182
     $_AND_                         83
     $_DFFE_PP0P_                   24
     $_MUX_                        216
     $_NAND_                       142
     $_NOR_                        585
     $_NOT_                        322
     $_ORNOT_                      123
     $_OR_                         481
     $_XNOR_                       428
     $_XOR_                        948

12.26. Executing CHECK pass (checking for obvious problems).
Checking module neuron_intra_Nbits...
Found and reported 0 problems.
Removed 0 unused cells and 362 unused wires.

13. Executing DFFLIBMAP pass (mapping DFF cells to sequential cells from liberty file).
Warning: Found unsupported expression 'SE*SI+!SE*D' in pin attribute of cell 'SDFFRNQ_X1' - skipping.
Warning: Found unsupported expression 'SE*SI+!SE*D' in pin attribute of cell 'SDFFSNQ_X1' - skipping.
Warning: Found unsupported expression 'SE*SI+!SE*D' in pin attribute of cell 'SDFFRNQ_X1' - skipping.
Warning: Found unsupported expression 'SE*SI+!SE*D' in pin attribute of cell 'SDFFSNQ_X1' - skipping.
  cell DFFRNQ_X1 (noninv, pins=4, area=1.28) is a direct match for cell type $_DFF_PN0_.
Warning: Found unsupported expression 'SE*SI+!SE*D' in pin attribute of cell 'SDFFRNQ_X1' - skipping.
Warning: Found unsupported expression 'SE*SI+!SE*D' in pin attribute of cell 'SDFFSNQ_X1' - skipping.
  cell DFFSNQ_X1 (noninv, pins=4, area=1.28) is a direct match for cell type $_DFF_PN1_.
Warning: Found unsupported expression 'SE*SI+!SE*D' in pin attribute of cell 'SDFFRNQ_X1' - skipping.
Warning: Found unsupported expression 'SE*SI+!SE*D' in pin attribute of cell 'SDFFSNQ_X1' - skipping.
Warning: Found unsupported expression 'SE*SI+!SE*D' in pin attribute of cell 'SDFFRNQ_X1' - skipping.
Warning: Found unsupported expression 'SE*SI+!SE*D' in pin attribute of cell 'SDFFSNQ_X1' - skipping.
Warning: Found unsupported expression 'SE*SI+!SE*D' in pin attribute of cell 'SDFFRNQ_X1' - skipping.
Warning: Found unsupported expression 'SE*SI+!SE*D' in pin attribute of cell 'SDFFSNQ_X1' - skipping.
Warning: Found unsupported expression 'SE*SI+!SE*D' in pin attribute of cell 'SDFFRNQ_X1' - skipping.
Warning: Found unsupported expression 'SE*SI+!SE*D' in pin attribute of cell 'SDFFSNQ_X1' - skipping.
Warning: Found unsupported expression 'SE*SI+!SE*D' in pin attribute of cell 'SDFFRNQ_X1' - skipping.
Warning: Found unsupported expression 'SE*SI+!SE*D' in pin attribute of cell 'SDFFSNQ_X1' - skipping.
Warning: Found unsupported expression 'SE*SI+!SE*D' in pin attribute of cell 'SDFFRNQ_X1' - skipping.
Warning: Found unsupported expression 'SE*SI+!SE*D' in pin attribute of cell 'SDFFSNQ_X1' - skipping.
  final dff cell mappings:
    unmapped dff cell: $_DFF_N_
    unmapped dff cell: $_DFF_P_
    unmapped dff cell: $_DFF_NN0_
    unmapped dff cell: $_DFF_NN1_
    unmapped dff cell: $_DFF_NP0_
    unmapped dff cell: $_DFF_NP1_
    \DFFRNQ_X1 _DFF_PN0_ (.CLK( C), .D( D), .Q( Q), .RN( R));
    \DFFSNQ_X1 _DFF_PN1_ (.CLK( C), .D( D), .Q( Q), .SN( R));
    unmapped dff cell: $_DFF_PP0_
    unmapped dff cell: $_DFF_PP1_
    unmapped dff cell: $_DFFSR_NNN_
    unmapped dff cell: $_DFFSR_NNP_
    unmapped dff cell: $_DFFSR_NPN_
    unmapped dff cell: $_DFFSR_NPP_
    unmapped dff cell: $_DFFSR_PNN_
    unmapped dff cell: $_DFFSR_PNP_
    unmapped dff cell: $_DFFSR_PPN_
    unmapped dff cell: $_DFFSR_PPP_

13.1. Executing DFFLEGALIZE pass (convert FFs to types supported by the target).
Mapping DFF cells in module `\neuron_intra_Nbits':
  mapped 24 $_DFF_PN0_ cells to \DFFRNQ_X1 cells.

14. Executing ABC pass (technology mapping using ABC).

14.1. Extracting gate netlist of module `\neuron_intra_Nbits' to `<abc-temp-dir>/input.blif'..
Extracted 4558 gates and 4712 wires to a netlist network with 154 inputs and 48 outputs.

14.1.1. Executing ABC.
Running ABC command: "<yosys-exe-dir>/yosys-abc" -s -f <abc-temp-dir>/abc.script 2>&1
ABC: ABC command line: "source <abc-temp-dir>/abc.script".
ABC: 
ABC: + read_blif <abc-temp-dir>/input.blif 
ABC: + read_lib -w /home/juliana/venv_pytorch/lib/python3.12/site-packages/MAxPy/pdk/NanGate15nm.lib 
ABC: Parsing finished successfully.  Parsing time =     0.01 sec
ABC: Scl_LibertyReadGenlib() skipped cell "ANTENNA" due to dont_use attribute.
ABC: Scl_LibertyReadGenlib() skipped cell "CLKGATETST_X1" without logic function.
ABC: Scl_LibertyReadGenlib() skipped sequential cell "DFFRNQ_X1".
ABC: Scl_LibertyReadGenlib() skipped sequential cell "DFFSNQ_X1".
ABC: Scl_LibertyReadGenlib() skipped cell "FILLTIE" due to dont_use attribute.
ABC: Scl_LibertyReadGenlib() skipped cell "FILL_X1" due to dont_use attribute.
ABC: Scl_LibertyReadGenlib() skipped cell "FILL_X2" due to dont_use attribute.
ABC: Scl_LibertyReadGenlib() skipped cell "FILL_X4" due to dont_use attribute.
ABC: Scl_LibertyReadGenlib() skipped cell "FILL_X8" due to dont_use attribute.
ABC: Scl_LibertyReadGenlib() skipped cell "FILL_X16" due to dont_use attribute.
ABC: Scl_LibertyReadGenlib() skipped sequential cell "LHQ_X1".
ABC: Scl_LibertyReadGenlib() skipped sequential cell "SDFFRNQ_X1".
ABC: Scl_LibertyReadGenlib() skipped sequential cell "SDFFSNQ_X1".
ABC: Scl_LibertyReadGenlib() skipped three-state cell "TBUF_X1".
ABC: Scl_LibertyReadGenlib() skipped three-state cell "TBUF_X2".
ABC: Scl_LibertyReadGenlib() skipped three-state cell "TBUF_X4".
ABC: Scl_LibertyReadGenlib() skipped three-state cell "TBUF_X8".
ABC: Scl_LibertyReadGenlib() skipped three-state cell "TBUF_X12".
ABC: Scl_LibertyReadGenlib() skipped three-state cell "TBUF_X16".
ABC: Scl_LibertyReadGenlib() skipped cell "TIEH" due to dont_use attribute.
ABC: Scl_LibertyReadGenlib() skipped cell "TIEL" due to dont_use attribute.
ABC: Library "NanGate_15nm_OCL" from "/home/juliana/venv_pytorch/lib/python3.12/site-packages/MAxPy/pdk/NanGate15nm.lib" has 55 cells (12 skipped: 5 seq; 6 tri-state; 1 no func; 9 dont_use).  Time =     0.02 sec
ABC: Memory =    3.72 MB. Time =     0.02 sec
ABC: Warning: Detected 2 multi-output gates (for example, "FA_X1").
ABC: + strash 
ABC: + &get -n 
ABC: + &fraig -x 
ABC: + &put 
ABC: + scorr 
ABC: Warning: The network is combinational (run "fraig" or "fraig_sweep").
ABC: + dc2 
ABC: + dretime 
ABC: + strash 
ABC: + &get -n 
ABC: + &dch -f 
ABC: + &nf 
ABC: + &put 
ABC: + write_blif <abc-temp-dir>/output.blif 

14.1.2. Re-integrating ABC results.
ABC RESULTS:           AND4_X1 cells:       34
ABC RESULTS:            OR4_X1 cells:       20
ABC RESULTS:          NAND4_X1 cells:       16
ABC RESULTS:          AOI22_X1 cells:      102
ABC RESULTS:           AND3_X1 cells:       41
ABC RESULTS:           NOR3_X1 cells:       68
ABC RESULTS:          OAI22_X1 cells:       34
ABC RESULTS:            OR3_X1 cells:       47
ABC RESULTS:            OR2_X1 cells:       89
ABC RESULTS:           XOR2_X1 cells:      432
ABC RESULTS:          XNOR2_X1 cells:      536
ABC RESULTS:           AND2_X1 cells:      138
ABC RESULTS:          NAND3_X1 cells:       61
ABC RESULTS:           NOR4_X1 cells:       14
ABC RESULTS:           NOR2_X1 cells:      434
ABC RESULTS:          AOI21_X1 cells:      226
ABC RESULTS:          OAI21_X1 cells:      244
ABC RESULTS:          NAND2_X1 cells:      655
ABC RESULTS:            INV_X1 cells:      245
ABC RESULTS:        internal signals:     4510
ABC RESULTS:           input signals:      154
ABC RESULTS:          output signals:       48
Removing temp directory.
Removed 0 unused cells and 4690 unused wires.

15. Executing Verilog backend.
Dumping module `\neuron_intra_Nbits'.

Warnings: 170 unique messages, 303 total
End of script. Logfile hash: 437f3726d5, CPU: user 2.62s system 0.07s, MEM: 53.91 MB peak
Yosys 0.33 (git sha1 2584903a060)
Time spent: 34% 2x abc (1 sec), 19% 28x opt_expr (0 sec), ...
Synth command exit code: 0