2.009763717651367188e-01 6.207368373870849609e-01 8.568520545959472656e-01 9.880270957946777344e-01 6.994419097900390625e-01 3.846216201782226562e-01 -2.450189590454101562e-01 -7.172493934631347656e-01 -7.434842586517333984e-01 -5.336041450500488281e-01 -5.336041450500488281e-01 -2.712540626525878906e-01 -1.400787830352783203e-01 -8.903741836547851562e-03 1.485064029693603516e-01 3.321516513824462891e-01 9.355568885803222656e-01 7.256770133972167969e-01 4.108567237854003906e-01 -3.513884544372558594e-02 -1.925489902496337891e-01 -1.925489902496337891e-01 -1.925489902496337891e-01 -5.598392486572265625e-01 -9.795994758605957031e-01 -1.163244724273681641e+00 -1.005834579467773438e+00 -8.746595382690429688e-01 -8.221893310546875000e-01 -6.647791862487792969e-01 -8.760881423950195312e-02 1.733136177062988281e-02 1.485064029693603516e-01 2.009763717651367188e-01 -6.137371063232421875e-02 1.733136177062988281e-02 2.009763717651367188e-01 5.945017337799072266e-01 6.994419097900390625e-01 4.370915889739990234e-01 3.846216201782226562e-01 5.157966613769531250e-01 2.534465789794921875e-01 -4.286639690399169922e-01 -7.434842586517333984e-01 -2.712540626525878906e-01 -8.760881423950195312e-02 -1.400787830352783203e-01 -3.237240314483642578e-01 -3.761940002441406250e-01 -9.533646106719970703e-01 -5.598392486572265625e-01 2.009763717651367188e-01 1.224142074584960938e+00 1.407787322998046875e+00 1.460257530212402344e+00 1.958723068237304688e+00 1.880017757415771484e+00 1.591432571411132812e+00 -1.138439178466796875e-01 -6.910142898559570312e-01 -1.478064894676208496e+00 -6.385443210601806641e-01 -3.237240314483642578e-01 -4.811341762542724609e-01 -7.172493934631347656e-01 -1.294419765472412109e+00 -7.959544658660888672e-01 7.256770133972167969e-01 1.302847385406494141e+00 1.512727737426757812e+00 1.801312923431396484e+00 2.535893440246582031e+00 2.640833377838134766e+00 1.591432571411132812e+00 -3.499588966369628906e-01 -7.959544658660888672e-01 -1.084539651870727539e+00 -3.499588966369628906e-01 -3.237240314483642578e-01 -2.712540626525878906e-01 -3.499588966369628906e-01 -4.286639690399169922e-01 -1.138439178466796875e-01 -2.974889278411865234e-01 4.108567237854003906e-01 6.732068061828613281e-01 1.040497303009033203e+00 1.145437240600585938e+00 6.732068061828613281e-01 -3.513884544372558594e-02 -5.860741138458251953e-01 -1.032069683074951172e+00 -2.187838554382324219e-01 -2.974889278411865234e-01 -7.434842586517333984e-01 2.534465789794921875e-01 -8.760881423950195312e-02 -6.123092174530029297e-01 -7.434842586517333984e-01 -1.925489902496337891e-01 -3.513884544372558594e-02 1.733136177062988281e-02 9.603643417358398438e-02 1.733136177062988281e-02 -3.513884544372558594e-02 -1.663138866424560547e-01 -8.903741836547851562e-03 1.222712993621826172e-01 -4.811341762542724609e-01 -6.647791862487792969e-01 -7.959544658660888672e-01 4.895615577697753906e-01 -1.138439178466796875e-01 -5.336041450500488281e-01 -5.860741138458251953e-01 -1.925489902496337891e-01 -1.663138866424560547e-01 -1.663138866424560547e-01 -1.138439178466796875e-01 -8.760881423950195312e-02 1.747415065765380859e-01 5.682666301727294922e-01 1.747415065765380859e-01 -6.137371063232421875e-02 -3.237240314483642578e-01 -6.123092174530029297e-01 -1.583005070686340332e+00
4.108567237854003906e-01 5.420317649841308594e-01 4.633266925811767578e-01 7.256770133972167969e-01 5.157966613769531250e-01 6.469717025756835938e-01 4.370915889739990234e-01 4.633266925811767578e-01 2.272114753723144531e-01 2.009763717651367188e-01 3.059165477752685547e-01 3.321516513824462891e-01 1.733136177062988281e-02 -3.499588966369628906e-01 -3.499588966369628906e-01 -1.663138866424560547e-01 5.157966613769531250e-01 4.895615577697753906e-01 1.485064029693603516e-01 -5.860741138458251953e-01 -7.172493934631347656e-01 -1.373124837875366211e+00 -1.635475039482116699e+00 -1.766650199890136719e+00 -1.425594925880432129e+00 -8.484244346618652344e-01 -4.811341762542724609e-01 1.222712993621826172e-01 6.980133056640625000e-02 -6.137371063232421875e-02 -3.499588966369628906e-01 -2.712540626525878906e-01 -8.760881423950195312e-02 -3.237240314483642578e-01 -4.286639690399169922e-01 -6.647791862487792969e-01 -5.336041450500488281e-01 -4.024291038513183594e-01 -7.959544658660888672e-01 -1.845355272293090820e+00 -2.081470489501953125e+00 -1.766650199890136719e+00 -1.504299998283386230e+00 -9.795994758605957031e-01 -4.286639690399169922e-01 -3.761940002441406250e-01 -5.336041450500488281e-01 -3.237240314483642578e-01 3.059165477752685547e-01 6.732068061828613281e-01 1.302847385406494141e+00 1.906252861022949219e+00 2.273543357849121094e+00 2.693303585052490234e+00 1.565197467803955078e+00 -5.336041450500488281e-01 -1.451829910278320312e+00 -1.950295329093933105e+00 -1.740415215492248535e+00 -8.221893310546875000e-01 -3.761940002441406250e-01 -6.647791862487792969e-01 -6.137371063232421875e-02 3.321516513824462891e-01 5.420317649841308594e-01 8.306169509887695312e-01 1.460257530212402344e+00 1.670137882232666016e+00 1.643902778625488281e+00 1.040497303009033203e+00 1.747415065765380859e-01 -6.647791862487792969e-01 -1.556769967079162598e+00 -1.530534982681274414e+00 -1.189479827880859375e+00 -4.286639690399169922e-01 -4.024291038513183594e-01 -7.172493934631347656e-01 2.009763717651367188e-01 4.370915889739990234e-01 9.880270957946777344e-01 9.355568885803222656e-01 1.171672344207763672e+00 9.617919921875000000e-01 1.222712993621826172e-01 -4.286639690399169922e-01 -1.005834579467773438e+00 -1.320654869079589844e+00 -1.084539651870727539e+00 -8.746595382690429688e-01 -6.647791862487792969e-01 -4.548990726470947266e-01 -3.761940002441406250e-01 -1.663138866424560547e-01 -1.400787830352783203e-01 -3.513884544372558594e-02 7.256770133972167969e-01 6.207368373870849609e-01 3.059165477752685547e-01 3.321516513824462891e-01 2.272114753723144531e-01 3.059165477752685547e-01 1.747415065765380859e-01 4.370915889739990234e-01 5.945017337799072266e-01 9.093217849731445312e-01 7.519121170043945312e-01 6.207368373870849609e-01 3.583865165710449219e-01 2.272114753723144531e-01 2.534465789794921875e-01 9.603643417358398438e-02 -3.513884544372558594e-02 1.733136177062988281e-02 1.733136177062988281e-02 9.603643417358398438e-02 2.272114753723144531e-01 5.420317649841308594e-01 1.014262199401855469e+00 6.994419097900390625e-01 5.682666301727294922e-01 5.682666301727294922e-01 3.846216201782226562e-01 1.747415065765380859e-01 -8.903741836547851562e-03 1.733136177062988281e-02 4.356622695922851562e-02 3.846216201782226562e-01
1.222712993621826172e-01 3.583865165710449219e-01 3.059165477752685547e-01 1.485064029693603516e-01 1.733136177062988281e-02 -1.400787830352783203e-01 -2.450189590454101562e-01 -4.286639690399169922e-01 -7.697193622589111328e-01 -8.484244346618652344e-01 -6.123092174530029297e-01 -3.499588966369628906e-01 -2.450189590454101562e-01 9.603643417358398438e-02 2.272114753723144531e-01 1.222712993621826172e-01 2.796814441680908203e-01 -2.450189590454101562e-01 -5.860741138458251953e-01 -5.336041450500488281e-01 -5.860741138458251953e-01 -6.385443210601806641e-01 -6.910142898559570312e-01 -5.860741138458251953e-01 -4.286639690399169922e-01 -1.925489902496337891e-01 -3.513884544372558594e-02 -2.450189590454101562e-01 -4.548990726470947266e-01 -3.237240314483642578e-01 9.603643417358398438e-02 4.633266925811767578e-01 -8.221893310546875000e-01 -9.271295070648193359e-01 -1.005834579467773438e+00 -2.187838554382324219e-01 2.534465789794921875e-01 3.059165477752685547e-01 2.796814441680908203e-01 2.009763717651367188e-01 5.945017337799072266e-01 6.469717025756835938e-01 6.732068061828613281e-01 7.256770133972167969e-01 7.519121170043945312e-01 9.603643417358398438e-02 -2.187838554382324219e-01 -3.513884544372558594e-02 4.370915889739990234e-01 9.093217849731445312e-01 1.827547550201416016e+00 2.430953502655029297e+00 2.535893440246582031e+00 2.168602943420410156e+00 1.827547550201416016e+00 2.509658336639404297e+00 2.588363647460937500e+00 8.830871582031250000e-01 -3.513884544372558594e-02 -2.450189590454101562e-01 -2.974889278411865234e-01 -2.974889278411865234e-01 -4.548990726470947266e-01 -2.712540626525878906e-01 6.732068061828613281e-01 1.092967033386230469e+00 1.434022426605224609e+00 1.853782653808593750e+00 1.670137882232666016e+00 1.145437240600585938e+00 6.994419097900390625e-01 -4.286639690399169922e-01 -1.609240055084228516e+00 -1.504299998283386230e+00 -6.385443210601806641e-01 2.534465789794921875e-01 8.306169509887695312e-01 7.256770133972167969e-01 6.732068061828613281e-01 5.682666301727294922e-01 -1.400787830352783203e-01 -2.712540626525878906e-01 -4.024291038513183594e-01 -5.336041450500488281e-01 -6.123092174530029297e-01 -8.484244346618652344e-01 -1.268184661865234375e+00 -1.084539651870727539e+00 -1.400787830352783203e-01 8.568520545959472656e-01 1.775077819824218750e+00 1.434022426605224609e+00 9.617919921875000000e-01 6.469717025756835938e-01 5.420317649841308594e-01 2.272114753723144531e-01 -5.860741138458251953e-01 -4.286639690399169922e-01 -4.811341762542724609e-01 -5.598392486572265625e-01 -3.761940002441406250e-01 -8.746595382690429688e-01 -1.137009620666503906e+00 -1.320654869079589844e+00 -1.110774755477905273e+00 -8.484244346618652344e-01 -7.172493934631347656e-01 -6.123092174530029297e-01 -5.598392486572265625e-01 -4.024291038513183594e-01 -3.237240314483642578e-01 -6.137371063232421875e-02 -4.548990726470947266e-01 -5.860741138458251953e-01 -3.237240314483642578e-01 -2.187838554382324219e-01 -2.187838554382324219e-01 -1.138439178466796875e-01 -3.237240314483642578e-01 -4.811341762542724609e-01 -8.484244346618652344e-01 -1.058304548263549805e+00 -9.795994758605957031e-01 -6.910142898559570312e-01 -4.286639690399169922e-01 -3.761940002441406250e-01 -4.811341762542724609e-01 -3.237240314483642578e-01
-3.513884544372558594e-02 -2.712540626525878906e-01 -2.187838554382324219e-01 -1.925489902496337891e-01 -2.974889278411865234e-01 -6.385443210601806641e-01 -7.434842586517333984e-01 -6.385443210601806641e-01 -3.237240314483642578e-01 -1.663138866424560547e-01 6.980133056640625000e-02 -1.663138866424560547e-01 -1.925489902496337891e-01 -4.286639690399169922e-01 -8.221893310546875000e-01 -1.084539651870727539e+00 -1.925489902496337891e-01 -8.760881423950195312e-02 -1.400787830352783203e-01 -3.513884544372558594e-02 -3.513884544372558594e-02 -2.974889278411865234e-01 -3.761940002441406250e-01 -2.712540626525878906e-01 -4.024291038513183594e-01 -5.860741138458251953e-01 -5.598392486572265625e-01 -1.925489902496337891e-01 2.534465789794921875e-01 1.485064029693603516e-01 -1.400787830352783203e-01 -5.073690414428710938e-01 9.617919921875000000e-01 1.302847385406494141e+00 1.407787322998046875e+00 1.617667675018310547e+00 1.775077819824218750e+00 1.591432571411132812e+00 1.460257530212402344e+00 8.830871582031250000e-01 2.534465789794921875e-01 4.356622695922851562e-02 1.222712993621826172e-01 2.534465789794921875e-01 -8.760881423950195312e-02 -8.760881423950195312e-02 -5.598392486572265625e-01 -6.910142898559570312e-01 4.633266925811767578e-01 1.224142074584960938e+00 1.407787322998046875e+00 1.801312923431396484e+00 1.932487964630126953e+00 2.011192798614501953e+00 9.880270957946777344e-01 -1.084539651870727539e+00 -1.924060344696044922e+00 -1.766650199890136719e+00 -1.005834579467773438e+00 3.583865165710449219e-01 9.355568885803222656e-01 6.994419097900390625e-01 4.370915889739990234e-01 9.603643417358398438e-02 2.272114753723144531e-01 6.469717025756835938e-01 1.302847385406494141e+00 1.801312923431396484e+00 1.696372509002685547e+00 1.748842716217041016e+00 1.145437240600585938e+00 -6.647791862487792969e-01 -1.346889853477478027e+00 -1.792885184288024902e+00 -1.399359941482543945e+00 -7.697193622589111328e-01 -5.073690414428710938e-01 -4.024291038513183594e-01 -3.237240314483642578e-01 -7.959544658660888672e-01 -3.513884544372558594e-02 4.356622695922851562e-02 4.108567237854003906e-01 1.092967033386230469e+00 1.538962364196777344e+00 1.617667675018310547e+00 1.617667675018310547e+00 1.512727737426757812e+00 1.197907447814941406e+00 6.207368373870849609e-01 -6.137371063232421875e-02 -1.663138866424560547e-01 -2.712540626525878906e-01 -5.336041450500488281e-01 -7.959544658660888672e-01 -8.484244346618652344e-01 -6.385443210601806641e-01 -6.910142898559570312e-01 -1.058304548263549805e+00 -1.373124837875366211e+00 -1.084539651870727539e+00 -7.172493934631347656e-01 -2.712540626525878906e-01 -1.138439178466796875e-01 -8.760881423950195312e-02 -2.974889278411865234e-01 -1.400787830352783203e-01 -2.974889278411865234e-01 -2.450189590454101562e-01 -5.598392486572265625e-01 -6.123092174530029297e-01 -9.271295070648193359e-01 -2.187838554382324219e-01 -1.925489902496337891e-01 -5.598392486572265625e-01 -7.172493934631347656e-01 -8.484244346618652344e-01 -8.221893310546875000e-01 -7.959544658660888672e-01 -4.811341762542724609e-01 -5.073690414428710938e-01 -3.237240314483642578e-01 -1.400787830352783203e-01 -3.513884544372558594e-02 -8.760881423950195312e-02 -3.513884544372558594e-02 9.603643417358398438e-02 -6.137371063232421875e-02
-6.123092174530029297e-01 -3.761940002441406250e-01 -1.925489902496337891e-01 1.733136177062988281e-02 1.747415065765380859e-01 3.059165477752685547e-01 4.633266925811767578e-01 4.370915889739990234e-01 3.846216201782226562e-01 3.846216201782226562e-01 2.272114753723144531e-01 -1.138439178466796875e-01 -2.712540626525878906e-01 -2.450189590454101562e-01 -2.712540626525878906e-01 -2.712540626525878906e-01 7.256770133972167969e-01 9.355568885803222656e-01 1.092967033386230469e+00 1.302847385406494141e+00 1.460257530212402344e+00 1.224142074584960938e+00 1.171672344207763672e+00 1.066731929779052734e+00 9.880270957946777344e-01 8.306169509887695312e-01 9.355568885803222656e-01 9.617919921875000000e-01 9.355568885803222656e-01 6.207368373870849609e-01 4.895615577697753906e-01 2.009763717651367188e-01 9.093217849731445312e-01 1.224142074584960938e+00 1.329082489013671875e+00 1.302847385406494141e+00 1.119202136993408203e+00 9.617919921875000000e-01 2.534465789794921875e-01 -4.811341762542724609e-01 -1.058304548263549805e+00 -7.172493934631347656e-01 -1.400787830352783203e-01 2.796814441680908203e-01 5.157966613769531250e-01 9.093217849731445312e-01 1.066731929779052734e+00 7.519121170043945312e-01 -8.903741836547851562e-03 3.321516513824462891e-01 3.583865165710449219e-01 5.157966613769531250e-01 4.895615577697753906e-01 -1.400787830352783203e-01 -9.271295070648193359e-01 -8.221893310546875000e-01 -1.925489902496337891e-01 1.145437240600585938e+00 1.827547550201416016e+00 2.168602943420410156e+00 2.011192798614501953e+00 1.801312923431396484e+00 1.145437240600585938e+00 6.469717025756835938e-01 -9.533646106719970703e-01 -1.163244724273681641e+00 -5.336041450500488281e-01 1.733136177062988281e-02 -2.187838554382324219e-01 -9.533646106719970703e-01 -4.024291038513183594e-01 1.302847385406494141e+00 1.512727737426757812e+00 8.830871582031250000e-01 5.157966613769531250e-01 4.895615577697753906e-01 3.321516513824462891e-01 5.945017337799072266e-01 4.633266925811767578e-01 9.603643417358398438e-02 -9.795994758605957031e-01 -8.746595382690429688e-01 -8.746595382690429688e-01 -1.032069683074951172e+00 -1.137009620666503906e+00 -1.320654869079589844e+00 -1.583005070686340332e+00 -1.766650199890136719e+00 -2.029000282287597656e+00 -1.950295329093933105e+00 -1.871590256690979004e+00 -1.687945127487182617e+00 -1.058304548263549805e+00 -1.110774755477905273e+00 -1.137009620666503906e+00 -8.484244346618652344e-01 9.603643417358398438e-02 3.321516513824462891e-01 1.733136177062988281e-02 -4.024291038513183594e-01 -8.746595382690429688e-01 -9.795994758605957031e-01 -1.110774755477905273e+00 -1.504299998283386230e+00 -1.268184661865234375e+00 -1.241949796676635742e+00 -1.084539651870727539e+00 -1.005834579467773438e+00 -8.746595382690429688e-01 -5.860741138458251953e-01 -4.548990726470947266e-01 -6.647791862487792969e-01 1.733136177062988281e-02 3.321516513824462891e-01 5.420317649841308594e-01 6.732068061828613281e-01 5.945017337799072266e-01 5.945017337799072266e-01 2.796814441680908203e-01 4.356622695922851562e-02 -8.760881423950195312e-02 -1.663138866424560547e-01 -3.499588966369628906e-01 -2.450189590454101562e-01 -3.237240314483642578e-01 -4.024291038513183594e-01 -3.499588966369628906e-01 -1.925489902496337891e-01
-4.548990726470947266e-01 -4.811341762542724609e-01 -5.073690414428710938e-01 -2.187838554382324219e-01 -1.138439178466796875e-01 -1.663138866424560547e-01 2.272114753723144531e-01 6.980133056640625000e-02 -8.760881423950195312e-02 -8.760881423950195312e-02 -6.137371063232421875e-02 1.485064029693603516e-01 6.980133056640625000e-02 4.356622695922851562e-02 -6.137371063232421875e-02 -1.138439178466796875e-01 1.222712993621826172e-01 3.059165477752685547e-01 3.846216201782226562e-01 4.370915889739990234e-01 1.485064029693603516e-01 -8.760881423950195312e-02 -7.172493934631347656e-01 -6.910142898559570312e-01 -5.860741138458251953e-01 -4.024291038513183594e-01 -2.187838554382324219e-01 2.272114753723144531e-01 3.321516513824462891e-01 1.222712993621826172e-01 -2.187838554382324219e-01 -4.286639690399169922e-01 2.534465789794921875e-01 6.980133056640625000e-02 -8.903741836547851562e-03 2.272114753723144531e-01 -8.903741836547851562e-03 -2.712540626525878906e-01 -4.811341762542724609e-01 -3.237240314483642578e-01 -1.138439178466796875e-01 3.846216201782226562e-01 8.568520545959472656e-01 1.407787322998046875e+00 1.643902778625488281e+00 1.591432571411132812e+00 1.171672344207763672e+00 5.157966613769531250e-01 1.733136177062988281e-02 -3.761940002441406250e-01 -9.008944034576416016e-01 -5.860741138458251953e-01 -1.189479827880859375e+00 -2.081470489501953125e+00 -2.396290779113769531e+00 -2.081470489501953125e+00 -1.845355272293090820e+00 -2.186410427093505859e+00 -2.396290779113769531e+00 -1.819120168685913086e+00 -6.137371063232421875e-02 4.108567237854003906e-01 1.485064029693603516e-01 3.059165477752685547e-01 8.306169509887695312e-01 9.093217849731445312e-01 1.222712993621826172e-01 -1.663138866424560547e-01 1.733136177062988281e-02 1.066731929779052734e+00 2.011192798614501953e+00 2.824478626251220703e+00 2.693303585052490234e+00 1.512727737426757812e+00 6.732068061828613281e-01 -8.903741836547851562e-03 1.222712993621826172e-01 -2.712540626525878906e-01 -4.548990726470947266e-01 -6.123092174530029297e-01 1.222712993621826172e-01 9.880270957946777344e-01 1.748842716217041016e+00 2.168602943420410156e+00 2.116133213043212891e+00 1.932487964630126953e+00 1.329082489013671875e+00 4.370915889739990234e-01 -1.925489902496337891e-01 -5.860741138458251953e-01 -3.761940002441406250e-01 -8.760881423950195312e-02 -2.974889278411865234e-01 -1.925489902496337891e-01 -1.138439178466796875e-01 -4.286639690399169922e-01 4.370915889739990234e-01 -2.974889278411865234e-01 -4.024291038513183594e-01 -4.811341762542724609e-01 -1.400787830352783203e-01 2.796814441680908203e-01 2.009763717651367188e-01 1.222712993621826172e-01 6.980133056640625000e-02 -8.903741836547851562e-03 -3.513884544372558594e-02 -8.903741836547851562e-03 -6.137371063232421875e-02 1.485064029693603516e-01 -1.663138866424560547e-01 -4.024291038513183594e-01 2.796814441680908203e-01 1.733136177062988281e-02 -2.187838554382324219e-01 -5.598392486572265625e-01 -6.123092174530029297e-01 -6.647791862487792969e-01 -7.172493934631347656e-01 -6.123092174530029297e-01 -5.073690414428710938e-01 -3.499588966369628906e-01 -3.761940002441406250e-01 -4.024291038513183594e-01 -3.237240314483642578e-01 -2.712540626525878906e-01 -4.286639690399169922e-01 -6.910142898559570312e-01
4.108567237854003906e-01 8.043818473815917969e-01 6.207368373870849609e-01 4.633266925811767578e-01 3.321516513824462891e-01 2.009763717651367188e-01 3.059165477752685547e-01 2.009763717651367188e-01 4.356622695922851562e-02 -1.925489902496337891e-01 -2.712540626525878906e-01 -2.712540626525878906e-01 -3.761940002441406250e-01 -6.647791862487792969e-01 -4.811341762542724609e-01 -2.712540626525878906e-01 6.469717025756835938e-01 5.682666301727294922e-01 4.895615577697753906e-01 1.485064029693603516e-01 6.980133056640625000e-02 1.222712993621826172e-01 3.583865165710449219e-01 2.534465789794921875e-01 9.603643417358398438e-02 4.356622695922851562e-02 -2.187838554382324219e-01 -6.385443210601806641e-01 -7.697193622589111328e-01 -7.172493934631347656e-01 -1.663138866424560547e-01 9.603643417358398438e-02 1.485064029693603516e-01 1.485064029693603516e-01 -1.663138866424560547e-01 -6.137371063232421875e-02 3.059165477752685547e-01 1.092967033386230469e+00 1.434022426605224609e+00 1.512727737426757812e+00 1.512727737426757812e+00 1.591432571411132812e+00 2.194838047027587891e+00 2.404718399047851562e+00 1.486492633819580078e+00 7.781467437744140625e-01 1.222712993621826172e-01 5.157966613769531250e-01 -1.663138866424560547e-01 -1.084539651870727539e+00 -1.005834579467773438e+00 3.321516513824462891e-01 4.356622695922851562e-02 -5.073690414428710938e-01 -6.647791862487792969e-01 -1.215714693069458008e+00 -5.336041450500488281e-01 -2.974889278411865234e-01 6.732068061828613281e-01 1.355317592620849609e+00 1.906252861022949219e+00 2.247308254241943359e+00 2.142367839813232422e+00 1.748842716217041016e+00 -1.110774755477905273e+00 -2.133940458297729492e+00 -1.530534982681274414e+00 -8.221893310546875000e-01 -1.583005070686340332e+00 -2.055235385894775391e+00 -1.897825241088867188e+00 -9.795994758605957031e-01 -2.974889278411865234e-01 -4.811341762542724609e-01 -8.221893310546875000e-01 -1.163244724273681641e+00 -8.221893310546875000e-01 -3.513884544372558594e-02 -8.760881423950195312e-02 1.733136177062988281e-02 -5.336041450500488281e-01 -1.032069683074951172e+00 -1.189479827880859375e+00 -7.959544658660888672e-01 -3.237240314483642578e-01 -3.237240314483642578e-01 1.222712993621826172e-01 1.040497303009033203e+00 1.381552219390869141e+00 5.157966613769531250e-01 -1.400787830352783203e-01 -4.286639690399169922e-01 -6.385443210601806641e-01 -5.336041450500488281e-01 -6.385443210601806641e-01 -6.123092174530029297e-01 1.222712993621826172e-01 1.222712993621826172e-01 -2.450189590454101562e-01 -5.860741138458251953e-01 -1.663138866424560547e-01 -1.400787830352783203e-01 -2.712540626525878906e-01 -1.400787830352783203e-01 -3.513884544372558594e-02 -1.400787830352783203e-01 -2.974889278411865234e-01 -6.123092174530029297e-01 -4.811341762542724609e-01 4.356622695922851562e-02 9.603643417358398438e-02 -3.513884544372558594e-02 1.329082489013671875e+00 8.830871582031250000e-01 6.732068061828613281e-01 2.534465789794921875e-01 9.603643417358398438e-02 6.980133056640625000e-02 -3.513884544372558594e-02 -2.450189590454101562e-01 -2.712540626525878906e-01 -4.024291038513183594e-01 -4.024291038513183594e-01 -3.237240314483642578e-01 -2.187838554382324219e-01 9.603643417358398438e-02 -1.663138866424560547e-01 -3.513884544372558594e-02
-1.138439178466796875e-01 -3.499588966369628906e-01 -3.237240314483642578e-01 -2.187838554382324219e-01 -6.385443210601806641e-01 -7.434842586517333984e-01 -6.385443210601806641e-01 -4.286639690399169922e-01 -4.024291038513183594e-01 -5.860741138458251953e-01 -7.434842586517333984e-01 -6.910142898559570312e-01 -1.400787830352783203e-01 -1.400787830352783203e-01 6.980133056640625000e-02 1.222712993621826172e-01 -9.271295070648193359e-01 -7.172493934631347656e-01 -8.746595382690429688e-01 -1.399359941482543945e+00 -1.451829910278320312e+00 -1.084539651870727539e+00 -8.221893310546875000e-01 -5.860741138458251953e-01 -9.008944034576416016e-01 -1.110774755477905273e+00 -1.110774755477905273e+00 -6.385443210601806641e-01 -6.647791862487792969e-01 -5.336041450500488281e-01 -2.974889278411865234e-01 -2.187838554382324219e-01 -6.123092174530029297e-01 -1.005834579467773438e+00 -7.434842586517333984e-01 -5.336041450500488281e-01 -3.513884544372558594e-02 -3.513884544372558594e-02 6.469717025756835938e-01 1.381552219390869141e+00 6.469717025756835938e-01 2.272114753723144531e-01 2.796814441680908203e-01 6.980133056640625000e-02 -4.024291038513183594e-01 -3.761940002441406250e-01 -2.974889278411865234e-01 -5.336041450500488281e-01 1.485064029693603516e-01 6.469717025756835938e-01 1.329082489013671875e+00 1.984957695007324219e+00 2.352248191833496094e+00 1.932487964630126953e+00 1.958723068237304688e+00 1.224142074584960938e+00 -2.450189590454101562e-01 -5.336041450500488281e-01 -7.172493934631347656e-01 -3.761940002441406250e-01 -1.400787830352783203e-01 2.272114753723144531e-01 6.980133056640625000e-02 -8.484244346618652344e-01 -1.663138866424560547e-01 5.682666301727294922e-01 1.302847385406494141e+00 1.670137882232666016e+00 2.011192798614501953e+00 1.381552219390869141e+00 5.157966613769531250e-01 -8.746595382690429688e-01 -1.663138866424560547e-01 2.534465789794921875e-01 -1.138439178466796875e-01 3.059165477752685547e-01 5.157966613769531250e-01 5.945017337799072266e-01 1.485064029693603516e-01 -8.746595382690429688e-01 4.633266925811767578e-01 7.256770133972167969e-01 6.469717025756835938e-01 3.583865165710449219e-01 -6.137371063232421875e-02 -5.598392486572265625e-01 -1.451829910278320312e+00 -2.029000282287597656e+00 -1.478064894676208496e+00 -1.005834579467773438e+00 -3.761940002441406250e-01 -1.138439178466796875e-01 1.747415065765380859e-01 2.534465789794921875e-01 -1.138439178466796875e-01 -5.073690414428710938e-01 -4.024291038513183594e-01 -1.925489902496337891e-01 3.059165477752685547e-01 8.043818473815917969e-01 9.617919921875000000e-01 9.880270957946777344e-01 8.830871582031250000e-01 6.732068061828613281e-01 9.617919921875000000e-01 8.830871582031250000e-01 9.355568885803222656e-01 1.119202136993408203e+00 1.329082489013671875e+00 1.434022426605224609e+00 9.617919921875000000e-01 2.009763717651367188e-01 -4.548990726470947266e-01 -3.237240314483642578e-01 1.733136177062988281e-02 6.980133056640625000e-02 5.157966613769531250e-01 4.370915889739990234e-01 4.370915889739990234e-01 9.617919921875000000e-01 6.469717025756835938e-01 6.469717025756835938e-01 4.370915889739990234e-01 3.321516513824462891e-01 -1.925489902496337891e-01 -4.548990726470947266e-01 -7.172493934631347656e-01 -1.320654869079589844e+00
1.145437240600585938e+00 1.119202136993408203e+00 8.568520545959472656e-01 8.306169509887695312e-01 5.157966613769531250e-01 4.108567237854003906e-01 2.534465789794921875e-01 -1.663138866424560547e-01 -3.499588966369628906e-01 -1.138439178466796875e-01 -1.138439178466796875e-01 -1.138439178466796875e-01 -3.513884544372558594e-02 -1.663138866424560547e-01 1.733136177062988281e-02 2.796814441680908203e-01 4.895615577697753906e-01 1.747415065765380859e-01 1.747415065765380859e-01 -2.450189590454101562e-01 -1.663138866424560547e-01 2.009763717651367188e-01 3.846216201782226562e-01 2.272114753723144531e-01 2.534465789794921875e-01 1.485064029693603516e-01 -1.400787830352783203e-01 -3.237240314483642578e-01 -7.172493934631347656e-01 -5.860741138458251953e-01 -5.860741138458251953e-01 -7.959544658660888672e-01 -1.138439178466796875e-01 -7.172493934631347656e-01 -2.974889278411865234e-01 -1.663138866424560547e-01 5.682666301727294922e-01 9.880270957946777344e-01 1.276612281799316406e+00 1.775077819824218750e+00 1.670137882232666016e+00 1.486492633819580078e+00 4.895615577697753906e-01 -2.974889278411865234e-01 -2.712540626525878906e-01 4.356622695922851562e-02 -4.286639690399169922e-01 -1.189479827880859375e+00 3.321516513824462891e-01 2.272114753723144531e-01 6.469717025756835938e-01 -9.008944034576416016e-01 -1.137009620666503906e+00 -1.871590256690979004e+00 -1.556769967079162598e+00 -2.712540626525878906e-01 5.945017337799072266e-01 -3.761940002441406250e-01 -1.241949796676635742e+00 -1.373124837875366211e+00 -1.425594925880432129e+00 -4.024291038513183594e-01 -2.712540626525878906e-01 -1.110774755477905273e+00 -1.400787830352783203e-01 -1.663138866424560547e-01 7.519121170043945312e-01 -3.237240314483642578e-01 -1.609240055084228516e+00 -2.212645530700683594e+00 -1.714180111885070801e+00 -9.008944034576416016e-01 -5.073690414428710938e-01 -1.189479827880859375e+00 -1.792885184288024902e+00 -1.740415215492248535e+00 -1.478064894676208496e+00 -1.925489902496337891e-01 1.733136177062988281e-02 1.222712993621826172e-01 -1.032069683074951172e+00 -1.032069683074951172e+00 -4.548990726470947266e-01 5.682666301727294922e-01 3.846216201782226562e-01 7.256770133972167969e-01 1.538962364196777344e+00 2.221073150634765625e+00 2.037427902221679688e+00 9.617919921875000000e-01 7.781467437744140625e-01 4.370915889739990234e-01 1.485064029693603516e-01 -6.123092174530029297e-01 -6.910142898559570312e-01 1.733136177062988281e-02 2.796814441680908203e-01 -8.903741836547851562e-03 -1.138439178466796875e-01 -4.286639690399169922e-01 9.603643417358398438e-02 5.157966613769531250e-01 4.370915889739990234e-01 2.534465789794921875e-01 9.603643417358398438e-02 2.272114753723144531e-01 -3.513884544372558594e-02 -1.925489902496337891e-01 -6.137371063232421875e-02 -3.513884544372558594e-02 -3.237240314483642578e-01 -8.903741836547851562e-03 1.119202136993408203e+00 8.306169509887695312e-01 6.994419097900390625e-01 6.207368373870849609e-01 6.980133056640625000e-02 -8.760881423950195312e-02 -3.237240314483642578e-01 -2.712540626525878906e-01 -1.925489902496337891e-01 -1.400787830352783203e-01 9.603643417358398438e-02 2.796814441680908203e-01 -1.400787830352783203e-01 -1.138439178466796875e-01 1.485064029693603516e-01 5.420317649841308594e-01
2.796814441680908203e-01 4.633266925811767578e-01 7.519121170043945312e-01 5.682666301727294922e-01 5.945017337799072266e-01 4.895615577697753906e-01 1.222712993621826172e-01 1.485064029693603516e-01 -3.513884544372558594e-02 -8.760881423950195312e-02 -6.137371063232421875e-02 1.733136177062988281e-02 4.895615577697753906e-01 4.895615577697753906e-01 6.207368373870849609e-01 3.321516513824462891e-01 -8.760881423950195312e-02 -1.138439178466796875e-01 -8.760881423950195312e-02 -3.237240314483642578e-01 -5.598392486572265625e-01 -7.959544658660888672e-01 -4.811341762542724609e-01 -2.450189590454101562e-01 -3.513884544372558594e-02 -1.138439178466796875e-01 -4.024291038513183594e-01 -4.024291038513183594e-01 -5.336041450500488281e-01 -2.712540626525878906e-01 6.980133056640625000e-02 3.846216201782226562e-01 -7.172493934631347656e-01 -3.499588966369628906e-01 -2.712540626525878906e-01 -6.137371063232421875e-02 -6.137371063232421875e-02 3.846216201782226562e-01 5.945017337799072266e-01 7.519121170043945312e-01 9.617919921875000000e-01 8.306169509887695312e-01 3.846216201782226562e-01 -3.513884544372558594e-02 -7.959544658660888672e-01 -5.860741138458251953e-01 -2.187838554382324219e-01 2.796814441680908203e-01 -4.024291038513183594e-01 -1.138439178466796875e-01 3.583865165710449219e-01 2.272114753723144531e-01 -4.548990726470947266e-01 -1.189479827880859375e+00 -1.320654869079589844e+00 -2.712540626525878906e-01 -3.513884544372558594e-02 -1.400787830352783203e-01 -5.073690414428710938e-01 -1.137009620666503906e+00 -1.766650199890136719e+00 -2.553700923919677734e+00 -2.133940458297729492e+00 -1.451829910278320312e+00 1.302847385406494141e+00 1.643902778625488281e+00 2.299777984619140625e+00 2.693303585052490234e+00 1.932487964630126953e+00 1.485064029693603516e-01 -1.215714693069458008e+00 -2.055235385894775391e+00 -1.766650199890136719e+00 -9.795994758605957031e-01 -3.237240314483642578e-01 -7.172493934631347656e-01 -8.746595382690429688e-01 -1.687945127487182617e+00 -1.661710143089294434e+00 -1.005834579467773438e+00 7.781467437744140625e-01 8.830871582031250000e-01 1.171672344207763672e+00 2.221073150634765625e+00 3.008123874664306641e+00 2.981888771057128906e+00 2.535893440246582031e+00 2.011192798614501953e+00 1.591432571411132812e+00 1.329082489013671875e+00 9.093217849731445312e-01 5.682666301727294922e-01 -1.663138866424560547e-01 -8.760881423950195312e-02 -2.187838554382324219e-01 -2.450189590454101562e-01 9.603643417358398438e-02 -3.499588966369628906e-01 -8.221893310546875000e-01 -9.271295070648193359e-01 -8.221893310546875000e-01 -6.123092174530029297e-01 -2.450189590454101562e-01 -2.450189590454101562e-01 -3.499588966369628906e-01 -1.663138866424560547e-01 -2.712540626525878906e-01 -1.400787830352783203e-01 -6.137371063232421875e-02 1.733136177062988281e-02 -8.903741836547851562e-03 -3.513884544372558594e-02 -2.712540626525878906e-01 -4.024291038513183594e-01 -5.073690414428710938e-01 -3.237240314483642578e-01 -3.761940002441406250e-01 -2.187838554382324219e-01 -1.925489902496337891e-01 -8.760881423950195312e-02 -1.925489902496337891e-01 1.733136177062988281e-02 1.222712993621826172e-01 -8.903741836547851562e-03 9.603643417358398438e-02 -8.760881423950195312e-02 -3.513884544372558594e-02 -6.137371063232421875e-02
-1.663138866424560547e-01 -2.187838554382324219e-01 -1.925489902496337891e-01 -8.760881423950195312e-02 9.603643417358398438e-02 1.222712993621826172e-01 1.485064029693603516e-01 5.157966613769531250e-01 3.846216201782226562e-01 4.895615577697753906e-01 4.108567237854003906e-01 5.157966613769531250e-01 2.796814441680908203e-01 -6.137371063232421875e-02 -1.925489902496337891e-01 -3.237240314483642578e-01 4.633266925811767578e-01 4.895615577697753906e-01 5.420317649841308594e-01 6.994419097900390625e-01 7.519121170043945312e-01 8.568520545959472656e-01 5.945017337799072266e-01 4.108567237854003906e-01 3.846216201782226562e-01 5.945017337799072266e-01 9.355568885803222656e-01 9.355568885803222656e-01 8.568520545959472656e-01 7.519121170043945312e-01 4.895615577697753906e-01 3.321516513824462891e-01 6.732068061828613281e-01 7.519121170043945312e-01 3.321516513824462891e-01 4.633266925811767578e-01 4.356622695922851562e-02 -8.746595382690429688e-01 -2.002765417098999023e+00 -2.501230716705322266e+00 -2.501230716705322266e+00 -2.212645530700683594e+00 -1.425594925880432129e+00 -4.548990726470947266e-01 3.059165477752685547e-01 6.994419097900390625e-01 7.781467437744140625e-01 6.732068061828613281e-01 4.370915889739990234e-01 6.994419097900390625e-01 1.092967033386230469e+00 1.040497303009033203e+00 2.534465789794921875e-01 -8.746595382690429688e-01 -1.478064894676208496e+00 -1.320654869079589844e+00 -1.924060344696044922e+00 -2.160175561904907227e+00 -1.556769967079162598e+00 -9.795994758605957031e-01 1.747415065765380859e-01 5.682666301727294922e-01 6.732068061828613281e-01 9.355568885803222656e-01 6.994419097900390625e-01 5.157966613769531250e-01 2.796814441680908203e-01 -6.137371063232421875e-02 -1.084539651870727539e+00 -7.697193622589111328e-01 -3.513884544372558594e-02 2.194838047027587891e+00 2.273543357849121094e+00 1.222712993621826172e-01 -1.399359941482543945e+00 -1.320654869079589844e+00 -4.024291038513183594e-01 4.356622695922851562e-02 6.207368373870849609e-01 9.093217849731445312e-01 1.747415065765380859e-01 -1.663138866424560547e-01 -1.663138866424560547e-01 -5.073690414428710938e-01 -6.910142898559570312e-01 -1.032069683074951172e+00 -7.172493934631347656e-01 -1.925489902496337891e-01 1.485064029693603516e-01 -3.761940002441406250e-01 -6.123092174530029297e-01 -8.221893310546875000e-01 -7.172493934631347656e-01 -3.237240314483642578e-01 3.583865165710449219e-01 5.682666301727294922e-01 3.059165477752685547e-01 2.796814441680908203e-01 4.108567237854003906e-01 2.796814441680908203e-01 4.356622695922851562e-02 -5.860741138458251953e-01 -9.271295070648193359e-01 -8.746595382690429688e-01 -9.533646106719970703e-01 -7.172493934631347656e-01 -9.008944034576416016e-01 -5.336041450500488281e-01 -3.761940002441406250e-01 -3.499588966369628906e-01 -8.903741836547851562e-03 2.796814441680908203e-01 -3.513884544372558594e-02 1.733136177062988281e-02 1.222712993621826172e-01 3.059165477752685547e-01 4.633266925811767578e-01 6.469717025756835938e-01 6.207368373870849609e-01 5.945017337799072266e-01 3.583865165710449219e-01 1.747415065765380859e-01 1.485064029693603516e-01 2.534465789794921875e-01 3.583865165710449219e-01 4.370915889739990234e-01 3.583865165710449219e-01 4.895615577697753906e-01
-8.760881423950195312e-02 -4.548990726470947266e-01 -7.959544658660888672e-01 -1.110774755477905273e+00 -1.084539651870727539e+00 -1.137009620666503906e+00 -6.647791862487792969e-01 -5.336041450500488281e-01 -3.761940002441406250e-01 9.603643417358398438e-02 5.420317649841308594e-01 7.256770133972167969e-01 9.617919921875000000e-01 1.224142074584960938e+00 1.355317592620849609e+00 1.092967033386230469e+00 -9.271295070648193359e-01 -8.746595382690429688e-01 -5.073690414428710938e-01 -4.286639690399169922e-01 -2.187838554382324219e-01 -4.286639690399169922e-01 -5.860741138458251953e-01 -6.385443210601806641e-01 -6.385443210601806641e-01 -4.548990726470947266e-01 -4.024291038513183594e-01 -8.484244346618652344e-01 -2.712540626525878906e-01 -1.138439178466796875e-01 -2.712540626525878906e-01 3.583865165710449219e-01 1.643902778625488281e+00 1.145437240600585938e+00 1.066731929779052734e+00 3.321516513824462891e-01 -3.513884544372558594e-02 1.733136177062988281e-02 6.980133056640625000e-02 1.197907447814941406e+00 1.801312923431396484e+00 1.643902778625488281e+00 8.043818473815917969e-01 1.733136177062988281e-02 4.356622695922851562e-02 -7.959544658660888672e-01 -1.005834579467773438e+00 -1.084539651870727539e+00 1.407787322998046875e+00 1.040497303009033203e+00 5.157966613769531250e-01 -1.925489902496337891e-01 -1.320654869079589844e+00 -6.123092174530029297e-01 -2.187838554382324219e-01 1.747415065765380859e-01 4.108567237854003906e-01 -2.450189590454101562e-01 -1.137009620666503906e+00 -9.795994758605957031e-01 -6.123092174530029297e-01 -6.910142898559570312e-01 -3.499588966369628906e-01 -6.910142898559570312e-01 3.059165477752685547e-01 2.796814441680908203e-01 -1.138439178466796875e-01 -7.697193622589111328e-01 -1.294419765472412109e+00 -7.172493934631347656e-01 6.980133056640625000e-02 6.732068061828613281e-01 4.633266925811767578e-01 -7.697193622589111328e-01 -1.635475039482116699e+00 -1.451829910278320312e+00 -8.484244346618652344e-01 -1.215714693069458008e+00 1.222712993621826172e-01 -8.760881423950195312e-02 6.469717025756835938e-01 6.469717025756835938e-01 5.945017337799072266e-01 3.059165477752685547e-01 -1.400787830352783203e-01 -3.761940002441406250e-01 6.732068061828613281e-01 1.670137882232666016e+00 2.876948833465576172e+00 2.667068481445312500e+00 1.460257530212402344e+00 9.617919921875000000e-01 -1.663138866424560547e-01 1.747415065765380859e-01 -3.237240314483642578e-01 -3.761940002441406250e-01 -1.084539651870727539e+00 -7.434842586517333984e-01 -1.138439178466796875e-01 9.093217849731445312e-01 5.682666301727294922e-01 3.059165477752685547e-01 -2.974889278411865234e-01 -5.073690414428710938e-01 -5.073690414428710938e-01 -4.286639690399169922e-01 -5.073690414428710938e-01 -2.187838554382324219e-01 -2.712540626525878906e-01 -7.434842586517333984e-01 -6.123092174530029297e-01 -4.811341762542724609e-01 -4.548990726470947266e-01 -5.860741138458251953e-01 -6.123092174530029297e-01 -6.910142898559570312e-01 -5.336041450500488281e-01 -5.598392486572265625e-01 -5.073690414428710938e-01 -2.187838554382324219e-01 -2.450189590454101562e-01 6.980133056640625000e-02 1.485064029693603516e-01 3.059165477752685547e-01 5.945017337799072266e-01 6.994419097900390625e-01 9.880270957946777344e-01 1.224142074584960938e+00
5.682666301727294922e-01 5.682666301727294922e-01 2.796814441680908203e-01 -1.138439178466796875e-01 -1.663138866424560547e-01 -4.811341762542724609e-01 -3.237240314483642578e-01 -2.450189590454101562e-01 -5.073690414428710938e-01 -5.073690414428710938e-01 -3.761940002441406250e-01 -2.974889278411865234e-01 -1.400787830352783203e-01 -8.760881423950195312e-02 1.733136177062988281e-02 -6.137371063232421875e-02 3.059165477752685547e-01 2.534465789794921875e-01 -1.138439178466796875e-01 -3.761940002441406250e-01 -1.138439178466796875e-01 -1.925489902496337891e-01 -2.450189590454101562e-01 -4.548990726470947266e-01 -7.172493934631347656e-01 -1.005834579467773438e+00 -1.058304548263549805e+00 -1.294419765472412109e+00 -1.084539651870727539e+00 -8.484244346618652344e-01 -1.663138866424560547e-01 1.747415065765380859e-01 -2.974889278411865234e-01 -4.548990726470947266e-01 -6.647791862487792969e-01 -5.598392486572265625e-01 -2.974889278411865234e-01 -6.137371063232421875e-02 4.895615577697753906e-01 1.747415065765380859e-01 9.603643417358398438e-02 1.747415065765380859e-01 2.796814441680908203e-01 3.583865165710449219e-01 -6.137371063232421875e-02 -1.138439178466796875e-01 -4.286639690399169922e-01 -8.760881423950195312e-02 -8.484244346618652344e-01 -1.058304548263549805e+00 -1.451829910278320312e+00 -7.172493934631347656e-01 -8.903741836547851562e-03 1.460257530212402344e+00 1.355317592620849609e+00 1.381552219390869141e+00 1.696372509002685547e+00 1.696372509002685547e+00 1.670137882232666016e+00 1.696372509002685547e+00 1.880017757415771484e+00 2.142367839813232422e+00 1.512727737426757812e+00 8.568520545959472656e-01 -8.221893310546875000e-01 -1.032069683074951172e+00 -1.215714693069458008e+00 -8.746595382690429688e-01 -2.450189590454101562e-01 8.830871582031250000e-01 1.722607612609863281e+00 1.696372509002685547e+00 1.801312923431396484e+00 1.958723068237304688e+00 2.063663005828857422e+00 2.273543357849121094e+00 2.588363647460937500e+00 2.221073150634765625e+00 1.565197467803955078e+00 8.306169509887695312e-01 -4.811341762542724609e-01 -6.647791862487792969e-01 -4.811341762542724609e-01 -6.910142898559570312e-01 -7.434842586517333984e-01 -6.385443210601806641e-01 -6.385443210601806641e-01 -3.237240314483642578e-01 1.747415065765380859e-01 3.321516513824462891e-01 6.994419097900390625e-01 7.519121170043945312e-01 3.059165477752685547e-01 9.603643417358398438e-02 -4.286639690399169922e-01 -2.974889278411865234e-01 -1.925489902496337891e-01 -4.811341762542724609e-01 -7.697193622589111328e-01 -4.548990726470947266e-01 -3.499588966369628906e-01 -3.761940002441406250e-01 -2.712540626525878906e-01 -4.286639690399169922e-01 -6.123092174530029297e-01 -8.484244346618652344e-01 -9.008944034576416016e-01 -9.795994758605957031e-01 -6.910142898559570312e-01 -5.336041450500488281e-01 4.356622695922851562e-02 -6.137371063232421875e-02 -4.286639690399169922e-01 -4.811341762542724609e-01 -4.811341762542724609e-01 -5.598392486572265625e-01 -5.336041450500488281e-01 -2.712540626525878906e-01 -4.286639690399169922e-01 -2.450189590454101562e-01 -2.974889278411865234e-01 -5.860741138458251953e-01 -5.073690414428710938e-01 -2.450189590454101562e-01 -3.499588966369628906e-01 -3.499588966369628906e-01 -3.499588966369628906e-01 -4.811341762542724609e-01
-5.073690414428710938e-01 -5.860741138458251953e-01 -9.008944034576416016e-01 -8.221893310546875000e-01 -9.795994758605957031e-01 -8.484244346618652344e-01 -1.163244724273681641e+00 -1.110774755477905273e+00 -5.860741138458251953e-01 -8.760881423950195312e-02 6.980133056640625000e-02 3.059165477752685547e-01 7.519121170043945312e-01 9.355568885803222656e-01 8.043818473815917969e-01 1.014262199401855469e+00 -1.084539651870727539e+00 -8.484244346618652344e-01 -9.533646106719970703e-01 -7.959544658660888672e-01 -8.221893310546875000e-01 -7.172493934631347656e-01 -1.189479827880859375e+00 -1.032069683074951172e+00 -7.697193622589111328e-01 -5.860741138458251953e-01 -7.172493934631347656e-01 -5.860741138458251953e-01 -3.237240314483642578e-01 1.485064029693603516e-01 3.846216201782226562e-01 1.066731929779052734e+00 4.370915889739990234e-01 3.846216201782226562e-01 2.534465789794921875e-01 3.846216201782226562e-01 -2.187838554382324219e-01 -7.959544658660888672e-01 -7.434842586517333984e-01 4.356622695922851562e-02 8.043818473815917969e-01 5.682666301727294922e-01 -1.925489902496337891e-01 -6.647791862487792969e-01 -7.697193622589111328e-01 -7.434842586517333984e-01 -4.811341762542724609e-01 -3.513884544372558594e-02 6.994419097900390625e-01 8.830871582031250000e-01 1.381552219390869141e+00 -2.450189590454101562e-01 -1.478064894676208496e+00 -1.504299998283386230e+00 8.568520545959472656e-01 2.326013088226318359e+00 2.588363647460937500e+00 2.221073150634765625e+00 1.512727737426757812e+00 2.796814441680908203e-01 -1.058304548263549805e+00 -1.399359941482543945e+00 -1.268184661865234375e+00 -9.008944034576416016e-01 5.157966613769531250e-01 9.093217849731445312e-01 8.830871582031250000e-01 -2.974889278411865234e-01 -1.478064894676208496e+00 -9.533646106719970703e-01 1.801312923431396484e+00 3.165534019470214844e+00 3.296709060668945312e+00 3.113063812255859375e+00 1.722607612609863281e+00 5.157966613769531250e-01 -9.795994758605957031e-01 -4.548990726470947266e-01 -1.110774755477905273e+00 -9.533646106719970703e-01 2.009763717651367188e-01 1.733136177062988281e-02 1.222712993621826172e-01 -2.187838554382324219e-01 -8.903741836547851562e-03 -3.499588966369628906e-01 6.980133056640625000e-02 8.043818473815917969e-01 8.306169509887695312e-01 3.059165477752685547e-01 -2.974889278411865234e-01 -3.237240314483642578e-01 9.603643417358398438e-02 -2.450189590454101562e-01 -2.712540626525878906e-01 -8.760881423950195312e-02 -9.533646106719970703e-01 -6.123092174530029297e-01 -2.450189590454101562e-01 -3.513884544372558594e-02 -1.138439178466796875e-01 -2.712540626525878906e-01 -4.811341762542724609e-01 -4.548990726470947266e-01 -4.811341762542724609e-01 6.980133056640625000e-02 2.534465789794921875e-01 3.059165477752685547e-01 -3.513884544372558594e-02 1.222712993621826172e-01 3.321516513824462891e-01 5.945017337799072266e-01 -1.137009620666503906e+00 -1.084539651870727539e+00 -9.271295070648193359e-01 -1.005834579467773438e+00 -8.221893310546875000e-01 -5.336041450500488281e-01 -3.761940002441406250e-01 -1.400787830352783203e-01 2.009763717651367188e-01 1.485064029693603516e-01 4.108567237854003906e-01 4.633266925811767578e-01 2.009763717651367188e-01 4.633266925811767578e-01 6.469717025756835938e-01 8.043818473815917969e-01
-4.811341762542724609e-01 -4.024291038513183594e-01 -1.925489902496337891e-01 1.222712993621826172e-01 4.356622695922851562e-02 -1.138439178466796875e-01 -8.760881423950195312e-02 -3.513884544372558594e-02 1.733136177062988281e-02 6.980133056640625000e-02 -1.925489902496337891e-01 -2.974889278411865234e-01 -5.860741138458251953e-01 -8.746595382690429688e-01 -6.647791862487792969e-01 -6.647791862487792969e-01 -3.761940002441406250e-01 -3.761940002441406250e-01 -1.663138866424560547e-01 -1.663138866424560547e-01 -5.073690414428710938e-01 -7.434842586517333984e-01 -7.959544658660888672e-01 -9.271295070648193359e-01 -7.959544658660888672e-01 -5.336041450500488281e-01 -3.237240314483642578e-01 2.009763717651367188e-01 1.747415065765380859e-01 -1.663138866424560547e-01 -5.336041450500488281e-01 -8.484244346618652344e-01 -2.450189590454101562e-01 -3.237240314483642578e-01 -4.548990726470947266e-01 -5.598392486572265625e-01 1.733136177062988281e-02 2.272114753723144531e-01 5.945017337799072266e-01 8.568520545959472656e-01 1.040497303009033203e+00 1.197907447814941406e+00 1.066731929779052734e+00 1.092967033386230469e+00 1.381552219390869141e+00 1.538962364196777344e+00 1.276612281799316406e+00 1.040497303009033203e+00 4.356622695922851562e-02 -3.761940002441406250e-01 -5.073690414428710938e-01 -6.123092174530029297e-01 -8.484244346618652344e-01 -5.598392486572265625e-01 -4.548990726470947266e-01 -4.024291038513183594e-01 -2.712540626525878906e-01 -2.450189590454101562e-01 2.534465789794921875e-01 1.670137882232666016e+00 2.011192798614501953e+00 1.512727737426757812e+00 9.880270957946777344e-01 8.306169509887695312e-01 -8.903741836547851562e-03 -8.746595382690429688e-01 -1.163244724273681641e+00 -1.163244724273681641e+00 -1.925489902496337891e-01 -6.647791862487792969e-01 -1.163244724273681641e+00 -1.346889853477478027e+00 -1.373124837875366211e+00 -1.163244724273681641e+00 -4.024291038513183594e-01 1.565197467803955078e+00 1.801312923431396484e+00 1.670137882232666016e+00 1.119202136993408203e+00 6.994419097900390625e-01 -6.647791862487792969e-01 -7.434842586517333984e-01 -7.697193622589111328e-01 -1.663138866424560547e-01 3.583865165710449219e-01 1.145437240600585938e+00 1.722607612609863281e+00 1.407787322998046875e+00 1.538962364196777344e+00 2.063663005828857422e+00 2.509658336639404297e+00 2.667068481445312500e+00 2.168602943420410156e+00 1.617667675018310547e+00 1.040497303009033203e+00 9.355568885803222656e-01 -1.663138866424560547e-01 1.733136177062988281e-02 -8.903741836547851562e-03 -6.647791862487792969e-01 -1.005834579467773438e+00 -1.032069683074951172e+00 -1.032069683074951172e+00 -1.032069683074951172e+00 -9.795994758605957031e-01 -8.221893310546875000e-01 -9.008944034576416016e-01 -7.172493934631347656e-01 -2.187838554382324219e-01 -8.903741836547851562e-03 1.485064029693603516e-01 6.469717025756835938e-01 -8.484244346618652344e-01 -3.761940002441406250e-01 -2.450189590454101562e-01 -2.712540626525878906e-01 -4.286639690399169922e-01 -4.286639690399169922e-01 -7.434842586517333984e-01 -1.005834579467773438e+00 -1.084539651870727539e+00 -1.084539651870727539e+00 -8.221893310546875000e-01 -4.548990726470947266e-01 -4.024291038513183594e-01 -3.237240314483642578e-01 -2.974889278411865234e-01 -3.513884544372558594e-02
-3.513884544372558594e-02 -3.513884544372558594e-02 -2.974889278411865234e-01 -5.598392486572265625e-01 -5.598392486572265625e-01 -2.187838554382324219e-01 1.733136177062988281e-02 -2.450189590454101562e-01 -3.761940002441406250e-01 -5.336041450500488281e-01 -6.385443210601806641e-01 -6.385443210601806641e-01 -1.400787830352783203e-01 1.747415065765380859e-01 -1.663138866424560547e-01 -1.400787830352783203e-01 -1.663138866424560547e-01 2.009763717651367188e-01 -5.336041450500488281e-01 -9.271295070648193359e-01 -9.271295070648193359e-01 -1.583005070686340332e+00 -1.373124837875366211e+00 -1.215714693069458008e+00 -9.533646106719970703e-01 -8.221893310546875000e-01 -3.237240314483642578e-01 2.009763717651367188e-01 5.682666301727294922e-01 3.846216201782226562e-01 1.222712993621826172e-01 1.747415065765380859e-01 -4.811341762542724609e-01 -3.499588966369628906e-01 -3.499588966369628906e-01 -2.187838554382324219e-01 -9.795994758605957031e-01 -5.598392486572265625e-01 9.603643417358398438e-02 6.994419097900390625e-01 1.066731929779052734e+00 1.329082489013671875e+00 1.224142074584960938e+00 1.486492633819580078e+00 1.591432571411132812e+00 1.538962364196777344e+00 8.830871582031250000e-01 2.796814441680908203e-01 -1.032069683074951172e+00 -5.860741138458251953e-01 -9.271295070648193359e-01 -2.002765417098999023e+00 -1.268184661865234375e+00 -5.860741138458251953e-01 1.747415065765380859e-01 9.603643417358398438e-02 -3.499588966369628906e-01 -7.172493934631347656e-01 2.272114753723144531e-01 1.224142074584960938e+00 1.906252861022949219e+00 1.276612281799316406e+00 6.732068061828613281e-01 6.980133056640625000e-02 -1.032069683074951172e+00 -1.058304548263549805e+00 -2.002765417098999023e+00 -1.740415215492248535e+00 -9.271295070648193359e-01 -1.451829910278320312e+00 -1.714180111885070801e+00 -1.740415215492248535e+00 -1.478064894676208496e+00 -6.385443210601806641e-01 2.796814441680908203e-01 8.568520545959472656e-01 1.066731929779052734e+00 8.043818473815917969e-01 4.633266925811767578e-01 1.733136177062988281e-02 -1.241949796676635742e+00 -1.294419765472412109e+00 -1.268184661865234375e+00 -1.189479827880859375e+00 -9.533646106719970703e-01 -1.400787830352783203e-01 -2.712540626525878906e-01 3.059165477752685547e-01 -6.137371063232421875e-02 2.796814441680908203e-01 4.633266925811767578e-01 5.945017337799072266e-01 7.519121170043945312e-01 6.207368373870849609e-01 3.059165477752685547e-01 1.222712993621826172e-01 -7.172493934631347656e-01 -8.760881423950195312e-02 4.633266925811767578e-01 3.321516513824462891e-01 4.370915889739990234e-01 5.682666301727294922e-01 7.519121170043945312e-01 1.040497303009033203e+00 1.407787322998046875e+00 1.538962364196777344e+00 1.381552219390869141e+00 1.224142074584960938e+00 1.066731929779052734e+00 9.093217849731445312e-01 8.568520545959472656e-01 3.059165477752685547e-01 -3.761940002441406250e-01 -2.187838554382324219e-01 6.980133056640625000e-02 9.603643417358398438e-02 3.059165477752685547e-01 4.370915889739990234e-01 8.568520545959472656e-01 1.145437240600585938e+00 1.302847385406494141e+00 1.355317592620849609e+00 1.066731929779052734e+00 8.306169509887695312e-01 5.945017337799072266e-01 3.059165477752685547e-01 -2.450189590454101562e-01 -5.336041450500488281e-01
9.603643417358398438e-02 1.747415065765380859e-01 2.009763717651367188e-01 2.796814441680908203e-01 3.059165477752685547e-01 1.485064029693603516e-01 -8.903741836547851562e-03 -2.187838554382324219e-01 -2.974889278411865234e-01 -5.336041450500488281e-01 -4.548990726470947266e-01 -5.336041450500488281e-01 -5.336041450500488281e-01 -8.903741836547851562e-03 5.157966613769531250e-01 1.485064029693603516e-01 -2.450189590454101562e-01 -2.450189590454101562e-01 -2.187838554382324219e-01 -1.138439178466796875e-01 -8.760881423950195312e-02 -1.400787830352783203e-01 -3.499588966369628906e-01 -2.450189590454101562e-01 -2.450189590454101562e-01 -2.187838554382324219e-01 -3.237240314483642578e-01 -6.910142898559570312e-01 -5.598392486572265625e-01 -4.548990726470947266e-01 -2.974889278411865234e-01 -1.400787830352783203e-01 -5.073690414428710938e-01 2.272114753723144531e-01 -3.513884544372558594e-02 2.009763717651367188e-01 -4.286639690399169922e-01 -1.138439178466796875e-01 2.796814441680908203e-01 5.157966613769531250e-01 9.355568885803222656e-01 1.355317592620849609e+00 1.696372509002685547e+00 1.696372509002685547e+00 1.434022426605224609e+00 9.093217849731445312e-01 9.617919921875000000e-01 6.994419097900390625e-01 -3.761940002441406250e-01 -5.073690414428710938e-01 -4.286639690399169922e-01 -1.189479827880859375e+00 3.583865165710449219e-01 1.853782653808593750e+00 3.034358978271484375e+00 2.430953502655029297e+00 -4.811341762542724609e-01 -6.647791862487792969e-01 -2.450189590454101562e-01 5.945017337799072266e-01 6.994419097900390625e-01 4.370915889739990234e-01 5.945017337799072266e-01 1.722607612609863281e+00 -6.385443210601806641e-01 -1.137009620666503906e+00 -1.320654869079589844e+00 -9.533646106719970703e-01 8.568520545959472656e-01 2.903183460235595703e+00 3.401648998260498047e+00 2.063663005828857422e+00 -2.055235385894775391e+00 -2.501230716705322266e+00 -1.714180111885070801e+00 -1.137009620666503906e+00 -1.556769967079162598e+00 -1.635475039482116699e+00 -1.346889853477478027e+00 -5.598392486572265625e-01 -1.663138866424560547e-01 -4.286639690399169922e-01 -8.221893310546875000e-01 -1.058304548263549805e+00 -6.385443210601806641e-01 2.009763717651367188e-01 6.207368373870849609e-01 6.994419097900390625e-01 5.420317649841308594e-01 2.009763717651367188e-01 -3.513884544372558594e-02 -1.925489902496337891e-01 -4.024291038513183594e-01 -5.336041450500488281e-01 -5.598392486572265625e-01 -3.499588966369628906e-01 6.980133056640625000e-02 2.009763717651367188e-01 -2.712540626525878906e-01 -4.548990726470947266e-01 -3.761940002441406250e-01 -8.903741836547851562e-03 -1.138439178466796875e-01 -2.187838554382324219e-01 -1.138439178466796875e-01 -1.400787830352783203e-01 -1.400787830352783203e-01 9.603643417358398438e-02 -3.513884544372558594e-02 -6.137371063232421875e-02 -8.903741836547851562e-03 4.356622695922851562e-02 4.370915889739990234e-01 3.846216201782226562e-01 -1.925489902496337891e-01 -2.450189590454101562e-01 -3.513884544372558594e-02 -1.400787830352783203e-01 -2.187838554382324219e-01 -2.712540626525878906e-01 -2.450189590454101562e-01 -3.761940002441406250e-01 -2.187838554382324219e-01 -2.187838554382324219e-01 -8.903741836547851562e-03 1.222712993621826172e-01 3.059165477752685547e-01 4.370915889739990234e-01
-2.187838554382324219e-01 -3.513884544372558594e-02 -1.400787830352783203e-01 1.222712993621826172e-01 1.747415065765380859e-01 4.370915889739990234e-01 1.222712993621826172e-01 5.420317649841308594e-01 5.420317649841308594e-01 6.469717025756835938e-01 3.846216201782226562e-01 6.980133056640625000e-02 -2.712540626525878906e-01 -4.286639690399169922e-01 -6.910142898559570312e-01 -9.533646106719970703e-01 -3.499588966369628906e-01 -3.513884544372558594e-02 2.009763717651367188e-01 1.040497303009033203e+00 1.119202136993408203e+00 8.830871582031250000e-01 8.043818473815917969e-01 1.040497303009033203e+00 1.329082489013671875e+00 1.670137882232666016e+00 1.434022426605224609e+00 9.880270957946777344e-01 6.469717025756835938e-01 5.682666301727294922e-01 1.747415065765380859e-01 -4.548990726470947266e-01 -3.761940002441406250e-01 -2.187838554382324219e-01 -3.513884544372558594e-02 -2.450189590454101562e-01 -1.138439178466796875e-01 -1.925489902496337891e-01 5.420317649841308594e-01 1.119202136993408203e+00 1.145437240600585938e+00 9.093217849731445312e-01 3.321516513824462891e-01 -3.761940002441406250e-01 -6.647791862487792969e-01 -6.910142898559570312e-01 -2.187838554382324219e-01 -5.598392486572265625e-01 -8.746595382690429688e-01 -2.187838554382324219e-01 -1.163244724273681641e+00 -1.373124837875366211e+00 -6.910142898559570312e-01 -1.400787830352783203e-01 3.059165477752685547e-01 2.272114753723144531e-01 -3.237240314483642578e-01 -1.058304548263549805e+00 -8.221893310546875000e-01 -5.598392486572265625e-01 -1.425594925880432129e+00 -1.740415215492248535e+00 -9.271295070648193359e-01 -7.434842586517333984e-01 -9.533646106719970703e-01 -5.860741138458251953e-01 -1.661710143089294434e+00 -1.609240055084228516e+00 -1.084539651870727539e+00 -1.530534982681274414e+00 -2.265115737915039062e+00 -1.373124837875366211e+00 -9.271295070648193359e-01 -7.959544658660888672e-01 -9.533646106719970703e-01 -1.346889853477478027e+00 -1.766650199890136719e+00 -2.055235385894775391e+00 -9.008944034576416016e-01 -3.499588966369628906e-01 -3.499588966369628906e-01 -1.925489902496337891e-01 -4.286639690399169922e-01 -8.746595382690429688e-01 -6.385443210601806641e-01 2.272114753723144531e-01 1.040497303009033203e+00 1.407787322998046875e+00 1.696372509002685547e+00 1.407787322998046875e+00 2.796814441680908203e-01 -4.548990726470947266e-01 -1.373124837875366211e+00 -6.123092174530029297e-01 6.980133056640625000e-02 -2.974889278411865234e-01 -8.760881423950195312e-02 5.420317649841308594e-01 9.880270957946777344e-01 9.617919921875000000e-01 8.568520545959472656e-01 1.040497303009033203e+00 1.276612281799316406e+00 1.407787322998046875e+00 8.306169509887695312e-01 4.370915889739990234e-01 1.485064029693603516e-01 2.534465789794921875e-01 2.534465789794921875e-01 5.945017337799072266e-01 6.980133056640625000e-02 -4.024291038513183594e-01 3.059165477752685547e-01 5.682666301727294922e-01 6.732068061828613281e-01 6.207368373870849609e-01 7.781467437744140625e-01 1.145437240600585938e+00 1.276612281799316406e+00 9.093217849731445312e-01 8.306169509887695312e-01 8.306169509887695312e-01 8.568520545959472656e-01 7.781467437744140625e-01 8.568520545959472656e-01 7.781467437744140625e-01 1.485064029693603516e-01 -8.903741836547851562e-03
-7.434842586517333984e-01 -6.385443210601806641e-01 -3.237240314483642578e-01 -2.450189590454101562e-01 1.222712993621826172e-01 1.747415065765380859e-01 -1.663138866424560547e-01 -1.138439178466796875e-01 1.222712993621826172e-01 2.534465789794921875e-01 1.747415065765380859e-01 -1.138439178466796875e-01 -6.123092174530029297e-01 -6.910142898559570312e-01 -5.860741138458251953e-01 -6.910142898559570312e-01 5.157966613769531250e-01 7.781467437744140625e-01 5.945017337799072266e-01 6.732068061828613281e-01 6.469717025756835938e-01 8.830871582031250000e-01 7.256770133972167969e-01 2.534465789794921875e-01 2.534465789794921875e-01 3.583865165710449219e-01 4.370915889739990234e-01 5.157966613769531250e-01 3.059165477752685547e-01 1.485064029693603516e-01 4.108567237854003906e-01 5.682666301727294922e-01 3.321516513824462891e-01 4.895615577697753906e-01 5.420317649841308594e-01 3.583865165710449219e-01 6.732068061828613281e-01 -8.760881423950195312e-02 -1.530534982681274414e+00 -2.186410427093505859e+00 -1.897825241088867188e+00 -1.583005070686340332e+00 -7.172493934631347656e-01 3.059165477752685547e-01 3.321516513824462891e-01 1.485064029693603516e-01 3.583865165710449219e-01 -6.137371063232421875e-02 3.059165477752685547e-01 1.014262199401855469e+00 1.460257530212402344e+00 1.040497303009033203e+00 -8.760881423950195312e-02 1.485064029693603516e-01 -1.925489902496337891e-01 -5.336041450500488281e-01 -7.172493934631347656e-01 9.603643417358398438e-02 -8.903741836547851562e-03 2.009763717651367188e-01 -1.663138866424560547e-01 1.747415065765380859e-01 1.485064029693603516e-01 1.733136177062988281e-02 5.682666301727294922e-01 1.014262199401855469e+00 1.197907447814941406e+00 8.830871582031250000e-01 -1.373124837875366211e+00 -1.294419765472412109e+00 -3.761940002441406250e-01 -6.123092174530029297e-01 -1.189479827880859375e+00 -7.697193622589111328e-01 -4.024291038513183594e-01 9.603643417358398438e-02 6.207368373870849609e-01 9.603643417358398438e-02 -8.903741836547851562e-03 3.321516513824462891e-01 1.276612281799316406e+00 1.250377178192138672e+00 8.306169509887695312e-01 6.732068061828613281e-01 4.108567237854003906e-01 -5.073690414428710938e-01 -1.084539651870727539e+00 -1.819120168685913086e+00 -1.661710143089294434e+00 -7.697193622589111328e-01 -8.760881423950195312e-02 9.603643417358398438e-02 3.583865165710449219e-01 1.485064029693603516e-01 6.207368373870849609e-01 1.014262199401855469e+00 6.732068061828613281e-01 6.469717025756835938e-01 7.519121170043945312e-01 1.066731929779052734e+00 9.355568885803222656e-01 5.945017337799072266e-01 1.747415065765380859e-01 4.108567237854003906e-01 4.108567237854003906e-01 -3.513884544372558594e-02 4.370915889739990234e-01 3.583865165710449219e-01 1.733136177062988281e-02 4.108567237854003906e-01 4.895615577697753906e-01 6.732068061828613281e-01 2.796814441680908203e-01 -3.499588966369628906e-01 -4.548990726470947266e-01 -8.760881423950195312e-02 -8.903741836547851562e-03 1.485064029693603516e-01 -1.925489902496337891e-01 4.108567237854003906e-01 3.059165477752685547e-01 -6.137371063232421875e-02 -8.221893310546875000e-01 -8.484244346618652344e-01 -8.221893310546875000e-01 -7.959544658660888672e-01 -4.024291038513183594e-01 3.846216201782226562e-01
-1.110774755477905273e+00 -7.697193622589111328e-01 -4.024291038513183594e-01 -1.138439178466796875e-01 2.272114753723144531e-01 5.157966613769531250e-01 6.469717025756835938e-01 5.420317649841308594e-01 4.108567237854003906e-01 3.059165477752685547e-01 -3.513884544372558594e-02 -1.138439178466796875e-01 -2.450189590454101562e-01 -1.663138866424560547e-01 -1.138439178466796875e-01 -3.513884544372558594e-02 2.009763717651367188e-01 5.420317649841308594e-01 6.732068061828613281e-01 1.014262199401855469e+00 1.014262199401855469e+00 1.250377178192138672e+00 1.197907447814941406e+00 1.171672344207763672e+00 9.093217849731445312e-01 7.519121170043945312e-01 6.207368373870849609e-01 4.108567237854003906e-01 4.633266925811767578e-01 3.321516513824462891e-01 -8.903741836547851562e-03 -1.138439178466796875e-01 4.356622695922851562e-02 2.534465789794921875e-01 7.781467437744140625e-01 8.568520545959472656e-01 9.355568885803222656e-01 9.355568885803222656e-01 6.469717025756835938e-01 9.603643417358398438e-02 -8.903741836547851562e-03 -2.712540626525878906e-01 -7.697193622589111328e-01 -1.058304548263549805e+00 -1.215714693069458008e+00 -7.959544658660888672e-01 -2.712540626525878906e-01 -1.663138866424560547e-01 -3.499588966369628906e-01 5.945017337799072266e-01 1.119202136993408203e+00 1.250377178192138672e+00 1.329082489013671875e+00 9.617919921875000000e-01 6.994419097900390625e-01 9.093217849731445312e-01 1.434022426605224609e+00 1.591432571411132812e+00 3.321516513824462891e-01 -1.058304548263549805e+00 -1.058304548263549805e+00 -1.058304548263549805e+00 -5.860741138458251953e-01 -4.024291038513183594e-01 -3.513884544372558594e-02 1.014262199401855469e+00 1.329082489013671875e+00 1.670137882232666016e+00 1.329082489013671875e+00 8.568520545959472656e-01 7.781467437744140625e-01 1.224142074584960938e+00 1.775077819824218750e+00 1.565197467803955078e+00 2.796814441680908203e-01 -7.959544658660888672e-01 -1.137009620666503906e+00 -1.058304548263549805e+00 -6.385443210601806641e-01 -5.598392486572265625e-01 -2.974889278411865234e-01 6.980133056640625000e-02 5.420317649841308594e-01 1.171672344207763672e+00 1.224142074584960938e+00 7.256770133972167969e-01 4.108567237854003906e-01 4.633266925811767578e-01 1.747415065765380859e-01 -8.760881423950195312e-02 -2.974889278411865234e-01 -6.910142898559570312e-01 -7.172493934631347656e-01 -7.172493934631347656e-01 -6.647791862487792969e-01 -3.237240314483642578e-01 -5.860741138458251953e-01 -9.533646106719970703e-01 -1.373124837875366211e+00 -1.661710143089294434e+00 -1.583005070686340332e+00 -1.294419765472412109e+00 -7.697193622589111328e-01 -5.860741138458251953e-01 -3.237240314483642578e-01 -4.548990726470947266e-01 -4.811341762542724609e-01 -3.761940002441406250e-01 -4.811341762542724609e-01 -5.336041450500488281e-01 -2.974889278411865234e-01 -1.400787830352783203e-01 -5.073690414428710938e-01 -3.499588966369628906e-01 -5.860741138458251953e-01 -8.221893310546875000e-01 -9.533646106719970703e-01 -1.163244724273681641e+00 -1.005834579467773438e+00 -7.697193622589111328e-01 -5.336041450500488281e-01 -5.073690414428710938e-01 -2.450189590454101562e-01 -2.974889278411865234e-01 -2.187838554382324219e-01 -3.499588966369628906e-01 -5.860741138458251953e-01 -6.647791862487792969e-01
1.222712993621826172e-01 4.356622695922851562e-02 6.980133056640625000e-02 9.603643417358398438e-02 9.603643417358398438e-02 9.603643417358398438e-02 2.534465789794921875e-01 5.682666301727294922e-01 8.306169509887695312e-01 7.519121170043945312e-01 6.469717025756835938e-01 3.846216201782226562e-01 6.980133056640625000e-02 2.009763717651367188e-01 -8.903741836547851562e-03 -6.137371063232421875e-02 -1.400787830352783203e-01 -8.903741836547851562e-03 2.009763717651367188e-01 3.583865165710449219e-01 2.796814441680908203e-01 4.370915889739990234e-01 7.781467437744140625e-01 9.617919921875000000e-01 7.519121170043945312e-01 8.568520545959472656e-01 9.355568885803222656e-01 1.119202136993408203e+00 8.568520545959472656e-01 3.321516513824462891e-01 1.733136177062988281e-02 -1.925489902496337891e-01 -3.237240314483642578e-01 -2.187838554382324219e-01 -4.811341762542724609e-01 -7.172493934631347656e-01 -4.811341762542724609e-01 2.534465789794921875e-01 3.846216201782226562e-01 -5.598392486572265625e-01 -1.373124837875366211e+00 -1.819120168685913086e+00 -1.451829910278320312e+00 -8.484244346618652344e-01 -2.712540626525878906e-01 1.222712993621826172e-01 2.534465789794921875e-01 2.009763717651367188e-01 -3.761940002441406250e-01 -1.268184661865234375e+00 -1.740415215492248535e+00 -1.976530313491821289e+00 -1.819120168685913086e+00 -2.291350603103637695e+00 -2.606170892715454102e+00 -2.474995851516723633e+00 -1.950295329093933105e+00 -3.499588966369628906e-01 8.568520545959472656e-01 1.565197467803955078e+00 1.486492633819580078e+00 1.276612281799316406e+00 1.040497303009033203e+00 4.370915889739990234e-01 -2.974889278411865234e-01 -9.271295070648193359e-01 -1.504299998283386230e+00 -1.609240055084228516e+00 -4.286639690399169922e-01 1.171672344207763672e+00 1.748842716217041016e+00 -5.860741138458251953e-01 -2.055235385894775391e+00 -1.687945127487182617e+00 6.980133056640625000e-02 1.250377178192138672e+00 1.434022426605224609e+00 1.329082489013671875e+00 8.043818473815917969e-01 4.633266925811767578e-01 -3.761940002441406250e-01 -2.187838554382324219e-01 -5.073690414428710938e-01 -7.172493934631347656e-01 -7.697193622589111328e-01 2.272114753723144531e-01 7.781467437744140625e-01 3.059165477752685547e-01 -3.761940002441406250e-01 -9.008944034576416016e-01 -3.237240314483642578e-01 -1.925489902496337891e-01 9.603643417358398438e-02 1.222712993621826172e-01 9.603643417358398438e-02 3.059165477752685547e-01 1.222712993621826172e-01 5.420317649841308594e-01 4.895615577697753906e-01 3.583865165710449219e-01 2.009763717651367188e-01 7.256770133972167969e-01 1.119202136993408203e+00 8.043818473815917969e-01 6.207368373870849609e-01 4.895615577697753906e-01 8.830871582031250000e-01 7.256770133972167969e-01 2.796814441680908203e-01 -2.187838554382324219e-01 -5.598392486572265625e-01 -4.286639690399169922e-01 3.583865165710449219e-01 3.846216201782226562e-01 4.895615577697753906e-01 2.796814441680908203e-01 1.222712993621826172e-01 1.485064029693603516e-01 3.846216201782226562e-01 6.980133056640625000e-02 -3.513884544372558594e-02 4.356622695922851562e-02 1.733136177062988281e-02 1.222712993621826172e-01 1.222712993621826172e-01 9.603643417358398438e-02 1.222712993621826172e-01 -1.663138866424560547e-01
-9.008944034576416016e-01 -8.484244346618652344e-01 -6.910142898559570312e-01 -2.974889278411865234e-01 -1.400787830352783203e-01 1.747415065765380859e-01 -8.903741836547851562e-03 9.603643417358398438e-02 4.633266925811767578e-01 7.519121170043945312e-01 7.519121170043945312e-01 6.732068061828613281e-01 3.583865165710449219e-01 -1.925489902496337891e-01 -4.286639690399169922e-01 -6.647791862487792969e-01 -5.336041450500488281e-01 -3.761940002441406250e-01 -8.903741836547851562e-03 4.895615577697753906e-01 5.682666301727294922e-01 4.370915889739990234e-01 4.370915889739990234e-01 4.633266925811767578e-01 7.256770133972167969e-01 1.145437240600585938e+00 1.276612281799316406e+00 1.434022426605224609e+00 1.250377178192138672e+00 8.306169509887695312e-01 6.469717025756835938e-01 3.059165477752685547e-01 -1.138439178466796875e-01 -8.903741836547851562e-03 -2.974889278411865234e-01 -6.385443210601806641e-01 -6.647791862487792969e-01 -8.484244346618652344e-01 -9.533646106719970703e-01 -6.647791862487792969e-01 -1.138439178466796875e-01 3.583865165710449219e-01 8.043818473815917969e-01 9.093217849731445312e-01 1.066731929779052734e+00 1.040497303009033203e+00 8.043818473815917969e-01 6.207368373870849609e-01 -1.925489902496337891e-01 -3.513884544372558594e-02 -5.073690414428710938e-01 -6.647791862487792969e-01 -1.032069683074951172e+00 -7.172493934631347656e-01 -6.137371063232421875e-02 1.119202136993408203e+00 1.591432571411132812e+00 1.591432571411132812e+00 1.355317592620849609e+00 1.145437240600585938e+00 1.224142074584960938e+00 1.092967033386230469e+00 5.945017337799072266e-01 1.222712993621826172e-01 -3.499588966369628906e-01 -2.450189590454101562e-01 -6.123092174530029297e-01 -9.795994758605957031e-01 -1.451829910278320312e+00 -1.400787830352783203e-01 8.568520545959472656e-01 1.853782653808593750e+00 1.643902778625488281e+00 1.407787322998046875e+00 1.460257530212402344e+00 1.381552219390869141e+00 1.381552219390869141e+00 1.145437240600585938e+00 8.568520545959472656e-01 3.846216201782226562e-01 -3.499588966369628906e-01 -6.123092174530029297e-01 -9.795994758605957031e-01 -1.032069683074951172e+00 -8.746595382690429688e-01 -5.860741138458251953e-01 1.747415065765380859e-01 8.043818473815917969e-01 9.093217849731445312e-01 9.355568885803222656e-01 1.276612281799316406e+00 1.486492633819580078e+00 1.381552219390869141e+00 9.880270957946777344e-01 5.420317649841308594e-01 3.321516513824462891e-01 -1.005834579467773438e+00 -7.697193622589111328e-01 -5.598392486572265625e-01 -7.172493934631347656e-01 -1.032069683074951172e+00 -1.373124837875366211e+00 -1.373124837875366211e+00 -1.215714693069458008e+00 -1.268184661865234375e+00 -1.215714693069458008e+00 -1.137009620666503906e+00 -1.058304548263549805e+00 -1.137009620666503906e+00 -8.221893310546875000e-01 -7.434842586517333984e-01 -2.187838554382324219e-01 -6.647791862487792969e-01 -5.860741138458251953e-01 -4.811341762542724609e-01 -6.385443210601806641e-01 -6.385443210601806641e-01 -8.746595382690429688e-01 -7.434842586517333984e-01 -9.533646106719970703e-01 -8.746595382690429688e-01 -9.795994758605957031e-01 -1.084539651870727539e+00 -1.032069683074951172e+00 -6.910142898559570312e-01 -2.974889278411865234e-01 -2.974889278411865234e-01 -1.663138866424560547e-01
6.994419097900390625e-01 5.157966613769531250e-01 5.682666301727294922e-01 4.633266925811767578e-01 1.222712993621826172e-01 3.583865165710449219e-01 5.945017337799072266e-01 6.469717025756835938e-01 8.043818473815917969e-01 5.420317649841308594e-01 3.583865165710449219e-01 3.321516513824462891e-01 3.321516513824462891e-01 2.272114753723144531e-01 2.009763717651367188e-01 4.370915889739990234e-01 6.469717025756835938e-01 5.157966613769531250e-01 2.796814441680908203e-01 -2.187838554382324219e-01 -3.513884544372558594e-02 4.895615577697753906e-01 6.207368373870849609e-01 5.157966613769531250e-01 2.796814441680908203e-01 -6.137371063232421875e-02 3.059165477752685547e-01 3.583865165710449219e-01 2.534465789794921875e-01 3.321516513824462891e-01 3.583865165710449219e-01 2.009763717651367188e-01 4.108567237854003906e-01 1.222712993621826172e-01 -6.647791862487792969e-01 -1.294419765472412109e+00 -1.478064894676208496e+00 -1.583005070686340332e+00 -1.950295329093933105e+00 -2.422525644302368164e+00 -2.684875965118408203e+00 -2.553700923919677734e+00 -2.029000282287597656e+00 -2.081470489501953125e+00 -1.714180111885070801e+00 -1.005834579467773438e+00 -2.712540626525878906e-01 -1.138439178466796875e-01 6.732068061828613281e-01 -6.385443210601806641e-01 -7.697193622589111328e-01 -9.533646106719970703e-01 -5.336041450500488281e-01 -1.138439178466796875e-01 -5.598392486572265625e-01 -1.163244724273681641e+00 -1.399359941482543945e+00 -9.271295070648193359e-01 -6.385443210601806641e-01 -9.795994758605957031e-01 -1.268184661865234375e+00 -1.137009620666503906e+00 -1.137009620666503906e+00 -2.712540626525878906e-01 6.980133056640625000e-02 -8.484244346618652344e-01 -2.974889278411865234e-01 -8.221893310546875000e-01 9.603643417358398438e-02 8.043818473815917969e-01 1.643902778625488281e+00 -5.860741138458251953e-01 -5.073690414428710938e-01 1.171672344207763672e+00 1.538962364196777344e+00 2.272114753723144531e-01 -1.346889853477478027e+00 -1.320654869079589844e+00 -1.241949796676635742e+00 -5.073690414428710938e-01 -3.499588966369628906e-01 1.733136177062988281e-02 1.747415065765380859e-01 1.485064029693603516e-01 -8.760881423950195312e-02 -3.513884544372558594e-02 6.207368373870849609e-01 9.617919921875000000e-01 1.224142074584960938e+00 1.801312923431396484e+00 9.093217849731445312e-01 9.603643417358398438e-02 -3.237240314483642578e-01 -4.024291038513183594e-01 -1.138439178466796875e-01 4.356622695922851562e-02 -8.903741836547851562e-03 3.059165477752685547e-01 5.945017337799072266e-01 4.895615577697753906e-01 5.420317649841308594e-01 7.781467437744140625e-01 1.171672344207763672e+00 1.407787322998046875e+00 1.512727737426757812e+00 1.197907447814941406e+00 6.994419097900390625e-01 4.633266925811767578e-01 8.568520545959472656e-01 9.093217849731445312e-01 5.157966613769531250e-01 1.747415065765380859e-01 -8.760881423950195312e-02 -1.138439178466796875e-01 -2.450189590454101562e-01 -1.400787830352783203e-01 -1.138439178466796875e-01 1.747415065765380859e-01 4.633266925811767578e-01 5.945017337799072266e-01 4.895615577697753906e-01 2.534465789794921875e-01 2.009763717651367188e-01 1.485064029693603516e-01 2.009763717651367188e-01 2.796814441680908203e-01 1.747415065765380859e-01 2.009763717651367188e-01
4.895615577697753906e-01 5.682666301727294922e-01 4.108567237854003906e-01 2.796814441680908203e-01 2.534465789794921875e-01 2.009763717651367188e-01 4.895615577697753906e-01 4.108567237854003906e-01 5.682666301727294922e-01 4.895615577697753906e-01 2.534465789794921875e-01 1.222712993621826172e-01 2.272114753723144531e-01 1.222712993621826172e-01 -3.513884544372558594e-02 -3.513884544372558594e-02 1.485064029693603516e-01 3.321516513824462891e-01 2.009763717651367188e-01 2.796814441680908203e-01 5.420317649841308594e-01 7.256770133972167969e-01 7.519121170043945312e-01 7.519121170043945312e-01 1.171672344207763672e+00 1.014262199401855469e+00 6.994419097900390625e-01 2.272114753723144531e-01 5.420317649841308594e-01 6.732068061828613281e-01 4.108567237854003906e-01 4.356622695922851562e-02 -8.903741836547851562e-03 -1.138439178466796875e-01 -2.187838554382324219e-01 -5.598392486572265625e-01 -8.221893310546875000e-01 -1.241949796676635742e+00 -1.268184661865234375e+00 -1.084539651870727539e+00 -1.138439178466796875e-01 1.092967033386230469e+00 3.321516513824462891e-01 -8.746595382690429688e-01 -8.221893310546875000e-01 -3.513884544372558594e-02 3.583865165710449219e-01 2.796814441680908203e-01 2.272114753723144531e-01 -1.163244724273681641e+00 -1.504299998283386230e+00 -5.073690414428710938e-01 -6.123092174530029297e-01 -9.008944034576416016e-01 -1.556769967079162598e+00 -2.029000282287597656e+00 -1.792885184288024902e+00 1.722607612609863281e+00 1.906252861022949219e+00 -4.548990726470947266e-01 -1.687945127487182617e+00 -1.189479827880859375e+00 -4.811341762542724609e-01 3.583865165710449219e-01 5.420317649841308594e-01 -3.499588966369628906e-01 -9.533646106719970703e-01 -1.058304548263549805e+00 -3.513884544372558594e-02 1.302847385406494141e+00 1.197907447814941406e+00 -1.241949796676635742e+00 -1.320654869079589844e+00 -1.451829910278320312e+00 -1.032069683074951172e+00 -1.005834579467773438e+00 -1.346889853477478027e+00 -1.425594925880432129e+00 -1.215714693069458008e+00 -6.647791862487792969e-01 9.617919921875000000e-01 4.370915889739990234e-01 -3.513884544372558594e-02 -4.811341762542724609e-01 -5.598392486572265625e-01 1.733136177062988281e-02 4.633266925811767578e-01 -3.237240314483642578e-01 -1.373124837875366211e+00 -1.687945127487182617e+00 -1.399359941482543945e+00 -1.189479827880859375e+00 -7.172493934631347656e-01 -8.746595382690429688e-01 -9.533646106719970703e-01 -7.697193622589111328e-01 3.321516513824462891e-01 5.945017337799072266e-01 7.781467437744140625e-01 7.256770133972167969e-01 6.732068061828613281e-01 6.732068061828613281e-01 1.014262199401855469e+00 8.568520545959472656e-01 8.830871582031250000e-01 6.469717025756835938e-01 6.732068061828613281e-01 6.469717025756835938e-01 3.059165477752685547e-01 -3.513884544372558594e-02 1.733136177062988281e-02 -2.187838554382324219e-01 4.633266925811767578e-01 2.534465789794921875e-01 4.370915889739990234e-01 4.633266925811767578e-01 5.420317649841308594e-01 4.370915889739990234e-01 5.682666301727294922e-01 8.568520545959472656e-01 7.519121170043945312e-01 8.830871582031250000e-01 1.040497303009033203e+00 6.994419097900390625e-01 6.994419097900390625e-01 7.256770133972167969e-01 8.043818473815917969e-01 6.994419097900390625e-01
4.370915889739990234e-01 3.321516513824462891e-01 2.009763717651367188e-01 -1.138439178466796875e-01 6.980133056640625000e-02 -1.663138866424560547e-01 -2.450189590454101562e-01 -7.959544658660888672e-01 -9.008944034576416016e-01 -6.385443210601806641e-01 -3.499588966369628906e-01 2.534465789794921875e-01 3.059165477752685547e-01 4.895615577697753906e-01 1.355317592620849609e+00 1.617667675018310547e+00 -1.400787830352783203e-01 -6.123092174530029297e-01 -9.533646106719970703e-01 -7.959544658660888672e-01 -8.221893310546875000e-01 -7.434842586517333984e-01 -7.172493934631347656e-01 -9.271295070648193359e-01 -7.172493934631347656e-01 -4.548990726470947266e-01 -4.548990726470947266e-01 -8.484244346618652344e-01 -1.268184661865234375e+00 -6.385443210601806641e-01 4.633266925811767578e-01 8.568520545959472656e-01 -4.286639690399169922e-01 -4.024291038513183594e-01 -2.712540626525878906e-01 -3.499588966369628906e-01 -2.712540626525878906e-01 -4.286639690399169922e-01 3.059165477752685547e-01 3.846216201782226562e-01 7.519121170043945312e-01 4.633266925811767578e-01 1.485064029693603516e-01 -4.811341762542724609e-01 -7.959544658660888672e-01 -1.005834579467773438e+00 -7.959544658660888672e-01 -6.137371063232421875e-02 -1.400787830352783203e-01 -2.187838554382324219e-01 -6.647791862487792969e-01 -4.286639690399169922e-01 -1.294419765472412109e+00 -5.336041450500488281e-01 -1.400787830352783203e-01 3.059165477752685547e-01 9.603643417358398438e-02 -5.860741138458251953e-01 -1.005834579467773438e+00 -1.320654869079589844e+00 -1.661710143089294434e+00 -1.478064894676208496e+00 -1.320654869079589844e+00 -1.110774755477905273e+00 -5.336041450500488281e-01 -1.138439178466796875e-01 -9.271295070648193359e-01 -1.530534982681274414e+00 -2.265115737915039062e+00 -2.081470489501953125e+00 -1.819120168685913086e+00 -1.399359941482543945e+00 -1.058304548263549805e+00 6.980133056640625000e-02 -3.513884544372558594e-02 4.356622695922851562e-02 4.370915889739990234e-01 2.009763717651367188e-01 9.603643417358398438e-02 -8.903741836547851562e-03 -1.663138866424560547e-01 -4.024291038513183594e-01 -3.513884544372558594e-02 -4.548990726470947266e-01 -4.286639690399169922e-01 -4.024291038513183594e-01 2.534465789794921875e-01 8.830871582031250000e-01 1.434022426605224609e+00 1.407787322998046875e+00 1.407787322998046875e+00 1.355317592620849609e+00 1.486492633819580078e+00 1.565197467803955078e+00 1.224142074584960938e+00 4.356622695922851562e-02 -2.974889278411865234e-01 9.603643417358398438e-02 6.469717025756835938e-01 1.145437240600585938e+00 9.880270957946777344e-01 8.830871582031250000e-01 6.994419097900390625e-01 8.830871582031250000e-01 1.197907447814941406e+00 1.565197467803955078e+00 1.617667675018310547e+00 1.617667675018310547e+00 1.853782653808593750e+00 1.407787322998046875e+00 1.276612281799316406e+00 8.568520545959472656e-01 -2.974889278411865234e-01 -1.400787830352783203e-01 -2.187838554382324219e-01 -3.237240314483642578e-01 -3.513884544372558594e-02 2.009763717651367188e-01 7.781467437744140625e-01 1.145437240600585938e+00 1.302847385406494141e+00 1.224142074584960938e+00 1.145437240600585938e+00 8.306169509887695312e-01 4.370915889739990234e-01 -1.138439178466796875e-01 -5.860741138458251953e-01 -1.005834579467773438e+00
6.469717025756835938e-01 4.370915889739990234e-01 1.222712993621826172e-01 -1.400787830352783203e-01 -1.400787830352783203e-01 -8.903741836547851562e-03 -2.974889278411865234e-01 -5.598392486572265625e-01 -7.172493934631347656e-01 -6.385443210601806641e-01 -6.123092174530029297e-01 -7.172493934631347656e-01 -6.123092174530029297e-01 6.980133056640625000e-02 3.846216201782226562e-01 4.370915889739990234e-01 8.306169509887695312e-01 3.846216201782226562e-01 -4.286639690399169922e-01 -2.712540626525878906e-01 -1.925489902496337891e-01 -3.237240314483642578e-01 -4.286639690399169922e-01 -6.385443210601806641e-01 -6.385443210601806641e-01 -8.760881423950195312e-02 -8.760881423950195312e-02 -2.712540626525878906e-01 -6.647791862487792969e-01 -5.336041450500488281e-01 9.603643417358398438e-02 1.222712993621826172e-01 -6.137371063232421875e-02 -3.499588966369628906e-01 1.747415065765380859e-01 -3.237240314483642578e-01 -1.925489902496337891e-01 3.321516513824462891e-01 5.945017337799072266e-01 5.157966613769531250e-01 1.747415065765380859e-01 -4.024291038513183594e-01 -3.761940002441406250e-01 -6.910142898559570312e-01 -2.187838554382324219e-01 -2.712540626525878906e-01 -1.663138866424560547e-01 -1.663138866424560547e-01 -8.484244346618652344e-01 -6.123092174530029297e-01 -2.712540626525878906e-01 -2.712540626525878906e-01 8.568520545959472656e-01 1.643902778625488281e+00 2.142367839813232422e+00 2.247308254241943359e+00 2.614598274230957031e+00 1.827547550201416016e+00 1.250377178192138672e+00 3.846216201782226562e-01 -5.860741138458251953e-01 -2.712540626525878906e-01 -5.598392486572265625e-01 -3.499588966369628906e-01 -5.336041450500488281e-01 -1.032069683074951172e+00 -7.697193622589111328e-01 -5.598392486572265625e-01 1.119202136993408203e+00 1.801312923431396484e+00 2.116133213043212891e+00 2.588363647460937500e+00 2.929418563842773438e+00 2.221073150634765625e+00 1.460257530212402344e+00 6.207368373870849609e-01 -5.336041450500488281e-01 -3.237240314483642578e-01 -5.073690414428710938e-01 -2.450189590454101562e-01 -2.974889278411865234e-01 -5.598392486572265625e-01 -7.172493934631347656e-01 -5.336041450500488281e-01 3.059165477752685547e-01 6.469717025756835938e-01 -1.925489902496337891e-01 -1.373124837875366211e+00 -1.661710143089294434e+00 -1.478064894676208496e+00 -1.137009620666503906e+00 -1.032069683074951172e+00 -3.499588966369628906e-01 -5.073690414428710938e-01 4.356622695922851562e-02 3.321516513824462891e-01 9.617919921875000000e-01 9.603643417358398438e-02 -1.138439178466796875e-01 -1.400787830352783203e-01 -4.548990726470947266e-01 -8.760881423950195312e-02 4.356622695922851562e-02 -5.073690414428710938e-01 -8.484244346618652344e-01 -8.484244346618652344e-01 -5.073690414428710938e-01 -4.548990726470947266e-01 -3.237240314483642578e-01 1.733136177062988281e-02 4.356622695922851562e-02 -6.137371063232421875e-02 3.059165477752685547e-01 4.108567237854003906e-01 6.994419097900390625e-01 8.568520545959472656e-01 6.980133056640625000e-02 1.733136177062988281e-02 -6.137371063232421875e-02 -3.513884544372558594e-02 -2.712540626525878906e-01 -5.860741138458251953e-01 -9.271295070648193359e-01 -7.959544658660888672e-01 -6.385443210601806641e-01 -4.811341762542724609e-01 -2.974889278411865234e-01 2.009763717651367188e-01
1.747415065765380859e-01 1.747415065765380859e-01 4.356622695922851562e-02 -1.663138866424560547e-01 -4.024291038513183594e-01 -7.959544658660888672e-01 -9.533646106719970703e-01 -1.005834579467773438e+00 -7.434842586517333984e-01 -5.860741138458251953e-01 4.356622695922851562e-02 4.108567237854003906e-01 4.895615577697753906e-01 7.519121170043945312e-01 7.256770133972167969e-01 5.945017337799072266e-01 1.485064029693603516e-01 -3.237240314483642578e-01 -2.450189590454101562e-01 -5.073690414428710938e-01 -6.123092174530029297e-01 -5.336041450500488281e-01 -2.974889278411865234e-01 -6.910142898559570312e-01 -5.336041450500488281e-01 -9.008944034576416016e-01 -1.110774755477905273e+00 -1.268184661865234375e+00 -9.533646106719970703e-01 -2.974889278411865234e-01 3.846216201782226562e-01 8.830871582031250000e-01 4.108567237854003906e-01 4.356622695922851562e-02 -2.712540626525878906e-01 -1.663138866424560547e-01 9.603643417358398438e-02 6.994419097900390625e-01 1.092967033386230469e+00 1.407787322998046875e+00 1.302847385406494141e+00 9.093217849731445312e-01 6.207368373870849609e-01 1.222712993621826172e-01 -1.138439178466796875e-01 -4.811341762542724609e-01 -8.484244346618652344e-01 -6.385443210601806641e-01 3.059165477752685547e-01 -6.647791862487792969e-01 -1.346889853477478027e+00 -8.746595382690429688e-01 -1.925489902496337891e-01 1.222712993621826172e-01 -1.138439178466796875e-01 1.485064029693603516e-01 5.682666301727294922e-01 -8.903741836547851562e-03 -4.811341762542724609e-01 -6.910142898559570312e-01 -5.598392486572265625e-01 -8.484244346618652344e-01 -1.032069683074951172e+00 -8.221893310546875000e-01 3.321516513824462891e-01 -7.172493934631347656e-01 -1.373124837875366211e+00 -1.032069683074951172e+00 -7.697193622589111328e-01 -1.215714693069458008e+00 -2.002765417098999023e+00 -1.845355272293090820e+00 -1.583005070686340332e+00 -1.871590256690979004e+00 -9.533646106719970703e-01 6.732068061828613281e-01 1.565197467803955078e+00 1.460257530212402344e+00 1.538962364196777344e+00 9.617919921875000000e-01 5.682666301727294922e-01 5.420317649841308594e-01 -8.760881423950195312e-02 -5.598392486572265625e-01 -3.499588966369628906e-01 2.534465789794921875e-01 -8.760881423950195312e-02 -1.084539651870727539e+00 -2.212645530700683594e+00 -2.186410427093505859e+00 -1.241949796676635742e+00 -1.925489902496337891e-01 3.321516513824462891e-01 4.108567237854003906e-01 6.994419097900390625e-01 1.119202136993408203e+00 5.682666301727294922e-01 8.043818473815917969e-01 1.014262199401855469e+00 1.145437240600585938e+00 1.250377178192138672e+00 1.040497303009033203e+00 8.043818473815917969e-01 9.093217849731445312e-01 5.420317649841308594e-01 3.583865165710449219e-01 6.469717025756835938e-01 3.846216201782226562e-01 -1.925489902496337891e-01 -5.073690414428710938e-01 -6.385443210601806641e-01 -1.663138866424560547e-01 7.519121170043945312e-01 7.256770133972167969e-01 1.014262199401855469e+00 9.880270957946777344e-01 1.040497303009033203e+00 9.355568885803222656e-01 6.207368373870849609e-01 4.108567237854003906e-01 5.420317649841308594e-01 5.420317649841308594e-01 7.781467437744140625e-01 5.945017337799072266e-01 2.796814441680908203e-01 2.272114753723144531e-01 3.846216201782226562e-01 4.895615577697753906e-01
4.633266925811767578e-01 4.370915889739990234e-01 5.157966613769531250e-01 2.796814441680908203e-01 1.747415065765380859e-01 9.603643417358398438e-02 -1.138439178466796875e-01 -4.286639690399169922e-01 -3.499588966369628906e-01 -3.237240314483642578e-01 -2.974889278411865234e-01 -2.712540626525878906e-01 -3.513884544372558594e-02 1.485064029693603516e-01 -6.137371063232421875e-02 -2.187838554382324219e-01 4.108567237854003906e-01 -1.663138866424560547e-01 -4.811341762542724609e-01 -5.598392486572265625e-01 -8.221893310546875000e-01 -3.499588966369628906e-01 4.356622695922851562e-02 -8.760881423950195312e-02 -1.138439178466796875e-01 -4.548990726470947266e-01 -7.172493934631347656e-01 -6.647791862487792969e-01 -3.761940002441406250e-01 -1.663138866424560547e-01 -1.400787830352783203e-01 2.796814441680908203e-01 -1.084539651870727539e+00 -1.084539651870727539e+00 -4.811341762542724609e-01 -8.903741836547851562e-03 2.272114753723144531e-01 2.534465789794921875e-01 6.469717025756835938e-01 1.040497303009033203e+00 1.355317592620849609e+00 1.460257530212402344e+00 1.617667675018310547e+00 1.801312923431396484e+00 1.486492633819580078e+00 4.633266925811767578e-01 2.272114753723144531e-01 3.846216201782226562e-01 -7.172493934631347656e-01 -3.761940002441406250e-01 -5.860741138458251953e-01 -1.320654869079589844e+00 -8.221893310546875000e-01 -1.058304548263549805e+00 -7.959544658660888672e-01 -1.005834579467773438e+00 -8.484244346618652344e-01 -6.137371063232421875e-02 5.682666301727294922e-01 1.250377178192138672e+00 1.460257530212402344e+00 1.565197467803955078e+00 1.276612281799316406e+00 1.040497303009033203e+00 1.250377178192138672e+00 2.063663005828857422e+00 2.089898109436035156e+00 1.643902778625488281e+00 4.370915889739990234e-01 -7.697193622589111328e-01 -1.556769967079162598e+00 -1.530534982681274414e+00 -1.110774755477905273e+00 -9.795994758605957031e-01 -1.032069683074951172e+00 -9.795994758605957031e-01 -4.548990726470947266e-01 -3.761940002441406250e-01 -2.974889278411865234e-01 -2.974889278411865234e-01 3.059165477752685547e-01 5.682666301727294922e-01 1.302847385406494141e+00 2.194838047027587891e+00 2.588363647460937500e+00 2.168602943420410156e+00 1.617667675018310547e+00 8.568520545959472656e-01 2.009763717651367188e-01 2.009763717651367188e-01 -1.663138866424560547e-01 -1.925489902496337891e-01 -6.137371063232421875e-02 -6.385443210601806641e-01 -4.811341762542724609e-01 -4.548990726470947266e-01 -2.450189590454101562e-01 -5.860741138458251953e-01 -1.163244724273681641e+00 -8.746595382690429688e-01 -9.533646106719970703e-01 -1.137009620666503906e+00 -1.005834579467773438e+00 -6.647791862487792969e-01 -2.712540626525878906e-01 -5.073690414428710938e-01 -5.598392486572265625e-01 -7.697193622589111328e-01 -7.959544658660888672e-01 -5.860741138458251953e-01 -3.499588966369628906e-01 -6.137371063232421875e-02 6.980133056640625000e-02 -8.903741836547851562e-03 -8.903741836547851562e-03 6.980133056640625000e-02 -3.513884544372558594e-02 -4.548990726470947266e-01 -6.647791862487792969e-01 -5.860741138458251953e-01 -5.860741138458251953e-01 -3.499588966369628906e-01 -2.187838554382324219e-01 -8.903741836547851562e-03 1.485064029693603516e-01 3.583865165710449219e-01 3.846216201782226562e-01 3.321516513824462891e-01
-1.138439178466796875e-01 -2.450189590454101562e-01 -3.499588966369628906e-01 -4.024291038513183594e-01 -4.548990726470947266e-01 -3.761940002441406250e-01 -2.450189590454101562e-01 -1.400787830352783203e-01 -8.760881423950195312e-02 -2.187838554382324219e-01 -2.974889278411865234e-01 -3.761940002441406250e-01 -5.598392486572265625e-01 -7.697193622589111328e-01 -1.084539651870727539e+00 -9.795994758605957031e-01 -3.499588966369628906e-01 -6.910142898559570312e-01 -7.434842586517333984e-01 -7.434842586517333984e-01 -7.697193622589111328e-01 -7.172493934631347656e-01 -1.084539651870727539e+00 -1.346889853477478027e+00 -1.294419765472412109e+00 -9.008944034576416016e-01 -4.548990726470947266e-01 -4.811341762542724609e-01 -5.598392486572265625e-01 -9.271295070648193359e-01 -1.084539651870727539e+00 -1.241949796676635742e+00 6.469717025756835938e-01 1.066731929779052734e+00 1.617667675018310547e+00 2.221073150634765625e+00 2.221073150634765625e+00 1.276612281799316406e+00 -4.286639690399169922e-01 -1.583005070686340332e+00 -1.425594925880432129e+00 -3.499588966369628906e-01 3.059165477752685547e-01 7.781467437744140625e-01 7.781467437744140625e-01 4.108567237854003906e-01 1.747415065765380859e-01 3.583865165710449219e-01 -5.598392486572265625e-01 6.980133056640625000e-02 6.469717025756835938e-01 1.486492633819580078e+00 2.352248191833496094e+00 6.469717025756835938e-01 -1.583005070686340332e+00 -2.002765417098999023e+00 -8.746595382690429688e-01 2.796814441680908203e-01 1.486492633819580078e+00 1.591432571411132812e+00 1.145437240600585938e+00 7.256770133972167969e-01 1.733136177062988281e-02 -5.073690414428710938e-01 -7.434842586517333984e-01 -6.137371063232421875e-02 5.945017337799072266e-01 1.355317592620849609e+00 1.171672344207763672e+00 6.980133056640625000e-02 -7.959544658660888672e-01 -7.697193622589111328e-01 -2.450189590454101562e-01 3.583865165710449219e-01 9.880270957946777344e-01 9.355568885803222656e-01 9.355568885803222656e-01 3.846216201782226562e-01 -1.138439178466796875e-01 -6.123092174530029297e-01 2.534465789794921875e-01 6.994419097900390625e-01 9.617919921875000000e-01 8.830871582031250000e-01 5.682666301727294922e-01 -2.187838554382324219e-01 -7.434842586517333984e-01 -9.008944034576416016e-01 -1.137009620666503906e+00 -6.647791862487792969e-01 -3.761940002441406250e-01 1.222712993621826172e-01 -1.663138866424560547e-01 9.603643417358398438e-02 9.603643417358398438e-02 -8.903741836547851562e-03 4.108567237854003906e-01 6.469717025756835938e-01 9.355568885803222656e-01 1.171672344207763672e+00 9.617919921875000000e-01 8.568520545959472656e-01 5.945017337799072266e-01 5.157966613769531250e-01 3.583865165710449219e-01 4.633266925811767578e-01 4.895615577697753906e-01 5.157966613769531250e-01 5.157966613769531250e-01 3.059165477752685547e-01 3.321516513824462891e-01 1.222712993621826172e-01 -5.598392486572265625e-01 -1.138439178466796875e-01 1.222712993621826172e-01 4.370915889739990234e-01 6.732068061828613281e-01 7.256770133972167969e-01 9.617919921875000000e-01 5.420317649841308594e-01 4.895615577697753906e-01 1.485064029693603516e-01 3.059165477752685547e-01 2.272114753723144531e-01 -6.137371063232421875e-02 -2.187838554382324219e-01 -5.336041450500488281e-01 -6.647791862487792969e-01
-4.286639690399169922e-01 -3.237240314483642578e-01 -2.712540626525878906e-01 -2.450189590454101562e-01 9.603643417358398438e-02 2.534465789794921875e-01 9.355568885803222656e-01 1.512727737426757812e+00 1.119202136993408203e+00 9.093217849731445312e-01 5.682666301727294922e-01 3.059165477752685547e-01 1.222712993621826172e-01 6.980133056640625000e-02 1.733136177062988281e-02 -1.138439178466796875e-01 -8.221893310546875000e-01 1.222712993621826172e-01 1.092967033386230469e+00 1.224142074584960938e+00 9.880270957946777344e-01 1.092967033386230469e+00 1.276612281799316406e+00 1.932487964630126953e+00 2.089898109436035156e+00 1.591432571411132812e+00 1.119202136993408203e+00 1.066731929779052734e+00 1.276612281799316406e+00 1.040497303009033203e+00 5.157966613769531250e-01 -1.400787830352783203e-01 -7.172493934631347656e-01 -2.712540626525878906e-01 -5.336041450500488281e-01 -8.484244346618652344e-01 -6.123092174530029297e-01 -8.484244346618652344e-01 -3.237240314483642578e-01 3.846216201782226562e-01 -8.903741836547851562e-03 -1.400787830352783203e-01 -1.163244724273681641e+00 -1.346889853477478027e+00 -9.795994758605957031e-01 -7.172493934631347656e-01 -3.513884544372558594e-02 -8.760881423950195312e-02 -4.548990726470947266e-01 -1.084539651870727539e+00 -1.583005070686340332e+00 -1.084539651870727539e+00 -6.910142898559570312e-01 5.420317649841308594e-01 1.460257530212402344e+00 1.434022426605224609e+00 1.538962364196777344e+00 1.197907447814941406e+00 3.059165477752685547e-01 -9.533646106719970703e-01 -1.687945127487182617e+00 -1.058304548263549805e+00 -9.533646106719970703e-01 -3.499588966369628906e-01 -6.910142898559570312e-01 -1.346889853477478027e+00 -1.556769967079162598e+00 -1.005834579467773438e+00 -5.336041450500488281e-01 1.355317592620849609e+00 1.880017757415771484e+00 2.142367839813232422e+00 2.509658336639404297e+00 9.880270957946777344e-01 5.420317649841308594e-01 -4.286639690399169922e-01 -8.221893310546875000e-01 -7.434842586517333984e-01 -9.795994758605957031e-01 -3.499588966369628906e-01 -2.974889278411865234e-01 -5.073690414428710938e-01 -3.499588966369628906e-01 -4.024291038513183594e-01 -3.499588966369628906e-01 1.222712993621826172e-01 8.830871582031250000e-01 1.381552219390869141e+00 9.880270957946777344e-01 2.009763717651367188e-01 -1.925489902496337891e-01 1.733136177062988281e-02 -3.237240314483642578e-01 -5.336041450500488281e-01 -4.811341762542724609e-01 -2.712540626525878906e-01 -8.760881423950195312e-02 -3.237240314483642578e-01 -4.024291038513183594e-01 -6.385443210601806641e-01 -4.548990726470947266e-01 -4.286639690399169922e-01 -5.598392486572265625e-01 -7.697193622589111328e-01 -5.860741138458251953e-01 -4.811341762542724609e-01 -6.123092174530029297e-01 -5.073690414428710938e-01 -2.712540626525878906e-01 3.321516513824462891e-01 5.682666301727294922e-01 8.306169509887695312e-01 3.846216201782226562e-01 3.321516513824462891e-01 1.733136177062988281e-02 -3.237240314483642578e-01 -4.548990726470947266e-01 -6.647791862487792969e-01 -1.058304548263549805e+00 -1.084539651870727539e+00 -9.008944034576416016e-01 -4.548990726470947266e-01 -1.663138866424560547e-01 1.747415065765380859e-01 5.682666301727294922e-01 4.633266925811767578e-01 2.272114753723144531e-01 2.272114753723144531e-01
4.356622695922851562e-02 -1.663138866424560547e-01 -8.903741836547851562e-03 -3.513884544372558594e-02 -6.137371063232421875e-02 1.733136177062988281e-02 3.846216201782226562e-01 5.157966613769531250e-01 3.059165477752685547e-01 1.747415065765380859e-01 1.222712993621826172e-01 1.222712993621826172e-01 2.272114753723144531e-01 2.534465789794921875e-01 -1.138439178466796875e-01 -1.663138866424560547e-01 -1.138439178466796875e-01 1.733136177062988281e-02 4.108567237854003906e-01 3.583865165710449219e-01 4.370915889739990234e-01 4.108567237854003906e-01 8.830871582031250000e-01 1.092967033386230469e+00 8.043818473815917969e-01 6.994419097900390625e-01 7.781467437744140625e-01 8.306169509887695312e-01 7.519121170043945312e-01 3.583865165710449219e-01 -2.712540626525878906e-01 -5.860741138458251953e-01 -1.925489902496337891e-01 -3.499588966369628906e-01 -3.499588966369628906e-01 -4.024291038513183594e-01 -5.598392486572265625e-01 -5.860741138458251953e-01 -4.548990726470947266e-01 -2.974889278411865234e-01 -1.925489902496337891e-01 -6.647791862487792969e-01 -8.746595382690429688e-01 -6.385443210601806641e-01 -6.647791862487792969e-01 -7.172493934631347656e-01 -6.910142898559570312e-01 -6.123092174530029297e-01 3.846216201782226562e-01 2.534465789794921875e-01 1.747415065765380859e-01 -4.548990726470947266e-01 -1.294419765472412109e+00 -1.714180111885070801e+00 -7.434842586517333984e-01 1.460257530212402344e+00 1.670137882232666016e+00 -4.024291038513183594e-01 -1.635475039482116699e+00 -1.504299998283386230e+00 -7.172493934631347656e-01 -4.024291038513183594e-01 -1.663138866424560547e-01 1.485064029693603516e-01 4.108567237854003906e-01 8.830871582031250000e-01 6.469717025756835938e-01 2.009763717651367188e-01 -6.123092174530029297e-01 -2.474995851516723633e+00 -1.766650199890136719e+00 -1.163244724273681641e+00 -1.346889853477478027e+00 -2.002765417098999023e+00 -1.294419765472412109e+00 -8.746595382690429688e-01 -2.450189590454101562e-01 1.747415065765380859e-01 6.732068061828613281e-01 6.994419097900390625e-01 1.197907447814941406e+00 9.880270957946777344e-01 6.994419097900390625e-01 2.796814441680908203e-01 -4.024291038513183594e-01 -1.346889853477478027e+00 -2.317585706710815430e+00 -2.684875965118408203e+00 -2.081470489501953125e+00 -1.373124837875366211e+00 -9.795994758605957031e-01 -6.910142898559570312e-01 1.733136177062988281e-02 8.830871582031250000e-01 6.994419097900390625e-01 5.682666301727294922e-01 1.276612281799316406e+00 7.781467437744140625e-01 5.682666301727294922e-01 7.519121170043945312e-01 3.321516513824462891e-01 4.633266925811767578e-01 2.796814441680908203e-01 2.534465789794921875e-01 3.059165477752685547e-01 3.059165477752685547e-01 2.009763717651367188e-01 3.321516513824462891e-01 4.895615577697753906e-01 6.732068061828613281e-01 7.256770133972167969e-01 6.469717025756835938e-01 6.732068061828613281e-01 8.306169509887695312e-01 9.355568885803222656e-01 9.880270957946777344e-01 1.119202136993408203e+00 9.617919921875000000e-01 6.732068061828613281e-01 6.207368373870849609e-01 7.256770133972167969e-01 5.682666301727294922e-01 3.059165477752685547e-01 3.846216201782226562e-01 3.583865165710449219e-01 2.796814441680908203e-01 4.633266925811767578e-01 4.370915889739990234e-01
-3.761940002441406250e-01 -4.024291038513183594e-01 -1.663138866424560547e-01 -8.760881423950195312e-02 -8.903741836547851562e-03 2.272114753723144531e-01 3.846216201782226562e-01 3.583865165710449219e-01 4.108567237854003906e-01 4.895615577697753906e-01 2.009763717651367188e-01 -3.513884544372558594e-02 -1.138439178466796875e-01 -2.450189590454101562e-01 -1.925489902496337891e-01 1.485064029693603516e-01 -4.024291038513183594e-01 1.733136177062988281e-02 4.370915889739990234e-01 6.469717025756835938e-01 5.157966613769531250e-01 4.895615577697753906e-01 8.043818473815917969e-01 1.224142074584960938e+00 1.460257530212402344e+00 1.276612281799316406e+00 9.093217849731445312e-01 7.256770133972167969e-01 6.469717025756835938e-01 6.207368373870849609e-01 1.747415065765380859e-01 -1.400787830352783203e-01 -2.974889278411865234e-01 -2.450189590454101562e-01 -2.450189590454101562e-01 -1.925489902496337891e-01 -6.137371063232421875e-02 -1.400787830352783203e-01 3.321516513824462891e-01 9.093217849731445312e-01 8.306169509887695312e-01 5.157966613769531250e-01 -1.138439178466796875e-01 -4.024291038513183594e-01 -4.811341762542724609e-01 -4.548990726470947266e-01 -3.499588966369628906e-01 -4.548990726470947266e-01 -3.513884544372558594e-02 -4.811341762542724609e-01 -4.286639690399169922e-01 -4.811341762542724609e-01 -6.385443210601806641e-01 8.306169509887695312e-01 2.011192798614501953e+00 1.853782653808593750e+00 1.932487964630126953e+00 1.801312923431396484e+00 2.009763717651367188e-01 -1.320654869079589844e+00 -1.346889853477478027e+00 -8.746595382690429688e-01 -3.761940002441406250e-01 -2.450189590454101562e-01 5.945017337799072266e-01 -1.925489902496337891e-01 -5.598392486572265625e-01 -6.647791862487792969e-01 -5.598392486572265625e-01 7.519121170043945312e-01 7.256770133972167969e-01 -1.925489902496337891e-01 1.014262199401855469e+00 1.538962364196777344e+00 1.222712993621826172e-01 -9.533646106719970703e-01 -1.215714693069458008e+00 -4.548990726470947266e-01 6.980133056640625000e-02 -3.513884544372558594e-02 4.633266925811767578e-01 4.356622695922851562e-02 -5.073690414428710938e-01 -1.530534982681274414e+00 -2.238880634307861328e+00 -2.737345933914184570e+00 -3.025931358337402344e+00 -3.288281440734863281e+00 -3.078401327133178711e+00 -2.501230716705322266e+00 -2.107705593109130859e+00 -1.268184661865234375e+00 -6.123092174530029297e-01 -1.138439178466796875e-01 -1.138439178466796875e-01 3.846216201782226562e-01 -8.903741836547851562e-03 9.603643417358398438e-02 3.583865165710449219e-01 3.846216201782226562e-01 5.682666301727294922e-01 3.583865165710449219e-01 6.980133056640625000e-02 -8.760881423950195312e-02 -1.925489902496337891e-01 -1.400787830352783203e-01 -8.760881423950195312e-02 4.356622695922851562e-02 6.980133056640625000e-02 -2.187838554382324219e-01 -2.450189590454101562e-01 6.207368373870849609e-01 2.534465789794921875e-01 3.321516513824462891e-01 5.157966613769531250e-01 4.108567237854003906e-01 4.895615577697753906e-01 4.895615577697753906e-01 6.207368373870849609e-01 3.846216201782226562e-01 4.633266925811767578e-01 3.846216201782226562e-01 4.370915889739990234e-01 2.534465789794921875e-01 2.272114753723144531e-01 2.534465789794921875e-01 6.994419097900390625e-01 1.092967033386230469e+00
3.321516513824462891e-01 1.485064029693603516e-01 -6.137371063232421875e-02 4.356622695922851562e-02 -8.903741836547851562e-03 9.603643417358398438e-02 4.356622695922851562e-02 6.980133056640625000e-02 1.747415065765380859e-01 2.272114753723144531e-01 5.157966613769531250e-01 3.846216201782226562e-01 3.059165477752685547e-01 4.108567237854003906e-01 4.895615577697753906e-01 6.469717025756835938e-01 -5.073690414428710938e-01 -3.237240314483642578e-01 9.603643417358398438e-02 3.321516513824462891e-01 1.092967033386230469e+00 1.250377178192138672e+00 9.617919921875000000e-01 9.355568885803222656e-01 8.306169509887695312e-01 7.781467437744140625e-01 8.306169509887695312e-01 5.420317649841308594e-01 3.583865165710449219e-01 4.356622695922851562e-02 -6.137371063232421875e-02 -2.974889278411865234e-01 4.108567237854003906e-01 3.321516513824462891e-01 -3.513884544372558594e-02 -3.237240314483642578e-01 -5.598392486572265625e-01 -9.795994758605957031e-01 -2.002765417098999023e+00 -2.212645530700683594e+00 -2.107705593109130859e+00 -1.819120168685913086e+00 -1.215714693069458008e+00 -1.005834579467773438e+00 -4.548990726470947266e-01 -2.187838554382324219e-01 -1.138439178466796875e-01 4.370915889739990234e-01 9.617919921875000000e-01 1.224142074584960938e+00 1.434022426605224609e+00 1.984957695007324219e+00 1.906252861022949219e+00 2.009763717651367188e-01 -1.504299998283386230e+00 -1.032069683074951172e+00 -9.795994758605957031e-01 -1.005834579467773438e+00 4.108567237854003906e-01 1.066731929779052734e+00 1.381552219390869141e+00 1.092967033386230469e+00 1.066731929779052734e+00 1.145437240600585938e+00 1.066731929779052734e+00 1.381552219390869141e+00 1.617667675018310547e+00 1.775077819824218750e+00 1.670137882232666016e+00 2.009763717651367188e-01 -1.714180111885070801e+00 -1.268184661865234375e+00 -1.425594925880432129e+00 -5.860741138458251953e-01 1.092967033386230469e+00 1.617667675018310547e+00 1.617667675018310547e+00 1.486492633819580078e+00 1.145437240600585938e+00 1.145437240600585938e+00 6.980133056640625000e-02 -1.400787830352783203e-01 -5.073690414428710938e-01 -9.795994758605957031e-01 -9.795994758605957031e-01 -1.897825241088867188e+00 -2.343820571899414062e+00 -2.265115737915039062e+00 -2.370055675506591797e+00 -2.133940458297729492e+00 -1.687945127487182617e+00 -1.215714693069458008e+00 -7.959544658660888672e-01 -2.187838554382324219e-01 2.534465789794921875e-01 5.157966613769531250e-01 -7.172493934631347656e-01 -4.548990726470947266e-01 -1.138439178466796875e-01 4.356622695922851562e-02 3.583865165710449219e-01 4.895615577697753906e-01 3.846216201782226562e-01 2.796814441680908203e-01 2.009763717651367188e-01 -8.903741836547851562e-03 -1.138439178466796875e-01 -3.499588966369628906e-01 -4.024291038513183594e-01 -7.434842586517333984e-01 -8.746595382690429688e-01 -7.434842586517333984e-01 -4.024291038513183594e-01 -2.712540626525878906e-01 -3.237240314483642578e-01 -1.925489902496337891e-01 -6.137371063232421875e-02 2.534465789794921875e-01 -8.903741836547851562e-03 -1.138439178466796875e-01 -6.137371063232421875e-02 -1.925489902496337891e-01 1.733136177062988281e-02 -1.138439178466796875e-01 -8.760881423950195312e-02 -1.400787830352783203e-01 1.485064029693603516e-01 9.603643417358398438e-02
-1.663138866424560547e-01 -1.138439178466796875e-01 1.222712993621826172e-01 3.059165477752685547e-01 1.747415065765380859e-01 1.222712993621826172e-01 5.157966613769531250e-01 7.256770133972167969e-01 8.043818473815917969e-01 3.583865165710449219e-01 2.534465789794921875e-01 4.370915889739990234e-01 3.321516513824462891e-01 1.733136177062988281e-02 -1.663138866424560547e-01 1.733136177062988281e-02 -1.663138866424560547e-01 -8.760881423950195312e-02 4.356622695922851562e-02 3.583865165710449219e-01 4.633266925811767578e-01 2.796814441680908203e-01 6.469717025756835938e-01 3.846216201782226562e-01 4.108567237854003906e-01 1.485064029693603516e-01 2.272114753723144531e-01 3.846216201782226562e-01 2.009763717651367188e-01 -2.712540626525878906e-01 -7.434842586517333984e-01 -5.073690414428710938e-01 -2.187838554382324219e-01 -5.598392486572265625e-01 -6.910142898559570312e-01 -7.697193622589111328e-01 -1.373124837875366211e+00 -1.346889853477478027e+00 -1.320654869079589844e+00 -1.530534982681274414e+00 -1.766650199890136719e+00 -2.212645530700683594e+00 -1.897825241088867188e+00 -1.032069683074951172e+00 -5.073690414428710938e-01 -2.974889278411865234e-01 -1.138439178466796875e-01 2.272114753723144531e-01 -2.450189590454101562e-01 4.633266925811767578e-01 6.994419097900390625e-01 1.733136177062988281e-02 -1.058304548263549805e+00 -2.055235385894775391e+00 -2.238880634307861328e+00 -1.976530313491821289e+00 -1.845355272293090820e+00 -1.268184661865234375e+00 -1.032069683074951172e+00 -3.499588966369628906e-01 2.272114753723144531e-01 3.846216201782226562e-01 2.009763717651367188e-01 -1.663138866424560547e-01 -1.925489902496337891e-01 6.469717025756835938e-01 1.486492633819580078e+00 1.565197467803955078e+00 1.066731929779052734e+00 -4.286639690399169922e-01 -1.766650199890136719e+00 -7.434842586517333984e-01 4.895615577697753906e-01 9.355568885803222656e-01 9.093217849731445312e-01 1.014262199401855469e+00 7.256770133972167969e-01 8.830871582031250000e-01 1.747415065765380859e-01 -1.138439178466796875e-01 6.994419097900390625e-01 9.880270957946777344e-01 1.066731929779052734e+00 1.066731929779052734e+00 7.519121170043945312e-01 4.633266925811767578e-01 4.356622695922851562e-02 -8.760881423950195312e-02 2.272114753723144531e-01 2.009763717651367188e-01 3.846216201782226562e-01 7.781467437744140625e-01 8.306169509887695312e-01 8.568520545959472656e-01 4.633266925811767578e-01 2.534465789794921875e-01 7.256770133972167969e-01 8.043818473815917969e-01 7.781467437744140625e-01 7.781467437744140625e-01 7.256770133972167969e-01 4.895615577697753906e-01 6.732068061828613281e-01 6.994419097900390625e-01 6.207368373870849609e-01 6.469717025756835938e-01 8.568520545959472656e-01 8.043818473815917969e-01 6.994419097900390625e-01 7.519121170043945312e-01 6.207368373870849609e-01 5.157966613769531250e-01 -3.761940002441406250e-01 -8.903741836547851562e-03 4.356622695922851562e-02 4.356622695922851562e-02 -3.513884544372558594e-02 -1.663138866424560547e-01 -1.400787830352783203e-01 -8.760881423950195312e-02 6.980133056640625000e-02 4.356622695922851562e-02 -1.925489902496337891e-01 -3.761940002441406250e-01 -2.712540626525878906e-01 -8.760881423950195312e-02 1.733136177062988281e-02 1.222712993621826172e-01
-5.073690414428710938e-01 -5.073690414428710938e-01 -5.860741138458251953e-01 -4.811341762542724609e-01 -8.903741836547851562e-03 1.747415065765380859e-01 6.980133056640625000e-02 -2.187838554382324219e-01 -6.123092174530029297e-01 -6.123092174530029297e-01 -6.123092174530029297e-01 -5.073690414428710938e-01 -1.400787830352783203e-01 -8.760881423950195312e-02 -2.187838554382324219e-01 -1.138439178466796875e-01 -8.903741836547851562e-03 -3.237240314483642578e-01 -4.286639690399169922e-01 -3.761940002441406250e-01 -3.237240314483642578e-01 -2.450189590454101562e-01 -2.187838554382324219e-01 -1.925489902496337891e-01 -2.974889278411865234e-01 -6.385443210601806641e-01 -1.137009620666503906e+00 -1.032069683074951172e+00 -6.123092174530029297e-01 -8.760881423950195312e-02 1.747415065765380859e-01 4.633266925811767578e-01 1.485064029693603516e-01 9.093217849731445312e-01 1.486492633819580078e+00 1.512727737426757812e+00 1.434022426605224609e+00 1.355317592620849609e+00 1.434022426605224609e+00 1.014262199401855469e+00 2.009763717651367188e-01 -5.598392486572265625e-01 -4.811341762542724609e-01 -1.663138866424560547e-01 -5.598392486572265625e-01 -4.811341762542724609e-01 -6.385443210601806641e-01 -4.548990726470947266e-01 5.945017337799072266e-01 1.250377178192138672e+00 1.538962364196777344e+00 1.670137882232666016e+00 1.486492633819580078e+00 1.512727737426757812e+00 1.434022426605224609e+00 -1.294419765472412109e+00 -1.504299998283386230e+00 -1.163244724273681641e+00 -6.137371063232421875e-02 3.583865165710449219e-01 5.420317649841308594e-01 4.633266925811767578e-01 4.108567237854003906e-01 6.980133056640625000e-02 -1.138439178466796875e-01 3.583865165710449219e-01 6.469717025756835938e-01 6.994419097900390625e-01 4.108567237854003906e-01 -7.172493934631347656e-01 -1.687945127487182617e+00 -1.005834579467773438e+00 -8.903741836547851562e-03 1.512727737426757812e+00 2.247308254241943359e+00 1.670137882232666016e+00 1.538962364196777344e+00 1.250377178192138672e+00 1.040497303009033203e+00 6.469717025756835938e-01 -6.123092174530029297e-01 -5.336041450500488281e-01 -3.237240314483642578e-01 -6.137371063232421875e-02 9.603643417358398438e-02 -4.024291038513183594e-01 -2.974889278411865234e-01 3.846216201782226562e-01 1.014262199401855469e+00 1.329082489013671875e+00 1.302847385406494141e+00 1.302847385406494141e+00 1.224142074584960938e+00 1.171672344207763672e+00 1.014262199401855469e+00 4.108567237854003906e-01 -1.400787830352783203e-01 -2.187838554382324219e-01 -5.336041450500488281e-01 -5.598392486572265625e-01 -1.137009620666503906e+00 -1.215714693069458008e+00 -9.008944034576416016e-01 -3.499588966369628906e-01 -4.286639690399169922e-01 -5.860741138458251953e-01 -6.123092174530029297e-01 -6.385443210601806641e-01 -6.647791862487792969e-01 -8.746595382690429688e-01 -6.123092174530029297e-01 -4.548990726470947266e-01 -1.663138866424560547e-01 -6.137371063232421875e-02 -8.903741836547851562e-03 -8.903741836547851562e-03 -6.137371063232421875e-02 -9.008944034576416016e-01 -1.294419765472412109e+00 -1.425594925880432129e+00 -1.110774755477905273e+00 -9.533646106719970703e-01 -8.746595382690429688e-01 -8.746595382690429688e-01 -5.598392486572265625e-01 -1.663138866424560547e-01 -6.137371063232421875e-02 -8.903741836547851562e-03
