2.099844664335250854e-01 6.180494427680969238e-01 8.583208322525024414e-01 9.970991611480712891e-01 6.880648732185363770e-01 3.912638425827026367e-01 -2.520559430122375488e-01 -7.041962146759033203e-01 -7.447962760925292969e-01 -5.448057055473327637e-01 -5.234704017639160156e-01 -2.622148096561431885e-01 -1.452416777610778809e-01 3.805028740316629410e-03 1.581814438104629517e-01 3.281067013740539551e-01 9.384880065917968750e-01 7.231099605560302734e-01 4.230596423149108887e-01 -2.957091853022575378e-02 -2.006635963916778564e-01 -2.010497301816940308e-01 -1.859329193830490112e-01 -5.532206892967224121e-01 -9.680194258689880371e-01 -1.161034703254699707e+00 -1.014024376869201660e+00 -8.632236719131469727e-01 -8.183892965316772461e-01 -6.588101983070373535e-01 -8.960256725549697876e-02 4.416072275489568710e-03 1.563796550035476685e-01 2.049802839756011963e-01 -6.766512244939804077e-02 1.282842643558979034e-02 2.080134302377700806e-01 5.939564108848571777e-01 7.087550163269042969e-01 4.282780289649963379e-01 3.834641873836517334e-01 5.159768462181091309e-01 2.577119469642639160e-01 -4.234436154365539551e-01 -7.473511695861816406e-01 -2.689261138439178467e-01 -8.385671675205230713e-02 -1.307810544967651367e-01 -3.181452453136444092e-01 -3.693040311336517334e-01 -9.656151533126831055e-01 -5.553369522094726562e-01 2.110180556774139404e-01 1.215828657150268555e+00 1.419598579406738281e+00 1.471619009971618652e+00 1.967943310737609863e+00 1.874153733253479004e+00 1.579113602638244629e+00 -1.046313494443893433e-01 -6.955004334449768066e-01 -1.468995809555053711e+00 -6.513290405273437500e-01 -3.212389945983886719e-01 -4.813942313194274902e-01 -7.065764665603637695e-01 -1.282151699066162109e+00 -8.088980913162231445e-01 7.315107583999633789e-01 1.290163516998291016e+00 1.515524506568908691e+00 1.789631724357604980e+00 2.542762517929077148e+00 2.645736932754516602e+00 1.587338924407958984e+00 -3.594860136508941650e-01 -8.080978989601135254e-01 -1.091972827911376953e+00 -3.417654335498809814e-01 -3.191236257553100586e-01 -2.674631476402282715e-01 -3.387544453144073486e-01 -4.202045500278472900e-01 -1.230834275484085083e-01 -3.060917258262634277e-01 4.121195077896118164e-01 6.840045452117919922e-01 1.042402505874633789e+00 1.143613338470458984e+00 6.813648939132690430e-01 -4.334722086787223816e-02 -5.770746469497680664e-01 -1.028613805770874023e+00 -2.197203636169433594e-01 -3.052943944931030273e-01 -7.465301156044006348e-01 2.404062151908874512e-01 -9.413640201091766357e-02 -6.035704016685485840e-01 -7.480431199073791504e-01 -1.975375115871429443e-01 -2.671506628394126892e-02 9.237857535481452942e-03 9.342517703771591187e-02 2.514335885643959045e-02 -4.730570316314697266e-02 -1.752835959196090698e-01 -6.987939123064279556e-03 1.259385347366333008e-01 -4.926234185695648193e-01 -6.673966646194458008e-01 -8.059777617454528809e-01 4.797505140304565430e-01 -1.088632270693778992e-01 -5.319463610649108887e-01 -5.987554192543029785e-01 -1.947352290153503418e-01 -1.784220337867736816e-01 -1.653371751308441162e-01 -1.127548813819885254e-01 -8.255754411220550537e-02 1.642806231975555420e-01 5.787687301635742188e-01 1.692789345979690552e-01 -6.799016892910003662e-02 -3.144977986812591553e-01 -6.119443774223327637e-01 -1.589395046234130859e+00
4.105602800846099854e-01 5.452057123184204102e-01 4.521451592445373535e-01 7.183454036712646484e-01 5.271019935607910156e-01 6.430276036262512207e-01 4.372083842754364014e-01 4.648945629596710205e-01 2.402469515800476074e-01 2.086026966571807861e-01 3.000167608261108398e-01 3.255053460597991943e-01 2.326914481818675995e-02 -3.466841876506805420e-01 -3.626635968685150146e-01 -1.555225849151611328e-01 5.132634639739990234e-01 4.901314377784729004e-01 1.373324543237686157e-01 -5.794927477836608887e-01 -7.207106947898864746e-01 -1.369193434715270996e+00 -1.640677809715270996e+00 -1.773495435714721680e+00 -1.427836775779724121e+00 -8.370030522346496582e-01 -4.838017523288726807e-01 1.234490945935249329e-01 6.305402517318725586e-02 -4.903522506356239319e-02 -3.586791157722473145e-01 -2.709122002124786377e-01 -8.872091770172119141e-02 -3.178745806217193604e-01 -4.232495129108428955e-01 -6.534150242805480957e-01 -5.393865108489990234e-01 -4.032377004623413086e-01 -7.857344746589660645e-01 -1.845115423202514648e+00 -2.077678918838500977e+00 -1.765804529190063477e+00 -1.492773413658142090e+00 -9.790961146354675293e-01 -4.333568811416625977e-01 -3.880946338176727295e-01 -5.447810888290405273e-01 -3.265436291694641113e-01 2.944992482662200928e-01 6.805621385574340820e-01 1.293936491012573242e+00 1.899859309196472168e+00 2.284366846084594727e+00 2.686914682388305664e+00 1.570877671241760254e+00 -5.299397706985473633e-01 -1.453233957290649414e+00 -1.940384387969970703e+00 -1.734061837196350098e+00 -8.213467597961425781e-01 -3.769145607948303223e-01 -6.742560267448425293e-01 -7.341828197240829468e-02 3.326762020587921143e-01 5.547385811805725098e-01 8.259902596473693848e-01 1.466599106788635254e+00 1.679996848106384277e+00 1.632368803024291992e+00 1.027472734451293945e+00 1.689625829458236694e-01 -6.638973951339721680e-01 -1.544840216636657715e+00 -1.528852224349975586e+00 -1.185061931610107422e+00 -4.345002174377441406e-01 -4.007670879364013672e-01 -7.220510244369506836e-01 1.993789672851562500e-01 4.427471160888671875e-01 9.894969463348388672e-01 9.409796595573425293e-01 1.159220933914184570e+00 9.550855159759521484e-01 1.333957314491271973e-01 -4.236994087696075439e-01 -9.953806996345520020e-01 -1.318916797637939453e+00 -1.078211545944213867e+00 -8.758653402328491211e-01 -6.522859930992126465e-01 -4.584438800811767578e-01 -3.704575598239898682e-01 -1.750002801418304443e-01 -1.473492681980133057e-01 -4.755100607872009277e-02 7.293826341629028320e-01 6.319643855094909668e-01 3.137855827808380127e-01 3.233123123645782471e-01 2.371140569448471069e-01 2.979396581649780273e-01 1.711470484733581543e-01 4.266776740550994873e-01 5.858111381530761719e-01 9.210807085037231445e-01 7.576008439064025879e-01 6.090103983879089355e-01 3.583587706089019775e-01 2.177261859178543091e-01 2.594797611236572266e-01 9.599000215530395508e-02 -2.219557389616966248e-02 1.359186600893735886e-02 1.403718907386064529e-02 1.086248531937599182e-01 2.185999453067779541e-01 5.396652221679687500e-01 1.022938251495361328e+00 6.926591396331787109e-01 5.727062225341796875e-01 5.635128617286682129e-01 3.782346546649932861e-01 1.659648269414901733e-01 -1.308331731706857681e-02 8.402206934988498688e-03 5.510864779353141785e-02 3.775206506252288818e-01
1.306000500917434692e-01 3.456224501132965088e-01 3.137189745903015137e-01 1.397775709629058838e-01 2.503670193254947662e-02 -1.324210911989212036e-01 -2.419442683458328247e-01 -4.248311221599578857e-01 -7.709031701087951660e-01 -8.431307077407836914e-01 -6.010546684265136719e-01 -3.625739812850952148e-01 -2.372031956911087036e-01 1.068794727325439453e-01 2.349549382925033569e-01 1.156462356448173523e-01 2.795911133289337158e-01 -2.428652197122573853e-01 -5.969974994659423828e-01 -5.398312807083129883e-01 -5.731779932975769043e-01 -6.308766007423400879e-01 -6.983695626258850098e-01 -5.879266858100891113e-01 -4.402431845664978027e-01 -1.828210800886154175e-01 -4.359095916152000427e-02 -2.448194324970245361e-01 -4.474307298660278320e-01 -3.354234695434570312e-01 9.959803521633148193e-02 4.731622040271759033e-01 -8.147852420806884766e-01 -9.366711974143981934e-01 -1.016694903373718262e+00 -2.181874662637710571e-01 2.583041191101074219e-01 3.127862513065338135e-01 2.736960053443908691e-01 2.055873721837997437e-01 6.044341325759887695e-01 6.592555642127990723e-01 6.848717927932739258e-01 7.230407595634460449e-01 7.450478076934814453e-01 1.066893562674522400e-01 -2.290667146444320679e-01 -4.530125856399536133e-02 4.312499165534973145e-01 9.053416848182678223e-01 1.825632452964782715e+00 2.422098875045776367e+00 2.524340629577636719e+00 2.162732839584350586e+00 1.816555261611938477e+00 2.506172895431518555e+00 2.596619844436645508e+00 8.785675764083862305e-01 -3.601593896746635437e-02 -2.557771503925323486e-01 -3.036508560180664062e-01 -2.987511456012725830e-01 -4.641461074352264404e-01 -2.668135166168212891e-01 6.784553527832031250e-01 1.080530881881713867e+00 1.426427364349365234e+00 1.852391600608825684e+00 1.664631247520446777e+00 1.153603792190551758e+00 7.074292898178100586e-01 -4.380742311477661133e-01 -1.605088710784912109e+00 -1.503360629081726074e+00 -6.312344670295715332e-01 2.588683664798736572e-01 8.212529420852661133e-01 7.207449078559875488e-01 6.647385954856872559e-01 5.697062015533447266e-01 -1.460164785385131836e-01 -2.794014811515808105e-01 -3.902766108512878418e-01 -5.372498631477355957e-01 -6.037006378173828125e-01 -8.420931100845336914e-01 -1.277241587638854980e+00 -1.084000349044799805e+00 -1.449848115444183350e-01 8.642696738243103027e-01 1.778658151626586914e+00 1.423772692680358887e+00 9.579995870590209961e-01 6.426666975021362305e-01 5.468748211860656738e-01 2.238799929618835449e-01 -5.953708887100219727e-01 -4.245661795139312744e-01 -4.888253509998321533e-01 -5.563886165618896484e-01 -3.875840604305267334e-01 -8.834239840507507324e-01 -1.124565839767456055e+00 -1.330704808235168457e+00 -1.109348535537719727e+00 -8.377187252044677734e-01 -7.281627058982849121e-01 -6.203224062919616699e-01 -5.649539232254028320e-01 -4.070423245429992676e-01 -3.237400054931640625e-01 -6.531582027673721313e-02 -4.466114044189453125e-01 -5.939016938209533691e-01 -3.164200782775878906e-01 -2.178379148244857788e-01 -2.081075757741928101e-01 -1.043532341718673706e-01 -3.337801992893218994e-01 -4.908899366855621338e-01 -8.467091321945190430e-01 -1.048569440841674805e+00 -9.765115976333618164e-01 -6.935406923294067383e-01 -4.219994544982910156e-01 -3.847613930702209473e-01 -4.941265583038330078e-01 -3.254295289516448975e-01
-2.848541922867298126e-02 -2.773538827896118164e-01 -2.218880206346511841e-01 -2.017251551151275635e-01 -2.897251844406127930e-01 -6.375187039375305176e-01 -7.337819337844848633e-01 -6.427587866783142090e-01 -3.353175222873687744e-01 -1.764860898256301880e-01 6.885252892971038818e-02 -1.772773414850234985e-01 -1.888136416673660278e-01 -4.357894957065582275e-01 -8.333904147148132324e-01 -1.074295878410339355e+00 -1.820822507143020630e-01 -9.931161999702453613e-02 -1.295002251863479614e-01 -2.426970377564430237e-02 -2.305689454078674316e-02 -2.964470982551574707e-01 -3.867270052433013916e-01 -2.582378983497619629e-01 -3.943822979927062988e-01 -5.958523750305175781e-01 -5.533829331398010254e-01 -1.902966499328613281e-01 2.535707652568817139e-01 1.417021304368972778e-01 -1.451959311962127686e-01 -5.152791738510131836e-01 9.543647170066833496e-01 1.313437581062316895e+00 1.401090860366821289e+00 1.607729792594909668e+00 1.763768076896667480e+00 1.594508171081542969e+00 1.463110327720642090e+00 8.903905153274536133e-01 2.633988559246063232e-01 4.559683799743652344e-02 1.241710931062698364e-01 2.417910248041152954e-01 -8.040604740381240845e-02 -9.068735688924789429e-02 -5.690055489540100098e-01 -6.887993812561035156e-01 4.548793733119964600e-01 1.212344050407409668e+00 1.412360310554504395e+00 1.797370791435241699e+00 1.927959918975830078e+00 2.016800165176391602e+00 9.900019168853759766e-01 -1.077658534049987793e+00 -1.933388352394104004e+00 -1.764609217643737793e+00 -9.952892065048217773e-01 3.607336580753326416e-01 9.308400750160217285e-01 7.070450186729431152e-01 4.312508404254913330e-01 9.741773456335067749e-02 2.272824347019195557e-01 6.478133797645568848e-01 1.291149616241455078e+00 1.796738028526306152e+00 1.690399289131164551e+00 1.760376214981079102e+00 1.156825900077819824e+00 -6.662834882736206055e-01 -1.359545826911926270e+00 -1.783836841583251953e+00 -1.409384012222290039e+00 -7.651365995407104492e-01 -5.150478482246398926e-01 -4.153093099594116211e-01 -3.299229145050048828e-01 -8.024221658706665039e-01 -4.357628524303436279e-02 4.270754009485244751e-02 4.011125862598419189e-01 1.103128433227539062e+00 1.542127132415771484e+00 1.612733006477355957e+00 1.608099699020385742e+00 1.510573625564575195e+00 1.207018136978149414e+00 6.128367781639099121e-01 -5.634930357336997986e-02 -1.557193249464035034e-01 -2.763116061687469482e-01 -5.465794801712036133e-01 -7.846775054931640625e-01 -8.478290438652038574e-01 -6.369053125381469727e-01 -7.029303312301635742e-01 -1.065742611885070801e+00 -1.370333194732666016e+00 -1.094982624053955078e+00 -7.091033458709716797e-01 -2.625887393951416016e-01 -1.211285889148712158e-01 -9.322274476289749146e-02 -2.847765386104583740e-01 -1.309731304645538330e-01 -2.844274342060089111e-01 -2.366552054882049561e-01 -5.595459342002868652e-01 -6.200512051582336426e-01 -9.316378235816955566e-01 -2.298586517572402954e-01 -1.879392862319946289e-01 -5.489492416381835938e-01 -7.074894905090332031e-01 -8.598469495773315430e-01 -8.215019702911376953e-01 -7.929767370223999023e-01 -4.829525947570800781e-01 -4.947063326835632324e-01 -3.131956756114959717e-01 -1.380627155303955078e-01 -3.312584012746810913e-02 -8.666229248046875000e-02 -4.229866713285446167e-02 9.815558046102523804e-02 -5.223237350583076477e-02
-6.041059494018554688e-01 -3.709053993225097656e-01 -1.944722086191177368e-01 1.394035574048757553e-02 1.726982295513153076e-01 3.179001212120056152e-01 4.642602503299713135e-01 4.456347823143005371e-01 3.934701979160308838e-01 3.759277760982513428e-01 2.385798841714859009e-01 -1.009327918291091919e-01 -2.770145237445831299e-01 -2.392472028732299805e-01 -2.807904481887817383e-01 -2.782514989376068115e-01 7.281998991966247559e-01 9.380327463150024414e-01 1.101589679718017578e+00 1.293221354484558105e+00 1.468283653259277344e+00 1.230450034141540527e+00 1.174670577049255371e+00 1.056518673896789551e+00 9.837346076965332031e-01 8.378670811653137207e-01 9.462502598762512207e-01 9.574176669120788574e-01 9.242162704467773438e-01 6.228426098823547363e-01 4.878669083118438721e-01 1.985282450914382935e-01 9.207099676132202148e-01 1.229950904846191406e+00 1.339767813682556152e+00 1.295795440673828125e+00 1.130548238754272461e+00 9.685605168342590332e-01 2.623970508575439453e-01 -4.882093369960784912e-01 -1.061544537544250488e+00 -7.267945408821105957e-01 -1.531144380569458008e-01 2.829039990901947021e-01 5.105978846549987793e-01 9.091355204582214355e-01 1.073860645294189453e+00 7.405138015747070312e-01 -1.787748374044895172e-02 3.373395204544067383e-01 3.533439040184020996e-01 5.214164853096008301e-01 4.949913024902343750e-01 -1.507215797901153564e-01 -9.155709147453308105e-01 -8.312494158744812012e-01 -1.994689106941223145e-01 1.141945481300354004e+00 1.840643048286437988e+00 2.168410778045654297e+00 2.019107103347778320e+00 1.811444401741027832e+00 1.143167257308959961e+00 6.518780589103698730e-01 -9.570388793945312500e-01 -1.155378699302673340e+00 -5.257102251052856445e-01 2.264533191919326782e-02 -2.187883853912353516e-01 -9.519410133361816406e-01 -4.005152285099029541e-01 1.294108271598815918e+00 1.518705248832702637e+00 8.849788308143615723e-01 5.188520550727844238e-01 4.806233346462249756e-01 3.370152115821838379e-01 5.816792249679565430e-01 4.737910330295562744e-01 9.974736720323562622e-02 -9.881564974784851074e-01 -8.730223774909973145e-01 -8.773174881935119629e-01 -1.042861223220825195e+00 -1.139405369758605957e+00 -1.329372048377990723e+00 -1.578352689743041992e+00 -1.763103485107421875e+00 -2.023900508880615234e+00 -1.939966440200805664e+00 -1.881869077682495117e+00 -1.698886275291442871e+00 -1.064465403556823730e+00 -1.100462079048156738e+00 -1.135640621185302734e+00 -8.471072316169738770e-01 9.677472710609436035e-02 3.394088447093963623e-01 1.142105460166931152e-02 -4.136429727077484131e-01 -8.672723770141601562e-01 -9.694902896881103516e-01 -1.118561267852783203e+00 -1.491445899009704590e+00 -1.272522568702697754e+00 -1.250239729881286621e+00 -1.074832916259765625e+00 -1.001404404640197754e+00 -8.821165561676025391e-01 -5.920861959457397461e-01 -4.544872343540191650e-01 -6.669083833694458008e-01 2.670432068407535553e-02 3.362381756305694580e-01 5.389246940612792969e-01 6.696369647979736328e-01 5.915238857269287109e-01 5.907008647918701172e-01 2.766074538230895996e-01 4.219015315175056458e-02 -9.164749085903167725e-02 -1.564509272575378418e-01 -3.440773785114288330e-01 -2.499382346868515015e-01 -3.205694854259490967e-01 -3.973898291587829590e-01 -3.575740754604339600e-01 -1.810757517814636230e-01
-4.562069475650787354e-01 -4.732872247695922852e-01 -5.112732052803039551e-01 -2.191524505615234375e-01 -1.143674477934837341e-01 -1.647973358631134033e-01 2.369601726531982422e-01 6.597077101469039917e-02 -9.548933804035186768e-02 -1.003420948982238770e-01 -6.256467103958129883e-02 1.599903255701065063e-01 7.821098715066909790e-02 3.360276296734809875e-02 -5.495707318186759949e-02 -1.120333969593048096e-01 1.352290362119674683e-01 2.970635294914245605e-01 3.894165456295013428e-01 4.244586825370788574e-01 1.574128568172454834e-01 -9.640010446310043335e-02 -7.187481522560119629e-01 -6.974871158599853516e-01 -5.963210463523864746e-01 -4.057875573635101318e-01 -2.069406956434249878e-01 2.284230440855026245e-01 3.221562206745147705e-01 1.117777824401855469e-01 -2.087339460849761963e-01 -4.363200962543487549e-01 2.521140277385711670e-01 6.887850165367126465e-02 -3.686511656269431114e-03 2.142932564020156860e-01 -2.184277400374412537e-02 -2.746678888797760010e-01 -4.846667945384979248e-01 -3.174899816513061523e-01 -1.075437888503074646e-01 3.877775073051452637e-01 8.639585375785827637e-01 1.409786939620971680e+00 1.632615327835083008e+00 1.580400705337524414e+00 1.175005674362182617e+00 5.146011710166931152e-01 9.548111818730831146e-03 -3.637937009334564209e-01 -8.941373229026794434e-01 -5.987905859947204590e-01 -1.199948787689208984e+00 -2.081058740615844727e+00 -2.390674591064453125e+00 -2.072617053985595703e+00 -1.832357406616210938e+00 -2.177902221679687500e+00 -2.399137258529663086e+00 -1.814653277397155762e+00 -7.262240350246429443e-02 4.051906764507293701e-01 1.407790333032608032e-01 2.968354225158691406e-01 8.409698605537414551e-01 8.965290784835815430e-01 1.264624893665313721e-01 -1.706848889589309692e-01 1.544514577835798264e-02 1.068220734596252441e+00 2.002139806747436523e+00 2.817461013793945312e+00 2.699088096618652344e+00 1.525444746017456055e+00 6.605033874511718750e-01 1.710062380880117416e-03 1.282785534858703613e-01 -2.702090740203857422e-01 -4.585198760032653809e-01 -6.082193255424499512e-01 1.248258426785469055e-01 9.945636987686157227e-01 1.760218739509582520e+00 2.181293725967407227e+00 2.118335247039794922e+00 1.934072375297546387e+00 1.323314070701599121e+00 4.373735487461090088e-01 -1.885697841644287109e-01 -5.962258577346801758e-01 -3.835639953613281250e-01 -1.003808453679084778e-01 -2.929600179195404053e-01 -1.992206126451492310e-01 -1.262313425540924072e-01 -4.404501318931579590e-01 4.470780193805694580e-01 -3.032898008823394775e-01 -4.003863334655761719e-01 -4.801212251186370850e-01 -1.361003518104553223e-01 2.847587168216705322e-01 1.958543807268142700e-01 1.320203244686126709e-01 6.892628222703933716e-02 -2.052869088947772980e-02 -3.285535052418708801e-02 -2.065840736031532288e-02 -5.067713931202888489e-02 1.401082873344421387e-01 -1.621882021427154541e-01 -4.013490378856658936e-01 2.733542323112487793e-01 1.706198416650295258e-02 -2.162521779537200928e-01 -5.722841620445251465e-01 -6.004188656806945801e-01 -6.531475186347961426e-01 -7.132838368415832520e-01 -6.091492176055908203e-01 -4.971983432769775391e-01 -3.407706022262573242e-01 -3.827993273735046387e-01 -3.908256292343139648e-01 -3.190251290798187256e-01 -2.647019922733306885e-01 -4.331604540348052979e-01 -6.900684833526611328e-01
4.010796248912811279e-01 8.134341835975646973e-01 6.256888508796691895e-01 4.722826182842254639e-01 3.212645053863525391e-01 2.130157053470611572e-01 3.122871518135070801e-01 1.942027509212493896e-01 3.311606124043464661e-02 -1.829992681741714478e-01 -2.599210739135742188e-01 -2.842551469802856445e-01 -3.635015189647674561e-01 -6.632906794548034668e-01 -4.695946872234344482e-01 -2.781001925468444824e-01 6.578927040100097656e-01 5.773326158523559570e-01 4.849581718444824219e-01 1.396135985851287842e-01 7.823537290096282959e-02 1.276704221963882446e-01 3.646437823772430420e-01 2.611627578735351562e-01 9.903027117252349854e-02 4.397135972976684570e-02 -2.187411487102508545e-01 -6.401565670967102051e-01 -7.757796049118041992e-01 -7.270334362983703613e-01 -1.774499267339706421e-01 9.986589103937149048e-02 1.413320899009704590e-01 1.520806401968002319e-01 -1.656029224395751953e-01 -5.064630508422851562e-02 3.127095103263854980e-01 1.083760261535644531e+00 1.425025582313537598e+00 1.502725958824157715e+00 1.504120588302612305e+00 1.597421169281005859e+00 2.199147224426269531e+00 2.393087148666381836e+00 1.498857975006103516e+00 7.688254117965698242e-01 1.162498742341995239e-01 5.287522077560424805e-01 -1.651951968669891357e-01 -1.079194188117980957e+00 -9.941511750221252441e-01 3.204268217086791992e-01 4.375624284148216248e-02 -5.026947259902954102e-01 -6.645264029502868652e-01 -1.203368902206420898e+00 -5.303491353988647461e-01 -2.939611673355102539e-01 6.705073118209838867e-01 1.356172919273376465e+00 1.899313449859619141e+00 2.241154193878173828e+00 2.131420373916625977e+00 1.746207714080810547e+00 -1.107787132263183594e+00 -2.137345552444458008e+00 -1.533185362815856934e+00 -8.250824809074401855e-01 -1.588299155235290527e+00 -2.047121286392211914e+00 -1.906538605690002441e+00 -9.814651012420654297e-01 -2.906840443611145020e-01 -4.909718632698059082e-01 -8.342644572257995605e-01 -1.161671400070190430e+00 -8.166108131408691406e-01 -2.406137809157371521e-02 -8.529857546091079712e-02 1.609086245298385620e-02 -5.386349558830261230e-01 -1.019562482833862305e+00 -1.178243875503540039e+00 -7.885581254959106445e-01 -3.159174025058746338e-01 -3.234355747699737549e-01 1.293057948350906372e-01 1.034106016159057617e+00 1.387178421020507812e+00 5.151464343070983887e-01 -1.400185227394104004e-01 -4.249251186847686768e-01 -6.326823830604553223e-01 -5.391290187835693359e-01 -6.437168121337890625e-01 -6.211093664169311523e-01 1.137812137603759766e-01 1.330835521221160889e-01 -2.519555091857910156e-01 -5.819327831268310547e-01 -1.617413312196731567e-01 -1.359989494085311890e-01 -2.763229608535766602e-01 -1.427245736122131348e-01 -3.106589615345001221e-02 -1.518546491861343384e-01 -3.020936548709869385e-01 -6.006823778152465820e-01 -4.840763509273529053e-01 3.496579825878143311e-02 1.089313030242919922e-01 -3.666253760457038879e-02 1.335369467735290527e+00 8.767597675323486328e-01 6.777691841125488281e-01 2.653350234031677246e-01 8.556164056062698364e-02 6.899260729551315308e-02 -3.697664663195610046e-02 -2.324273735284805298e-01 -2.735127806663513184e-01 -4.147822260856628418e-01 -3.894408941268920898e-01 -3.319210410118103027e-01 -2.261580079793930054e-01 1.079301238059997559e-01 -1.598473489284515381e-01 -2.654118835926055908e-02
-1.183541044592857361e-01 -3.395932912826538086e-01 -3.332400619983673096e-01 -2.235972285270690918e-01 -6.398120522499084473e-01 -7.442954182624816895e-01 -6.468132734298706055e-01 -4.254744946956634521e-01 -4.034625589847564697e-01 -5.774841308593750000e-01 -7.394362092018127441e-01 -6.918550729751586914e-01 -1.390552371740341187e-01 -1.449335962533950806e-01 5.767355859279632568e-02 1.124183014035224915e-01 -9.301456809043884277e-01 -7.093454003334045410e-01 -8.759604096412658691e-01 -1.407040596008300781e+00 -1.454745054244995117e+00 -1.075795292854309082e+00 -8.183472752571105957e-01 -5.818329453468322754e-01 -9.009284377098083496e-01 -1.123408555984497070e+00 -1.121393561363220215e+00 -6.434494256973266602e-01 -6.601439118385314941e-01 -5.333310365676879883e-01 -3.082739412784576416e-01 -2.096026837825775146e-01 -6.169300079345703125e-01 -1.010449647903442383e+00 -7.344947457313537598e-01 -5.241657495498657227e-01 -3.577393293380737305e-02 -4.053229838609695435e-02 6.563819050788879395e-01 1.379057407379150391e+00 6.588820219039916992e-01 2.246744930744171143e-01 2.816278040409088135e-01 7.066616415977478027e-02 -4.016163349151611328e-01 -3.652167022228240967e-01 -3.000715970993041992e-01 -5.417088270187377930e-01 1.381493508815765381e-01 6.447862982749938965e-01 1.339457988739013672e+00 1.997166275978088379e+00 2.354671955108642578e+00 1.926857471466064453e+00 1.951939344406127930e+00 1.232332110404968262e+00 -2.371341139078140259e-01 -5.368801951408386230e-01 -7.149611115455627441e-01 -3.833222985267639160e-01 -1.323495954275131226e-01 2.318443953990936279e-01 7.631117105484008789e-02 -8.359528183937072754e-01 -1.781363189220428467e-01 5.736460089683532715e-01 1.313026070594787598e+00 1.669260501861572266e+00 2.022849559783935547e+00 1.388985633850097656e+00 5.189644098281860352e-01 -8.770075440406799316e-01 -1.546713560819625854e-01 2.576874792575836182e-01 -1.180109307169914246e-01 3.053378462791442871e-01 5.272523760795593262e-01 5.910009145736694336e-01 1.595186293125152588e-01 -8.753916621208190918e-01 4.762868285179138184e-01 7.278544902801513672e-01 6.485753059387207031e-01 3.675545752048492432e-01 -6.701970100402832031e-02 -5.485613942146301270e-01 -1.461986780166625977e+00 -2.023725032806396484e+00 -1.484530568122863770e+00 -1.000929236412048340e+00 -3.642710745334625244e-01 -1.149731352925300598e-01 1.650467813014984131e-01 2.605474889278411865e-01 -1.101823896169662476e-01 -5.012280941009521484e-01 -3.999215066432952881e-01 -1.861949563026428223e-01 2.974762618541717529e-01 8.028037548065185547e-01 9.713150858879089355e-01 9.898889660835266113e-01 8.735238313674926758e-01 6.852189898490905762e-01 9.561646580696105957e-01 8.858019709587097168e-01 9.374049305915832520e-01 1.129416227340698242e+00 1.337360739707946777e+00 1.436557292938232422e+00 9.540646672248840332e-01 1.886002719402313232e-01 -4.634992778301239014e-01 -3.212976753711700439e-01 1.302695460617542267e-02 6.916883587837219238e-02 5.268399119377136230e-01 4.429737031459808350e-01 4.415603876113891602e-01 9.625881314277648926e-01 6.381015181541442871e-01 6.561180353164672852e-01 4.478416442871093750e-01 3.399281799793243408e-01 -1.905667632818222046e-01 -4.630318880081176758e-01 -7.150303721427917480e-01 -1.310410857200622559e+00
1.144248962402343750e+00 1.123217821121215820e+00 8.476410508155822754e-01 8.221245408058166504e-01 5.078710913658142090e-01 3.982764184474945068e-01 2.595551908016204834e-01 -1.575134247541427612e-01 -3.441489338874816895e-01 -1.135370805859565735e-01 -1.033337414264678955e-01 -1.191370412707328796e-01 -3.356169536709785461e-02 -1.789678633213043213e-01 1.419426035135984421e-02 2.746591866016387939e-01 4.875936508178710938e-01 1.807172298431396484e-01 1.846310198307037354e-01 -2.548588812351226807e-01 -1.639133989810943604e-01 2.052299231290817261e-01 3.888892531394958496e-01 2.379099279642105103e-01 2.469194233417510986e-01 1.372115761041641235e-01 -1.290580481290817261e-01 -3.198170661926269531e-01 -7.276287078857421875e-01 -5.793978571891784668e-01 -5.869712233543395996e-01 -7.857083082199096680e-01 -1.018219888210296631e-01 -7.119002342224121094e-01 -2.890924215316772461e-01 -1.544124633073806763e-01 5.792744159698486328e-01 9.993920922279357910e-01 1.279883503913879395e+00 1.770117521286010742e+00 1.681195259094238281e+00 1.495352745056152344e+00 4.907861351966857910e-01 -2.963216900825500488e-01 -2.693738639354705811e-01 4.502866044640541077e-02 -4.393520951271057129e-01 -1.196439623832702637e+00 3.432956337928771973e-01 2.353161871433258057e-01 6.538708209991455078e-01 -9.015703797340393066e-01 -1.131720066070556641e+00 -1.859234571456909180e+00 -1.551806092262268066e+00 -2.613904178142547607e-01 5.983194708824157715e-01 -3.647789657115936279e-01 -1.243098378181457520e+00 -1.373577713966369629e+00 -1.437060594558715820e+00 -4.063112139701843262e-01 -2.731231153011322021e-01 -1.102422952651977539e+00 -1.368576586246490479e-01 -1.677144467830657959e-01 7.537062168121337891e-01 -3.307848572731018066e-01 -1.600187301635742188e+00 -2.224332809448242188e+00 -1.720047235488891602e+00 -8.983917832374572754e-01 -5.034110546112060547e-01 -1.193607449531555176e+00 -1.796336889266967773e+00 -1.734957456588745117e+00 -1.478163361549377441e+00 -1.917089223861694336e-01 2.041614055633544922e-02 1.136030629277229309e-01 -1.039418339729309082e+00 -1.034765958786010742e+00 -4.665509164333343506e-01 5.619713068008422852e-01 3.742069602012634277e-01 7.365818023681640625e-01 1.539387941360473633e+00 2.232757329940795898e+00 2.048364400863647461e+00 9.488752484321594238e-01 7.692400217056274414e-01 4.257452487945556641e-01 1.531331092119216919e-01 -6.175682544708251953e-01 -6.887637376785278320e-01 1.423130463808774948e-02 2.829768955707550049e-01 -4.317403305321931839e-03 -1.101646274328231812e-01 -4.368678033351898193e-01 1.050965040922164917e-01 5.260125994682312012e-01 4.375214278697967529e-01 2.447739988565444946e-01 9.677848964929580688e-02 2.358485609292984009e-01 -3.272109851241111755e-02 -2.001948207616806030e-01 -5.237635970115661621e-02 -3.494738414883613586e-02 -3.254498839378356934e-01 -4.416820593178272247e-03 1.124030709266662598e+00 8.384688496589660645e-01 6.947080492973327637e-01 6.246360540390014648e-01 8.227541297674179077e-02 -9.937482327222824097e-02 -3.212884366512298584e-01 -2.796386480331420898e-01 -1.897271424531936646e-01 -1.491546630859375000e-01 1.090856343507766724e-01 2.721255719661712646e-01 -1.474051028490066528e-01 -1.198522001504898071e-01 1.535416841506958008e-01 5.384392738342285156e-01
2.704392671585083008e-01 4.617925584316253662e-01 7.535478472709655762e-01 5.769092440605163574e-01 5.872482061386108398e-01 4.949057102203369141e-01 1.158878803253173828e-01 1.359273940324783325e-01 -2.573539316654205322e-02 -9.219613671302795410e-02 -4.877064749598503113e-02 3.034779056906700134e-02 4.924758076667785645e-01 4.837472438812255859e-01 6.084385514259338379e-01 3.415820598602294922e-01 -9.386558085680007935e-02 -1.175118461251258850e-01 -1.000281497836112976e-01 -3.241648375988006592e-01 -5.472252368927001953e-01 -8.053191900253295898e-01 -4.793482124805450439e-01 -2.513223290443420410e-01 -2.307330444455146790e-02 -1.208242699503898621e-01 -4.114812910556793213e-01 -4.062539637088775635e-01 -5.338436365127563477e-01 -2.629268169403076172e-01 6.795926392078399658e-02 3.842311501502990723e-01 -7.252296805381774902e-01 -3.421052098274230957e-01 -2.798972427845001221e-01 -6.957007944583892822e-02 -5.296029523015022278e-02 3.813761174678802490e-01 6.061233878135681152e-01 7.496218681335449219e-01 9.622764587402343750e-01 8.367403149604797363e-01 3.797844648361206055e-01 -2.215586230158805847e-02 -7.985578775405883789e-01 -5.863820314407348633e-01 -2.118455469608306885e-01 2.725993394851684570e-01 -3.969711959362030029e-01 -1.041036471724510193e-01 3.665040135383605957e-01 2.225335389375686646e-01 -4.597933590412139893e-01 -1.178144931793212891e+00 -1.312110900878906250e+00 -2.838542759418487549e-01 -3.070705384016036987e-02 -1.274246871471405029e-01 -5.019448399543762207e-01 -1.134649753570556641e+00 -1.774755716323852539e+00 -2.554161071777343750e+00 -2.128604888916015625e+00 -1.454773068428039551e+00 1.314678311347961426e+00 1.636237502098083496e+00 2.300137042999267578e+00 2.699688911437988281e+00 1.933505654335021973e+00 1.541890352964401245e-01 -1.222368121147155762e+00 -2.056055068969726562e+00 -1.757661819458007812e+00 -9.769124388694763184e-01 -3.227104544639587402e-01 -7.289360761642456055e-01 -8.729291558265686035e-01 -1.684890747070312500e+00 -1.672617435455322266e+00 -9.945518970489501953e-01 7.719112038612365723e-01 8.908842802047729492e-01 1.160978078842163086e+00 2.221076011657714844e+00 3.007853269577026367e+00 2.994058132171630859e+00 2.535027503967285156e+00 2.021003246307373047e+00 1.593240618705749512e+00 1.333517074584960938e+00 8.965129256248474121e-01 5.618548989295959473e-01 -1.724127531051635742e-01 -9.629544615745544434e-02 -2.067404687404632568e-01 -2.538290917873382568e-01 9.753793478012084961e-02 -3.568603098392486572e-01 -8.337035179138183594e-01 -9.252864718437194824e-01 -8.092961311340332031e-01 -5.995897054672241211e-01 -2.405211329460144043e-01 -2.349600791931152344e-01 -3.455132544040679932e-01 -1.656516492366790771e-01 -2.686590254306793213e-01 -1.308728605508804321e-01 -6.413625925779342651e-02 2.643141895532608032e-02 -1.483031734824180603e-02 -3.524762392044067383e-02 -2.809159457683563232e-01 -4.007489681243896484e-01 -5.175726413726806641e-01 -3.242010176181793213e-01 -3.800120949745178223e-01 -2.264979332685470581e-01 -1.827717870473861694e-01 -9.250449389219284058e-02 -1.927881985902786255e-01 1.473978161811828613e-02 1.239591464400291443e-01 -1.884692534804344177e-02 8.398963510990142822e-02 -9.275715798139572144e-02 -3.714729100465774536e-02 -6.985860317945480347e-02
-1.609020233154296875e-01 -2.202718853950500488e-01 -1.865257769823074341e-01 -8.267423510551452637e-02 9.070774912834167480e-02 1.258895099163055420e-01 1.544764935970306396e-01 5.074094533920288086e-01 3.971846699714660645e-01 4.800509512424468994e-01 4.064868092536926270e-01 5.080443024635314941e-01 2.741891741752624512e-01 -7.273968309164047241e-02 -2.005565464496612549e-01 -3.315556645393371582e-01 4.654672145843505859e-01 4.792451262474060059e-01 5.538759827613830566e-01 6.970328092575073242e-01 7.546020150184631348e-01 8.455175757408142090e-01 6.002022027969360352e-01 4.042520225048065186e-01 3.831418454647064209e-01 5.846872925758361816e-01 9.273172616958618164e-01 9.398561120033264160e-01 8.649634718894958496e-01 7.532743811607360840e-01 4.938424527645111084e-01 3.367126584053039551e-01 6.626432538032531738e-01 7.568736076354980469e-01 3.206152319908142090e-01 4.764036834239959717e-01 3.441119194030761719e-02 -8.850457072257995605e-01 -2.004227876663208008e+00 -2.491672515869140625e+00 -2.497099637985229492e+00 -2.207067251205444336e+00 -1.435207486152648926e+00 -4.585468471050262451e-01 3.066163361072540283e-01 7.074532508850097656e-01 7.731351852416992188e-01 6.616567373275756836e-01 4.368247687816619873e-01 7.019932866096496582e-01 1.096410751342773438e+00 1.042824029922485352e+00 2.418143302202224731e-01 -8.743118643760681152e-01 -1.472808480262756348e+00 -1.333498001098632812e+00 -1.914970397949218750e+00 -2.152552366256713867e+00 -1.544371843338012695e+00 -9.918038845062255859e-01 1.848704069852828979e-01 5.756931304931640625e-01 6.642917990684509277e-01 9.295895099639892578e-01 7.120768427848815918e-01 5.172506570816040039e-01 2.684400379657745361e-01 -6.827489286661148071e-02 -1.096780061721801758e+00 -7.621560096740722656e-01 -2.215640060603618622e-02 2.206552267074584961e+00 2.285563468933105469e+00 1.163664907217025757e-01 -1.397615075111389160e+00 -1.329813122749328613e+00 -4.021875858306884766e-01 4.052067920565605164e-02 6.308075189590454102e-01 9.186033010482788086e-01 1.877909749746322632e-01 -1.734969913959503174e-01 -1.700065433979034424e-01 -5.057040452957153320e-01 -6.935189366340637207e-01 -1.026761412620544434e+00 -7.303268909454345703e-01 -1.811291724443435669e-01 1.497878879308700562e-01 -3.736596107482910156e-01 -6.153041124343872070e-01 -8.104149699211120605e-01 -7.256380915641784668e-01 -3.114741146564483643e-01 3.492952883243560791e-01 5.568993687629699707e-01 3.086391687393188477e-01 2.905468046665191650e-01 4.095575511455535889e-01 2.904600799083709717e-01 4.590107500553131104e-02 -5.798659920692443848e-01 -9.239995479583740234e-01 -8.698337078094482422e-01 -9.510040283203125000e-01 -7.231630086898803711e-01 -9.069331884384155273e-01 -5.380650162696838379e-01 -3.748856186866760254e-01 -3.427464365959167480e-01 -1.470989547669887543e-02 2.781944572925567627e-01 -2.481644041836261749e-02 2.538134902715682983e-02 1.153385043144226074e-01 3.064500093460083008e-01 4.595851302146911621e-01 6.361689567565917969e-01 6.165685057640075684e-01 6.048957705497741699e-01 3.559123277664184570e-01 1.857530772686004639e-01 1.462050378322601318e-01 2.548411786556243896e-01 3.469979763031005859e-01 4.277333617210388184e-01 3.622618913650512695e-01 4.773601591587066650e-01
-7.567980140447616577e-02 -4.510794281959533691e-01 -8.046736717224121094e-01 -1.105460047721862793e+00 -1.090064525604248047e+00 -1.134333848953247070e+00 -6.653864979743957520e-01 -5.437741875648498535e-01 -3.698288798332214355e-01 9.783200919628143311e-02 5.490761399269104004e-01 7.137625217437744141e-01 9.609355926513671875e-01 1.235866189002990723e+00 1.348322510719299316e+00 1.098051190376281738e+00 -9.147395491600036621e-01 -8.656023144721984863e-01 -4.996009171009063721e-01 -4.409114122390747070e-01 -2.251513749361038208e-01 -4.404536485671997070e-01 -5.947853326797485352e-01 -6.291151642799377441e-01 -6.258967518806457520e-01 -4.572750926017761230e-01 -4.007582664489746094e-01 -8.558400869369506836e-01 -2.843603193759918213e-01 -1.189640015363693237e-01 -2.821690142154693604e-01 3.697214722633361816e-01 1.634230494499206543e+00 1.152899265289306641e+00 1.066440582275390625e+00 3.221312165260314941e-01 -3.348357975482940674e-02 5.904082208871841431e-03 5.903029814362525940e-02 1.198565006256103516e+00 1.797887802124023438e+00 1.637726902961730957e+00 7.972956895828247070e-01 2.759439125657081604e-02 3.323497995734214783e-02 -8.068816065788269043e-01 -1.003374695777893066e+00 -1.086111187934875488e+00 1.395007967948913574e+00 1.043499112129211426e+00 5.027305483818054199e-01 -1.990752369165420532e-01 -1.316835165023803711e+00 -6.211551427841186523e-01 -2.226427048444747925e-01 1.711762994527816772e-01 3.998044729232788086e-01 -2.512485384941101074e-01 -1.148471355438232422e+00 -9.901368618011474609e-01 -6.088836789131164551e-01 -7.006925344467163086e-01 -3.552646934986114502e-01 -6.891158819198608398e-01 3.083317577838897705e-01 2.691408395767211914e-01 -1.101187542080879211e-01 -7.613810300827026367e-01 -1.295177340507507324e+00 -7.117574214935302734e-01 7.330448925495147705e-02 6.642418503761291504e-01 4.632875323295593262e-01 -7.802165150642395020e-01 -1.634796023368835449e+00 -1.460759520530700684e+00 -8.398550152778625488e-01 -1.223682761192321777e+00 1.213689818978309631e-01 -9.512846171855926514e-02 6.382888555526733398e-01 6.407564878463745117e-01 5.818443298339843750e-01 3.033948242664337158e-01 -1.291484832763671875e-01 -3.872760534286499023e-01 6.755715012550354004e-01 1.660680651664733887e+00 2.867968320846557617e+00 2.657975673675537109e+00 1.454782247543334961e+00 9.571971893310546875e-01 -1.560581922531127930e-01 1.811174452304840088e-01 -3.268943130970001221e-01 -3.631502091884613037e-01 -1.084118247032165527e+00 -7.520655989646911621e-01 -1.049569994211196899e-01 9.020527601242065430e-01 5.705034732818603516e-01 3.043814599514007568e-01 -2.861383557319641113e-01 -5.197311639785766602e-01 -4.977197647094726562e-01 -4.285930097103118896e-01 -5.195302963256835938e-01 -2.112616896629333496e-01 -2.665666341781616211e-01 -7.387145161628723145e-01 -6.194869279861450195e-01 -4.751687347888946533e-01 -4.580179750919342041e-01 -5.941265821456909180e-01 -5.995697975158691406e-01 -6.782404780387878418e-01 -5.385975241661071777e-01 -5.711226463317871094e-01 -5.024982690811157227e-01 -2.168667018413543701e-01 -2.393800914287567139e-01 7.292570918798446655e-02 1.450169682502746582e-01 2.977615296840667725e-01 6.031582355499267578e-01 6.875317692756652832e-01 9.752738475799560547e-01 1.214239239692687988e+00
5.635900497436523438e-01 5.596261024475097656e-01 2.827531099319458008e-01 -1.212786883115768433e-01 -1.741034686565399170e-01 -4.729696810245513916e-01 -3.217523097991943359e-01 -2.480677962303161621e-01 -4.985395967960357666e-01 -4.986373186111450195e-01 -3.819945156574249268e-01 -2.903516590595245361e-01 -1.300647258758544922e-01 -9.587410092353820801e-02 1.683213375508785248e-02 -6.657718122005462646e-02 3.079253733158111572e-01 2.591686546802520752e-01 -1.030860617756843567e-01 -3.749223351478576660e-01 -1.170289963483810425e-01 -2.029926031827926636e-01 -2.390770763158798218e-01 -4.657751917839050293e-01 -7.106510996818542480e-01 -9.933889508247375488e-01 -1.064717054367065430e+00 -1.297732114791870117e+00 -1.075912237167358398e+00 -8.415588736534118652e-01 -1.729779243469238281e-01 1.715258806943893433e-01 -3.090571463108062744e-01 -4.524894058704376221e-01 -6.559974551200866699e-01 -5.687041878700256348e-01 -3.053479194641113281e-01 -7.092840969562530518e-02 5.009797811508178711e-01 1.720828264951705933e-01 1.054548546671867371e-01 1.768572777509689331e-01 2.796357870101928711e-01 3.511974513530731201e-01 -6.562170386314392090e-02 -1.076532453298568726e-01 -4.324530661106109619e-01 -9.958654642105102539e-02 -8.408286571502685547e-01 -1.069983720779418945e+00 -1.457699060440063477e+00 -7.237710952758789062e-01 1.763867912814021111e-03 1.463597416877746582e+00 1.349584579467773438e+00 1.381288766860961914e+00 1.683848500251770020e+00 1.699274182319641113e+00 1.660130381584167480e+00 1.693243026733398438e+00 1.886183381080627441e+00 2.139653444290161133e+00 1.517134428024291992e+00 8.525524139404296875e-01 -8.307052254676818848e-01 -1.030394196510314941e+00 -1.210151553153991699e+00 -8.772175312042236328e-01 -2.569732069969177246e-01 8.803249597549438477e-01 1.729870915412902832e+00 1.686150550842285156e+00 1.813449501991271973e+00 1.961450695991516113e+00 2.064334869384765625e+00 2.280065059661865234e+00 2.591601133346557617e+00 2.211738586425781250e+00 1.564939975738525391e+00 8.256341218948364258e-01 -4.683994948863983154e-01 -6.745940446853637695e-01 -4.840843975543975830e-01 -7.009940743446350098e-01 -7.485531568527221680e-01 -6.276060938835144043e-01 -6.299040913581848145e-01 -3.291933536529541016e-01 1.748202294111251831e-01 3.438876271247863770e-01 7.034252285957336426e-01 7.482031583786010742e-01 3.020834922790527344e-01 1.077638715505599976e-01 -4.402416944503784180e-01 -2.856112122535705566e-01 -1.911763101816177368e-01 -4.764391779899597168e-01 -7.628211975097656250e-01 -4.564457535743713379e-01 -3.614317178726196289e-01 -3.711364269256591797e-01 -2.679867446422576904e-01 -4.203042089939117432e-01 -6.025248765945434570e-01 -8.375532031059265137e-01 -9.060388803482055664e-01 -9.814202189445495605e-01 -6.989681720733642578e-01 -5.241688489913940430e-01 3.070235252380371094e-02 -5.348630622029304504e-02 -4.323769807815551758e-01 -4.775994420051574707e-01 -4.871203899383544922e-01 -5.513729453086853027e-01 -5.234147310256958008e-01 -2.669418454170227051e-01 -4.161179363727569580e-01 -2.410440742969512939e-01 -2.898769378662109375e-01 -5.943130254745483398e-01 -5.149836540222167969e-01 -2.397702038288116455e-01 -3.617022335529327393e-01 -3.613501489162445068e-01 -3.612810671329498291e-01 -4.859310090541839600e-01
-5.193513631820678711e-01 -5.939838886260986328e-01 -8.900510072708129883e-01 -8.343530893325805664e-01 -9.692612886428833008e-01 -8.468769192695617676e-01 -1.153299093246459961e+00 -1.107553720474243164e+00 -5.764701366424560547e-01 -9.127644449472427368e-02 8.095182478427886963e-02 3.078687489032745361e-01 7.553096413612365723e-01 9.270805120468139648e-01 8.160458207130432129e-01 1.020932435989379883e+00 -1.083670020103454590e+00 -8.597011566162109375e-01 -9.407668113708496094e-01 -8.072971105575561523e-01 -8.216106295585632324e-01 -7.265139222145080566e-01 -1.180128812789916992e+00 -1.044215321540832520e+00 -7.743198871612548828e-01 -5.896075367927551270e-01 -7.118244767189025879e-01 -5.765067934989929199e-01 -3.154301941394805908e-01 1.432166248559951782e-01 3.944290280342102051e-01 1.057385206222534180e+00 4.269861578941345215e-01 3.786526918411254883e-01 2.635608315467834473e-01 3.835900723934173584e-01 -2.318365871906280518e-01 -7.906854748725891113e-01 -7.537209987640380859e-01 5.118665099143981934e-02 8.013246655464172363e-01 5.642117261886596680e-01 -1.957311332225799561e-01 -6.606713533401489258e-01 -7.630435824394226074e-01 -7.548134922981262207e-01 -4.879896044731140137e-01 -3.717591986060142517e-02 6.929300427436828613e-01 8.863807916641235352e-01 1.379171490669250488e+00 -2.330990731716156006e-01 -1.471253752708435059e+00 -1.492922544479370117e+00 8.610618114471435547e-01 2.318766117095947266e+00 2.589130878448486328e+00 2.220485687255859375e+00 1.513826489448547363e+00 2.687628567218780518e-01 -1.049212932586669922e+00 -1.387577772140502930e+00 -1.278820395469665527e+00 -9.102881550788879395e-01 5.089737772941589355e-01 9.047119617462158203e-01 8.951860070228576660e-01 -3.058547377586364746e-01 -1.482445836067199707e+00 -9.593099355697631836e-01 1.803824782371520996e+00 3.171814441680908203e+00 3.291716098785400391e+00 3.124189138412475586e+00 1.725993514060974121e+00 5.085037946701049805e-01 -9.871356487274169922e-01 -4.447606503963470459e-01 -1.110039949417114258e+00 -9.647495150566101074e-01 1.899306625127792358e-01 1.966641284525394440e-02 1.140046641230583191e-01 -2.123510092496871948e-01 -1.104769948869943619e-02 -3.587497472763061523e-01 5.775012820959091187e-02 8.152588605880737305e-01 8.388553857803344727e-01 2.975364327430725098e-01 -3.008932769298553467e-01 -3.244471251964569092e-01 9.635594487190246582e-02 -2.474611699581146240e-01 -2.586507797241210938e-01 -9.241472184658050537e-02 -9.636847376823425293e-01 -6.160908937454223633e-01 -2.572071850299835205e-01 -2.915342710912227631e-02 -1.139001324772834778e-01 -2.671539187431335449e-01 -4.689702093601226807e-01 -4.480240941047668457e-01 -4.714476168155670166e-01 7.608075439929962158e-02 2.485673278570175171e-01 3.047205805778503418e-01 -4.515876621007919312e-02 1.277573555707931519e-01 3.319654762744903564e-01 5.918359160423278809e-01 -1.150017142295837402e+00 -1.076966166496276855e+00 -9.145443439483642578e-01 -1.002928256988525391e+00 -8.237929940223693848e-01 -5.225595831871032715e-01 -3.663236200809478760e-01 -1.439151018857955933e-01 1.914038509130477905e-01 1.548431813716888428e-01 4.215249717235565186e-01 4.614068269729614258e-01 1.979117989540100098e-01 4.686650633811950684e-01 6.367799639701843262e-01 8.048477172851562500e-01
-4.717193841934204102e-01 -3.943357467651367188e-01 -1.997669339179992676e-01 1.212961599230766296e-01 3.441319614648818970e-02 -1.038982495665550232e-01 -9.753850847482681274e-02 -3.565634787082672119e-02 2.580299042165279388e-02 7.877126336097717285e-02 -1.944615989923477173e-01 -2.946943640708923340e-01 -5.947666168212890625e-01 -8.875929713249206543e-01 -6.741541028022766113e-01 -6.687582731246948242e-01 -3.768298923969268799e-01 -3.653518259525299072e-01 -1.719468981027603149e-01 -1.788053214550018311e-01 -5.011150240898132324e-01 -7.307519316673278809e-01 -8.085625171661376953e-01 -9.302186369895935059e-01 -7.984826564788818359e-01 -5.445339679718017578e-01 -3.132748901844024658e-01 2.042046040296554565e-01 1.715964227914810181e-01 -1.590807437896728516e-01 -5.454958677291870117e-01 -8.354300260543823242e-01 -2.580110132694244385e-01 -3.317288160324096680e-01 -4.518268108367919922e-01 -5.543925166130065918e-01 2.306018956005573273e-02 2.244497388601303101e-01 5.866249799728393555e-01 8.486286401748657227e-01 1.037112593650817871e+00 1.186668038368225098e+00 1.076563715934753418e+00 1.091037750244140625e+00 1.372434377670288086e+00 1.536082267761230469e+00 1.268365502357482910e+00 1.029716968536376953e+00 5.222416296601295471e-02 -3.663252592086791992e-01 -4.994942545890808105e-01 -6.017682552337646484e-01 -8.579059839248657227e-01 -5.673380494117736816e-01 -4.584732651710510254e-01 -3.915773928165435791e-01 -2.675290703773498535e-01 -2.445558011531829834e-01 2.436353117227554321e-01 1.677765846252441406e+00 2.004761219024658203e+00 1.512108802795410156e+00 9.776647686958312988e-01 8.183495402336120605e-01 -1.147289667278528214e-02 -8.854807019233703613e-01 -1.168332338333129883e+00 -1.153624773025512695e+00 -2.046132385730743408e-01 -6.637961268424987793e-01 -1.160638928413391113e+00 -1.356623291969299316e+00 -1.374229907989501953e+00 -1.154168009757995605e+00 -4.136301577091217041e-01 1.569908022880554199e+00 1.814234972000122070e+00 1.682003498077392578e+00 1.120562076568603516e+00 7.015495300292968750e-01 -6.586673855781555176e-01 -7.473568320274353027e-01 -7.760667204856872559e-01 -1.759023964405059814e-01 3.644404113292694092e-01 1.154062271118164062e+00 1.711162686347961426e+00 1.406157135963439941e+00 1.527613520622253418e+00 2.067614078521728516e+00 2.521545171737670898e+00 2.669901371002197266e+00 2.172201633453369141e+00 1.607837915420532227e+00 1.031368374824523926e+00 9.289014935493469238e-01 -1.660935580730438232e-01 8.316381834447383881e-03 -9.542582556605339050e-03 -6.697174310684204102e-01 -1.002490997314453125e+00 -1.028712391853332520e+00 -1.019268989562988281e+00 -1.042579054832458496e+00 -9.725447297096252441e-01 -8.263111114501953125e-01 -9.125260114669799805e-01 -7.070677280426025391e-01 -2.271171957254409790e-01 -1.352458167821168900e-02 1.448095440864562988e-01 6.430483460426330566e-01 -8.574898242950439453e-01 -3.793403506278991699e-01 -2.351318001747131348e-01 -2.639046311378479004e-01 -4.379750490188598633e-01 -4.176920056343078613e-01 -7.371765375137329102e-01 -1.009634852409362793e+00 -1.087490320205688477e+00 -1.072289228439331055e+00 -8.203425407409667969e-01 -4.607149958610534668e-01 -4.146551787853240967e-01 -3.335176408290863037e-01 -2.976106107234954834e-01 -2.329647354781627655e-02
-3.433650732040405273e-02 -4.270917177200317383e-02 -2.914739847183227539e-01 -5.530695915222167969e-01 -5.478820800781250000e-01 -2.280824780464172363e-01 1.232226472347974777e-02 -2.377358525991439819e-01 -3.632633388042449951e-01 -5.418311357498168945e-01 -6.344044208526611328e-01 -6.504639387130737305e-01 -1.468853205442428589e-01 1.624722927808761597e-01 -1.573070287704467773e-01 -1.335673481225967407e-01 -1.652906090021133423e-01 2.020113468170166016e-01 -5.402042269706726074e-01 -9.182795286178588867e-01 -9.218199253082275391e-01 -1.572202682495117188e+00 -1.366065859794616699e+00 -1.218415737152099609e+00 -9.588959813117980957e-01 -8.206225037574768066e-01 -3.116445243358612061e-01 1.894969195127487183e-01 5.600216984748840332e-01 3.920316398143768311e-01 1.264676749706268311e-01 1.784601807594299316e-01 -4.934667646884918213e-01 -3.619863986968994141e-01 -3.404065966606140137e-01 -2.249014079570770264e-01 -9.761457443237304688e-01 -5.530629754066467285e-01 1.020578667521476746e-01 7.025172710418701172e-01 1.075074434280395508e+00 1.325114846229553223e+00 1.222893118858337402e+00 1.484191179275512695e+00 1.592367768287658691e+00 1.549987673759460449e+00 8.802007436752319336e-01 2.783656120300292969e-01 -1.027125000953674316e+00 -5.937578082084655762e-01 -9.254027605056762695e-01 -2.010509967803955078e+00 -1.258303403854370117e+00 -5.767504572868347168e-01 1.847837269306182861e-01 8.760103583335876465e-02 -3.543272614479064941e-01 -7.141658663749694824e-01 2.148517519235610962e-01 1.235180854797363281e+00 1.896406888961791992e+00 1.277189135551452637e+00 6.725503802299499512e-01 6.837940216064453125e-02 -1.029613256454467773e+00 -1.066362857818603516e+00 -2.005881071090698242e+00 -1.748730063438415527e+00 -9.290404915809631348e-01 -1.438773155212402344e+00 -1.721959114074707031e+00 -1.732433795928955078e+00 -1.485550165176391602e+00 -6.485782265663146973e-01 2.904347777366638184e-01 8.670842051506042480e-01 1.071204662322998047e+00 8.078275322914123535e-01 4.745314121246337891e-01 8.246768265962600708e-03 -1.233518362045288086e+00 -1.297927975654602051e+00 -1.272172689437866211e+00 -1.194120407104492188e+00 -9.536865949630737305e-01 -1.294473409652709961e-01 -2.720362842082977295e-01 2.947570085525512695e-01 -6.502020359039306641e-02 2.690221071243286133e-01 4.566768407821655273e-01 5.844168066978454590e-01 7.598378062248229980e-01 6.299238801002502441e-01 3.101092875003814697e-01 1.170118227601051331e-01 -7.047234773635864258e-01 -1.006502062082290649e-01 4.693191349506378174e-01 3.420711159706115723e-01 4.498772919178009033e-01 5.603769421577453613e-01 7.570927739143371582e-01 1.044258475303649902e+00 1.416727423667907715e+00 1.535596370697021484e+00 1.376017928123474121e+00 1.227454304695129395e+00 1.077862143516540527e+00 8.972024321556091309e-01 8.516281843185424805e-01 3.022922277450561523e-01 -3.793341815471649170e-01 -2.221873998641967773e-01 7.336664944887161255e-02 1.039199605584144592e-01 3.016191422939300537e-01 4.255246222019195557e-01 8.574805259704589844e-01 1.146902084350585938e+00 1.300113320350646973e+00 1.343862652778625488e+00 1.076211094856262207e+00 8.390017151832580566e-01 5.908211469650268555e-01 2.967564761638641357e-01 -2.322318553924560547e-01 -5.227488875389099121e-01
9.766354411840438843e-02 1.755161285400390625e-01 1.909126192331314087e-01 2.689245939254760742e-01 3.091327548027038574e-01 1.417721062898635864e-01 -2.797781256958842278e-03 -2.295384258031845093e-01 -3.035697042942047119e-01 -5.211091041564941406e-01 -4.465438127517700195e-01 -5.247208476066589355e-01 -5.261517763137817383e-01 -4.775743000209331512e-03 5.057515501976013184e-01 1.355753391981124878e-01 -2.335561364889144897e-01 -2.340952008962631226e-01 -2.315949201583862305e-01 -1.115522086620330811e-01 -7.485637813806533813e-02 -1.397149562835693359e-01 -3.435760438442230225e-01 -2.496120035648345947e-01 -2.372945547103881836e-01 -2.180618643760681152e-01 -3.343614339828491211e-01 -6.840780377388000488e-01 -5.606440305709838867e-01 -4.457390904426574707e-01 -2.945626080036163330e-01 -1.420495957136154175e-01 -5.057375431060791016e-01 2.227921634912490845e-01 -3.902275115251541138e-02 2.006857097148895264e-01 -4.349512755870819092e-01 -1.088092401623725891e-01 2.856529355049133301e-01 5.242996215820312500e-01 9.452731609344482422e-01 1.349320411682128906e+00 1.692234277725219727e+00 1.699299335479736328e+00 1.441185593605041504e+00 9.123443365097045898e-01 9.644795060157775879e-01 7.066051363945007324e-01 -3.759120702743530273e-01 -5.080088376998901367e-01 -4.210825562477111816e-01 -1.177726030349731445e+00 3.470975160598754883e-01 1.857515335083007812e+00 3.028703451156616211e+00 2.420059204101562500e+00 -4.917759001255035400e-01 -6.705674529075622559e-01 -2.358073592185974121e-01 5.849766731262207031e-01 7.084649205207824707e-01 4.273584187030792236e-01 5.931484103202819824e-01 1.720733404159545898e+00 -6.503112316131591797e-01 -1.132200241088867188e+00 -1.328875660896301270e+00 -9.579408168792724609e-01 8.581385016441345215e-01 2.891717433929443359e+00 3.401648998260498047e+00 2.052576303482055664e+00 -2.068212270736694336e+00 -2.501746892929077148e+00 -1.721728086471557617e+00 -1.147717237472534180e+00 -1.546951055526733398e+00 -1.631356120109558105e+00 -1.357543706893920898e+00 -5.586385130882263184e-01 -1.745572090148925781e-01 -4.200220406055450439e-01 -8.345065116882324219e-01 -1.049241662025451660e+00 -6.404146552085876465e-01 2.032387852668762207e-01 6.299511790275573730e-01 6.998462080955505371e-01 5.458550453186035156e-01 2.101079374551773071e-01 -3.838156163692474365e-02 -1.857523322105407715e-01 -3.898358345031738281e-01 -5.451961755752563477e-01 -5.678008198738098145e-01 -3.623604476451873779e-01 7.252234220504760742e-02 1.933820247650146484e-01 -2.836593985557556152e-01 -4.541226923465728760e-01 -3.763887286186218262e-01 -1.401023380458354950e-02 -1.201998889446258545e-01 -2.300494611263275146e-01 -1.268348395824432373e-01 -1.517474800348281860e-01 -1.412457376718521118e-01 9.717562794685363770e-02 -2.672166936099529266e-02 -5.145786702632904053e-02 -3.324075601994991302e-03 3.476358205080032349e-02 4.422303438186645508e-01 3.972142636775970459e-01 -2.049806416034698486e-01 -2.359789311885833740e-01 -3.848956897854804993e-02 -1.511435210704803467e-01 -2.185177505016326904e-01 -2.791882455348968506e-01 -2.466966509819030762e-01 -3.713755011558532715e-01 -2.169239073991775513e-01 -2.089237570762634277e-01 -1.485338085331022739e-03 1.093569025397300720e-01 3.056277632713317871e-01 4.429702460765838623e-01
-2.272184044122695923e-01 -3.395863622426986694e-02 -1.338121294975280762e-01 1.184545084834098816e-01 1.689268052577972412e-01 4.380859136581420898e-01 1.252204328775405884e-01 5.466411113739013672e-01 5.332040786743164062e-01 6.560654044151306152e-01 3.935519158840179443e-01 6.286157667636871338e-02 -2.727321088314056396e-01 -4.312963187694549561e-01 -6.965004205703735352e-01 -9.544092416763305664e-01 -3.451626598834991455e-01 -4.182049632072448730e-02 2.032345831394195557e-01 1.043736457824707031e+00 1.106297135353088379e+00 8.797147870063781738e-01 8.052383661270141602e-01 1.038537383079528809e+00 1.329011440277099609e+00 1.682384848594665527e+00 1.427935004234313965e+00 1.000961899757385254e+00 6.469653248786926270e-01 5.642647147178649902e-01 1.710157096385955811e-01 -4.675336182117462158e-01 -3.796438574790954590e-01 -2.307383269071578979e-01 -3.348659723997116089e-02 -2.486012279987335205e-01 -1.153791770339012146e-01 -1.848731189966201782e-01 5.314062237739562988e-01 1.118712306022644043e+00 1.134404540061950684e+00 9.127166867256164551e-01 3.241576254367828369e-01 -3.729052841663360596e-01 -6.773098707199096680e-01 -6.804656386375427246e-01 -2.273931950330734253e-01 -5.515582561492919922e-01 -8.774527907371520996e-01 -2.214821428060531616e-01 -1.150477409362792969e+00 -1.371518731117248535e+00 -6.825584769248962402e-01 -1.512548625469207764e-01 3.062086105346679688e-01 2.174474447965621948e-01 -3.114327788352966309e-01 -1.056810975074768066e+00 -8.221729993820190430e-01 -5.580587387084960938e-01 -1.435519576072692871e+00 -1.735303521156311035e+00 -9.258270859718322754e-01 -7.313639521598815918e-01 -9.500036239624023438e-01 -5.913411974906921387e-01 -1.664541959762573242e+00 -1.600577592849731445e+00 -1.076362609863281250e+00 -1.518114089965820312e+00 -2.252698421478271484e+00 -1.365182042121887207e+00 -9.358240365982055664e-01 -7.970424890518188477e-01 -9.423325061798095703e-01 -1.356036186218261719e+00 -1.761044859886169434e+00 -2.064660072326660156e+00 -8.960992097854614258e-01 -3.511236310005187988e-01 -3.428959846496582031e-01 -1.950346529483795166e-01 -4.213280975818634033e-01 -8.801993727684020996e-01 -6.386404633522033691e-01 2.237841933965682983e-01 1.039534807205200195e+00 1.410716056823730469e+00 1.709058880805969238e+00 1.409737586975097656e+00 2.925095558166503906e-01 -4.555059075355529785e-01 -1.386049270629882812e+00 -6.038316488265991211e-01 6.920555979013442993e-02 -3.062424361705780029e-01 -7.634911686182022095e-02 5.323133468627929688e-01 1.000721454620361328e+00 9.592547416687011719e-01 8.622556328773498535e-01 1.036373496055603027e+00 1.279124617576599121e+00 1.420170664787292480e+00 8.362838029861450195e-01 4.418638348579406738e-01 1.450298279523849487e-01 2.541986405849456787e-01 2.531547844409942627e-01 5.925169587135314941e-01 6.527841836214065552e-02 -4.039698839187622070e-01 3.043737709522247314e-01 5.698558092117309570e-01 6.691013574600219727e-01 6.299042701721191406e-01 7.792453169822692871e-01 1.152393102645874023e+00 1.277618885040283203e+00 9.203792810440063477e-01 8.420033454895019531e-01 8.410699963569641113e-01 8.552436828613281250e-01 7.667184472084045410e-01 8.511685729026794434e-01 7.755383849143981934e-01 1.424383372068405151e-01 -2.060887031257152557e-02
-7.479822635650634766e-01 -6.326650381088256836e-01 -3.330946564674377441e-01 -2.540523111820220947e-01 1.314455121755599976e-01 1.809077411890029907e-01 -1.728998422622680664e-01 -1.061788648366928101e-01 1.280733644962310791e-01 2.593757212162017822e-01 1.827140748500823975e-01 -1.176564618945121765e-01 -6.213629841804504395e-01 -7.037033438682556152e-01 -5.948706269264221191e-01 -6.969681382179260254e-01 5.085172653198242188e-01 7.764302492141723633e-01 5.948432683944702148e-01 6.711781024932861328e-01 6.510982513427734375e-01 8.797220587730407715e-01 7.326850891113281250e-01 2.500141561031341553e-01 2.622148692607879639e-01 3.630374073982238770e-01 4.361430704593658447e-01 5.163886547088623047e-01 3.115372061729431152e-01 1.541157215833663940e-01 4.207886755466461182e-01 5.603953599929809570e-01 3.328420221805572510e-01 4.892935454845428467e-01 5.494193434715270996e-01 3.535899817943572998e-01 6.606877446174621582e-01 -7.496985793113708496e-02 -1.517793178558349609e+00 -2.186095952987670898e+00 -1.887363672256469727e+00 -1.579227209091186523e+00 -7.214256525039672852e-01 3.012928962707519531e-01 3.351264595985412598e-01 1.499888747930526733e-01 3.678995966911315918e-01 -6.037829071283340454e-02 3.189616799354553223e-01 1.019599914550781250e+00 1.449762105941772461e+00 1.038481116294860840e+00 -7.790323346853256226e-02 1.523985862731933594e-01 -1.825060844421386719e-01 -5.356148481369018555e-01 -7.114377021789550781e-01 9.736137092113494873e-02 -6.654551834799349308e-04 1.976407915353775024e-01 -1.636963933706283569e-01 1.792028397321701050e-01 1.434732973575592041e-01 2.781733125448226929e-02 5.756792426109313965e-01 1.023424386978149414e+00 1.197643160820007324e+00 8.803590536117553711e-01 -1.371443510055541992e+00 -1.293255567550659180e+00 -3.755668401718139648e-01 -6.134502887725830078e-01 -1.189917445182800293e+00 -7.615371346473693848e-01 -4.113635122776031494e-01 1.090369969606399536e-01 6.331390738487243652e-01 9.718585014343261719e-02 -1.657118834555149078e-02 3.231579065322875977e-01 1.279302239418029785e+00 1.255292296409606934e+00 8.283086419105529785e-01 6.729021072387695312e-01 4.203270077705383301e-01 -5.068569183349609375e-01 -1.089357972145080566e+00 -1.830012559890747070e+00 -1.655390977859497070e+00 -7.794330120086669922e-01 -7.633915543556213379e-02 9.733802080154418945e-02 3.615179359912872314e-01 1.429132521152496338e-01 6.078963875770568848e-01 1.026255607604980469e+00 6.812263131141662598e-01 6.355121135711669922e-01 7.421059608459472656e-01 1.073591709136962891e+00 9.399693608283996582e-01 5.921385288238525391e-01 1.833230406045913696e-01 4.121625721454620361e-01 4.028233587741851807e-01 -4.064901545643806458e-02 4.266680777072906494e-01 3.639996945858001709e-01 1.578135974705219269e-02 4.166122376918792725e-01 4.957089722156524658e-01 6.610347032546997070e-01 2.927918136119842529e-01 -3.545424044132232666e-01 -4.557364284992218018e-01 -8.767978101968765259e-02 -2.095863036811351776e-02 1.365655809640884399e-01 -1.998071670532226562e-01 4.000387489795684814e-01 3.050203919410705566e-01 -7.174109667539596558e-02 -8.131626844406127930e-01 -8.444750905036926270e-01 -8.215634822845458984e-01 -7.839846611022949219e-01 -4.150112271308898926e-01 3.821028172969818115e-01
-1.106726765632629395e+00 -7.685308456420898438e-01 -4.051656126976013184e-01 -1.117308065295219421e-01 2.220491766929626465e-01 5.194917917251586914e-01 6.343945860862731934e-01 5.337377190589904785e-01 4.183880686759948730e-01 2.979977130889892578e-01 -3.470017015933990479e-02 -1.118272840976715088e-01 -2.485138475894927979e-01 -1.747560501098632812e-01 -1.106790229678153992e-01 -3.704259917140007019e-02 2.106763124465942383e-01 5.374224185943603516e-01 6.696463227272033691e-01 1.012981772422790527e+00 1.016850590705871582e+00 1.239728331565856934e+00 1.201371312141418457e+00 1.183269858360290527e+00 8.994194865226745605e-01 7.413304448127746582e-01 6.109912395477294922e-01 4.204590916633605957e-01 4.661908745765686035e-01 3.390863835811614990e-01 -9.207476861774921417e-03 -1.242480352520942688e-01 5.339877679944038391e-02 2.663426101207733154e-01 7.665244340896606445e-01 8.460586071014404297e-01 9.271965622901916504e-01 9.276061058044433594e-01 6.549799442291259766e-01 1.081486120820045471e-01 -2.180723473429679871e-02 -2.609759867191314697e-01 -7.823101282119750977e-01 -1.061888456344604492e+00 -1.203823685646057129e+00 -7.887419462203979492e-01 -2.678340673446655273e-01 -1.740283519029617310e-01 -3.551101088523864746e-01 5.947217941284179688e-01 1.114229559898376465e+00 1.257114529609680176e+00 1.320423722267150879e+00 9.699704051017761230e-01 6.886406540870666504e-01 9.119706749916076660e-01 1.437002062797546387e+00 1.590257763862609863e+00 3.248206079006195068e-01 -1.062321066856384277e+00 -1.049873232841491699e+00 -1.051214694976806641e+00 -5.990365743637084961e-01 -4.074967205524444580e-01 -3.476021066308021545e-02 1.015103936195373535e+00 1.333055377006530762e+00 1.680546402931213379e+00 1.319697737693786621e+00 8.548748493194580078e-01 7.754375338554382324e-01 1.229644656181335449e+00 1.775668621063232422e+00 1.576381683349609375e+00 2.867543101310729980e-01 -8.073341846466064453e-01 -1.142060160636901855e+00 -1.065456628799438477e+00 -6.392339468002319336e-01 -5.590766668319702148e-01 -2.972006499767303467e-01 6.287664175033569336e-02 5.367148518562316895e-01 1.178193688392639160e+00 1.211358785629272461e+00 7.304196953773498535e-01 4.136455953121185303e-01 4.695676565170288086e-01 1.672014743089675903e-01 -7.983798533678054810e-02 -2.905710041522979736e-01 -6.881055831909179688e-01 -7.062124013900756836e-01 -7.144352197647094727e-01 -6.526156663894653320e-01 -3.262292444705963135e-01 -5.790787339210510254e-01 -9.536650180816650391e-01 -1.368901371955871582e+00 -1.657473444938659668e+00 -1.587121486663818359e+00 -1.288729429244995117e+00 -7.672792077064514160e-01 -5.872187018394470215e-01 -3.284888863563537598e-01 -4.604263305664062500e-01 -4.796866774559020996e-01 -3.654648661613464355e-01 -4.775440394878387451e-01 -5.376848578453063965e-01 -2.890641689300537109e-01 -1.428202539682388306e-01 -5.110756158828735352e-01 -3.516324460506439209e-01 -5.820063352584838867e-01 -8.309907913208007812e-01 -9.462504982948303223e-01 -1.168505787849426270e+00 -9.949559569358825684e-01 -7.705728411674499512e-01 -5.344572067260742188e-01 -4.947391450405120850e-01 -2.533521652221679688e-01 -2.937749624252319336e-01 -2.283053547143936157e-01 -3.391069769859313965e-01 -5.758626461029052734e-01 -6.747770905494689941e-01
1.244463473558425903e-01 5.613253265619277954e-02 6.999148428440093994e-02 8.883741497993469238e-02 9.302202612161636353e-02 9.936194121837615967e-02 2.437627464532852173e-01 5.649880170822143555e-01 8.254258632659912109e-01 7.616891860961914062e-01 6.560125350952148438e-01 3.829479813575744629e-01 8.025017380714416504e-02 1.941300779581069946e-01 -2.019901992753148079e-03 -5.474047362804412842e-02 -1.276072412729263306e-01 -1.094712316989898682e-02 1.939958781003952026e-01 3.659631013870239258e-01 2.878761589527130127e-01 4.249596297740936279e-01 7.677149772644042969e-01 9.651331901550292969e-01 7.527428269386291504e-01 8.546894192695617676e-01 9.249557852745056152e-01 1.117714047431945801e+00 8.471235036849975586e-01 3.428038656711578369e-01 1.202998589724302292e-02 -1.950987726449966431e-01 -3.205639421939849854e-01 -2.171345949172973633e-01 -4.909025132656097412e-01 -7.055264115333557129e-01 -4.811972677707672119e-01 2.583414614200592041e-01 3.960052728652954102e-01 -5.638470053672790527e-01 -1.378839612007141113e+00 -1.825643539428710938e+00 -1.448144674301147461e+00 -8.577052354812622070e-01 -2.835725545883178711e-01 1.313615292310714722e-01 2.647261321544647217e-01 1.965100616216659546e-01 -3.863948285579681396e-01 -1.277743220329284668e+00 -1.731985330581665039e+00 -1.975799918174743652e+00 -1.812064290046691895e+00 -2.286683082580566406e+00 -2.608996629714965820e+00 -2.463709592819213867e+00 -1.944914817810058594e+00 -3.621050417423248291e-01 8.649739027023315430e-01 1.573873519897460938e+00 1.499426484107971191e+00 1.273381471633911133e+00 1.046047687530517578e+00 4.347297251224517822e-01 -2.919544279575347900e-01 -9.143013954162597656e-01 -1.493270874023437500e+00 -1.619307279586791992e+00 -4.379741549491882324e-01 1.169200658798217773e+00 1.760148406028747559e+00 -5.769491195678710938e-01 -2.052451133728027344e+00 -1.699637055397033691e+00 5.949755012989044189e-02 1.247362136840820312e+00 1.437542915344238281e+00 1.329609751701354980e+00 7.956503629684448242e-01 4.709003269672393799e-01 -3.725901842117309570e-01 -2.263406664133071899e-01 -5.016998052597045898e-01 -7.160416245460510254e-01 -7.651194334030151367e-01 2.334724813699722290e-01 7.679315805435180664e-01 3.021470904350280762e-01 -3.650721311569213867e-01 -9.067551493644714355e-01 -3.359875977039337158e-01 -1.830762922763824463e-01 1.006305664777755737e-01 1.234972625970840454e-01 9.014011174440383911e-02 3.135206997394561768e-01 1.225436851382255554e-01 5.307194590568542480e-01 4.770592153072357178e-01 3.568636178970336914e-01 2.067206501960754395e-01 7.267971634864807129e-01 1.114212393760681152e+00 8.147419095039367676e-01 6.108446121215820312e-01 4.788219332695007324e-01 8.801808357238769531e-01 7.202600836753845215e-01 2.862001359462738037e-01 -2.145182043313980103e-01 -5.501141548156738281e-01 -4.416974186897277832e-01 3.483996987342834473e-01 3.945455551147460938e-01 4.957924485206604004e-01 2.741998136043548584e-01 1.235085725784301758e-01 1.493570953607559204e-01 3.881326317787170410e-01 6.994525343179702759e-02 -2.668944373726844788e-02 3.460502624511718750e-02 2.713822759687900543e-02 1.177468597888946533e-01 1.171324849128723145e-01 9.608665853738784790e-02 1.253181695938110352e-01 -1.656148284673690796e-01
-9.078902602195739746e-01 -8.507633209228515625e-01 -6.913337111473083496e-01 -3.006587326526641846e-01 -1.461636275053024292e-01 1.700069457292556763e-01 1.625405158847570419e-03 9.638083726167678833e-02 4.635827243328094482e-01 7.638476490974426270e-01 7.493554353713989258e-01 6.676360964775085449e-01 3.708488941192626953e-01 -1.840161979198455811e-01 -4.353121817111968994e-01 -6.770676374435424805e-01 -5.321384072303771973e-01 -3.890734314918518066e-01 -1.339670643210411072e-02 4.954137206077575684e-01 5.675835013389587402e-01 4.458553493022918701e-01 4.396385252475738525e-01 4.739433825016021729e-01 7.180351018905639648e-01 1.148411154747009277e+00 1.286203742027282715e+00 1.442529439926147461e+00 1.245429158210754395e+00 8.261021375656127930e-01 6.489896774291992188e-01 2.976168990135192871e-01 -1.216621622443199158e-01 -1.112185418605804443e-02 -2.911213636398315430e-01 -6.470149755477905273e-01 -6.654588580131530762e-01 -8.509373664855957031e-01 -9.594778418540954590e-01 -6.733056306838989258e-01 -1.259098649024963379e-01 3.663943707942962646e-01 8.037155866622924805e-01 9.154387712478637695e-01 1.058910727500915527e+00 1.031725049018859863e+00 8.137254714965820312e-01 6.103960871696472168e-01 -1.902005225419998169e-01 -3.288579732179641724e-02 -5.010105967521667480e-01 -6.752562522888183594e-01 -1.044074416160583496e+00 -7.215417027473449707e-01 -6.116668879985809326e-02 1.119970321655273438e+00 1.591141462326049805e+00 1.582382321357727051e+00 1.342679262161254883e+00 1.153274655342102051e+00 1.217088818550109863e+00 1.093091130256652832e+00 5.849255323410034180e-01 1.103196740150451660e-01 -3.371162712574005127e-01 -2.352833002805709839e-01 -6.208643317222595215e-01 -9.791249036788940430e-01 -1.462770700454711914e+00 -1.271491199731826782e-01 8.524104952812194824e-01 1.846622586250305176e+00 1.636306524276733398e+00 1.402858734130859375e+00 1.466894030570983887e+00 1.379346966743469238e+00 1.389000892639160156e+00 1.143137216567993164e+00 8.545916676521301270e-01 3.956830203533172607e-01 -3.370341658592224121e-01 -6.187376976013183594e-01 -9.739400148391723633e-01 -1.029764413833618164e+00 -8.620695471763610840e-01 -5.933402776718139648e-01 1.739011853933334351e-01 8.011326789855957031e-01 9.021020531654357910e-01 9.423305988311767578e-01 1.273843169212341309e+00 1.478500247001647949e+00 1.379514217376708984e+00 9.929041862487792969e-01 5.451419353485107422e-01 3.280712366104125977e-01 -1.003044128417968750e+00 -7.699151039123535156e-01 -5.626740455627441406e-01 -7.182851433753967285e-01 -1.035785317420959473e+00 -1.385103940963745117e+00 -1.375664234161376953e+00 -1.221940040588378906e+00 -1.265926718711853027e+00 -1.207324266433715820e+00 -1.143133759498596191e+00 -1.061381578445434570e+00 -1.124350190162658691e+00 -8.270225524902343750e-01 -7.348809242248535156e-01 -2.191913872957229614e-01 -6.675399541854858398e-01 -5.980944037437438965e-01 -4.812324047088623047e-01 -6.294627785682678223e-01 -6.491333246231079102e-01 -8.806055784225463867e-01 -7.373783588409423828e-01 -9.458650946617126465e-01 -8.738586306571960449e-01 -9.706581234931945801e-01 -1.076193213462829590e+00 -1.032920718193054199e+00 -6.907208561897277832e-01 -3.079015910625457764e-01 -2.876617908477783203e-01 -1.784339994192123413e-01
6.965327262878417969e-01 5.091589689254760742e-01 5.569464564323425293e-01 4.736234247684478760e-01 1.270899027585983276e-01 3.671202659606933594e-01 5.835928916931152344e-01 6.515498757362365723e-01 7.999771833419799805e-01 5.420926213264465332e-01 3.552223145961761475e-01 3.227372169494628906e-01 3.372620344161987305e-01 2.266279309988021851e-01 2.045897990465164185e-01 4.319007992744445801e-01 6.513792276382446289e-01 5.029858350753784180e-01 2.705098390579223633e-01 -2.106495797634124756e-01 -3.590748459100723267e-02 4.803238213062286377e-01 6.089612245559692383e-01 5.035386085510253906e-01 2.690912485122680664e-01 -5.339549109339714050e-02 2.945381700992584229e-01 3.642834424972534180e-01 2.475392073392868042e-01 3.244113624095916748e-01 3.513057529926300049e-01 1.966725587844848633e-01 4.032374918460845947e-01 1.302707791328430176e-01 -6.706109642982482910e-01 -1.306266903877258301e+00 -1.469209194183349609e+00 -1.583770632743835449e+00 -1.949203252792358398e+00 -2.420673131942749023e+00 -2.678666114807128906e+00 -2.542559385299682617e+00 -2.027464151382446289e+00 -2.069162845611572266e+00 -1.726524114608764648e+00 -1.007264733314514160e+00 -2.754504978656768799e-01 -1.019148081541061401e-01 6.656831502914428711e-01 -6.385819911956787109e-01 -7.735737562179565430e-01 -9.576198458671569824e-01 -5.384770631790161133e-01 -1.064715534448623657e-01 -5.616402029991149902e-01 -1.175611495971679688e+00 -1.410928964614868164e+00 -9.382759928703308105e-01 -6.462005972862243652e-01 -9.737655520439147949e-01 -1.268135666847229004e+00 -1.140603423118591309e+00 -1.148826837539672852e+00 -2.766485512256622314e-01 7.287711650133132935e-02 -8.396870493888854980e-01 -3.085323870182037354e-01 -8.197996020317077637e-01 1.043836176395416260e-01 8.102948665618896484e-01 1.652347922325134277e+00 -5.750858187675476074e-01 -4.968063831329345703e-01 1.162273883819580078e+00 1.532993316650390625e+00 2.372981011867523193e-01 -1.336441755294799805e+00 -1.323611259460449219e+00 -1.242118716239929199e+00 -4.978808164596557617e-01 -3.520250916481018066e-01 8.970217779278755188e-03 1.747278124094009399e-01 1.395876556634902954e-01 -9.847345203161239624e-02 -4.109899327158927917e-02 6.212640404701232910e-01 9.579374790191650391e-01 1.217759609222412109e+00 1.793719291687011719e+00 9.130039811134338379e-01 9.228143841028213501e-02 -3.312632441520690918e-01 -4.109315872192382812e-01 -1.106029525399208069e-01 5.393228307366371155e-02 2.085549989715218544e-03 2.959132492542266846e-01 5.968500375747680664e-01 5.026093125343322754e-01 5.314000844955444336e-01 7.891288995742797852e-01 1.165223956108093262e+00 1.403232216835021973e+00 1.510913372039794922e+00 1.201824426651000977e+00 6.905190944671630859e-01 4.690521657466888428e-01 8.624813556671142578e-01 8.988369107246398926e-01 5.219228863716125488e-01 1.692502796649932861e-01 -9.364518523216247559e-02 -1.119427755475044250e-01 -2.549845874309539795e-01 -1.297265291213989258e-01 -1.025512292981147766e-01 1.758564114570617676e-01 4.523900449275970459e-01 6.038533449172973633e-01 4.959721863269805908e-01 2.589706778526306152e-01 2.097953557968139648e-01 1.379806846380233765e-01 2.135010957717895508e-01 2.777021825313568115e-01 1.628163605928421021e-01 2.044829577207565308e-01
4.798359274864196777e-01 5.769984722137451172e-01 4.175724685192108154e-01 2.667620480060577393e-01 2.604348659515380859e-01 1.944263577461242676e-01 4.790463447570800781e-01 3.988321721553802490e-01 5.754132270812988281e-01 4.882910847663879395e-01 2.646443545818328857e-01 1.190194040536880493e-01 2.172886729240417480e-01 1.124540343880653381e-01 -4.686165228486061096e-02 -3.687066584825515747e-02 1.422731131315231323e-01 3.378742337226867676e-01 1.938292384147644043e-01 2.750222384929656982e-01 5.374583601951599121e-01 7.152060270309448242e-01 7.510583400726318359e-01 7.567538619041442871e-01 1.184286594390869141e+00 1.001613497734069824e+00 6.954462528228759766e-01 2.371904850006103516e-01 5.514259338378906250e-01 6.647711992263793945e-01 3.982044160366058350e-01 3.729135915637016296e-02 -1.566890254616737366e-02 -1.061899587512016296e-01 -2.254865467548370361e-01 -5.665754675865173340e-01 -8.202143311500549316e-01 -1.252977132797241211e+00 -1.280686497688293457e+00 -1.075558900833129883e+00 -1.053563505411148071e-01 1.086009621620178223e+00 3.212107121944427490e-01 -8.767480850219726562e-01 -8.342626094818115234e-01 -3.262180462479591370e-02 3.526817858219146729e-01 2.710313796997070312e-01 2.179812937974929810e-01 -1.155625939369201660e+00 -1.491643548011779785e+00 -5.102706551551818848e-01 -6.235860586166381836e-01 -8.914595842361450195e-01 -1.544577360153198242e+00 -2.019032239913940430e+00 -1.787567019462585449e+00 1.711217045783996582e+00 1.896024823188781738e+00 -4.495082795619964600e-01 -1.678200244903564453e+00 -1.186659693717956543e+00 -4.906128346920013428e-01 3.470219075679779053e-01 5.401633381843566895e-01 -3.466800749301910400e-01 -9.455556869506835938e-01 -1.051430225372314453e+00 -3.492694348096847534e-02 1.309070706367492676e+00 1.203058362007141113e+00 -1.251368522644042969e+00 -1.332952618598937988e+00 -1.445381641387939453e+00 -1.040731906890869141e+00 -1.005641818046569824e+00 -1.334858059883117676e+00 -1.422337174415588379e+00 -1.221333503723144531e+00 -6.768899559974670410e-01 9.653130769729614258e-01 4.477347135543823242e-01 -2.387438900768756866e-02 -4.747878909111022949e-01 -5.514094233512878418e-01 2.488878928124904633e-02 4.652818143367767334e-01 -3.350000381469726562e-01 -1.381972789764404297e+00 -1.676640272140502930e+00 -1.392839312553405762e+00 -1.197090506553649902e+00 -7.103316783905029297e-01 -8.849006295204162598e-01 -9.450943470001220703e-01 -7.579104304313659668e-01 3.360421955585479736e-01 5.922060012817382812e-01 7.803983688354492188e-01 7.166056632995605469e-01 6.787085533142089844e-01 6.692253947257995605e-01 1.011545300483703613e+00 8.641890883445739746e-01 8.803063035011291504e-01 6.528438925743103027e-01 6.781216263771057129e-01 6.418502926826477051e-01 3.098668456077575684e-01 -3.168612346053123474e-02 1.392151601612567902e-02 -2.138091623783111572e-01 4.589067995548248291e-01 2.609383761882781982e-01 4.367378950119018555e-01 4.637937843799591064e-01 5.313744544982910156e-01 4.391157925128936768e-01 5.626288652420043945e-01 8.452985882759094238e-01 7.421711683273315430e-01 8.949837684631347656e-01 1.028364062309265137e+00 6.944988369941711426e-01 6.878615021705627441e-01 7.348269224166870117e-01 8.103021383285522461e-01 6.902098655700683594e-01
4.353442192077636719e-01 3.343847692012786865e-01 2.109329253435134888e-01 -1.059660613536834717e-01 5.920347571372985840e-02 -1.754437536001205444e-01 -2.355965822935104370e-01 -7.844767570495605469e-01 -9.129263758659362793e-01 -6.307907104492187500e-01 -3.612275719642639160e-01 2.557971179485321045e-01 3.135624825954437256e-01 4.829607605934143066e-01 1.366863608360290527e+00 1.609214663505554199e+00 -1.287768036127090454e-01 -6.144074201583862305e-01 -9.404559731483459473e-01 -7.900707721710205078e-01 -8.210824728012084961e-01 -7.306809425354003906e-01 -7.202078700065612793e-01 -9.378464818000793457e-01 -7.131977081298828125e-01 -4.567131102085113525e-01 -4.560545682907104492e-01 -8.470609188079833984e-01 -1.268681645393371582e+00 -6.278113126754760742e-01 4.670917391777038574e-01 8.533229827880859375e-01 -4.397184252738952637e-01 -4.131067395210266113e-01 -2.759898006916046143e-01 -3.427240252494812012e-01 -2.596759498119354248e-01 -4.331016540527343750e-01 3.014152646064758301e-01 3.906271755695343018e-01 7.593334317207336426e-01 4.763979911804199219e-01 1.481614857912063599e-01 -4.747212529182434082e-01 -7.988420724868774414e-01 -1.001819849014282227e+00 -7.927025556564331055e-01 -6.618971377611160278e-02 -1.388520151376724243e-01 -2.114547789096832275e-01 -6.704580187797546387e-01 -4.302015304565429688e-01 -1.294263124465942383e+00 -5.249056220054626465e-01 -1.334544718265533447e-01 3.173460662364959717e-01 9.370979666709899902e-02 -5.732864141464233398e-01 -1.008244991302490234e+00 -1.329261302947998047e+00 -1.668533802032470703e+00 -1.478926062583923340e+00 -1.333449840545654297e+00 -1.115857839584350586e+00 -5.222783684730529785e-01 -1.264510601758956909e-01 -9.157460331916809082e-01 -1.537888884544372559e+00 -2.259037017822265625e+00 -2.071873188018798828e+00 -1.821064829826354980e+00 -1.398521184921264648e+00 -1.053203701972961426e+00 8.100394904613494873e-02 -3.894292935729026794e-02 4.718445986509323120e-02 4.433173239231109619e-01 1.913406848907470703e-01 9.013357758522033691e-02 1.492969226092100143e-03 -1.732975840568542480e-01 -4.055478870868682861e-01 -4.534373059868812561e-02 -4.638772904872894287e-01 -4.194396734237670898e-01 -4.080862104892730713e-01 2.627657055854797363e-01 8.812071084976196289e-01 1.435635805130004883e+00 1.400577545166015625e+00 1.420757055282592773e+00 1.361423730850219727e+00 1.490216851234436035e+00 1.578066945075988770e+00 1.225664854049682617e+00 4.355387389659881592e-02 -3.052119016647338867e-01 8.298507332801818848e-02 6.511959433555603027e-01 1.146909594535827637e+00 9.998197555541992188e-01 8.721697330474853516e-01 7.057489752769470215e-01 8.888174295425415039e-01 1.210791110992431641e+00 1.574326992034912109e+00 1.607785940170288086e+00 1.611316204071044922e+00 1.850005507469177246e+00 1.419379949569702148e+00 1.285448670387268066e+00 8.472372889518737793e-01 -2.857270836830139160e-01 -1.437405347824096680e-01 -2.277615517377853394e-01 -3.261546194553375244e-01 -3.721114993095397949e-02 2.096718102693557739e-01 7.816960811614990234e-01 1.136600494384765625e+00 1.299325227737426758e+00 1.221564412117004395e+00 1.135270953178405762e+00 8.362079262733459473e-01 4.491651654243469238e-01 -1.008666902780532837e-01 -5.759595036506652832e-01 -9.988320469856262207e-01
6.529511213302612305e-01 4.277851283550262451e-01 1.118582114577293396e-01 -1.432914137840270996e-01 -1.515499502420425415e-01 -3.408089047297835350e-03 -3.000226020812988281e-01 -5.511493086814880371e-01 -7.125374674797058105e-01 -6.443807482719421387e-01 -6.186711192131042480e-01 -7.090455889701843262e-01 -6.126442551612854004e-01 6.421944499015808105e-02 3.751832842826843262e-01 4.292396008968353271e-01 8.299767374992370605e-01 3.855623602867126465e-01 -4.222441017627716064e-01 -2.773980498313903809e-01 -2.015884369611740112e-01 -3.250841796398162842e-01 -4.341452717781066895e-01 -6.255323290824890137e-01 -6.325888037681579590e-01 -7.677715271711349487e-02 -9.132633358240127563e-02 -2.807106375694274902e-01 -6.661524772644042969e-01 -5.444078445434570312e-01 1.021771430969238281e-01 1.296771913766860962e-01 -6.683433800935745239e-02 -3.422039747238159180e-01 1.798158884048461914e-01 -3.360110223293304443e-01 -2.043263167142868042e-01 3.217186927795410156e-01 6.053580045700073242e-01 5.035398602485656738e-01 1.676919609308242798e-01 -4.038311243057250977e-01 -3.661262392997741699e-01 -7.016370892524719238e-01 -2.303324341773986816e-01 -2.677109837532043457e-01 -1.684976071119308472e-01 -1.705192476511001587e-01 -8.379668593406677246e-01 -6.130301356315612793e-01 -2.721818983554840088e-01 -2.794812321662902832e-01 8.652058243751525879e-01 1.650050401687622070e+00 2.132315635681152344e+00 2.256048440933227539e+00 2.602928400039672852e+00 1.833854556083679199e+00 1.252283453941345215e+00 3.780039548873901367e-01 -5.949666500091552734e-01 -2.584423720836639404e-01 -5.700032114982604980e-01 -3.606116175651550293e-01 -5.346128344535827637e-01 -1.029887080192565918e+00 -7.633143067359924316e-01 -5.698394179344177246e-01 1.125030159950256348e+00 1.797857761383056641e+00 2.117791652679443359e+00 2.580235958099365234e+00 2.925580024719238281e+00 2.215299129486083984e+00 1.472515463829040527e+00 6.319906711578369141e-01 -5.394455790519714355e-01 -3.243124485015869141e-01 -5.079885125160217285e-01 -2.561427950859069824e-01 -2.858725190162658691e-01 -5.579727888107299805e-01 -7.160147428512573242e-01 -5.438231825828552246e-01 3.157550394535064697e-01 6.445176005363464355e-01 -2.046651244163513184e-01 -1.375050067901611328e+00 -1.673550486564636230e+00 -1.472485780715942383e+00 -1.133595466613769531e+00 -1.027371525764465332e+00 -3.600714206695556641e-01 -5.011675357818603516e-01 3.782651573419570923e-02 3.201346397399902344e-01 9.596090912818908691e-01 9.757366776466369629e-02 -1.267775595188140869e-01 -1.451531350612640381e-01 -4.547655284404754639e-01 -9.016723930835723877e-02 4.092135280370712280e-02 -5.018600821495056152e-01 -8.412843942642211914e-01 -8.504058122634887695e-01 -5.019244551658630371e-01 -4.556393921375274658e-01 -3.223823010921478271e-01 1.139338593930006027e-02 4.191859066486358643e-02 -5.949908122420310974e-02 2.939226031303405762e-01 4.011397063732147217e-01 7.082493305206298828e-01 8.639190196990966797e-01 6.302484124898910522e-02 2.114306576550006866e-02 -5.908159911632537842e-02 -4.307364299893379211e-02 -2.759929001331329346e-01 -5.813604593276977539e-01 -9.401665925979614258e-01 -7.982512712478637695e-01 -6.298409700393676758e-01 -4.920768439769744873e-01 -2.977996766567230225e-01 2.111289948225021362e-01
1.705434471368789673e-01 1.844907104969024658e-01 4.325077310204505920e-02 -1.698763519525527954e-01 -3.897210359573364258e-01 -7.915759086608886719e-01 -9.636128544807434082e-01 -9.946098327636718750e-01 -7.513589262962341309e-01 -5.849473476409912109e-01 3.670948371291160583e-02 4.138626754283905029e-01 4.938611388206481934e-01 7.563918828964233398e-01 7.320270538330078125e-01 6.060120463371276855e-01 1.417742669582366943e-01 -3.151145279407501221e-01 -2.377932071685791016e-01 -5.041667222976684570e-01 -6.009688973426818848e-01 -5.263240933418273926e-01 -2.894308567047119141e-01 -6.850824356079101562e-01 -5.456417202949523926e-01 -9.083827733993530273e-01 -1.113471269607543945e+00 -1.261825203895568848e+00 -9.538508653640747070e-01 -2.856495976448059082e-01 3.866672217845916748e-01 8.887724280357360840e-01 4.159682989120483398e-01 3.990499302744865417e-02 -2.678057253360748291e-01 -1.543721407651901245e-01 9.502962231636047363e-02 7.065331935882568359e-01 1.082183122634887695e+00 1.396132349967956543e+00 1.314125061035156250e+00 8.975344896316528320e-01 6.243332028388977051e-01 1.278712153434753418e-01 -1.169208660721778870e-01 -4.864546954631805420e-01 -8.561643958091735840e-01 -6.351805329322814941e-01 2.987059354782104492e-01 -6.553870439529418945e-01 -1.343022108078002930e+00 -8.747698664665222168e-01 -1.859316974878311157e-01 1.300688534975051880e-01 -1.149550378322601318e-01 1.430520415306091309e-01 5.736139416694641113e-01 -1.812041178345680237e-02 -4.703009724617004395e-01 -6.813634037971496582e-01 -5.672125816345214844e-01 -8.458864092826843262e-01 -1.025796532630920410e+00 -8.138607740402221680e-01 3.288083076477050781e-01 -7.241167426109313965e-01 -1.384240627288818359e+00 -1.023514509201049805e+00 -7.684708833694458008e-01 -1.202647328376770020e+00 -2.003364324569702148e+00 -1.843571305274963379e+00 -1.585460305213928223e+00 -1.864750146865844727e+00 -9.616291522979736328e-01 6.833971142768859863e-01 1.573485136032104492e+00 1.450883507728576660e+00 1.529623031616210938e+00 9.683865904808044434e-01 5.647545456886291504e-01 5.372497439384460449e-01 -9.226574748754501343e-02 -5.636169314384460449e-01 -3.499734699726104736e-01 2.422422170639038086e-01 -9.422196447849273682e-02 -1.090575695037841797e+00 -2.207805871963500977e+00 -2.176539897918701172e+00 -1.253162503242492676e+00 -1.909598112106323242e-01 3.380687832832336426e-01 4.063093364238739014e-01 7.120860815048217773e-01 1.109645605087280273e+00 5.704312920570373535e-01 8.002675175666809082e-01 1.021815776824951172e+00 1.139792084693908691e+00 1.256446957588195801e+00 1.032710194587707520e+00 8.115578293800354004e-01 9.071291089057922363e-01 5.328264832496643066e-01 3.552883863449096680e-01 6.378446221351623535e-01 3.740516006946563721e-01 -2.018929123878479004e-01 -5.050506591796875000e-01 -6.513366699218750000e-01 -1.656278967857360840e-01 7.525776624679565430e-01 7.365020513534545898e-01 1.006006836891174316e+00 9.955067634582519531e-01 1.040018558502197266e+00 9.359707236289978027e-01 6.087251901626586914e-01 4.053778052330017090e-01 5.453578233718872070e-01 5.386450290679931641e-01 7.774891853332519531e-01 6.050856709480285645e-01 2.899166643619537354e-01 2.145936489105224609e-01 3.844662606716156006e-01 4.984999895095825195e-01
4.565728604793548584e-01 4.357610046863555908e-01 5.197091102600097656e-01 2.673966884613037109e-01 1.790746599435806274e-01 9.118624776601791382e-02 -1.042998209595680237e-01 -4.181348979473114014e-01 -3.577219545841217041e-01 -3.363363742828369141e-01 -2.943653166294097900e-01 -2.598363757133483887e-01 -4.647145047783851624e-02 1.532661020755767822e-01 -6.454794853925704956e-02 -2.263766825199127197e-01 4.045157730579376221e-01 -1.555867642164230347e-01 -4.747305512428283691e-01 -5.668560266494750977e-01 -8.181656002998352051e-01 -3.432606458663940430e-01 3.801057115197181702e-02 -9.053498506546020508e-02 -1.120205670595169067e-01 -4.594230949878692627e-01 -7.063980102539062500e-01 -6.635525226593017578e-01 -3.884759247303009033e-01 -1.604345887899398804e-01 -1.354021131992340088e-01 2.739440202713012695e-01 -1.095569849014282227e+00 -1.077530622482299805e+00 -4.790936708450317383e-01 -5.821378435939550400e-03 2.347928434610366821e-01 2.486838996410369873e-01 6.406326889991760254e-01 1.040522575378417969e+00 1.353880167007446289e+00 1.457183837890625000e+00 1.630535602569580078e+00 1.808786869049072266e+00 1.485404968261718750e+00 4.588665664196014404e-01 2.145169675350189209e-01 3.825083374977111816e-01 -7.223882079124450684e-01 -3.702549338340759277e-01 -5.908052325248718262e-01 -1.309573411941528320e+00 -8.340029716491699219e-01 -1.070524573326110840e+00 -7.982068061828613281e-01 -1.007146477699279785e+00 -8.404025435447692871e-01 -5.727124214172363281e-02 5.666814446449279785e-01 1.247574448585510254e+00 1.466672539710998535e+00 1.559720635414123535e+00 1.285943150520324707e+00 1.047424435615539551e+00 1.252526044845581055e+00 2.074416875839233398e+00 2.097230434417724609e+00 1.647463202476501465e+00 4.458441436290740967e-01 -7.811291217803955078e-01 -1.555507063865661621e+00 -1.527350068092346191e+00 -1.117587685585021973e+00 -9.678500294685363770e-01 -1.031176805496215820e+00 -9.787537455558776855e-01 -4.633696377277374268e-01 -3.871104121208190918e-01 -3.091078698635101318e-01 -2.990277111530303955e-01 2.975353896617889404e-01 5.604056715965270996e-01 1.314305067062377930e+00 2.189772367477416992e+00 2.589485168457031250e+00 2.169410705566406250e+00 1.623542428016662598e+00 8.523019552230834961e-01 2.032049000263214111e-01 1.947945207357406616e-01 -1.691451817750930786e-01 -1.891792863607406616e-01 -6.211313605308532715e-02 -6.473618149757385254e-01 -4.699555039405822754e-01 -4.596414268016815186e-01 -2.325460910797119141e-01 -5.952116847038269043e-01 -1.161963105201721191e+00 -8.874439597129821777e-01 -9.477804899215698242e-01 -1.148961305618286133e+00 -9.943597316741943359e-01 -6.698523759841918945e-01 -2.666456699371337891e-01 -5.115780234336853027e-01 -5.633492469787597656e-01 -7.668466567993164062e-01 -7.884669899940490723e-01 -5.729985237121582031e-01 -3.453992605209350586e-01 -5.561217665672302246e-02 5.970686301589012146e-02 -9.550892864353954792e-04 -1.718014292418956757e-02 6.903130561113357544e-02 -3.576468303799629211e-02 -4.566656053066253662e-01 -6.648746728897094727e-01 -5.812556147575378418e-01 -5.814696550369262695e-01 -3.490340709686279297e-01 -2.237439006567001343e-01 -7.757958373986184597e-04 1.501825302839279175e-01 3.640609681606292725e-01 3.796207010746002197e-01 3.418965935707092285e-01
-1.109138056635856628e-01 -2.478240728378295898e-01 -3.583416640758514404e-01 -4.136284589767456055e-01 -4.567033946514129639e-01 -3.664284348487854004e-01 -2.366682142019271851e-01 -1.316413879394531250e-01 -8.953186869621276855e-02 -2.129211872816085815e-01 -3.016013205051422119e-01 -3.839206099510192871e-01 -5.662064552307128906e-01 -7.594085931777954102e-01 -1.091575860977172852e+00 -9.729949235916137695e-01 -3.395642340183258057e-01 -6.890617609024047852e-01 -7.565466761589050293e-01 -7.395212054252624512e-01 -7.797613739967346191e-01 -7.043364048004150391e-01 -1.095762014389038086e+00 -1.351795673370361328e+00 -1.301277875900268555e+00 -8.980670571327209473e-01 -4.593274295330047607e-01 -4.813747406005859375e-01 -5.592010617256164551e-01 -9.379023313522338867e-01 -1.096890687942504883e+00 -1.235205411911010742e+00 6.574088335037231445e-01 1.071609973907470703e+00 1.610836029052734375e+00 2.218779325485229492e+00 2.220697641372680664e+00 1.277036547660827637e+00 -4.303922951221466064e-01 -1.586865425109863281e+00 -1.418554067611694336e+00 -3.616871833801269531e-01 3.170929253101348877e-01 7.690236568450927734e-01 7.815435528755187988e-01 4.072935581207275391e-01 1.732700765132904053e-01 3.678772747516632080e-01 -5.708876252174377441e-01 7.537632435560226440e-02 6.379823088645935059e-01 1.482930183410644531e+00 2.364455938339233398e+00 6.486232876777648926e-01 -1.595310926437377930e+00 -2.010474681854248047e+00 -8.826894760131835938e-01 2.726380228996276855e-01 1.479217410087585449e+00 1.599923610687255859e+00 1.138776302337646484e+00 7.335352897644042969e-01 1.239959988743066788e-02 -5.102759599685668945e-01 -7.349789738655090332e-01 -6.263671070337295532e-02 5.904370546340942383e-01 1.349968552589416504e+00 1.181399106979370117e+00 5.932932719588279724e-02 -7.983852028846740723e-01 -7.757518291473388672e-01 -2.466756999492645264e-01 3.473779857158660889e-01 9.844878911972045898e-01 9.473915100097656250e-01 9.386944770812988281e-01 3.824365437030792236e-01 -1.252606064081192017e-01 -6.175290942192077637e-01 2.579163312911987305e-01 6.924427747726440430e-01 9.726316332817077637e-01 8.714613318443298340e-01 5.778963565826416016e-01 -2.301978170871734619e-01 -7.335616946220397949e-01 -9.014749526977539062e-01 -1.135820150375366211e+00 -6.734144091606140137e-01 -3.644955456256866455e-01 1.235460042953491211e-01 -1.610632687807083130e-01 1.067429408431053162e-01 9.634540230035781860e-02 -1.448424253612756729e-02 4.106895625591278076e-01 6.583902239799499512e-01 9.349926710128784180e-01 1.180631399154663086e+00 9.736928343772888184e-01 8.545110821723937988e-01 6.029220819473266602e-01 5.262575745582580566e-01 3.698829114437103271e-01 4.585563838481903076e-01 4.864284098148345947e-01 5.255549550056457520e-01 5.118425488471984863e-01 3.075544834136962891e-01 3.248074352741241455e-01 1.315206289291381836e-01 -5.683619976043701172e-01 -1.024767458438873291e-01 1.120076179504394531e-01 4.241391122341156006e-01 6.861912012100219727e-01 7.192302942276000977e-01 9.523797631263732910e-01 5.353604555130004883e-01 4.784724414348602295e-01 1.528848856687545776e-01 3.076259791851043701e-01 2.177221179008483887e-01 -5.559513345360755920e-02 -2.287226617336273193e-01 -5.427920818328857422e-01 -6.722514629364013672e-01
-4.210264384746551514e-01 -3.364153802394866943e-01 -2.825971543788909912e-01 -2.466745823621749878e-01 9.225667268037796021e-02 2.617308795452117920e-01 9.253312945365905762e-01 1.500230789184570312e+00 1.118206501007080078e+00 9.198936820030212402e-01 5.760708451271057129e-01 2.963404059410095215e-01 1.244196221232414246e-01 6.006785482168197632e-02 2.724128030240535736e-02 -1.168781444430351257e-01 -8.100031614303588867e-01 1.266522556543350220e-01 1.080233454704284668e+00 1.215973615646362305e+00 9.904862642288208008e-01 1.090150237083435059e+00 1.281858325004577637e+00 1.922593832015991211e+00 2.085533857345581055e+00 1.580275177955627441e+00 1.128178596496582031e+00 1.066860675811767578e+00 1.269377470016479492e+00 1.027482867240905762e+00 5.190381407737731934e-01 -1.398720592260360718e-01 -7.278545498847961426e-01 -2.769770920276641846e-01 -5.391768217086791992e-01 -8.493886590003967285e-01 -6.238991022109985352e-01 -8.584243655204772949e-01 -3.244817256927490234e-01 3.772017657756805420e-01 -5.112988408654928207e-03 -1.318580806255340576e-01 -1.151431798934936523e+00 -1.342599511146545410e+00 -9.708245396614074707e-01 -7.235241532325744629e-01 -3.931513428688049316e-02 -8.995967358350753784e-02 -4.538369774818420410e-01 -1.079209208488464355e+00 -1.579249024391174316e+00 -1.074804663658142090e+00 -6.843776106834411621e-01 5.418954491615295410e-01 1.465786218643188477e+00 1.442598342895507812e+00 1.548570632934570312e+00 1.187120318412780762e+00 2.935799658298492432e-01 -9.519215822219848633e-01 -1.698946237564086914e+00 -1.069370388984680176e+00 -9.496147036552429199e-01 -3.520231246948242188e-01 -7.023645043373107910e-01 -1.356618404388427734e+00 -1.565200209617614746e+00 -1.009070515632629395e+00 -5.320088863372802734e-01 1.346531033515930176e+00 1.871511816978454590e+00 2.131990432739257812e+00 2.505133628845214844e+00 9.861560463905334473e-01 5.474777221679687500e-01 -4.273673295974731445e-01 -8.298496603965759277e-01 -7.359004616737365723e-01 -9.856728911399841309e-01 -3.469526767730712891e-01 -3.053297102451324463e-01 -5.060287714004516602e-01 -3.488250076770782471e-01 -4.115260243415832520e-01 -3.422745466232299805e-01 1.327888369560241699e-01 8.722137808799743652e-01 1.373417973518371582e+00 9.776417613029479980e-01 1.895242184400558472e-01 -1.914906650781631470e-01 1.242377422749996185e-02 -3.190081715583801270e-01 -5.346618890762329102e-01 -4.717887043952941895e-01 -2.743481397628784180e-01 -9.690349549055099487e-02 -3.127501010894775391e-01 -4.119168817996978760e-01 -6.374036073684692383e-01 -4.479320645332336426e-01 -4.237781167030334473e-01 -5.604631304740905762e-01 -7.666253447532653809e-01 -5.815691947937011719e-01 -4.937595725059509277e-01 -6.122865080833435059e-01 -4.961714446544647217e-01 -2.665782570838928223e-01 3.228916227817535400e-01 5.577108860015869141e-01 8.387972116470336914e-01 3.908163607120513916e-01 3.282342851161956787e-01 5.583344027400016785e-03 -3.221750259399414062e-01 -4.530654549598693848e-01 -6.529031395912170410e-01 -1.053059458732604980e+00 -1.081944108009338379e+00 -9.033839106559753418e-01 -4.590382874011993408e-01 -1.673604995012283325e-01 1.871060580015182495e-01 5.741671323776245117e-01 4.609475433826446533e-01 2.365673333406448364e-01 2.161203175783157349e-01
4.411686956882476807e-02 -1.542054712772369385e-01 -1.385645288974046707e-02 -2.326440252363681793e-02 -6.876865774393081665e-02 1.310685649514198303e-02 3.970642983913421631e-01 5.288107395172119141e-01 2.931254506111145020e-01 1.802882999181747437e-01 1.093210354447364807e-01 1.313665658235549927e-01 2.327137589454650879e-01 2.434587329626083374e-01 -1.052054241299629211e-01 -1.592275649309158325e-01 -1.110871210694313049e-01 2.723630890250205994e-02 4.090028405189514160e-01 3.458335399627685547e-01 4.368681013584136963e-01 4.181236028671264648e-01 8.871417045593261719e-01 1.096513032913208008e+00 7.999933362007141113e-01 6.902881264686584473e-01 7.778673768043518066e-01 8.353344202041625977e-01 7.535755038261413574e-01 3.641567826271057129e-01 -2.684674859046936035e-01 -5.751556158065795898e-01 -1.845550835132598877e-01 -3.510810434818267822e-01 -3.397579193115234375e-01 -3.977544605731964111e-01 -5.557635426521301270e-01 -5.899619460105895996e-01 -4.635936617851257324e-01 -2.956103086471557617e-01 -1.904621869325637817e-01 -6.539717316627502441e-01 -8.768777847290039062e-01 -6.401546001434326172e-01 -6.589277386665344238e-01 -7.089121937751770020e-01 -7.019276022911071777e-01 -6.096789240837097168e-01 3.942996561527252197e-01 2.663061022758483887e-01 1.817619353532791138e-01 -4.443627297878265381e-01 -1.295077204704284668e+00 -1.716944336891174316e+00 -7.474004030227661133e-01 1.455377101898193359e+00 1.677134871482849121e+00 -3.958139717578887939e-01 -1.623749375343322754e+00 -1.497648596763610840e+00 -7.210313677787780762e-01 -3.974533975124359131e-01 -1.712523996829986572e-01 1.466287374496459961e-01 4.182885289192199707e-01 8.733545541763305664e-01 6.338683366775512695e-01 1.883124560117721558e-01 -6.150074601173400879e-01 -2.474120378494262695e+00 -1.772944688796997070e+00 -1.168532013893127441e+00 -1.334175705909729004e+00 -2.004890680313110352e+00 -1.304383397102355957e+00 -8.860666155815124512e-01 -2.432365864515304565e-01 1.622133851051330566e-01 6.839944720268249512e-01 6.981503963470458984e-01 1.198005795478820801e+00 9.754480123519897461e-01 7.032164335250854492e-01 2.887957692146301270e-01 -4.026749730110168457e-01 -1.355753779411315918e+00 -2.309557914733886719e+00 -2.689214468002319336e+00 -2.076840639114379883e+00 -1.364365220069885254e+00 -9.726629257202148438e-01 -7.024815678596496582e-01 3.005620650947093964e-02 8.762949705123901367e-01 6.987784504890441895e-01 5.562625527381896973e-01 1.286430478096008301e+00 7.756683826446533203e-01 5.752832293510437012e-01 7.481781244277954102e-01 3.326471745967864990e-01 4.681476652622222900e-01 2.913309335708618164e-01 2.466381490230560303e-01 3.136473000049591064e-01 2.975756227970123291e-01 2.038172036409378052e-01 3.250514864921569824e-01 5.007857084274291992e-01 6.656176447868347168e-01 7.295681238174438477e-01 6.419342160224914551e-01 6.602968573570251465e-01 8.360865712165832520e-01 9.321010708808898926e-01 9.897080063819885254e-01 1.126073122024536133e+00 9.540296196937561035e-01 6.758728027343750000e-01 6.174963712692260742e-01 7.212433815002441406e-01 5.604205727577209473e-01 3.151421844959259033e-01 3.764097392559051514e-01 3.596766293048858643e-01 2.849396467208862305e-01 4.714026749134063721e-01 4.322836101055145264e-01
-3.740369081497192383e-01 -3.979858458042144775e-01 -1.731322258710861206e-01 -1.003408133983612061e-01 -1.371376775205135345e-02 2.238898128271102905e-01 3.900517225265502930e-01 3.606799244880676270e-01 4.017065465450286865e-01 4.790832698345184326e-01 1.932455301284790039e-01 -4.119786620140075684e-02 -1.170535683631896973e-01 -2.319561690092086792e-01 -1.887809336185455322e-01 1.426459997892379761e-01 -3.902513384819030762e-01 8.443238213658332825e-03 4.300208985805511475e-01 6.525558233261108398e-01 5.179834961891174316e-01 4.890380203723907471e-01 7.952436804771423340e-01 1.211506128311157227e+00 1.467108964920043945e+00 1.265390157699584961e+00 9.144170880317687988e-01 7.353543043136596680e-01 6.355673670768737793e-01 6.142070293426513672e-01 1.877343803644180298e-01 -1.278471648693084717e-01 -2.862049341201782227e-01 -2.439047843217849731e-01 -2.497444450855255127e-01 -1.845289617776870728e-01 -7.112784683704376221e-02 -1.492781192064285278e-01 3.256220817565917969e-01 9.128125309944152832e-01 8.391225934028625488e-01 5.182053446769714355e-01 -1.259702593088150024e-01 -3.963725864887237549e-01 -4.806608855724334717e-01 -4.627353549003601074e-01 -3.442830443382263184e-01 -4.523697197437286377e-01 -3.295879438519477844e-02 -4.761766791343688965e-01 -4.269241988658905029e-01 -4.789412915706634521e-01 -6.304981708526611328e-01 8.395821452140808105e-01 2.015687704086303711e+00 1.840781807899475098e+00 1.936854004859924316e+00 1.789917707443237305e+00 2.009528726339340210e-01 -1.319136142730712891e+00 -1.339264273643493652e+00 -8.844403624534606934e-01 -3.858768641948699951e-01 -2.571521401405334473e-01 6.014443635940551758e-01 -1.982881128787994385e-01 -5.486845970153808594e-01 -6.737059950828552246e-01 -5.537209510803222656e-01 7.601144313812255859e-01 7.326115965843200684e-01 -1.935581117868423462e-01 1.022819995880126953e+00 1.542385339736938477e+00 1.300825774669647217e-01 -9.542839527130126953e-01 -1.213396906852722168e+00 -4.492933750152587891e-01 6.475815922021865845e-02 -4.675010964274406433e-02 4.691790044307708740e-01 3.393138572573661804e-02 -5.035319924354553223e-01 -1.532204747200012207e+00 -2.232430934906005859e+00 -2.727820873260498047e+00 -3.022848844528198242e+00 -3.288281440734863281e+00 -3.065987348556518555e+00 -2.510542154312133789e+00 -2.119838476181030273e+00 -1.266288042068481445e+00 -6.039738655090332031e-01 -1.235188841819763184e-01 -1.138612255454063416e-01 3.843255937099456787e-01 -1.656951382756233215e-02 8.791594952344894409e-02 3.462929129600524902e-01 3.757878541946411133e-01 5.808490514755249023e-01 3.561263382434844971e-01 6.022121012210845947e-02 -9.144412726163864136e-02 -1.914113610982894897e-01 -1.470646709203720093e-01 -8.800045400857925415e-02 5.589191615581512451e-02 6.331808865070343018e-02 -2.112486064434051514e-01 -2.452334463596343994e-01 6.104674935340881348e-01 2.500907778739929199e-01 3.281198143959045410e-01 5.067557096481323242e-01 4.062272012233734131e-01 5.001439452171325684e-01 4.809592962265014648e-01 6.218619942665100098e-01 3.797838091850280762e-01 4.749790132045745850e-01 3.761736452579498291e-01 4.326712787151336670e-01 2.662706077098846436e-01 2.350194156169891357e-01 2.594642043113708496e-01 6.982472538948059082e-01 1.090931296348571777e+00
3.368938863277435303e-01 1.610448807477951050e-01 -5.570534244179725647e-02 3.110575489699840546e-02 8.580960566177964211e-04 1.051809191703796387e-01 4.756628721952438354e-02 6.086770072579383850e-02 1.685376614332199097e-01 2.391239106655120850e-01 5.253927111625671387e-01 3.829640448093414307e-01 3.181043863296508789e-01 4.041215181350708008e-01 4.811596572399139404e-01 6.420112848281860352e-01 -5.091860294342041016e-01 -3.343782424926757812e-01 9.350177645683288574e-02 3.273911178112030029e-01 1.097638130187988281e+00 1.246893882751464844e+00 9.603340029716491699e-01 9.463451504707336426e-01 8.220177888870239258e-01 7.801313996315002441e-01 8.230030536651611328e-01 5.481956005096435547e-01 3.479792773723602295e-01 5.139461532235145569e-02 -6.069096177816390991e-02 -2.902319133281707764e-01 4.055792391300201416e-01 3.246180713176727295e-01 -3.059886954724788666e-02 -3.357253670692443848e-01 -5.470850467681884766e-01 -9.735682010650634766e-01 -1.995476603507995605e+00 -2.212201356887817383e+00 -2.105330944061279297e+00 -1.810304641723632812e+00 -1.227883577346801758e+00 -1.002291798591613770e+00 -4.588356912136077881e-01 -2.279706299304962158e-01 -1.137736737728118896e-01 4.323870837688446045e-01 9.695704579353332520e-01 1.221993088722229004e+00 1.428582310676574707e+00 1.994465947151184082e+00 1.912321090698242188e+00 2.106020301580429077e-01 -1.510933279991149902e+00 -1.024454593658447266e+00 -9.863362312316894531e-01 -1.003960728645324707e+00 4.238781630992889404e-01 1.070586085319519043e+00 1.369093418121337891e+00 1.083101034164428711e+00 1.067888140678405762e+00 1.135386109352111816e+00 1.056430816650390625e+00 1.390451550483703613e+00 1.615061521530151367e+00 1.776248693466186523e+00 1.661929607391357422e+00 1.884848028421401978e-01 -1.706463098526000977e+00 -1.279865264892578125e+00 -1.429426908493041992e+00 -5.730094313621520996e-01 1.101909875869750977e+00 1.610879540443420410e+00 1.616890072822570801e+00 1.478990793228149414e+00 1.158196091651916504e+00 1.155064344406127930e+00 7.675164192914962769e-02 -1.514246463775634766e-01 -5.019455552101135254e-01 -9.682414531707763672e-01 -9.763523936271667480e-01 -1.891062378883361816e+00 -2.345098018646240234e+00 -2.262042284011840820e+00 -2.360886812210083008e+00 -2.121629238128662109e+00 -1.682939767837524414e+00 -1.222912073135375977e+00 -8.085436224937438965e-01 -2.255715280771255493e-01 2.482991218566894531e-01 5.231851935386657715e-01 -7.073656916618347168e-01 -4.453573524951934814e-01 -1.249025389552116394e-01 3.377424180507659912e-02 3.524303734302520752e-01 4.799837470054626465e-01 3.790745139122009277e-01 2.818495035171508789e-01 1.974219679832458496e-01 -7.289280649274587631e-03 -1.094054654240608215e-01 -3.384720385074615479e-01 -4.020833075046539307e-01 -7.403003573417663574e-01 -8.694127202033996582e-01 -7.345111370086669922e-01 -4.045769274234771729e-01 -2.644712924957275391e-01 -3.143231272697448730e-01 -1.807181686162948608e-01 -6.542190909385681152e-02 2.409229576587677002e-01 -1.167383696883916855e-02 -1.125454008579254150e-01 -7.226772606372833252e-02 -1.908853501081466675e-01 7.386755198240280151e-03 -1.150243431329727173e-01 -8.785424381494522095e-02 -1.497225910425186157e-01 1.615993231534957886e-01 8.811741322278976440e-02
-1.658210456371307373e-01 -1.165147721767425537e-01 1.211231052875518799e-01 2.982946336269378662e-01 1.749282628297805786e-01 1.342979818582534790e-01 5.122619867324829102e-01 7.316375374794006348e-01 8.041044473648071289e-01 3.703507781028747559e-01 2.589192390441894531e-01 4.320763945579528809e-01 3.403500020503997803e-01 4.684266634285449982e-03 -1.689949631690979004e-01 2.654193155467510223e-02 -1.722850054502487183e-01 -9.632807970046997070e-02 3.510462120175361633e-02 3.573454022407531738e-01 4.714452028274536133e-01 2.761908173561096191e-01 6.361149549484252930e-01 3.777215480804443359e-01 4.106501042842864990e-01 1.519292443990707397e-01 2.208899110555648804e-01 3.921643197536468506e-01 1.891218870878219604e-01 -2.615509927272796631e-01 -7.537769675254821777e-01 -5.060225129127502441e-01 -2.126544564962387085e-01 -5.621910095214843750e-01 -6.922420859336853027e-01 -7.753415703773498535e-01 -1.382589459419250488e+00 -1.349030375480651855e+00 -1.309282064437866211e+00 -1.537389636039733887e+00 -1.777168154716491699e+00 -2.224378824234008789e+00 -1.885040163993835449e+00 -1.042241930961608887e+00 -5.008019208908081055e-01 -3.004657030105590820e-01 -1.199586912989616394e-01 2.306897193193435669e-01 -2.374902814626693726e-01 4.694116115570068359e-01 7.086825966835021973e-01 1.965714618563652039e-02 -1.067300558090209961e+00 -2.048541069030761719e+00 -2.228766679763793945e+00 -1.975723624229431152e+00 -1.841238260269165039e+00 -1.273228049278259277e+00 -1.031732201576232910e+00 -3.490726053714752197e-01 2.314742058515548706e-01 3.821983635425567627e-01 2.100492715835571289e-01 -1.640656739473342896e-01 -1.930933743715286255e-01 6.368635296821594238e-01 1.478588819503784180e+00 1.554503083229064941e+00 1.054667234420776367e+00 -4.215868413448333740e-01 -1.767151474952697754e+00 -7.411082983016967773e-01 4.983180761337280273e-01 9.452161788940429688e-01 9.091621041297912598e-01 1.010834693908691406e+00 7.356898188591003418e-01 8.853424191474914551e-01 1.845773309469223022e-01 -1.029583141207695007e-01 6.998652219772338867e-01 9.915047287940979004e-01 1.064661979675292969e+00 1.058019518852233887e+00 7.586814761161804199e-01 4.733191430568695068e-01 5.271239578723907471e-02 -9.635452926158905029e-02 2.251816987991333008e-01 2.066102325916290283e-01 3.970238864421844482e-01 7.799808979034423828e-01 8.213307857513427734e-01 8.624397516250610352e-01 4.680189490318298340e-01 2.514473795890808105e-01 7.240039110183715820e-01 8.156226277351379395e-01 7.764506936073303223e-01 7.798528671264648438e-01 7.324220538139343262e-01 4.832746982574462891e-01 6.749065518379211426e-01 6.968803405761718750e-01 6.211590170860290527e-01 6.575925350189208984e-01 8.469957709312438965e-01 7.975251674652099609e-01 6.913026571273803711e-01 7.614305019378662109e-01 6.326260566711425781e-01 5.032126903533935547e-01 -3.790122270584106445e-01 -1.344801485538482666e-02 4.118772223591804504e-02 4.162128642201423645e-02 -3.040167689323425293e-02 -1.549251079559326172e-01 -1.365903317928314209e-01 -9.015206247568130493e-02 6.542482227087020874e-02 5.104161426424980164e-02 -1.891739219427108765e-01 -3.843268752098083496e-01 -2.596207559108734131e-01 -7.506096363067626953e-02 4.715910181403160095e-03 1.319752931594848633e-01
-5.176969170570373535e-01 -5.059168338775634766e-01 -5.820975899696350098e-01 -4.714305102825164795e-01 -1.590168289840221405e-02 1.755722016096115112e-01 6.528048962354660034e-02 -2.082586139440536499e-01 -6.125066876411437988e-01 -6.188293695449829102e-01 -6.124050617218017578e-01 -5.161414146423339844e-01 -1.283576339483261108e-01 -9.091745316982269287e-02 -2.169949263334274292e-01 -1.046552658081054688e-01 -1.212670840322971344e-02 -3.251183927059173584e-01 -4.298403561115264893e-01 -3.881551325321197510e-01 -3.366840779781341553e-01 -2.562118470668792725e-01 -2.072419375181198120e-01 -1.853561103343963623e-01 -3.074417710304260254e-01 -6.460326910018920898e-01 -1.145308136940002441e+00 -1.021442413330078125e+00 -6.252064108848571777e-01 -9.968884289264678955e-02 1.627127826213836670e-01 4.601393043994903564e-01 1.498310416936874390e-01 9.023934602737426758e-01 1.496557712554931641e+00 1.515856146812438965e+00 1.425912857055664062e+00 1.348023533821105957e+00 1.426784992218017578e+00 1.001745462417602539e+00 2.032298445701599121e-01 -5.618894100189208984e-01 -4.814928174018859863e-01 -1.665170341730117798e-01 -5.549377799034118652e-01 -4.884912669658660889e-01 -6.318919658660888672e-01 -4.637066423892974854e-01 6.065804362297058105e-01 1.239961385726928711e+00 1.544686079025268555e+00 1.682469964027404785e+00 1.483278274536132812e+00 1.502274394035339355e+00 1.442548632621765137e+00 -1.283629417419433594e+00 -1.491757869720458984e+00 -1.165114045143127441e+00 -6.790706515312194824e-02 3.461794257164001465e-01 5.347557663917541504e-01 4.532091915607452393e-01 4.071558415889739990e-01 6.377755850553512573e-02 -1.079873591661453247e-01 3.515444993972778320e-01 6.523047089576721191e-01 6.878798604011535645e-01 4.197744131088256836e-01 -7.137706875801086426e-01 -1.696714282035827637e+00 -9.955615997314453125e-01 -1.816629804670810699e-02 1.518833398818969727e+00 2.250690698623657227e+00 1.666021227836608887e+00 1.530233025550842285e+00 1.252920389175415039e+00 1.038201928138732910e+00 6.450882554054260254e-01 -6.224706172943115234e-01 -5.427895784378051758e-01 -3.289634585380554199e-01 -5.663531273603439331e-02 1.004566922783851624e-01 -4.003775417804718018e-01 -2.889976203441619873e-01 3.930286765098571777e-01 1.014352917671203613e+00 1.328191161155700684e+00 1.311630368232727051e+00 1.304433107376098633e+00 1.211446046829223633e+00 1.176831603050231934e+00 1.019011735916137695e+00 4.197075963020324707e-01 -1.461174339056015015e-01 -2.309033721685409546e-01 -5.436123609542846680e-01 -5.532314777374267578e-01 -1.124184370040893555e+00 -1.223678946495056152e+00 -9.113784432411193848e-01 -3.448484838008880615e-01 -4.177030026912689209e-01 -5.830196738243103027e-01 -6.197648644447326660e-01 -6.268330216407775879e-01 -6.578939557075500488e-01 -8.674627542495727539e-01 -6.202922463417053223e-01 -4.548750817775726318e-01 -1.779112964868545532e-01 -6.154723092913627625e-02 -3.869617357850074768e-03 -1.625442132353782654e-02 -6.405633687973022461e-02 -9.090465903282165527e-01 -1.299564242362976074e+00 -1.435371994972229004e+00 -1.104435086250305176e+00 -9.588935375213623047e-01 -8.697146177291870117e-01 -8.824722766876220703e-01 -5.650723576545715332e-01 -1.744557619094848633e-01 -6.922758370637893677e-02 -4.044783767312765121e-03
