5.229151248931884766e-01 5.839120149612426758e-01 6.198273897171020508e-01 6.405717134475708008e-01 5.943778157234191895e-01 5.500125288963317871e-01 4.538500905036926270e-01 3.862648904323577881e-01 3.801960647106170654e-01 4.100903272628784180e-01 4.132795035839080811e-01 4.523315429687500000e-01 4.698165059089660645e-01 4.920957684516906738e-01 5.151717066764831543e-01 5.405718684196472168e-01 6.318106651306152344e-01 5.996163487434387207e-01 5.547652840614318848e-01 4.871068000793457031e-01 4.615321457386016846e-01 4.614743888378143311e-01 4.637340605258941650e-01 4.088324606418609619e-01 3.468289971351623535e-01 3.179774284362792969e-01 3.399522900581359863e-01 3.624937236309051514e-01 3.691954612731933594e-01 3.930491209030151367e-01 4.781333804130554199e-01 4.921870827674865723e-01 5.149024128913879395e-01 5.221671462059020996e-01 4.814125299453735352e-01 4.934445619583129883e-01 5.226204991340637207e-01 5.803106427192687988e-01 5.974705815315246582e-01 5.555452704429626465e-01 5.488466024398803711e-01 5.686544179916381836e-01 5.300493836402893066e-01 4.282313287258148193e-01 3.798141479492187500e-01 4.513283669948577881e-01 4.789922237396240234e-01 4.719780385494232178e-01 4.439711570739746094e-01 4.363240301609039307e-01 3.471883833408355713e-01 4.085161387920379639e-01 5.230696201324462891e-01 6.732671260833740234e-01 7.037262916564941406e-01 7.115022540092468262e-01 7.856919765472412109e-01 7.716724276542663574e-01 7.275703549385070801e-01 4.758868515491485596e-01 3.875647187232971191e-01 2.719438672065734863e-01 3.941673934459686279e-01 4.435087144374847412e-01 4.195689558982849121e-01 3.859091103076934814e-01 2.998730242252349854e-01 3.706142306327819824e-01 6.008720397949218750e-01 6.843785643577575684e-01 7.180651426315307617e-01 7.590382695198059082e-01 8.716150522232055664e-01 8.870074748992919922e-01 7.287998795509338379e-01 4.377915859222412109e-01 3.707338273525238037e-01 3.283006548881530762e-01 4.404404461383819580e-01 4.438248872756958008e-01 4.515470266342163086e-01 4.408905506134033203e-01 4.287154972553253174e-01 4.731287062168121338e-01 4.457728862762451172e-01 5.531299114227294922e-01 5.937709212303161621e-01 6.473436355590820312e-01 6.624724864959716797e-01 5.933763384819030762e-01 4.850475490093231201e-01 4.052668213844299316e-01 3.377714753150939941e-01 4.586835503578186035e-01 4.458920657634735107e-01 3.799369037151336670e-01 5.274625420570373535e-01 4.774556457996368408e-01 4.013062715530395508e-01 3.797107338905334473e-01 4.619994163513183594e-01 4.875336885452270508e-01 4.929078519344329834e-01 5.054920315742492676e-01 4.952853918075561523e-01 4.844558238983154297e-01 4.653258919715881348e-01 4.904824495315551758e-01 5.103520750999450684e-01 4.178904592990875244e-01 3.917656540870666504e-01 3.710507452487945557e-01 5.632393360137939453e-01 4.752543270587921143e-01 4.120125174522399902e-01 4.020260274410247803e-01 4.624182879924774170e-01 4.648567736148834229e-01 4.668126702308654785e-01 4.746725857257843018e-01 4.791864454746246338e-01 5.160834193229675293e-01 5.780404210090637207e-01 5.168305039405822754e-01 4.813639521598815918e-01 4.445163905620574951e-01 4.000545442104339600e-01 2.539467811584472656e-01
5.528969168663024902e-01 5.730234384536743164e-01 5.591129064559936523e-01 5.989041328430175781e-01 5.703173279762268066e-01 5.876457095146179199e-01 5.568802356719970703e-01 5.610187053680419922e-01 5.274387598037719727e-01 5.227085947990417480e-01 5.363730192184448242e-01 5.401830077171325684e-01 4.950052499771118164e-01 4.397051930427551270e-01 4.373166561126708984e-01 4.682797491550445557e-01 5.682488083839416504e-01 5.647910237312316895e-01 5.120552182197570801e-01 4.049053490161895752e-01 3.837963342666625977e-01 2.868621647357940674e-01 2.462811321020126343e-01 2.264277637004852295e-01 2.780962586402893066e-01 3.664131462574005127e-01 4.192090928554534912e-01 5.099799633026123047e-01 5.009522438049316406e-01 4.841972887516021729e-01 4.379122257232666016e-01 4.510314762592315674e-01 4.782651662826538086e-01 4.440115988254547119e-01 4.282603561878204346e-01 3.938555717468261719e-01 4.109003841876983643e-01 4.312516748905181885e-01 3.740766942501068115e-01 2.157221287488937378e-01 1.809589117765426636e-01 2.275773882865905762e-01 2.683896422386169434e-01 3.451732993125915527e-01 4.267495274543762207e-01 4.335152506828308105e-01 4.100939929485321045e-01 4.427157938480377197e-01 5.355482697486877441e-01 5.932562947273254395e-01 6.849426031112670898e-01 7.755149006843566895e-01 8.329904079437255859e-01 8.931626081466674805e-01 7.263392210006713867e-01 4.123124778270721436e-01 2.742999494075775146e-01 2.014814764261245728e-01 2.323222309350967407e-01 3.687534034252166748e-01 4.351864159107208252e-01 3.907402753829956055e-01 4.805525541305541992e-01 5.412548780441284180e-01 5.744484066963195801e-01 6.149947047233581543e-01 7.107518315315246582e-01 7.426502108573913574e-01 7.355309128761291504e-01 6.451119184494018555e-01 5.167832374572753906e-01 3.922886848449707031e-01 2.606067657470703125e-01 2.629966437816619873e-01 3.143858611583709717e-01 4.265786111354827881e-01 4.316209852695465088e-01 3.835959732532501221e-01 5.213298201560974121e-01 5.577081441879272461e-01 6.394354701042175293e-01 6.321830749511718750e-01 6.648054122924804688e-01 6.342916488647460938e-01 5.114667415618896484e-01 4.281930923461914062e-01 3.427391052246093750e-01 2.943774461746215820e-01 3.303576707839965820e-01 3.606040477752685547e-01 3.940243422985076904e-01 4.229995608329772949e-01 4.361515939235687256e-01 4.653682410717010498e-01 4.695014655590057373e-01 4.844191670417785645e-01 6.005539298057556152e-01 5.859920382499694824e-01 5.384311676025390625e-01 5.398551821708679199e-01 5.269703865051269531e-01 5.360625386238098145e-01 5.171098113059997559e-01 5.553060770034790039e-01 5.790930986404418945e-01 6.292086243629455566e-01 6.047719717025756836e-01 5.825608968734741211e-01 5.450938940048217773e-01 5.240723490715026855e-01 5.303136110305786133e-01 5.058754086494445801e-01 4.882092475891113281e-01 4.935586750507354736e-01 4.936252534389495850e-01 5.077641010284423828e-01 5.242030024528503418e-01 5.721952915191650391e-01 6.444341540336608887e-01 5.950645804405212402e-01 5.771341919898986816e-01 5.757600069046020508e-01 5.480648875236511230e-01 5.163351297378540039e-01 4.895713329315185547e-01 4.927829205989837646e-01 4.997645318508148193e-01 5.479581356048583984e-01
5.110488533973693848e-01 5.431901216506958008e-01 5.384212136268615723e-01 5.124207139015197754e-01 4.952694773674011230e-01 4.717329144477844238e-01 4.553615450859069824e-01 4.280239343643188477e-01 3.762936592102050781e-01 3.654972016811370850e-01 4.016823172569274902e-01 4.373300075531005859e-01 4.560702741146087646e-01 5.075031518936157227e-01 5.266476869583129883e-01 5.088136196136474609e-01 5.333198308944702148e-01 4.552238881587982178e-01 4.022887647151947021e-01 4.108338952064514160e-01 4.058492779731750488e-01 3.972246050834655762e-01 3.871358633041381836e-01 4.036446809768676758e-01 4.257201552391052246e-01 4.641992151737213135e-01 4.850110709667205811e-01 4.549317955970764160e-01 4.246457815170288086e-01 4.413884282112121582e-01 5.064147114753723145e-01 5.622544884681701660e-01 3.697342276573181152e-01 3.515149056911468506e-01 3.395530581474304199e-01 4.589126706123352051e-01 5.301378965377807617e-01 5.382817983627319336e-01 5.324386358261108398e-01 5.222578644752502441e-01 5.818768143653869629e-01 5.900714397430419922e-01 5.939005017280578613e-01 5.996059179306030273e-01 6.028954982757568359e-01 5.074747800827026367e-01 4.572865068912506104e-01 4.847554564476013184e-01 5.559895038604736328e-01 6.268560290336608887e-01 7.644196152687072754e-01 8.535784482955932617e-01 8.688613772392272949e-01 8.148088455200195312e-01 7.630627155303955078e-01 8.661457300186157227e-01 8.796654939651489258e-01 6.228538751602172852e-01 4.861433804035186768e-01 4.532938599586486816e-01 4.461377561092376709e-01 4.468701779842376709e-01 4.221471846103668213e-01 4.516441524028778076e-01 5.929414033889770508e-01 6.530430316925048828e-01 7.047470808029174805e-01 7.684195041656494141e-01 7.403534054756164551e-01 6.639658212661743164e-01 5.972723960876464844e-01 4.260443747043609619e-01 2.516009211540222168e-01 2.668070793151855469e-01 3.971711099147796631e-01 5.302222371101379395e-01 6.142865419387817383e-01 5.992628335952758789e-01 5.908910632133483887e-01 5.766857862472534180e-01 4.697006642818450928e-01 4.497625231742858887e-01 4.331890642642974854e-01 4.112197756767272949e-01 4.012868106365203857e-01 3.656522929668426514e-01 3.006069660186767578e-01 3.294923901557922363e-01 4.698549211025238037e-01 6.207166314125061035e-01 7.573978900909423828e-01 7.043502330780029297e-01 6.347272396087646484e-01 5.875918269157409668e-01 5.732729434967041016e-01 5.249922275543212891e-01 4.025319516658782959e-01 4.280635118484497070e-01 4.184581935405731201e-01 4.083589315414428711e-01 4.335915744304656982e-01 3.594742119312286377e-01 3.234287202358245850e-01 2.926153838634490967e-01 3.257033824920654297e-01 3.663061559200286865e-01 3.826824128627777100e-01 3.988021910190582275e-01 4.070786237716674805e-01 4.306829869747161865e-01 4.431348741054534912e-01 4.817637205123901367e-01 4.247682392597198486e-01 4.027515351772308350e-01 4.442290365695953369e-01 4.589649438858032227e-01 4.604194462299346924e-01 4.759284555912017822e-01 4.416340589523315430e-01 4.181495606899261475e-01 3.649622797966003418e-01 3.347885310649871826e-01 3.455596268177032471e-01 3.878576755523681641e-01 4.284472167491912842e-01 4.340134859085083008e-01 4.176657497882843018e-01 4.428823292255401611e-01
4.872690141201019287e-01 4.500685930252075195e-01 4.583595395088195801e-01 4.613734483718872070e-01 4.482193291187286377e-01 3.962317407131195068e-01 3.818424940109252930e-01 3.954484462738037109e-01 4.414042532444000244e-01 4.651461541652679443e-01 5.018189549446105957e-01 4.650278687477111816e-01 4.633034467697143555e-01 4.263858795166015625e-01 3.669531345367431641e-01 3.309429585933685303e-01 4.643096625804901123e-01 4.766820669174194336e-01 4.721695184707641602e-01 4.878991842269897461e-01 4.880804717540740967e-01 4.472145736217498779e-01 4.337196648120880127e-01 4.529260396957397461e-01 4.325753748416900635e-01 4.024599492549896240e-01 4.088082313537597656e-01 4.630817770957946777e-01 5.294303297996520996e-01 5.127084255218505859e-01 4.698233306407928467e-01 4.145038723945617676e-01 6.341838836669921875e-01 6.878575086593627930e-01 7.009597420692443848e-01 7.318478822708129883e-01 7.551721930503845215e-01 7.298715114593505859e-01 7.102304100990295410e-01 6.246210932731628418e-01 5.308994650840759277e-01 4.983427524566650391e-01 5.100879073143005371e-01 5.276695489883422852e-01 4.795080423355102539e-01 4.779712259769439697e-01 4.064729809761047363e-01 3.885663747787475586e-01 5.595216155052185059e-01 6.727462410926818848e-01 7.026443481445312500e-01 7.601950764656066895e-01 7.797153592109680176e-01 7.929949760437011719e-01 6.395108699798583984e-01 3.304403126239776611e-01 2.025272250175476074e-01 2.277560681104660034e-01 3.427527546882629395e-01 5.454488992691040039e-01 6.306674480438232422e-01 5.972149372100830078e-01 5.559896826744079590e-01 5.060888528823852539e-01 5.255008339881896973e-01 5.883610844612121582e-01 6.845259666442871094e-01 7.601005434989929199e-01 7.442051172256469727e-01 7.546651363372802734e-01 6.644474864006042480e-01 3.919320106506347656e-01 2.883042991161346436e-01 2.248819470405578613e-01 2.808545529842376709e-01 3.771556019783020020e-01 4.145385026931762695e-01 4.294472038745880127e-01 4.422106444835662842e-01 3.715822398662567139e-01 4.850133061408996582e-01 4.979108273983001709e-01 5.514846444129943848e-01 6.564208865165710449e-01 7.220416665077209473e-01 7.325956821441650391e-01 7.319031953811645508e-01 7.173250913619995117e-01 6.719501018524169922e-01 5.831328630447387695e-01 4.831039905548095703e-01 4.682503342628479004e-01 4.502243697643280029e-01 4.098252058029174805e-01 3.742346763610839844e-01 3.647948801517486572e-01 3.963234424591064453e-01 3.864541053771972656e-01 3.322215378284454346e-01 2.866918146610260010e-01 3.278507590293884277e-01 3.855313658714294434e-01 4.522756636142730713e-01 4.734208881855010986e-01 4.775922000408172607e-01 4.489590823650360107e-01 4.719493389129638672e-01 4.490112364292144775e-01 4.561521708965301514e-01 4.078869819641113281e-01 3.988427519798278809e-01 3.522672951221466064e-01 4.571681022644042969e-01 4.634341597557067871e-01 4.094709455966949463e-01 3.857726156711578369e-01 3.629984557628631592e-01 3.687302172183990479e-01 3.729940950870513916e-01 4.193360209465026855e-01 4.175790846347808838e-01 4.447109997272491455e-01 4.708895981311798096e-01 4.865753948688507080e-01 4.785728752613067627e-01 4.852042794227600098e-01 5.061991214752197266e-01 4.837194085121154785e-01
4.012262225151062012e-01 4.360846579074859619e-01 4.624575972557067871e-01 4.936107695102691650e-01 5.173416733741760254e-01 5.390462279319763184e-01 5.609238743782043457e-01 5.581398010253906250e-01 5.503423213958740234e-01 5.477200746536254883e-01 5.271895527839660645e-01 4.764397144317626953e-01 4.501193165779113770e-01 4.557647109031677246e-01 4.495549201965332031e-01 4.499344229698181152e-01 6.003771424293518066e-01 6.317425966262817383e-01 6.561908721923828125e-01 6.848356723785400391e-01 7.110036611557006836e-01 6.754527091979980469e-01 6.671148538589477539e-01 6.494536995887756348e-01 6.385740637779235840e-01 6.167700290679931641e-01 6.329709887504577637e-01 6.346402168273925781e-01 6.296773552894592285e-01 5.846285223960876465e-01 5.644525289535522461e-01 5.212026834487915039e-01 6.291532516479492188e-01 6.753780841827392578e-01 6.917933225631713867e-01 6.852204203605651855e-01 6.605195403099060059e-01 6.363058686256408691e-01 5.307496786117553711e-01 4.185502827167510986e-01 3.328490555286407471e-01 3.828869462013244629e-01 4.686397314071655273e-01 5.338150262832641602e-01 5.678503513336181641e-01 6.274231076240539551e-01 6.520459651947021484e-01 6.022177934646606445e-01 4.888546764850616455e-01 5.419519543647766113e-01 5.443443059921264648e-01 5.694674849510192871e-01 5.655174851417541504e-01 4.689973890781402588e-01 3.546689152717590332e-01 3.672731816768646240e-01 4.617107212543487549e-01 6.622231602668762207e-01 7.666633129119873047e-01 8.156575560569763184e-01 7.933398485183715820e-01 7.622987627983093262e-01 6.624058485031127930e-01 5.889686942100524902e-01 3.484703600406646729e-01 3.188228309154510498e-01 4.129447042942047119e-01 4.949119687080383301e-01 4.588228762149810791e-01 3.492324054241180420e-01 4.316586256027221680e-01 6.849682331085205078e-01 7.185406088829040527e-01 6.238121986389160156e-01 5.690841674804687500e-01 5.633698105812072754e-01 5.419034957885742188e-01 5.784754753112792969e-01 5.623485445976257324e-01 5.064370632171630859e-01 3.438189625740051270e-01 3.610290288925170898e-01 3.603869974613189697e-01 3.356418013572692871e-01 3.212105333805084229e-01 2.928146123886108398e-01 2.555973827838897705e-01 2.279811352491378784e-01 1.889976263046264648e-01 2.015439420938491821e-01 2.102282494306564331e-01 2.375802248716354370e-01 3.324124217033386230e-01 3.270317316055297852e-01 3.217732608318328857e-01 3.649027943611145020e-01 5.059927701950073242e-01 5.422613024711608887e-01 4.932341873645782471e-01 4.296963214874267578e-01 3.618885278701782227e-01 3.466091454029083252e-01 3.243262767791748047e-01 2.685880661010742188e-01 3.013123869895935059e-01 3.046431541442871094e-01 3.308627009391784668e-01 3.418387174606323242e-01 3.596696555614471436e-01 4.030228853225708008e-01 4.235909581184387207e-01 3.918386399745941162e-01 4.955187141895294189e-01 5.417873263359069824e-01 5.720846056938171387e-01 5.916232466697692871e-01 5.799470543861389160e-01 5.798240303993225098e-01 5.328738689422607422e-01 4.978334903717041016e-01 4.778276979923248291e-01 4.681409597396850586e-01 4.400948882102966309e-01 4.541666209697723389e-01 4.436087906360626221e-01 4.321258068084716797e-01 4.380774199962615967e-01 4.644600749015808105e-01
4.233339130878448486e-01 4.207808077335357666e-01 4.151027202606201172e-01 4.587684571743011475e-01 4.744315445423126221e-01 4.668933749198913574e-01 5.269474387168884277e-01 5.013881921768188477e-01 4.772534072399139404e-01 4.765280485153198242e-01 4.821749329566955566e-01 5.154420733451843262e-01 5.032178759574890137e-01 4.965498745441436768e-01 4.833121001720428467e-01 4.747804403305053711e-01 5.117408037185668945e-01 5.359315872192382812e-01 5.497363209724426270e-01 5.549744367599487305e-01 5.150567889213562012e-01 4.771172702312469482e-01 3.840897083282470703e-01 3.872677385807037354e-01 4.023898839950561523e-01 4.308705329895019531e-01 4.605938494205474854e-01 5.256713032722473145e-01 5.396823883056640625e-01 5.082353353500366211e-01 4.603257775306701660e-01 4.263065755367279053e-01 5.292125940322875977e-01 5.018228292465209961e-01 4.909759461879730225e-01 5.235592126846313477e-01 4.882619976997375488e-01 4.504700601100921631e-01 4.190797805786132812e-01 4.440690875053405762e-01 4.754515290260314941e-01 5.494913458824157715e-01 6.206700801849365234e-01 7.022597193717956543e-01 7.355676889419555664e-01 7.277626991271972656e-01 6.671649813652038574e-01 5.684487819671630859e-01 4.929542541503906250e-01 4.371477067470550537e-01 3.578727841377258301e-01 4.020207524299621582e-01 3.121605813503265381e-01 1.804537028074264526e-01 1.341728270053863525e-01 1.817155480384826660e-01 2.176291793584823608e-01 1.659776866436004639e-01 1.329078376293182373e-01 2.202755510807037354e-01 4.806715250015258789e-01 5.520942807197570801e-01 5.125704407691955566e-01 5.358974933624267578e-01 6.172338724136352539e-01 6.255387663841247559e-01 5.104303956031799316e-01 4.660133123397827148e-01 4.938357174396514893e-01 6.512029170989990234e-01 7.908036708831787109e-01 9.126765131950378418e-01 8.949823379516601562e-01 7.195480465888977051e-01 5.902580022811889648e-01 4.917826354503631592e-01 5.107018351554870605e-01 4.511365890502929688e-01 4.229881763458251953e-01 4.006113409996032715e-01 5.101857781410217285e-01 6.401927471160888672e-01 7.546416521072387695e-01 8.175832033157348633e-01 8.081723451614379883e-01 7.806290388107299805e-01 6.893338561058044434e-01 5.569049119949340820e-01 4.633398950099945068e-01 4.024041295051574707e-01 4.341924786567687988e-01 4.765222370624542236e-01 4.477358162403106689e-01 4.617478251457214355e-01 4.726581275463104248e-01 4.256892204284667969e-01 5.583555102348327637e-01 4.461917281150817871e-01 4.316779077053070068e-01 4.197592735290527344e-01 4.711829423904418945e-01 5.340923070907592773e-01 5.208029747009277344e-01 5.112611651420593262e-01 5.018299818038940430e-01 4.884583950042724609e-01 4.866158366203308105e-01 4.884389936923980713e-01 4.839518666267395020e-01 5.124701857566833496e-01 4.672833681106567383e-01 4.315339922904968262e-01 5.323875546455383301e-01 4.940773844718933105e-01 4.592019915580749512e-01 4.059828817844390869e-01 4.017773568630218506e-01 3.938955664634704590e-01 3.849065005779266357e-01 4.004723727703094482e-01 4.172065854072570801e-01 4.405891299247741699e-01 4.343067705631256104e-01 4.331069886684417725e-01 4.438396394252777100e-01 4.519597589969635010e-01 4.267788529396057129e-01 3.883766829967498779e-01
5.514797568321228027e-01 6.131178140640258789e-01 5.850539207458496094e-01 5.621230602264404297e-01 5.395491123199462891e-01 5.233682394027709961e-01 5.382071733474731445e-01 5.205560922622680664e-01 4.964771270751953125e-01 4.641725420951843262e-01 4.526744186878204346e-01 4.490370154380798340e-01 4.371913671493530273e-01 3.923793733119964600e-01 4.213327467441558838e-01 4.499570131301879883e-01 5.898677110671997070e-01 5.778257250785827637e-01 5.640177726745605469e-01 5.123962163925170898e-01 5.032215118408203125e-01 5.106109976768493652e-01 5.460333824157714844e-01 5.305652022361755371e-01 5.063298940658569336e-01 4.980997443199157715e-01 4.588299095630645752e-01 3.958374261856079102e-01 3.755646944046020508e-01 3.828512132167816162e-01 4.650020599365234375e-01 5.064548254013061523e-01 5.126531124114990234e-01 5.142597556114196777e-01 4.667729437351226807e-01 4.839564859867095947e-01 5.382702946662902832e-01 6.535257101058959961e-01 7.045375108718872070e-01 7.161520719528198242e-01 7.163605690002441406e-01 7.303069233894348145e-01 8.202520012855529785e-01 8.492418527603149414e-01 7.155738472938537598e-01 6.064497828483581543e-01 5.089038610458374023e-01 5.705640316009521484e-01 4.668338894844055176e-01 3.302108049392700195e-01 3.429228961467742920e-01 5.394238829612731934e-01 4.980676174163818359e-01 4.163850247859954834e-01 3.921946585178375244e-01 3.116493523120880127e-01 4.122512638568878174e-01 4.475861787796020508e-01 5.917533636093139648e-01 6.942455768585205078e-01 7.754333019256591797e-01 8.265311121940612793e-01 8.101282119750976562e-01 7.525473237037658691e-01 3.259367644786834717e-01 1.720400452613830566e-01 2.623489201068878174e-01 3.681949973106384277e-01 2.541106045246124268e-01 1.855266094207763672e-01 2.065406888723373413e-01 3.448191881179809570e-01 4.480760395526885986e-01 4.181373417377471924e-01 3.668224811553955078e-01 3.178822398185729980e-01 3.694613277912139893e-01 4.879303276538848877e-01 4.787767231464385986e-01 4.939322471618652344e-01 4.110127091407775879e-01 3.391244411468505859e-01 3.154050111770629883e-01 3.736546337604522705e-01 4.443041682243347168e-01 4.431803822517395020e-01 5.108554363250732422e-01 6.461035609245300293e-01 6.988801956176757812e-01 5.685302615165710449e-01 4.705972671508789062e-01 4.280098974704742432e-01 3.969546556472778320e-01 4.109388589859008789e-01 3.953052461147308350e-01 3.986845612525939941e-01 5.085348486900329590e-01 5.114201307296752930e-01 4.538651108741760254e-01 4.045406281948089600e-01 4.673501849174499512e-01 4.711980819702148438e-01 4.502227008342742920e-01 4.701927602291107178e-01 4.868833124637603760e-01 4.688279926776885986e-01 4.463705122470855713e-01 4.017379879951477051e-01 4.191680550575256348e-01 4.967536330223083496e-01 5.078098773956298828e-01 4.860467314720153809e-01 6.911358833312988281e-01 6.225836277008056641e-01 5.928388237953186035e-01 5.311888456344604492e-01 5.043166279792785645e-01 5.018398761749267578e-01 4.859997928142547607e-01 4.567841291427612305e-01 4.506427347660064697e-01 4.295260012149810791e-01 4.333139955997467041e-01 4.419119656085968018e-01 4.577212929725646973e-01 5.076602101325988770e-01 4.676332771778106689e-01 4.875596463680267334e-01
4.738356173038482666e-01 4.407651126384735107e-01 4.417148232460021973e-01 4.581040441989898682e-01 3.958889245986938477e-01 3.802709281444549561e-01 3.948423862457275391e-01 4.279277622699737549e-01 4.312180578708648682e-01 4.052056074142456055e-01 3.809972703456878662e-01 3.881096243858337402e-01 4.707412421703338623e-01 4.698625504970550537e-01 5.001479387283325195e-01 5.083311200141906738e-01 3.524903059005737305e-01 3.854952156543731689e-01 3.605898618698120117e-01 2.812048494815826416e-01 2.740740478038787842e-01 3.307188749313354492e-01 3.692017793655395508e-01 4.045555591583251953e-01 3.568576574325561523e-01 3.236016929149627686e-01 3.239028751850128174e-01 3.953452408313751221e-01 3.928497731685638428e-01 4.118055701255798340e-01 4.454466998577117920e-01 4.601959288120269775e-01 3.993093073368072510e-01 3.404866158962249756e-01 3.817359209060668945e-01 4.131755828857421875e-01 4.861795604228973389e-01 4.854682981967926025e-01 5.896418690681457520e-01 6.976662874221801758e-01 5.900156497955322266e-01 5.251109600067138672e-01 5.336242914199829102e-01 5.020900368690490723e-01 4.314940273761749268e-01 4.369350075721740723e-01 4.466727674007415771e-01 4.105532169342041016e-01 5.121773481369018555e-01 5.879086256027221680e-01 6.917470097541809082e-01 7.900601625442504883e-01 8.434995412826538086e-01 7.795505523681640625e-01 7.832998037338256836e-01 6.757340431213378906e-01 4.560805559158325195e-01 4.112749993801116943e-01 3.846557736396789551e-01 4.342285990715026855e-01 4.717436134815216064e-01 5.261827111244201660e-01 5.029338598251342773e-01 3.665701448917388916e-01 4.648994803428649902e-01 5.772746801376342773e-01 6.877959966659545898e-01 7.410453557968139648e-01 7.938992977142333984e-01 6.991503238677978516e-01 5.691009163856506348e-01 3.604333400726318359e-01 4.684069752693176270e-01 5.300457477569580078e-01 4.738869071006774902e-01 5.371684432029724121e-01 5.703398585319519043e-01 5.798688530921936035e-01 5.153716206550598145e-01 3.606748580932617188e-01 5.627216100692749023e-01 6.003255248069763184e-01 5.884749889373779297e-01 5.464684963226318359e-01 4.815090000629425049e-01 4.095289409160614014e-01 2.729915678501129150e-01 1.890238523483276367e-01 2.696217596530914307e-01 3.419097065925598145e-01 4.370763301849365234e-01 4.743410050868988037e-01 5.161979198455810547e-01 5.304732322692871094e-01 4.750571250915527344e-01 4.166042208671569824e-01 4.317474067211151123e-01 4.636949002742767334e-01 5.359932780265808105e-01 6.115288734436035156e-01 6.367175579071044922e-01 6.394940018653869629e-01 6.220999360084533691e-01 5.939524173736572266e-01 6.344529986381530762e-01 6.239352226257324219e-01 6.316487789154052734e-01 6.603503227233886719e-01 6.914335489273071289e-01 7.062612771987915039e-01 6.341390609741210938e-01 5.197186470031738281e-01 4.222438633441925049e-01 4.434999525547027588e-01 4.934742450714111328e-01 5.018662214279174805e-01 5.702781677246093750e-01 5.577419996261596680e-01 5.575307011604309082e-01 6.354131698608398438e-01 5.869094133377075195e-01 5.896024703979492188e-01 5.584696531295776367e-01 5.423389077186584473e-01 4.630413949489593506e-01 4.223137497901916504e-01 3.846454024314880371e-01 2.956489026546478271e-01
6.625674962997436523e-01 6.594237685203552246e-01 6.182309985160827637e-01 6.144168376922607422e-01 5.674427747726440430e-01 5.510606765747070312e-01 5.303248763084411621e-01 4.679821431636810303e-01 4.400841891765594482e-01 4.745556712150573730e-01 4.760808348655700684e-01 4.737185835838317871e-01 4.865102469921112061e-01 4.647751450538635254e-01 4.936487376689910889e-01 5.325825810432434082e-01 5.644116997718811035e-01 5.185403227806091309e-01 5.191253423690795898e-01 4.534310996532440186e-01 4.670254886150360107e-01 5.222044587135314941e-01 5.496575236320495605e-01 5.270894169807434082e-01 5.284361243247985840e-01 5.120371580123901367e-01 4.722355902194976807e-01 4.437212646007537842e-01 3.827622234821319580e-01 4.049195349216461182e-01 4.037874937057495117e-01 3.740805685520172119e-01 4.763068258762359619e-01 3.851132988929748535e-01 4.483139216899871826e-01 4.684456586837768555e-01 5.781159996986389160e-01 6.409144997596740723e-01 6.828418970108032227e-01 7.561213374137878418e-01 7.428293824195861816e-01 7.150499224662780762e-01 5.648888945579528809e-01 4.472333192825317383e-01 4.512614309787750244e-01 4.982578158378601074e-01 4.258533716201782227e-01 3.126851320266723633e-01 5.428422689437866211e-01 5.267016887664794922e-01 5.892665386199951172e-01 3.567617237567901611e-01 3.223593235015869141e-01 2.136116176843643188e-01 2.595655322074890137e-01 4.524547755718231201e-01 5.809628367424011230e-01 4.370004236698150635e-01 3.057106733322143555e-01 2.862068116664886475e-01 2.767175137996673584e-01 4.307922422885894775e-01 4.507009983062744141e-01 3.267385959625244141e-01 4.710697233676910400e-01 4.664573371410369873e-01 6.041897535324096680e-01 4.420818090438842773e-01 2.523335814476013184e-01 1.590373218059539795e-01 2.344171106815338135e-01 3.572368621826171875e-01 4.162779152393341064e-01 3.131085038185119629e-01 2.230134606361389160e-01 2.321883589029312134e-01 2.705735266208648682e-01 4.628706276416778564e-01 4.945787787437438965e-01 5.085082054138183594e-01 3.361564576625823975e-01 3.368518650531768799e-01 4.217877388000488281e-01 5.755295753479003906e-01 5.474628806114196777e-01 6.016300320625305176e-01 7.216321825981140137e-01 8.252760171890258789e-01 7.977132201194763184e-01 6.333633661270141602e-01 6.065117120742797852e-01 5.551667213439941406e-01 5.144171118736267090e-01 3.992138803005218506e-01 3.885717391967773438e-01 4.936542510986328125e-01 5.338259339332580566e-01 4.908816218376159668e-01 4.750597774982452393e-01 4.262247085571289062e-01 5.072366595268249512e-01 5.701545476913452148e-01 5.569270253181457520e-01 5.281154513359069824e-01 5.059933066368103027e-01 5.267812609672546387e-01 4.866359233856201172e-01 4.616022109985351562e-01 4.836978912353515625e-01 4.863031208515167236e-01 4.428792595863342285e-01 4.908668100833892822e-01 6.595453023910522461e-01 6.168599724769592285e-01 5.953708291053771973e-01 5.848966240882873535e-01 5.038253664970397949e-01 4.766726195812225342e-01 4.435013234615325928e-01 4.497270584106445312e-01 4.631668925285339355e-01 4.692316055297851562e-01 5.078329443931579590e-01 5.322038531303405762e-01 4.694931209087371826e-01 4.736116826534271240e-01 5.144781470298767090e-01 5.720120072364807129e-01
5.319517850875854492e-01 5.605549812316894531e-01 6.041660904884338379e-01 5.777624845504760742e-01 5.793079137802124023e-01 5.655047297477722168e-01 5.088497400283813477e-01 5.118452310562133789e-01 4.876801073551177979e-01 4.777456521987915039e-01 4.842368364334106445e-01 4.960633516311645508e-01 5.651414990425109863e-01 5.638367533683776855e-01 5.824754238128662109e-01 5.425861477851867676e-01 4.774961173534393311e-01 4.739615321159362793e-01 4.765749573707580566e-01 4.430713653564453125e-01 4.097286462783813477e-01 3.711491823196411133e-01 4.198748171329498291e-01 4.539597630500793457e-01 4.880780577659606934e-01 4.734663665294647217e-01 4.300194382667541504e-01 4.308007955551147461e-01 4.117289185523986816e-01 4.522251188755035400e-01 5.016854405403137207e-01 5.489612221717834473e-01 3.831208348274230957e-01 4.403896629810333252e-01 4.496884047985076904e-01 4.811277687549591064e-01 4.836105704307556152e-01 5.485344529151916504e-01 5.821293592453002930e-01 6.035792827606201172e-01 6.353665590286254883e-01 6.166016459465026855e-01 5.482965707778930664e-01 4.882151782512664795e-01 3.721598684787750244e-01 4.038755893707275391e-01 4.598606526851654053e-01 5.322746634483337402e-01 4.321883916854858398e-01 4.759657680988311768e-01 5.463114380836486816e-01 5.247909426689147949e-01 4.227978289127349854e-01 3.154197931289672852e-01 2.953947782516479492e-01 4.490969181060791016e-01 4.869369566440582275e-01 4.724797606468200684e-01 4.164971113204956055e-01 3.219213783740997314e-01 2.262393832206726074e-01 1.097351238131523132e-01 1.733465790748596191e-01 2.740698754787445068e-01 6.880429983139038086e-01 7.361091375350952148e-01 8.353477716445922852e-01 8.950721621513366699e-01 7.805442810058593750e-01 5.145749449729919434e-01 3.088093698024749756e-01 1.841912120580673218e-01 2.287945449352264404e-01 3.454996943473815918e-01 4.432887434959411621e-01 3.825668096542358398e-01 3.610429763793945312e-01 2.396722584962844849e-01 2.415068447589874268e-01 3.428629934787750244e-01 6.069110035896301270e-01 6.246949434280395508e-01 6.650681495666503906e-01 8.235298395156860352e-01 9.411360621452331543e-01 9.390739798545837402e-01 8.704588413238525391e-01 7.936233282089233398e-01 7.296820282936096191e-01 6.908589601516723633e-01 6.255363225936889648e-01 5.755121707916259766e-01 4.657550156116485596e-01 4.771329164505004883e-01 4.606237709522247314e-01 4.535850584506988525e-01 5.061067938804626465e-01 4.381840825080871582e-01 3.669063448905944824e-01 3.532166779041290283e-01 3.705547153949737549e-01 4.019012749195098877e-01 4.555742740631103516e-01 4.564055502414703369e-01 4.398802220821380615e-01 4.667656719684600830e-01 4.513682723045349121e-01 4.719643294811248779e-01 4.819400012493133545e-01 4.954779148101806641e-01 4.893101751804351807e-01 4.862582385540008545e-01 4.495361447334289551e-01 4.316236972808837891e-01 4.141610860824584961e-01 4.430659413337707520e-01 4.347234070301055908e-01 4.576704502105712891e-01 4.642065763473510742e-01 4.776995778083801270e-01 4.627093374729156494e-01 4.937302768230438232e-01 5.100561976432800293e-01 4.887097775936126709e-01 5.040816068649291992e-01 4.776617884635925293e-01 4.859742820262908936e-01 4.810846447944641113e-01
4.674756228923797607e-01 4.586011171340942383e-01 4.636454284191131592e-01 4.791689813137054443e-01 5.050858259201049805e-01 5.103447437286376953e-01 5.146178603172302246e-01 5.673737525939941406e-01 5.508975386619567871e-01 5.632842779159545898e-01 5.522879958152770996e-01 5.674686431884765625e-01 5.325123667716979980e-01 4.806540012359619141e-01 4.615481495857238770e-01 4.419665932655334473e-01 5.611042976379394531e-01 5.631638169288635254e-01 5.743194818496704102e-01 5.957183837890625000e-01 6.043236851692199707e-01 6.179136037826538086e-01 5.812442302703857422e-01 5.519539713859558105e-01 5.487983822822570801e-01 5.789251327514648438e-01 6.301408410072326660e-01 6.320151686668395996e-01 6.208203434944152832e-01 6.041252613067626953e-01 5.653457641601562500e-01 5.418582558631896973e-01 5.905778408050537109e-01 6.046632528305053711e-01 5.394520759582519531e-01 5.627390742301940918e-01 4.966707229614257812e-01 3.592317998409271240e-01 1.919382512569427490e-01 1.190758123993873596e-01 1.182645782828330994e-01 1.616181582212448120e-01 2.769944965839385986e-01 4.229841530323028564e-01 5.373595356941223145e-01 5.972759723663330078e-01 6.070939898490905762e-01 5.904303789138793945e-01 5.568228363990783691e-01 5.964598059654235840e-01 6.554167270660400391e-01 6.474066376686096191e-01 5.276730060577392578e-01 3.608362674713134766e-01 2.713739573955535889e-01 2.921978831291198730e-01 2.052803188562393188e-01 1.697669476270675659e-01 2.606768012046813965e-01 3.432737588882446289e-01 5.191611647605895996e-01 5.775806903839111328e-01 5.908242464065551758e-01 6.304805278778076172e-01 5.979670882225036621e-01 5.688447952270507812e-01 5.316529870033264160e-01 4.813213646411895752e-01 3.275820910930633545e-01 3.776011466979980469e-01 4.882150888442993164e-01 8.213589191436767578e-01 8.331693410873413086e-01 5.089212656021118164e-01 2.826137542724609375e-01 2.927486896514892578e-01 4.314086437225341797e-01 4.975839555263519287e-01 5.858190655708312988e-01 6.288383603096008301e-01 5.195976495742797852e-01 4.655929505825042725e-01 4.661146998405456543e-01 4.159351885318756104e-01 3.878609240055084229e-01 3.380483388900756836e-01 3.823589086532592773e-01 4.644520878791809082e-01 5.139170289039611816e-01 4.356729686260223389e-01 3.995523452758789062e-01 3.703874647617340088e-01 3.830597698688507080e-01 4.449683427810668945e-01 5.437390804290771484e-01 5.747714042663574219e-01 5.376618504524230957e-01 5.349574685096740723e-01 5.527470111846923828e-01 5.349445343017578125e-01 4.983882308006286621e-01 4.048495888710021973e-01 3.534090518951416016e-01 3.615056574344635010e-01 3.493724465370178223e-01 3.834297358989715576e-01 3.559600710868835449e-01 4.110979139804840088e-01 4.354897141456604004e-01 4.402938187122344971e-01 4.893281757831573486e-01 5.331110358238220215e-01 4.878174662590026855e-01 4.953209459781646729e-01 5.087676048278808594e-01 5.373346209526062012e-01 5.602250695228576660e-01 5.866205096244812012e-01 5.836907029151916504e-01 5.819458365440368652e-01 5.447281599044799805e-01 5.192930698394775391e-01 5.133814811706542969e-01 5.296202301979064941e-01 5.433956980705261230e-01 5.554639101028442383e-01 5.456773042678833008e-01 5.628820657730102539e-01
4.802145063877105713e-01 4.241003990173339844e-01 3.712456822395324707e-01 3.262845873832702637e-01 3.285859227180480957e-01 3.219686150550842285e-01 3.920661211013793945e-01 4.102445244789123535e-01 4.362455606460571289e-01 5.061507821083068848e-01 5.736020207405090332e-01 5.982190370559692383e-01 6.351661086082458496e-01 6.762622594833374023e-01 6.930720806121826172e-01 6.556618809700012207e-01 3.547931909561157227e-01 3.621381819248199463e-01 4.168474674224853516e-01 4.256202876567840576e-01 4.578717350959777832e-01 4.256887137889862061e-01 4.026194810867309570e-01 3.974878787994384766e-01 3.979689776897430420e-01 4.231742620468139648e-01 4.316222965717315674e-01 3.635973930358886719e-01 4.490212798118591309e-01 4.737444519996643066e-01 4.493488073348999023e-01 5.467923879623413086e-01 7.358091473579406738e-01 6.638604998588562012e-01 6.509368419647216797e-01 5.396786332130432129e-01 4.865219295024871826e-01 4.924095571041107178e-01 5.003507733345031738e-01 6.706865429878234863e-01 7.602723836898803711e-01 7.363317608833312988e-01 6.107054352760314941e-01 4.956517517566680908e-01 4.964949190616607666e-01 3.709156215190887451e-01 3.415441811084747314e-01 3.291768729686737061e-01 7.000505328178405762e-01 6.475075483322143555e-01 5.666743516921997070e-01 4.617695510387420654e-01 2.946886122226715088e-01 3.986777067184448242e-01 4.582467377185821533e-01 5.171141624450683594e-01 5.512891411781311035e-01 4.539707601070404053e-01 3.198553621768951416e-01 3.435229361057281494e-01 4.005120694637298584e-01 3.867886066436767578e-01 4.384226202964782715e-01 3.885190486907958984e-01 5.376159548759460449e-01 5.317577123641967773e-01 4.750666022300720215e-01 3.777169883251190186e-01 2.979259788990020752e-01 3.851346373558044434e-01 5.024844408035278320e-01 5.908167958259582520e-01 5.607784986495971680e-01 3.749015033245086670e-01 2.471603304147720337e-01 2.731750309467315674e-01 3.659868240356445312e-01 3.086128532886505127e-01 5.096690058708190918e-01 4.773073494434356689e-01 5.869374275207519531e-01 5.873062610626220703e-01 5.785001516342163086e-01 5.368779897689819336e-01 4.722220897674560547e-01 4.336375892162322998e-01 5.925103425979614258e-01 7.397629022598266602e-01 9.202263355255126953e-01 8.888369202613830566e-01 7.089855074882507324e-01 6.346073150634765625e-01 4.681996703147888184e-01 5.186001658439636230e-01 4.426633715629577637e-01 4.372439086437225342e-01 3.294747471809387207e-01 3.791094422340393066e-01 4.758381843566894531e-01 6.263644099235534668e-01 5.768049359321594238e-01 5.370254516601562500e-01 4.487555027008056641e-01 4.138384461402893066e-01 4.171286523342132568e-01 4.274616241455078125e-01 4.138684570789337158e-01 4.599479436874389648e-01 4.516810178756713867e-01 3.811051547527313232e-01 3.989271223545074463e-01 4.204995632171630859e-01 4.230631887912750244e-01 4.027178883552551270e-01 4.019042849540710449e-01 3.901447057723999023e-01 4.110183119773864746e-01 4.061565101146697998e-01 4.164143800735473633e-01 4.591101109981536865e-01 4.557448327541351318e-01 5.024278163909912109e-01 5.132039189338684082e-01 5.360358953475952148e-01 5.816861391067504883e-01 5.942981243133544922e-01 6.373093724250793457e-01 6.730294823646545410e-01
5.757715106010437012e-01 5.751789808273315430e-01 5.337924361228942871e-01 4.733984470367431641e-01 4.655022919178009033e-01 4.208282530307769775e-01 4.434319734573364258e-01 4.544462263584136963e-01 4.170061051845550537e-01 4.169915020465850830e-01 4.344270825386047363e-01 4.481257200241088867e-01 4.720851480960845947e-01 4.771958887577056885e-01 4.940430521965026855e-01 4.815751612186431885e-01 5.375552177429199219e-01 5.302671194076538086e-01 4.761178791522979736e-01 4.354842305183410645e-01 4.740337133407592773e-01 4.611839950084686279e-01 4.557901322841644287e-01 4.219036698341369629e-01 3.853000104427337646e-01 3.430368304252624512e-01 3.323748111724853516e-01 2.975440919399261475e-01 3.307013809680938721e-01 3.657321333885192871e-01 4.656705260276794434e-01 5.171664357185363770e-01 4.453296363353729248e-01 4.238896071910858154e-01 3.934695422649383545e-01 4.065180122852325439e-01 4.458840787410736084e-01 4.809247553348541260e-01 5.664126873016357422e-01 5.172497034072875977e-01 5.072902441024780273e-01 5.179633498191833496e-01 5.333265066146850586e-01 5.440234541893005371e-01 4.817179739475250244e-01 4.754351973533630371e-01 4.268845915794372559e-01 4.766409695148468018e-01 3.658412992954254150e-01 3.315875530242919922e-01 2.736324965953826904e-01 3.833388686180114746e-01 4.917906522750854492e-01 7.103031873703002930e-01 6.932607293128967285e-01 6.979997754096984863e-01 7.432259321212768555e-01 7.455317378044128418e-01 7.396806478500366211e-01 7.446302175521850586e-01 7.734706401824951172e-01 8.113589286804199219e-01 7.183058261871337891e-01 6.189651489257812500e-01 3.673545420169830322e-01 3.375053703784942627e-01 3.106354773044586182e-01 3.604019284248352051e-01 4.531150460243225098e-01 6.231165528297424316e-01 7.501053214073181152e-01 7.435700893402099609e-01 7.625985145568847656e-01 7.847214937210083008e-01 8.001004457473754883e-01 8.323474526405334473e-01 8.789153695106506348e-01 8.221341371536254883e-01 7.254517078399658203e-01 6.149414181709289551e-01 4.215113818645477295e-01 3.906897902488708496e-01 4.191668629646301270e-01 3.867435455322265625e-01 3.796344697475433350e-01 3.977134525775909424e-01 3.973699510097503662e-01 4.423197209835052490e-01 5.176588296890258789e-01 5.429307818412780762e-01 5.966738462448120117e-01 6.033672094345092773e-01 5.366819500923156738e-01 5.076353549957275391e-01 4.257203638553619385e-01 4.488343000411987305e-01 4.629502594470977783e-01 4.203096330165863037e-01 3.775017261505126953e-01 4.232982397079467773e-01 4.375007748603820801e-01 4.360501170158386230e-01 4.514687657356262207e-01 4.287005960941314697e-01 4.014625847339630127e-01 3.663308918476104736e-01 3.560937941074371338e-01 3.448258936405181885e-01 3.870463669300079346e-01 4.131750762462615967e-01 4.961163401603698730e-01 4.835319519042968750e-01 4.268960058689117432e-01 4.201362133026123047e-01 4.187130331993103027e-01 4.091086685657501221e-01 4.132878184318542480e-01 4.516249597072601318e-01 4.293263554573059082e-01 4.554961323738098145e-01 4.481966495513916016e-01 4.026900231838226318e-01 4.145480692386627197e-01 4.556865394115447998e-01 4.374603331089019775e-01 4.375129640102386475e-01 4.375232756137847900e-01 4.188908338546752930e-01
4.138951897621154785e-01 4.027392566204071045e-01 3.584836423397064209e-01 3.668092787265777588e-01 3.466434180736541748e-01 3.649372160434722900e-01 3.191337287425994873e-01 3.259716629981994629e-01 4.053571820259094238e-01 4.778831601142883301e-01 5.036275386810302734e-01 5.375466942787170410e-01 6.044294834136962891e-01 6.301054954528808594e-01 6.135082244873046875e-01 6.441342830657958984e-01 3.295417428016662598e-01 3.630202710628509521e-01 3.509027063846588135e-01 3.708535134792327881e-01 3.687139749526977539e-01 3.829288780689239502e-01 3.151232600212097168e-01 3.354393839836120605e-01 3.757829070091247559e-01 4.033934175968170166e-01 3.851246237754821777e-01 4.053516983985900879e-01 4.443770051002502441e-01 5.129348039627075195e-01 5.504856109619140625e-01 6.495832800865173340e-01 5.553522109985351562e-01 5.481273531913757324e-01 5.309236645698547363e-01 5.488654375076293945e-01 4.568724334239959717e-01 3.733366131782531738e-01 3.788619935512542725e-01 4.991782903671264648e-01 6.113077402114868164e-01 5.758644938468933105e-01 4.622694253921508789e-01 3.927709162235260010e-01 3.774684667587280273e-01 3.786987066268920898e-01 4.185830950736999512e-01 4.859700202941894531e-01 5.951050519943237305e-01 6.240217685699462891e-01 6.976833343505859375e-01 4.566837549209594727e-01 2.716063559055328369e-01 2.683673501014709473e-01 6.202371716499328613e-01 8.381324410438537598e-01 8.785461187362670898e-01 8.234416246414184570e-01 7.178113460540771484e-01 5.317012071609497070e-01 3.346923589706420898e-01 2.841141223907470703e-01 3.003709614276885986e-01 3.554586172103881836e-01 5.676075816154479980e-01 6.267618536949157715e-01 6.253379583358764648e-01 4.458083212375640869e-01 2.699334025382995605e-01 3.481308817863464355e-01 7.611598372459411621e-01 9.656447172164916992e-01 9.835674166679382324e-01 9.585257768630981445e-01 7.495257258415222168e-01 5.675373673439025879e-01 3.439715504646301270e-01 4.250449240207672119e-01 3.256000280380249023e-01 3.473177850246429443e-01 5.199175477027893066e-01 4.944666922092437744e-01 5.085682272911071777e-01 4.597851037979125977e-01 4.898756146430969238e-01 4.379016458988189697e-01 5.001593828201293945e-01 6.133906245231628418e-01 6.169177293777465820e-01 5.360022783279418945e-01 4.465499520301818848e-01 4.430291652679443359e-01 5.059301257133483887e-01 4.545369148254394531e-01 4.528642892837524414e-01 4.777130186557769775e-01 3.474769592285156250e-01 3.994347453117370605e-01 4.530800879001617432e-01 4.871692061424255371e-01 4.745013713836669922e-01 4.515932500362396240e-01 4.214260876178741455e-01 4.245570898056030273e-01 4.210557639598846436e-01 5.028994083404541016e-01 5.286824703216552734e-01 5.370761752128601074e-01 4.847767353057861328e-01 5.106239318847656250e-01 5.411486625671386719e-01 5.799936652183532715e-01 3.196242749691009521e-01 3.305438160896301270e-01 3.548223972320556641e-01 3.416109085083007812e-01 3.683877587318420410e-01 4.134156405925750732e-01 4.367695152759552002e-01 4.700147807598114014e-01 5.201377272605895996e-01 5.146726965904235840e-01 5.545358657836914062e-01 5.604973435401916504e-01 5.211105346679687500e-01 5.615823268890380859e-01 5.867118239402770996e-01 6.118343472480773926e-01
4.210151731967926025e-01 4.325823187828063965e-01 4.616661667823791504e-01 5.096581578254699707e-01 4.966710209846496582e-01 4.759964644908905029e-01 4.769470989704132080e-01 4.861971437931060791e-01 4.953840076923370361e-01 5.033016204833984375e-01 4.624592065811157227e-01 4.474765658378601074e-01 4.026222527027130127e-01 3.588510155677795410e-01 3.907555341720581055e-01 3.915620744228363037e-01 4.351990818977355957e-01 4.369147717952728271e-01 4.658246338367462158e-01 4.647994637489318848e-01 4.166211187839508057e-01 3.822953701019287109e-01 3.706643879413604736e-01 3.524793982505798340e-01 3.721711039543151855e-01 4.101309478282928467e-01 4.446991682052612305e-01 5.220511555671691895e-01 5.171769857406616211e-01 4.677478671073913574e-01 4.099871516227722168e-01 3.666482567787170410e-01 4.529599249362945557e-01 4.419406950473785400e-01 4.239886701107025146e-01 4.086572825908660889e-01 4.949739873409271240e-01 5.250773429870605469e-01 5.792147517204284668e-01 6.183786392211914062e-01 6.465529203414916992e-01 6.689081788063049316e-01 6.524500250816345215e-01 6.546135544776916504e-01 6.966763138771057129e-01 7.211381196975708008e-01 6.811202168464660645e-01 6.454474329948425293e-01 4.993333816528320312e-01 4.367692768573760986e-01 4.168633818626403809e-01 4.015756547451019287e-01 3.632886111736297607e-01 4.067222476005554199e-01 4.229951798915863037e-01 4.329946339130401611e-01 4.515371918678283691e-01 4.549711942672729492e-01 5.279452204704284668e-01 7.423167228698730469e-01 7.911954522132873535e-01 7.175545692443847656e-01 6.376667618751525879e-01 6.138525605201721191e-01 4.898120462894439697e-01 3.591667711734771729e-01 3.168865740299224854e-01 3.190850317478179932e-01 4.609417617321014404e-01 3.923038244247436523e-01 3.180365860462188721e-01 2.887411415576934814e-01 2.861093282699584961e-01 3.190038204193115234e-01 4.296982288360595703e-01 7.261943221092224121e-01 7.627158761024475098e-01 7.429501414299011230e-01 6.590268015861511230e-01 5.963934659957885742e-01 3.930704593658447266e-01 3.798133134841918945e-01 3.755217790603637695e-01 4.652333855628967285e-01 5.460029840469360352e-01 6.640343666076660156e-01 7.473087906837463379e-01 7.017170786857604980e-01 7.198722362518310547e-01 8.005906343460083008e-01 8.684435486793518066e-01 8.906195759773254395e-01 8.162242174148559570e-01 7.318639755249023438e-01 6.456942558288574219e-01 6.303777098655700684e-01 4.666996002197265625e-01 4.927701056003570557e-01 4.901006221771240234e-01 3.914187252521514893e-01 3.416762650012969971e-01 3.377567529678344727e-01 3.391683101654052734e-01 3.356839418411254883e-01 3.461526036262512207e-01 3.680113554000854492e-01 3.551240563392639160e-01 3.858356475830078125e-01 4.575778841972351074e-01 4.895053803920745850e-01 5.131728649139404297e-01 5.876488089561462402e-01 3.633508086204528809e-01 4.348238110542297363e-01 4.563798904418945312e-01 4.520789682865142822e-01 4.260592162609100342e-01 4.290910959243774414e-01 3.813350498676300049e-01 3.406083881855010986e-01 3.289707005023956299e-01 3.312429487705230713e-01 3.689035177230834961e-01 4.226600527763366699e-01 4.295450150966644287e-01 4.416733384132385254e-01 4.470406472682952881e-01 4.880447089672088623e-01
4.863944351673126221e-01 4.851429164409637451e-01 4.479579627513885498e-01 4.088550508022308350e-01 4.096304774284362793e-01 4.574336111545562744e-01 4.933688938617706299e-01 4.559906423091888428e-01 4.372269809246063232e-01 4.105349779129028320e-01 3.966972529888153076e-01 3.942966759204864502e-01 4.695708155632019043e-01 5.158131122589111328e-01 4.680129885673522949e-01 4.715615808963775635e-01 4.668196439743041992e-01 5.217233300209045410e-01 4.107781350612640381e-01 3.542640507221221924e-01 3.537348508834838867e-01 2.565166950225830078e-01 2.873296737670898438e-01 3.094001710414886475e-01 3.481927812099456787e-01 3.688616752624511719e-01 4.449428617954254150e-01 5.198526978492736816e-01 5.752381086349487305e-01 5.501272678375244141e-01 5.104311704635620117e-01 5.182029604911804199e-01 4.177643656730651855e-01 4.374178647994995117e-01 4.406435489654541016e-01 4.579091072082519531e-01 3.456143140792846680e-01 4.088560342788696289e-01 5.067824721336364746e-01 5.965381264686584473e-01 6.522273421287536621e-01 6.896030306816101074e-01 6.743230819702148438e-01 7.133814692497253418e-01 7.295515537261962891e-01 7.232166528701782227e-01 6.230980157852172852e-01 5.331366658210754395e-01 3.379940390586853027e-01 4.027730226516723633e-01 3.531993031501770020e-01 1.909992098808288574e-01 3.034378290176391602e-01 4.053152501583099365e-01 5.191481709480285645e-01 5.046214461326599121e-01 4.385627508163452148e-01 3.847746253013610840e-01 5.236427187919616699e-01 6.761598587036132812e-01 7.749989032745361328e-01 6.824392080307006836e-01 5.920587778091430664e-01 5.017482638359069824e-01 3.376220762729644775e-01 3.321287930011749268e-01 1.916911303997039795e-01 2.301296591758728027e-01 3.526555299758911133e-01 2.764615118503570557e-01 2.341313362121582031e-01 2.325655966997146606e-01 2.694693505764007568e-01 3.945785760879516602e-01 5.349407196044921875e-01 6.211373209953308105e-01 6.516489386558532715e-01 6.122797727584838867e-01 5.624591708183288574e-01 4.927597045898437500e-01 3.071426749229431152e-01 2.975148260593414307e-01 3.013646900653839111e-01 3.130318224430084229e-01 3.489714562892913818e-01 4.721774160861968994e-01 4.508634507656097412e-01 5.355867743492126465e-01 4.818079173564910889e-01 5.317399501800537109e-01 5.597903132438659668e-01 5.788846611976623535e-01 6.051062941551208496e-01 5.856869816780090332e-01 5.378816723823547363e-01 5.090177059173583984e-01 3.861860930919647217e-01 4.764819443225860596e-01 5.616800785064697266e-01 5.426592230796813965e-01 5.587739348411560059e-01 5.752912163734436035e-01 6.046960353851318359e-01 6.476210951805114746e-01 7.032971382141113281e-01 7.210654616355895996e-01 6.972119808197021484e-01 6.750048995018005371e-01 6.526440978050231934e-01 6.256393790245056152e-01 6.188270449638366699e-01 5.367131829261779785e-01 4.348247349262237549e-01 4.583147764205932617e-01 5.024937391281127930e-01 5.070607662200927734e-01 5.366125106811523438e-01 5.551337599754333496e-01 6.197018027305603027e-01 6.629640460014343262e-01 6.858658194541931152e-01 6.924054026603698730e-01 6.523972749710083008e-01 6.169396042823791504e-01 5.798420310020446777e-01 5.358856916427612305e-01 4.568133652210235596e-01 4.133873283863067627e-01
5.061256289482116699e-01 5.177628397941589355e-01 5.200643539428710938e-01 5.317254066467285156e-01 5.377357006072998047e-01 5.127188563346862793e-01 4.911087751388549805e-01 4.572159647941589355e-01 4.461498856544494629e-01 4.136324524879455566e-01 4.247783720493316650e-01 4.130925536155700684e-01 4.128786921501159668e-01 4.908131361007690430e-01 5.671259164810180664e-01 5.117926001548767090e-01 4.566154181957244873e-01 4.565348327159881592e-01 4.569085538387298584e-01 4.748523533344268799e-01 4.803375899791717529e-01 4.706426262855529785e-01 4.401698112487792969e-01 4.542153775691986084e-01 4.560565650463104248e-01 4.589314460754394531e-01 4.415471851825714111e-01 3.892721235752105713e-01 4.077228307723999023e-01 4.248986542224884033e-01 4.474962651729583740e-01 4.702936708927154541e-01 4.159301817417144775e-01 5.248296260833740234e-01 4.856939613819122314e-01 5.215252041816711426e-01 4.265111684799194336e-01 4.752623736858367920e-01 5.342259407043457031e-01 5.698984861373901367e-01 6.328249573707580566e-01 6.932212114334106445e-01 7.444794178009033203e-01 7.455354928970336914e-01 7.069530487060546875e-01 6.279028058052062988e-01 6.356958150863647461e-01 5.971491932868957520e-01 4.353362619876861572e-01 4.155906438827514648e-01 4.285842776298522949e-01 3.154824078083038330e-01 5.434105396270751953e-01 7.691853642463684082e-01 9.442527294158935547e-01 8.532735705375671387e-01 4.180171191692352295e-01 3.912916481494903564e-01 4.562788903713226318e-01 5.789683461189270020e-01 5.974271893501281738e-01 5.554078221321105957e-01 5.801898837089538574e-01 7.487394809722900391e-01 3.943195343017578125e-01 3.222875297069549561e-01 2.928888201713562012e-01 3.483355641365051270e-01 6.198001503944396973e-01 9.237762689590454102e-01 1.000000000000000000e+00 7.983427643775939941e-01 1.823739707469940186e-01 1.175699159502983093e-01 2.341658622026443481e-01 3.199680745601654053e-01 2.602912485599517822e-01 2.476745247840881348e-01 2.886035442352294922e-01 4.080226123332977295e-01 4.654344618320465088e-01 4.287427961826324463e-01 3.667863011360168457e-01 3.346880674362182617e-01 3.957988321781158447e-01 5.219067931175231934e-01 5.856910943984985352e-01 5.961388945579528809e-01 5.731205344200134277e-01 5.229336023330688477e-01 4.857897758483886719e-01 4.637610316276550293e-01 4.332549571990966797e-01 4.100319743156433105e-01 4.066530466079711914e-01 4.373619556427001953e-01 5.023675560951232910e-01 5.204334259033203125e-01 4.491260349750518799e-01 4.236454665660858154e-01 4.352650046348571777e-01 4.894327819347381592e-01 4.735597074031829834e-01 4.571395814418792725e-01 4.725679159164428711e-01 4.688440263271331787e-01 4.704138040542602539e-01 5.060526728630065918e-01 4.875326752662658691e-01 4.838351607322692871e-01 4.910301268100738525e-01 4.967234134674072266e-01 5.576308369636535645e-01 5.509019494056701660e-01 4.608868360519409180e-01 4.562532603740692139e-01 4.857736527919769287e-01 4.689342975616455078e-01 4.588633179664611816e-01 4.497944116592407227e-01 4.546511769294738770e-01 4.360143840312957764e-01 4.591015577316284180e-01 4.602974057197570801e-01 4.913049638271331787e-01 5.078734755516052246e-01 5.372117757797241211e-01 5.577414631843566895e-01
4.575627744197845459e-01 4.864509105682373047e-01 4.715249836444854736e-01 5.092333555221557617e-01 5.167778730392456055e-01 5.570113658905029297e-01 5.102447867393493652e-01 5.732380151748657227e-01 5.712294578552246094e-01 5.895946025848388672e-01 5.503544807434082031e-01 5.009234547615051270e-01 4.507594704627990723e-01 4.270575046539306641e-01 3.874152600765228271e-01 3.488634526729583740e-01 4.399326443672180176e-01 4.852757453918457031e-01 5.219061970710754395e-01 6.475430130958557129e-01 6.568945050239562988e-01 6.230253577232360840e-01 6.118927001953125000e-01 6.467658877372741699e-01 6.901854872703552246e-01 7.430071830749511719e-01 7.049724459648132324e-01 6.411491632461547852e-01 5.882343053817749023e-01 5.758723616600036621e-01 5.170901417732238770e-01 4.216408431529998779e-01 4.347784519195556641e-01 4.570365846157073975e-01 4.865214824676513672e-01 4.543665051460266113e-01 4.742803275585174561e-01 4.638924598693847656e-01 5.709607601165771484e-01 6.587503552436828613e-01 6.610959768295288086e-01 6.279584169387817383e-01 5.399815440177917480e-01 4.357857108116149902e-01 3.902837932109832764e-01 3.898120820522308350e-01 4.575366377830505371e-01 4.090809524059295654e-01 3.603667616844177246e-01 4.584202170372009277e-01 3.195554912090301514e-01 2.865145802497863770e-01 3.894992470741271973e-01 4.689176678657531738e-01 5.372985601425170898e-01 5.240306854248046875e-01 4.449745118618011475e-01 3.335566222667694092e-01 3.686299026012420654e-01 4.081092774868011475e-01 2.769478559494018555e-01 2.321366369724273682e-01 3.531358838081359863e-01 3.822038769721984863e-01 3.495219945907592773e-01 4.031342566013336182e-01 2.427139580249786377e-01 2.522752583026885986e-01 3.306340575218200684e-01 2.646017670631408691e-01 1.547972708940505981e-01 2.874617874622344971e-01 3.516415655612945557e-01 3.723863959312438965e-01 3.506686687469482422e-01 2.888289093971252441e-01 2.282888591289520264e-01 1.829049438238143921e-01 3.575795590877532959e-01 4.390416145324707031e-01 4.402714669704437256e-01 4.623735249042510986e-01 4.285475611686706543e-01 3.599562048912048340e-01 3.960640728473663330e-01 5.249779224395751953e-01 6.469149589538574219e-01 7.023985385894775391e-01 7.469943165779113770e-01 7.022522687911987305e-01 5.352508425712585449e-01 4.234387278556823730e-01 2.843425869941711426e-01 4.012672007083892822e-01 5.018717050552368164e-01 4.457503855228424072e-01 4.801144599914550781e-01 5.710963606834411621e-01 6.411132216453552246e-01 6.349148750305175781e-01 6.204155683517456055e-01 6.464424729347229004e-01 6.827285289764404297e-01 7.038118243217468262e-01 6.165333390235900879e-01 5.575760602951049805e-01 5.132058262825012207e-01 5.295242071151733398e-01 5.293681621551513672e-01 5.800954699516296387e-01 5.012847185134887695e-01 4.311422407627105713e-01 5.370243191719055176e-01 5.767081379890441895e-01 5.915431976318359375e-01 5.856840610504150391e-01 6.080073118209838867e-01 6.637849211692810059e-01 6.825034022331237793e-01 6.291037797927856445e-01 6.173883080482482910e-01 6.172488331794738770e-01 6.193674206733703613e-01 6.061348319053649902e-01 6.187583208084106445e-01 6.074532270431518555e-01 5.128184556961059570e-01 4.884464144706726074e-01
3.797198235988616943e-01 3.969572484493255615e-01 4.417365491390228271e-01 4.535516500473022461e-01 5.111752748489379883e-01 5.185688138008117676e-01 4.656822383403778076e-01 4.756555557250976562e-01 5.106711983680725098e-01 5.302980542182922363e-01 5.188387632369995117e-01 4.739398956298828125e-01 3.986466825008392334e-01 3.863385617733001709e-01 4.026066958904266357e-01 3.873453438282012939e-01 5.675393342971801758e-01 6.075865030288696289e-01 5.804432034492492676e-01 5.918536186218261719e-01 5.888521075248718262e-01 6.230264306068420410e-01 6.010475754737854004e-01 5.288987159729003906e-01 5.307224392890930176e-01 5.457932353019714355e-01 5.567209720611572266e-01 5.687159299850463867e-01 5.380951166152954102e-01 5.145639777183532715e-01 5.544258356094360352e-01 5.752939581871032715e-01 5.412796735763549805e-01 5.646657943725585938e-01 5.736533403396606445e-01 5.443810820579528809e-01 5.902855396270751953e-01 4.803206324577331543e-01 2.646497189998626709e-01 1.647529006004333496e-01 2.094069272279739380e-01 2.554666697978973389e-01 3.836894631385803223e-01 5.365637540817260742e-01 5.416211485862731934e-01 5.139470696449279785e-01 5.465200543403625488e-01 4.825017452239990234e-01 5.392048954963684082e-01 6.439351439476013184e-01 7.082351446151733398e-01 6.467574834823608398e-01 4.798821508884429932e-01 5.143073201179504395e-01 4.642462730407714844e-01 4.114641249179840088e-01 3.851824402809143066e-01 5.060803890228271484e-01 4.914275407791137695e-01 5.210700631141662598e-01 4.670579433441162109e-01 5.183139443397521973e-01 5.129731893539428711e-01 4.956850707530975342e-01 5.775786042213439941e-01 6.445068120956420898e-01 6.705487966537475586e-01 6.231216788291931152e-01 2.865258455276489258e-01 2.982132434844970703e-01 4.353878498077392578e-01 3.998294472694396973e-01 3.136600553989410400e-01 3.776936531066894531e-01 4.300370216369628906e-01 5.078256726264953613e-01 5.861676335334777832e-01 5.060541629791259766e-01 4.890499413013458252e-01 5.398321151733398438e-01 6.827549934387207031e-01 6.791660785675048828e-01 6.153412461280822754e-01 5.921113491058349609e-01 5.543568134307861328e-01 4.157628417015075684e-01 3.286915421485900879e-01 2.179796844720840454e-01 2.440818250179290771e-01 3.750186264514923096e-01 4.801159203052520752e-01 5.060769319534301758e-01 5.455661416053771973e-01 5.128894448280334473e-01 5.823943614959716797e-01 6.449300050735473633e-01 5.933555960655212402e-01 5.865223407745361328e-01 6.024557948112487793e-01 6.520057320594787598e-01 6.320321559906005859e-01 5.800389051437377930e-01 5.189298391342163086e-01 5.531364083290100098e-01 5.517404079437255859e-01 4.854508638381958008e-01 5.553046464920043945e-01 5.459370613098144531e-01 4.938859641551971436e-01 5.538015365600585938e-01 5.656247735023498535e-01 5.903373956680297852e-01 5.352930426597595215e-01 4.385305643081665039e-01 4.234042465686798096e-01 4.784207642078399658e-01 4.883941411972045898e-01 5.119405984878540039e-01 4.616601467132568359e-01 5.513241291046142578e-01 5.371209383010864258e-01 4.808032512664794922e-01 3.699767291545867920e-01 3.652962446212768555e-01 3.687210083007812500e-01 3.743382394313812256e-01 4.294917881488800049e-01 5.486431121826171875e-01
3.260952830314636230e-01 3.766482472419738770e-01 4.309634864330291748e-01 4.748256504535675049e-01 5.247185826301574707e-01 5.691797733306884766e-01 5.863552689552307129e-01 5.713092684745788574e-01 5.540669560432434082e-01 5.360712409019470215e-01 4.863400757312774658e-01 4.748112261295318604e-01 4.543795287609100342e-01 4.654047489166259766e-01 4.749828875064849854e-01 4.859899282455444336e-01 5.230185389518737793e-01 5.718600153923034668e-01 5.916246175765991211e-01 6.429458856582641602e-01 6.435241699218750000e-01 6.768395900726318359e-01 6.711060404777526855e-01 6.684002876281738281e-01 6.259707212448120117e-01 6.023399233818054199e-01 5.828570127487182617e-01 5.543765425682067871e-01 5.612124800682067871e-01 5.422130823135375977e-01 4.901506900787353516e-01 4.729546010494232178e-01 4.995089769363403320e-01 5.313394665718078613e-01 6.061058044433593750e-01 6.179944872856140137e-01 6.301228404045104980e-01 6.301840543746948242e-01 5.894323587417602539e-01 5.076928734779357910e-01 4.882673025131225586e-01 4.525167047977447510e-01 3.745885491371154785e-01 3.327976167201995850e-01 3.115814030170440674e-01 3.736270964145660400e-01 4.514915645122528076e-01 4.655135273933410645e-01 4.384457170963287354e-01 5.804250240325927734e-01 6.580802798271179199e-01 6.794384121894836426e-01 6.889017820358276367e-01 6.365165710449218750e-01 5.944638848304748535e-01 6.278468966484069824e-01 7.063277363777160645e-01 7.292361259460449219e-01 5.400806665420532227e-01 3.327329456806182861e-01 3.345936238765716553e-01 3.343931138515472412e-01 4.019839763641357422e-01 4.306150674819946289e-01 4.863311052322387695e-01 6.432631015777587891e-01 6.907899975776672363e-01 7.427323460578918457e-01 6.887933015823364258e-01 6.193122863769531250e-01 6.074381470680236816e-01 6.753323078155517578e-01 7.569510936737060547e-01 7.271620035171508789e-01 5.343905687332153320e-01 3.708480000495910645e-01 3.208136856555938721e-01 3.322642743587493896e-01 3.959753215312957764e-01 4.079571068286895752e-01 4.471019208431243896e-01 5.009257197380065918e-01 5.717542767524719238e-01 6.676414608955383301e-01 6.725990176200866699e-01 6.007089614868164062e-01 5.533580780029296875e-01 5.617172122001647949e-01 5.165200233459472656e-01 4.795929491519927979e-01 4.480929076671600342e-01 3.886700868606567383e-01 3.859634995460510254e-01 3.847343921661376953e-01 3.939750790596008301e-01 4.427627623081207275e-01 4.049672484397888184e-01 3.489747047424316406e-01 2.869058251380920410e-01 2.437705397605895996e-01 2.542866468429565430e-01 2.988898158073425293e-01 3.768353462219238281e-01 4.037504792213439941e-01 4.424250125885009766e-01 4.227032065391540527e-01 4.198242127895355225e-01 4.368979036808013916e-01 4.201444983482360840e-01 4.111547172069549561e-01 4.483181536197662354e-01 4.701784551143646240e-01 4.151322543621063232e-01 4.389655590057373047e-01 4.045296013355255127e-01 3.673118352890014648e-01 3.500830233097076416e-01 3.168606460094451904e-01 3.428025841712951660e-01 3.763430118560791016e-01 4.116371870040893555e-01 4.175741970539093018e-01 4.536563158035278320e-01 4.476139843463897705e-01 4.574002921581268311e-01 4.408378303050994873e-01 4.054479897022247314e-01 3.906624317169189453e-01
5.101290345191955566e-01 4.999175965785980225e-01 5.019892454147338867e-01 5.048062801361083984e-01 5.054317712783813477e-01 5.063794851303100586e-01 5.279642343521118164e-01 5.759805440902709961e-01 6.149103641510009766e-01 6.053830981254577637e-01 5.895866751670837402e-01 5.487694144248962402e-01 5.035226941108703613e-01 5.205452442169189453e-01 4.912250638008117676e-01 4.833444952964782715e-01 4.724524617195129395e-01 4.898906350135803223e-01 5.205252170562744141e-01 5.462305545806884766e-01 5.345582365989685059e-01 5.550493001937866211e-01 6.062837839126586914e-01 6.357935667037963867e-01 6.040457487106323242e-01 6.192846298217773438e-01 6.297879219055175781e-01 6.586010456085205078e-01 6.181536912918090820e-01 5.427687764167785645e-01 4.933252036571502686e-01 4.623639285564422607e-01 4.436095952987670898e-01 4.590700864791870117e-01 4.181477129459381104e-01 3.860660493373870850e-01 4.195984005928039551e-01 5.301434993743896484e-01 5.507212281227111816e-01 4.072440564632415771e-01 2.854202687740325928e-01 2.186327576637268066e-01 2.750606834888458252e-01 3.633186221122741699e-01 4.491390287876129150e-01 5.111626982688903809e-01 5.310978293418884277e-01 5.209010243415832520e-01 4.337693452835083008e-01 3.005319833755493164e-01 2.326326370239257812e-01 1.961876153945922852e-01 2.206625491380691528e-01 1.497173011302947998e-01 1.015383973717689514e-01 1.232556700706481934e-01 2.008042782545089722e-01 4.374001026153564453e-01 6.208218932151794434e-01 7.267870903015136719e-01 7.156588435173034668e-01 6.818699836730957031e-01 6.478885412216186523e-01 5.565097332000732422e-01 4.478861093521118164e-01 3.548586964607238770e-01 2.683152854442596436e-01 2.494755685329437256e-01 4.260593354701995850e-01 6.662972569465637207e-01 7.546311616897583008e-01 4.052855670452117920e-01 1.847299188375473022e-01 2.374680042266845703e-01 5.004206299781799316e-01 6.779806613922119141e-01 7.064086198806762695e-01 6.902749538421630859e-01 6.104595661163330078e-01 5.619164109230041504e-01 4.358328282833099365e-01 4.576939344406127930e-01 4.165337085723876953e-01 3.844942748546600342e-01 3.771581649780273438e-01 5.264260768890380859e-01 6.063161492347717285e-01 5.366914868354797363e-01 4.369565844535827637e-01 3.559866845607757568e-01 4.413041174411773682e-01 4.641610383987426758e-01 5.065690875053405762e-01 5.099871754646301270e-01 5.050010085105895996e-01 5.383915901184082031e-01 5.098446011543273926e-01 5.708581209182739258e-01 5.628370046615600586e-01 5.448703765869140625e-01 5.224272608757019043e-01 6.001674532890319824e-01 6.580777168273925781e-01 6.133133172988891602e-01 5.828350782394409180e-01 5.631005167961120605e-01 6.230950355529785156e-01 5.991902947425842285e-01 5.343077182769775391e-01 4.594611525535583496e-01 4.092968106269836426e-01 4.255028069019317627e-01 5.436052083969116211e-01 5.505030155181884766e-01 5.656372308731079102e-01 5.325139164924621582e-01 5.099888443946838379e-01 5.138526558876037598e-01 5.495444536209106445e-01 5.019823312759399414e-01 4.875375032424926758e-01 4.966996908187866211e-01 4.955835938453674316e-01 5.091276168823242188e-01 5.090357661247253418e-01 5.058898925781250000e-01 5.102593302726745605e-01 4.667711555957794189e-01
3.558170199394226074e-01 3.643562793731689453e-01 3.881875574588775635e-01 4.465850293636322021e-01 4.696786999702453613e-01 5.169393420219421387e-01 4.917699396610260010e-01 5.059338808059692383e-01 5.608226060867309570e-01 6.057057380676269531e-01 6.035394072532653809e-01 5.913241505622863770e-01 5.469608902931213379e-01 4.640205502510070801e-01 4.264572262763977051e-01 3.903200030326843262e-01 4.119838178157806396e-01 4.333689510822296143e-01 4.895244836807250977e-01 5.655806660652160645e-01 5.763684511184692383e-01 5.581727623939514160e-01 5.572434663772583008e-01 5.623713135719299316e-01 5.988577604293823242e-01 6.631896495819091797e-01 6.837866902351379395e-01 7.071540355682373047e-01 6.776916980743408203e-01 6.150114536285400391e-01 5.885369181632995605e-01 5.360143184661865234e-01 4.733411371707916260e-01 4.898645281791687012e-01 4.480106234550476074e-01 3.948122262954711914e-01 3.920552730560302734e-01 3.643302619457244873e-01 3.481057882308959961e-01 3.908823728561401367e-01 4.727061986923217773e-01 5.462950468063354492e-01 6.116651296615600586e-01 6.283652782440185547e-01 6.498112678527832031e-01 6.457476019859313965e-01 6.131613850593566895e-01 5.827680230140686035e-01 4.630961120128631592e-01 4.866112768650054932e-01 4.166367352008819580e-01 3.905907869338989258e-01 3.354604244232177734e-01 3.836721181869506836e-01 4.823838770389556885e-01 6.589383482933044434e-01 7.293682694435119629e-01 7.280589342117309570e-01 6.922284960746765137e-01 6.639165878295898438e-01 6.734554767608642578e-01 6.549204587936401367e-01 5.789607167243957520e-01 5.080174207687377930e-01 4.411354064941406250e-01 4.563572108745574951e-01 3.987211883068084717e-01 3.451689779758453369e-01 2.728743851184844971e-01 4.725209474563598633e-01 6.189439296722412109e-01 7.675571441650390625e-01 7.361195087432861328e-01 7.012240290641784668e-01 7.107959985733032227e-01 6.977095603942871094e-01 6.991525888442993164e-01 6.624012589454650879e-01 6.192700266838073730e-01 5.506730675697326660e-01 4.411476552486419678e-01 3.990390896797180176e-01 3.459440469741821289e-01 3.375994861125946045e-01 3.626662194728851318e-01 4.028354287147521973e-01 5.175214409828186035e-01 6.112790107727050781e-01 6.263717412948608398e-01 6.323850154876708984e-01 6.819390654563903809e-01 7.125308513641357422e-01 6.977345347404479980e-01 6.399447321891784668e-01 5.730139613151550293e-01 5.405665636062622070e-01 3.415935933589935303e-01 3.764413297176361084e-01 4.074193835258483887e-01 3.841589093208312988e-01 3.366995155811309814e-01 2.844839096069335938e-01 2.858949303627014160e-01 3.088733851909637451e-01 3.022983074188232422e-01 3.110581040382385254e-01 3.206532299518585205e-01 3.328734040260314941e-01 3.234609663486480713e-01 3.679049909114837646e-01 3.816781938076019287e-01 4.587626457214355469e-01 3.917441964149475098e-01 4.021247923374176025e-01 4.195931553840637207e-01 3.974359333515167236e-01 3.944956064224243164e-01 3.598954677581787109e-01 3.813048601150512695e-01 3.501406013965606689e-01 3.609040081501007080e-01 3.464345932006835938e-01 3.306593596935272217e-01 3.371276557445526123e-01 3.882791697978973389e-01 4.455023705959320068e-01 4.485277831554412842e-01 4.648549854755401611e-01
5.956435799598693848e-01 5.676352977752685547e-01 5.747784376144409180e-01 5.623234510421752930e-01 5.105242133140563965e-01 5.464035272598266602e-01 5.787615180015563965e-01 5.889196395874023438e-01 6.111063361167907715e-01 5.725581049919128418e-01 5.446250438690185547e-01 5.397692322731018066e-01 5.419403910636901855e-01 5.254029631614685059e-01 5.221087336540222168e-01 5.560868382453918457e-01 5.888940691947937012e-01 5.667125582695007324e-01 5.319623351097106934e-01 4.600394666194915771e-01 4.861595928668975830e-01 5.633250474929809570e-01 5.825535058975219727e-01 5.667951107025146484e-01 5.317503213882446289e-01 4.835455119609832764e-01 5.355541110038757324e-01 5.459794998168945312e-01 5.285287499427795410e-01 5.400195121765136719e-01 5.440396070480346680e-01 5.209252834320068359e-01 5.518022775650024414e-01 5.109996795654296875e-01 3.912851512432098389e-01 2.962683439254760742e-01 2.719119787216186523e-01 2.547875344753265381e-01 2.001632452011108398e-01 1.296886950731277466e-01 9.112431108951568604e-02 1.114693284034729004e-01 1.884649395942687988e-01 1.822318732738494873e-01 2.334489673376083374e-01 3.409627079963684082e-01 4.503531157970428467e-01 4.762929379940032959e-01 5.910322666168212891e-01 3.960728049278259277e-01 3.758944272994995117e-01 3.483835160732269287e-01 4.110363423824310303e-01 4.756118059158325195e-01 4.075739085674285889e-01 3.157984912395477295e-01 2.806236147880554199e-01 3.512749969959259033e-01 3.949339687824249268e-01 3.459700942039489746e-01 3.019681572914123535e-01 3.210314214229583740e-01 3.198022246360778809e-01 4.501740336418151855e-01 5.024205446243286133e-01 3.660119175910949707e-01 4.454080760478973389e-01 3.689846694469451904e-01 5.071300864219665527e-01 6.126486063003540039e-01 7.385173439979553223e-01 4.055640995502471924e-01 4.172651767730712891e-01 6.652618050575256348e-01 7.206763625144958496e-01 5.269979238510131836e-01 2.917578518390655518e-01 2.936757206916809082e-01 3.058570921421051025e-01 4.171045720577239990e-01 4.389068782329559326e-01 4.928678572177886963e-01 5.176450610160827637e-01 5.123923420906066895e-01 4.768073260784149170e-01 4.853835701942443848e-01 5.843925476074218750e-01 6.347179412841796875e-01 6.735557317733764648e-01 7.596492767333984375e-01 6.280013322830200195e-01 5.053210854530334473e-01 4.420102834701538086e-01 4.301016032695770264e-01 4.749942719936370850e-01 4.995886981487274170e-01 4.918387234210968018e-01 5.357596278190612793e-01 5.807431340217590332e-01 5.666562318801879883e-01 5.709598660469055176e-01 6.094846725463867188e-01 6.657028198242187500e-01 7.012798786163330078e-01 7.173758745193481445e-01 6.711737513542175293e-01 5.947446823120117188e-01 5.616401433944702148e-01 6.204493045806884766e-01 6.258836984634399414e-01 5.695431828498840332e-01 5.168262720108032227e-01 4.775290787220001221e-01 4.747939705848693848e-01 4.534123241901397705e-01 4.721356928348541260e-01 4.761978089809417725e-01 5.178137421607971191e-01 5.591495037078857422e-01 5.817900300025939941e-01 5.656641125679016113e-01 5.302375555038452148e-01 5.228868722915649414e-01 5.121521353721618652e-01 5.234407782554626465e-01 5.330374836921691895e-01 5.158644914627075195e-01 5.220928192138671875e-01
5.632520914077758789e-01 5.777757763862609863e-01 5.539450645446777344e-01 5.314021706581115723e-01 5.304563641548156738e-01 5.205895304679870605e-01 5.631340742111206055e-01 5.511437654495239258e-01 5.775388479232788086e-01 5.645159482955932617e-01 5.310856103897094727e-01 5.093178153038024902e-01 5.240069627761840820e-01 5.083364248275756836e-01 4.845221936702728271e-01 4.860156178474426270e-01 5.127937793731689453e-01 5.420318841934204102e-01 5.205003023147583008e-01 5.326368808746337891e-01 5.718654394149780273e-01 5.984348654747009277e-01 6.037940382957458496e-01 6.046453714370727539e-01 6.685522198677062988e-01 6.412465572357177734e-01 5.954811573028564453e-01 5.269818305969238281e-01 5.739532709121704102e-01 5.908958911895751953e-01 5.510499477386474609e-01 4.971012473106384277e-01 4.891848564147949219e-01 4.756538867950439453e-01 4.578216373920440674e-01 4.068362116813659668e-01 3.689226806163787842e-01 3.042339980602264404e-01 3.000920712947845459e-01 3.307541906833648682e-01 4.757784903049468994e-01 6.538619399070739746e-01 5.395410656929016113e-01 3.604721128940582275e-01 3.668227791786193848e-01 4.866507351398468018e-01 5.442453026771545410e-01 5.320403575897216797e-01 5.241104960441589355e-01 3.187859058380126953e-01 2.685585319995880127e-01 4.152525663375854492e-01 3.983143568038940430e-01 3.582730889320373535e-01 2.606460750102996826e-01 1.897253245115280151e-01 2.243243753910064697e-01 7.473169565200805664e-01 7.749416828155517578e-01 4.243352413177490234e-01 2.406723350286483765e-01 3.141469955444335938e-01 4.181909859180450439e-01 5.433992743492126465e-01 5.722697377204895020e-01 4.397058188915252686e-01 3.501868546009063721e-01 3.343608975410461426e-01 4.863061904907226562e-01 6.872047781944274902e-01 6.713582277297973633e-01 3.044744431972503662e-01 2.922793924808502197e-01 2.754736840724945068e-01 3.359600901603698730e-01 3.412052690982818604e-01 2.919945716857910156e-01 2.789183259010314941e-01 3.089640438556671143e-01 3.903465867042541504e-01 6.358204483985900879e-01 5.584536790847778320e-01 4.879583120346069336e-01 4.205564558506011963e-01 4.091032147407531738e-01 4.952473342418670654e-01 5.610765814781188965e-01 4.414517283439636230e-01 2.849519252777099609e-01 2.409055233001708984e-01 2.833276391029357910e-01 3.125878274440765381e-01 3.853477537631988525e-01 3.592534959316253662e-01 3.502558171749114990e-01 3.782357573509216309e-01 5.417580604553222656e-01 5.800489783287048340e-01 6.081796884536743164e-01 5.986440777778625488e-01 5.929792523384094238e-01 5.915617346763610840e-01 6.427311301231384277e-01 6.207045912742614746e-01 6.231137514114379883e-01 5.891130566596984863e-01 5.928915143013000488e-01 5.874697566032409668e-01 5.378454327583312988e-01 4.867906272411346436e-01 4.936079680919647217e-01 4.595671296119689941e-01 5.601236820220947266e-01 5.305316448211669922e-01 5.568099021911621094e-01 5.608541369438171387e-01 5.709559917449951172e-01 5.571653246879577637e-01 5.756278634071350098e-01 6.178808808326721191e-01 6.024655699729919434e-01 6.253077387809753418e-01 6.452451944351196289e-01 5.953395366668701172e-01 5.943474173545837402e-01 6.013677716255187988e-01 6.126496791839599609e-01 5.946984291076660156e-01
5.566015243530273438e-01 5.415102839469909668e-01 5.230569243431091309e-01 4.756873548030853271e-01 5.003766417503356934e-01 4.653019607067108154e-01 4.563103914260864258e-01 3.742646872997283936e-01 3.550642430782318115e-01 3.972374200820922852e-01 4.375312924385070801e-01 5.297631621360778809e-01 5.383977890014648438e-01 5.637192130088806152e-01 6.958435773849487305e-01 7.320698499679565430e-01 4.722776412963867188e-01 3.996863663196563721e-01 3.509491682052612305e-01 3.734284937381744385e-01 3.687928915023803711e-01 3.823059797286987305e-01 3.838714957237243652e-01 3.513392210006713867e-01 3.849193453788757324e-01 4.232582449913024902e-01 4.233566820621490479e-01 3.649097084999084473e-01 3.018865287303924561e-01 3.976827561855316162e-01 5.613471269607543945e-01 6.190803647041320801e-01 4.257985949516296387e-01 4.297764897346496582e-01 4.502725005149841309e-01 4.402971565723419189e-01 4.527110457420349121e-01 4.267876744270324707e-01 5.365820527076721191e-01 5.499173402786254883e-01 6.050309538841247559e-01 5.627381801605224609e-01 5.136739015579223633e-01 4.205664396286010742e-01 3.721174001693725586e-01 3.417765796184539795e-01 3.730350732803344727e-01 4.816330671310424805e-01 4.707716107368469238e-01 4.599190652370452881e-01 3.913080096244812012e-01 4.272211790084838867e-01 2.980626523494720459e-01 4.130649566650390625e-01 4.715784192085266113e-01 5.389633774757385254e-01 5.055345892906188965e-01 4.058330655097961426e-01 3.408161699771881104e-01 2.928311526775360107e-01 2.421172559261322021e-01 2.704595327377319336e-01 2.922050654888153076e-01 3.247303664684295654e-01 4.134576916694641113e-01 4.726253151893615723e-01 3.546427786350250244e-01 2.616458535194396973e-01 1.538497954607009888e-01 1.818267405033111572e-01 2.193171679973602295e-01 2.824783027172088623e-01 3.340958356857299805e-01 5.036353468894958496e-01 4.857058823108673096e-01 4.985800683498382568e-01 5.577933788299560547e-01 5.201283097267150879e-01 5.050000548362731934e-01 4.917501807212829590e-01 4.656227529048919678e-01 4.309063553810119629e-01 4.847491085529327393e-01 4.221873879432678223e-01 4.288298189640045166e-01 4.305269122123718262e-01 5.308048129081726074e-01 6.232483983039855957e-01 7.061234712600708008e-01 7.008830904960632324e-01 7.038995027542114258e-01 6.950303912162780762e-01 7.142822146415710449e-01 7.274138927459716797e-01 6.747374534606933594e-01 4.980373680591583252e-01 4.459044039249420166e-01 5.039314627647399902e-01 5.888667106628417969e-01 6.629652380943298340e-01 6.409784555435180664e-01 6.218974590301513672e-01 5.970212221145629883e-01 6.243859529495239258e-01 6.725140810012817383e-01 7.268548607826232910e-01 7.318562865257263184e-01 7.323839664459228516e-01 7.680628299713134766e-01 7.036936879158020020e-01 6.836737990379333496e-01 6.181706190109252930e-01 4.488169848918914795e-01 4.700408875942230225e-01 4.574815630912780762e-01 4.427739083766937256e-01 4.859647452831268311e-01 5.228683948516845703e-01 6.083737015724182129e-01 6.614242196083068848e-01 6.857479810714721680e-01 6.741244792938232422e-01 6.612254977226257324e-01 6.165220141410827637e-01 5.586674809455871582e-01 4.764496088027954102e-01 4.054335057735443115e-01 3.422231972217559814e-01
5.891290903091430664e-01 5.554716587066650391e-01 5.082473754882812500e-01 4.701080322265625000e-01 4.688735306262969971e-01 4.910175502300262451e-01 4.466800987720489502e-01 4.091420769691467285e-01 3.850180506706237793e-01 3.952060043811798096e-01 3.990490436553955078e-01 3.855400085449218750e-01 3.999499380588531494e-01 5.011264085769653320e-01 5.476087927818298340e-01 5.556890368461608887e-01 6.155905723571777344e-01 5.491602420806884766e-01 4.284106492996215820e-01 4.500619769096374512e-01 4.613938927650451660e-01 4.429339468479156494e-01 4.266316890716552734e-01 3.980234265327453613e-01 3.969686329364776611e-01 4.800504744052886963e-01 4.778757095336914062e-01 4.495668113231658936e-01 3.919515907764434814e-01 4.101497828960418701e-01 5.068002939224243164e-01 5.109109282493591309e-01 4.815366864204406738e-01 4.403748810291290283e-01 5.184055566787719727e-01 4.413006305694580078e-01 4.609846174716949463e-01 5.396170020103454590e-01 5.820149779319763184e-01 5.667952895164489746e-01 5.165933370590209961e-01 4.311629831790924072e-01 4.367990195751190186e-01 3.866474330425262451e-01 4.570972919464111328e-01 4.515100121498107910e-01 4.663402438163757324e-01 4.660380482673645020e-01 3.662690520286560059e-01 3.998922407627105713e-01 4.508416652679443359e-01 4.497506022453308105e-01 6.208565831184387207e-01 7.381738424301147461e-01 8.102620840072631836e-01 8.287574648857116699e-01 8.806084990501403809e-01 7.656486630439758301e-01 6.787163019180297852e-01 5.480304360389709473e-01 4.025923609733581543e-01 4.528954327106475830e-01 4.063238203525543213e-01 4.376233518123626709e-01 4.116139411926269531e-01 3.375811278820037842e-01 3.774280250072479248e-01 4.063483178615570068e-01 6.596946716308593750e-01 7.602678537368774414e-01 8.080911040306091309e-01 8.772165179252624512e-01 9.288379549980163574e-01 8.226663470268249512e-01 7.116362452507019043e-01 5.859959721565246582e-01 4.108915328979492188e-01 4.430493116378784180e-01 4.155937135219573975e-01 4.532391726970672607e-01 4.487952589988708496e-01 4.081221222877502441e-01 3.844982683658599854e-01 4.102371931076049805e-01 5.387255549430847168e-01 5.878684520721435547e-01 4.609339833259582520e-01 2.859867215156555176e-01 2.413673698902130127e-01 2.714222073554992676e-01 3.220789730548858643e-01 3.379571735858917236e-01 4.377041161060333252e-01 4.166132807731628418e-01 4.971812367439270020e-01 5.393801927566528320e-01 6.349678039550781250e-01 5.061121582984924316e-01 4.725764691829681396e-01 4.698297679424285889e-01 4.235493838787078857e-01 4.780489504337310791e-01 4.976438581943511963e-01 4.165097475051879883e-01 3.657731711864471436e-01 3.644097447395324707e-01 4.165001213550567627e-01 4.234187602996826172e-01 4.433378279209136963e-01 4.932300448417663574e-01 4.977928996086120605e-01 4.826331734657287598e-01 5.354620814323425293e-01 5.514886975288391113e-01 5.973949432373046875e-01 6.206642389297485352e-01 5.009478330612182617e-01 4.946874082088470459e-01 4.826955795288085938e-01 4.850884079933166504e-01 4.502720236778259277e-01 4.046261906623840332e-01 3.509924411773681641e-01 3.722057044506072998e-01 3.973793983459472656e-01 4.179721474647521973e-01 4.470123946666717529e-01 5.230861902236938477e-01
5.170195698738098145e-01 5.191043615341186523e-01 4.979920685291290283e-01 4.661341607570648193e-01 4.332721531391143799e-01 3.732035160064697266e-01 3.474877178668975830e-01 3.428543210029602051e-01 3.792150616645812988e-01 4.040900170803070068e-01 4.970142841339111328e-01 5.533905029296875000e-01 5.653485655784606934e-01 6.045912504196166992e-01 6.009492278099060059e-01 5.821127295494079590e-01 5.127191543579101562e-01 4.444241821765899658e-01 4.559820592403411865e-01 4.161649942398071289e-01 4.016951620578765869e-01 4.128529429435729980e-01 4.482633471488952637e-01 3.891219794750213623e-01 4.099653661251068115e-01 3.557433784008026123e-01 3.250871002674102783e-01 3.029114305973052979e-01 3.489469289779663086e-01 4.488285779953002930e-01 5.493254065513610840e-01 6.243792772293090820e-01 5.537052750587463379e-01 4.974919557571411133e-01 4.514958262443542480e-01 4.684516787528991699e-01 5.057318806648254395e-01 5.971384644508361816e-01 6.532899737358093262e-01 7.002186179161071777e-01 6.879602670669555664e-01 6.256889700889587402e-01 5.848513245582580566e-01 5.106409788131713867e-01 4.740498363971710205e-01 4.188125431537628174e-01 3.635489344596862793e-01 3.965812623500823975e-01 5.361770987510681152e-01 3.935608267784118652e-01 2.907742261886596680e-01 3.607678115367889404e-01 4.637342393398284912e-01 5.109694600105285645e-01 4.743437170982360840e-01 5.129101872444152832e-01 5.772698521614074707e-01 4.888183772563934326e-01 4.212271869182586670e-01 3.896779119968414307e-01 4.067409932613372803e-01 3.650852441787719727e-01 3.381926119327545166e-01 3.698723912239074707e-01 5.406767129898071289e-01 3.832871913909912109e-01 2.846129536628723145e-01 3.385336995124816895e-01 3.766572177410125732e-01 3.117572367191314697e-01 1.920673400163650513e-01 2.159529328346252441e-01 2.545349597930908203e-01 2.127871662378311157e-01 3.477842211723327637e-01 5.936800837516784668e-01 7.267290353775024414e-01 7.084026932716369629e-01 7.201725840568542480e-01 6.362798810005187988e-01 5.759456157684326172e-01 5.718342065811157227e-01 4.777352511882781982e-01 4.072784483432769775e-01 4.392135441303253174e-01 5.277370214462280273e-01 4.774428308010101318e-01 3.285095095634460449e-01 1.615077406167984009e-01 1.661813259124755859e-01 3.042063117027282715e-01 4.629826247692108154e-01 5.420609712600708008e-01 5.522614717483520508e-01 5.979685187339782715e-01 6.573950648307800293e-01 5.767941474914550781e-01 6.111497282981872559e-01 6.442663669586181641e-01 6.619012355804443359e-01 6.793386340141296387e-01 6.458948254585266113e-01 6.128373742103576660e-01 6.271232366561889648e-01 5.711730122566223145e-01 5.446349382400512695e-01 5.868709683418273926e-01 5.474396347999572754e-01 4.613483846187591553e-01 4.160328507423400879e-01 3.941662609577178955e-01 4.667691886425018311e-01 6.040211319923400879e-01 6.016181707382202148e-01 6.419032812118530273e-01 6.403337717056274414e-01 6.469873189926147461e-01 6.314343810081481934e-01 5.825182199478149414e-01 5.521222352981567383e-01 5.730462074279785156e-01 5.720427632331848145e-01 6.077448129653930664e-01 5.819742083549499512e-01 5.348632931709289551e-01 5.236040949821472168e-01 5.489963889122009277e-01 5.660419464111328125e-01
5.597747564315795898e-01 5.566638708114624023e-01 5.692122578620910645e-01 5.314970016479492188e-01 5.182948112487792969e-01 5.051573514938354492e-01 4.759364426136016846e-01 4.290248751640319824e-01 4.380552768707275391e-01 4.412519931793212891e-01 4.475257396697998047e-01 4.526870548725128174e-01 4.845805466175079346e-01 5.144369602203369141e-01 4.818784594535827637e-01 4.576885700225830078e-01 5.519933700561523438e-01 4.682701528072357178e-01 4.205650389194488525e-01 4.067942798137664795e-01 3.692289292812347412e-01 4.402169287204742432e-01 4.972087740898132324e-01 4.779939949512481689e-01 4.747823476791381836e-01 4.228531718254089355e-01 3.859357535839080811e-01 3.923402428627014160e-01 4.334582388401031494e-01 4.675455093383789062e-01 4.712873101234436035e-01 5.324757099151611328e-01 3.277629911899566650e-01 3.304594755172729492e-01 4.199128746986389160e-01 4.906568229198455811e-01 5.266234874725341797e-01 5.286998748779296875e-01 5.872877240180969238e-01 6.470626592636108398e-01 6.939027905464172363e-01 7.093445062637329102e-01 7.352568507194519043e-01 7.619015574455261230e-01 7.135629653930664062e-01 5.601176619529724121e-01 5.235926508903503418e-01 5.487037301063537598e-01 3.835455775260925293e-01 4.361818730831146240e-01 4.032143652439117432e-01 2.957740724086761475e-01 3.668615818023681641e-01 3.315066993236541748e-01 3.722123503684997559e-01 3.409803807735443115e-01 3.659049868583679199e-01 4.829661846160888672e-01 5.762336254119873047e-01 6.780123710632324219e-01 7.107627987861633301e-01 7.246714830398559570e-01 6.837477087974548340e-01 6.480942964553833008e-01 6.787526011466979980e-01 8.016075491905212402e-01 8.050175905227661133e-01 7.377871870994567871e-01 5.581710934638977051e-01 3.747650682926177979e-01 2.590123116970062256e-01 2.632211744785308838e-01 3.244718015193939209e-01 3.468543589115142822e-01 3.373883664608001709e-01 3.452244699001312256e-01 4.222632646560668945e-01 4.336623549461364746e-01 4.453220665454864502e-01 4.468288123607635498e-01 5.360020995140075684e-01 5.752955675125122070e-01 6.879872083663940430e-01 8.188506960868835449e-01 8.785990476608276367e-01 8.158069849014282227e-01 7.342115044593811035e-01 6.189277172088623047e-01 5.219017267227172852e-01 5.206445455551147461e-01 4.662434756755828857e-01 4.632487893104553223e-01 4.822424352169036865e-01 3.947604000568389893e-01 4.212788045406341553e-01 4.228205382823944092e-01 4.567663967609405518e-01 4.025557041168212891e-01 3.178386390209197998e-01 3.588733077049255371e-01 3.498542904853820801e-01 3.197821080684661865e-01 3.428917229175567627e-01 3.913985788822174072e-01 4.516692459583282471e-01 4.150571227073669434e-01 4.073184728622436523e-01 3.768999874591827393e-01 3.736682236194610596e-01 4.058761000633239746e-01 4.398972690105438232e-01 4.832141995429992676e-01 5.004519224166870117e-01 4.913842380046844482e-01 4.889589250087738037e-01 5.018456578254699707e-01 4.861809611320495605e-01 4.232653677463531494e-01 3.921426236629486084e-01 4.046418368816375732e-01 4.046098589897155762e-01 4.393539428710937500e-01 4.580821096897125244e-01 4.914110302925109863e-01 5.139760375022888184e-01 5.459462404251098633e-01 5.482721328735351562e-01 5.426331162452697754e-01
4.749477803707122803e-01 4.544826447963714600e-01 4.379626512527465820e-01 4.296984672546386719e-01 4.232597053050994873e-01 4.367538690567016602e-01 4.561502337455749512e-01 4.718494713306427002e-01 4.781439304351806641e-01 4.596998989582061768e-01 4.464440941810607910e-01 4.341391623020172119e-01 4.068913757801055908e-01 3.780118525028228760e-01 3.283599913120269775e-01 3.460853099822998047e-01 4.407694637775421143e-01 3.885271847248077393e-01 3.784396052360534668e-01 3.809845447540283203e-01 3.749695420265197754e-01 3.862439393997192383e-01 3.277342617511749268e-01 2.894627749919891357e-01 2.970140874385833740e-01 3.572854101657867432e-01 4.228674769401550293e-01 4.195718765258789062e-01 4.079385399818420410e-01 3.513308465480804443e-01 3.275655508041381836e-01 3.068904876708984375e-01 5.897954106330871582e-01 6.517095565795898438e-01 7.323121428489685059e-01 8.231865763664245605e-01 8.234732747077941895e-01 6.824163794517517090e-01 4.271926581859588623e-01 2.543249130249023438e-01 2.794838249683380127e-01 4.374625980854034424e-01 5.389255285263061523e-01 6.064794659614562988e-01 6.083508729934692383e-01 5.524085760116577148e-01 5.174271464347839355e-01 5.465167164802551270e-01 4.061916470527648926e-01 5.027941465377807617e-01 5.868915915489196777e-01 7.131929993629455566e-01 8.449621200561523438e-01 5.884821414947509766e-01 2.530624866485595703e-01 1.910044848918914795e-01 3.595840036869049072e-01 5.322805047035217285e-01 7.126380205154418945e-01 7.306810021400451660e-01 6.617494225502014160e-01 6.011746525764465332e-01 4.933804869651794434e-01 4.152517914772033691e-01 3.816635310649871826e-01 4.821641743183135986e-01 5.797845721244812012e-01 6.933181285858154297e-01 6.681206822395324707e-01 5.003954172134399414e-01 3.721856772899627686e-01 3.755688667297363281e-01 4.546543061733245850e-01 5.434525012969970703e-01 6.386866569519042969e-01 6.331415772438049316e-01 6.318415403366088867e-01 5.486930012702941895e-01 4.728032350540161133e-01 3.992197513580322266e-01 5.300799608230590820e-01 5.950322747230529785e-01 6.369143724441528320e-01 6.217916607856750488e-01 5.779100060462951660e-01 4.571173787117004395e-01 3.818753659725189209e-01 3.567759692668914795e-01 3.217464387416839600e-01 3.908661007881164551e-01 4.370428025722503662e-01 5.099944472312927246e-01 4.674515426158905029e-01 5.074827671051025391e-01 5.059285759925842285e-01 4.893619418144226074e-01 5.529162287712097168e-01 5.899420976638793945e-01 6.312882304191589355e-01 6.680058836936950684e-01 6.370730400085449219e-01 6.192579865455627441e-01 5.816507935523986816e-01 5.701911449432373047e-01 5.468164682388305664e-01 5.600712895393371582e-01 5.642375349998474121e-01 5.700861215591430664e-01 5.680363774299621582e-01 5.374997258186340332e-01 5.400786995887756348e-01 5.111864805221557617e-01 4.065691530704498291e-01 4.762089252471923828e-01 5.082697272300720215e-01 5.549266338348388672e-01 5.940977334976196289e-01 5.990363359451293945e-01 6.338871717453002930e-01 5.715517997741699219e-01 5.630483031272888184e-01 5.143799781799316406e-01 5.375104546546936035e-01 5.240717530250549316e-01 4.832167327404022217e-01 4.573379158973693848e-01 4.103913307189941406e-01 3.910399377346038818e-01
4.285926520824432373e-01 4.412401914596557617e-01 4.492848515510559082e-01 4.546544849872589111e-01 5.053173899650573730e-01 5.306501388549804688e-01 6.298440098762512207e-01 7.157790660858154297e-01 6.586747169494628906e-01 6.290312409400939941e-01 5.776371359825134277e-01 5.358235239982604980e-01 5.101250410079956055e-01 5.005058646202087402e-01 4.955989718437194824e-01 4.740562736988067627e-01 3.704490065574645996e-01 5.104587674140930176e-01 6.529985666275024414e-01 6.732888221740722656e-01 6.395832896232604980e-01 6.544809341430664062e-01 6.831371188163757324e-01 7.789132595062255859e-01 8.032692670822143555e-01 7.277439832687377930e-01 6.601653099060058594e-01 6.509996056556701660e-01 6.812715530395507812e-01 6.451135277748107910e-01 5.691120028495788574e-01 4.706191420555114746e-01 3.827284872531890869e-01 4.501249194145202637e-01 4.109317064285278320e-01 3.645617663860321045e-01 3.982675969600677490e-01 3.632110953330993652e-01 4.430240094661712646e-01 5.479105114936828613e-01 4.907627403736114502e-01 4.718170762062072754e-01 3.194128274917602539e-01 2.908374071121215820e-01 3.464097380638122559e-01 3.833757936954498291e-01 4.856502115726470947e-01 4.780799746513366699e-01 4.236882030963897705e-01 3.302085399627685547e-01 2.554633915424346924e-01 3.308669030666351318e-01 3.892273306846618652e-01 5.725286602973937988e-01 7.106302976608276367e-01 7.071642875671386719e-01 7.230048179626464844e-01 6.689758300781250000e-01 5.354108810424804688e-01 3.492353260517120361e-01 2.375712543725967407e-01 3.316792547702789307e-01 3.495801091194152832e-01 4.389071464538574219e-01 3.865386843681335449e-01 2.887418568134307861e-01 2.575634121894836426e-01 3.406927883625030518e-01 4.120031595230102539e-01 6.928042769432067871e-01 7.712776064872741699e-01 8.102135062217712402e-01 8.659903407096862793e-01 6.389359831809997559e-01 5.733630657196044922e-01 4.276448488235473633e-01 3.674823939800262451e-01 3.815257847309112549e-01 3.441902101039886475e-01 4.396650791168212891e-01 4.458867907524108887e-01 4.158866405487060547e-01 4.393852055072784424e-01 4.300127625465393066e-01 4.403643310070037842e-01 5.113760828971862793e-01 6.219041347503662109e-01 6.968232989311218262e-01 6.376633048057556152e-01 5.198567509651184082e-01 4.629032909870147705e-01 4.933840930461883545e-01 4.438421726226806641e-01 4.116066098213195801e-01 4.210048019886016846e-01 4.505178630352020264e-01 4.770420193672180176e-01 4.447776079177856445e-01 4.299543201923370361e-01 3.962489664554595947e-01 4.245708584785461426e-01 4.281813502311706543e-01 4.077498614788055420e-01 3.769330680370330811e-01 4.045949876308441162e-01 4.177206158638000488e-01 4.000034034252166748e-01 4.173600971698760986e-01 4.516793191432952881e-01 5.397923588752746582e-01 5.748926997184753418e-01 6.169090270996093750e-01 5.499455928802490234e-01 5.405909419059753418e-01 4.923615753650665283e-01 4.433687925338745117e-01 4.238035082817077637e-01 3.939321041107177734e-01 3.341173529624938965e-01 3.297997713088989258e-01 3.564906120300292969e-01 4.229106903076171875e-01 4.665102064609527588e-01 5.194953083992004395e-01 5.773525834083557129e-01 5.604286789894104004e-01 5.268886685371398926e-01 5.238323211669921875e-01
4.981215298175811768e-01 4.684765934944152832e-01 4.894557595252990723e-01 4.880494773387908936e-01 4.812475740909576416e-01 4.934861958026885986e-01 5.508795380592346191e-01 5.705727934837341309e-01 5.353429317474365234e-01 5.184761881828308105e-01 5.078681707382202148e-01 5.111634731292724609e-01 5.263126492500305176e-01 5.279188156127929688e-01 4.758010506629943848e-01 4.677259027957916260e-01 4.749218821525573730e-01 4.955982267856597900e-01 5.526641011238098145e-01 5.432216525077819824e-01 5.568293333053588867e-01 5.540274381637573242e-01 6.241354942321777344e-01 6.554319858551025391e-01 6.111087203025817871e-01 5.947101712226867676e-01 6.078013777732849121e-01 6.163914203643798828e-01 6.041702032089233398e-01 5.459605455398559570e-01 4.513969123363494873e-01 4.055536389350891113e-01 4.639399945735931396e-01 4.390479624271392822e-01 4.407405257225036621e-01 4.320712983608245850e-01 4.084523618221282959e-01 4.033404290676116943e-01 4.222297668457031250e-01 4.473396241664886475e-01 4.630570411682128906e-01 3.937723636627197266e-01 3.604527115821838379e-01 3.958377242088317871e-01 3.930315673351287842e-01 3.855599462985992432e-01 3.866039812564849854e-01 4.003931581974029541e-01 5.504662990570068359e-01 5.313340425491333008e-01 5.186964869499206543e-01 4.251043796539306641e-01 2.979409396648406982e-01 2.348809391260147095e-01 3.798068165779113770e-01 7.090744376182556152e-01 7.422224283218383789e-01 4.323613643646240234e-01 2.488115727901458740e-01 2.676609158515930176e-01 3.837483823299407959e-01 4.321163296699523926e-01 4.659284651279449463e-01 5.134448409080505371e-01 5.540521144866943359e-01 6.220746040344238281e-01 5.862765908241271973e-01 5.196756720542907715e-01 3.995966911315917969e-01 1.216994822025299072e-01 2.265100926160812378e-01 3.168567419052124023e-01 2.920965552330017090e-01 1.918391734361648560e-01 2.965498864650726318e-01 3.590791821479797363e-01 4.551683962345123291e-01 5.157743692398071289e-01 5.937693715095520020e-01 5.958853960037231445e-01 6.706029772758483887e-01 6.373354196548461914e-01 5.966426730155944824e-01 5.346957445144653320e-01 4.313358068466186523e-01 2.888711094856262207e-01 1.462980061769485474e-01 8.954756706953048706e-02 1.810842156410217285e-01 2.875838875770568848e-01 3.461349308490753174e-01 3.865211904048919678e-01 4.960197508335113525e-01 6.225141882896423340e-01 5.959792733192443848e-01 5.746762156486511230e-01 6.838205456733703613e-01 6.074725985527038574e-01 5.775194168090820312e-01 6.033634543418884277e-01 5.412505269050598145e-01 5.615049600601196289e-01 5.350746512413024902e-01 5.283940434455871582e-01 5.384104847908020020e-01 5.360081195831298828e-01 5.219932794570922852e-01 5.401151776313781738e-01 5.663836598396301270e-01 5.910224318504333496e-01 6.005816459655761719e-01 5.874822735786437988e-01 5.902271270751953125e-01 6.165038943290710449e-01 6.308559775352478027e-01 6.394669413566589355e-01 6.598505377769470215e-01 6.341338157653808594e-01 5.925554037094116211e-01 5.838294029235839844e-01 5.993372797966003418e-01 5.752977728843688965e-01 5.386339426040649414e-01 5.477921366691589355e-01 5.452908873558044434e-01 5.341193079948425293e-01 5.619915127754211426e-01 5.561440587043762207e-01
4.356165826320648193e-01 4.320366978645324707e-01 4.656474888324737549e-01 4.765282273292541504e-01 4.894770681858062744e-01 5.249937176704406738e-01 5.498313307762145996e-01 5.454408526420593262e-01 5.515734553337097168e-01 5.631396174430847168e-01 5.204130411148071289e-01 4.853688180446624756e-01 4.740300178527832031e-01 4.568545520305633545e-01 4.633083045482635498e-01 5.128495097160339355e-01 4.331928491592407227e-01 4.927890896797180176e-01 5.558058023452758789e-01 5.890700221061706543e-01 5.689543485641479492e-01 5.646275877952575684e-01 6.103987693786621094e-01 6.726209521293640137e-01 7.108280658721923828e-01 6.806755065917968750e-01 6.282126307487487793e-01 6.014465689659118652e-01 5.865305662155151367e-01 5.833376646041870117e-01 5.195892453193664551e-01 4.724166095256805420e-01 4.487455785274505615e-01 4.550684988498687744e-01 4.541956186294555664e-01 4.639438986778259277e-01 4.808949232101440430e-01 4.692131280899047852e-01 5.402004718780517578e-01 6.279727816581726074e-01 6.169577240943908691e-01 5.689874887466430664e-01 4.726971685886383057e-01 4.322778582572937012e-01 4.196785688400268555e-01 4.223580658435821533e-01 4.400641322135925293e-01 4.239075183868408203e-01 4.866003692150115967e-01 4.203488826751708984e-01 4.277110695838928223e-01 4.199356436729431152e-01 3.972811400890350342e-01 6.170263290405273438e-01 7.928287982940673828e-01 7.666840553283691406e-01 7.810447812080383301e-01 7.590810656547546387e-01 5.215650796890258789e-01 2.943446636199951172e-01 2.913359403610229492e-01 3.593222796916961670e-01 4.338467419147491455e-01 4.530883133411407471e-01 5.814298987388610840e-01 4.618872106075286865e-01 4.095105230808258057e-01 3.908224999904632568e-01 4.087576866149902344e-01 6.051477193832397461e-01 6.010366082191467285e-01 4.625942409038543701e-01 6.444165110588073730e-01 7.220802307128906250e-01 5.109715461730957031e-01 3.488821685314178467e-01 3.101503849029541016e-01 4.243673384189605713e-01 5.012069344520568848e-01 4.845388829708099365e-01 5.616590976715087891e-01 4.965990185737609863e-01 4.162598550319671631e-01 2.624955177307128906e-01 1.578268259763717651e-01 8.377674221992492676e-02 3.967643529176712036e-02 0.000000000000000000e+00 3.322816267609596252e-02 1.162552163004875183e-01 1.746569722890853882e-01 3.022443056106567383e-01 4.012459516525268555e-01 4.730635881423950195e-01 4.745071828365325928e-01 5.489753484725952148e-01 4.890502095222473145e-01 5.046685338020324707e-01 5.432903170585632324e-01 5.476991534233093262e-01 5.783513784408569336e-01 5.447601675987243652e-01 5.005287528038024902e-01 4.778580963611602783e-01 4.629151523113250732e-01 4.695440232753753662e-01 4.783728122711181641e-01 4.998816549777984619e-01 5.009917020797729492e-01 4.599498808383941650e-01 4.548698961734771729e-01 5.827786922454833984e-01 5.289101600646972656e-01 5.405738353729248047e-01 5.672760605812072754e-01 5.522491931915283203e-01 5.662876963615417480e-01 5.634200572967529297e-01 5.844818949699401855e-01 5.482964515686035156e-01 5.625261068344116211e-01 5.477568507194519043e-01 5.562019944190979004e-01 5.313286781311035156e-01 5.266573429107666016e-01 5.303112864494323730e-01 5.958998799324035645e-01 6.545976400375366211e-01
5.418853163719177246e-01 5.155997276306152344e-01 4.832002520561218262e-01 4.961766302585601807e-01 4.916552603244781494e-01 5.072492957115173340e-01 4.986371099948883057e-01 5.006254315376281738e-01 5.167197585105895996e-01 5.272708535194396973e-01 5.700618624687194824e-01 5.487718582153320312e-01 5.390766859054565430e-01 5.519344210624694824e-01 5.634499788284301758e-01 5.874937772750854492e-01 4.154146909713745117e-01 4.415446817874908447e-01 5.055034756660461426e-01 5.404648780822753906e-01 6.556001901626586914e-01 6.779106855392456055e-01 6.350761651992797852e-01 6.329851746559143066e-01 6.144008636474609375e-01 6.081397533416748047e-01 6.145481467247009277e-01 5.734704136848449707e-01 5.435423851013183594e-01 4.992094039916992188e-01 4.824550151824951172e-01 4.481436014175415039e-01 5.521523356437683105e-01 5.400503873825073242e-01 4.869531393051147461e-01 4.413433372974395752e-01 4.097495973110198975e-01 3.459995985031127930e-01 1.932463794946670532e-01 1.608507186174392700e-01 1.768255233764648438e-01 2.209255844354629517e-01 3.079849481582641602e-01 3.417060673236846924e-01 4.229409992694854736e-01 4.574503302574157715e-01 4.745202958583831787e-01 5.561595559120178223e-01 6.364568471908569336e-01 6.741885542869567871e-01 7.050691843032836914e-01 7.896565198898315430e-01 7.773776650428771973e-01 5.230074524879455566e-01 2.656751275062561035e-01 3.383931815624237061e-01 3.440910577774047852e-01 3.414565920829772949e-01 5.548876523971557617e-01 6.515564918518066406e-01 6.961768865585327148e-01 6.534272432327270508e-01 6.511532068252563477e-01 6.612426638603210449e-01 6.494405865669250488e-01 6.993694305419921875e-01 7.329438328742980957e-01 7.570378184318542480e-01 7.399495840072631836e-01 5.197014212608337402e-01 2.364476472139358521e-01 3.002147972583770752e-01 2.778585851192474365e-01 4.058744609355926514e-01 6.562386751174926758e-01 7.323186397552490234e-01 7.332171201705932617e-01 7.126041054725646973e-01 6.646522879600524902e-01 6.641842126846313477e-01 5.029997229576110840e-01 4.688922762870788574e-01 4.164969921112060547e-01 3.467958271503448486e-01 3.455834090709686279e-01 2.088540494441986084e-01 1.409855335950851440e-01 1.534005701541900635e-01 1.386254578828811646e-01 1.743892878293991089e-01 2.399638742208480835e-01 3.087280690670013428e-01 3.706671893596649170e-01 4.578089118003845215e-01 5.286423563957214355e-01 5.697318911552429199e-01 3.857911229133605957e-01 4.249556958675384521e-01 4.728567898273468018e-01 4.965755045413970947e-01 5.442076921463012695e-01 5.632742047309875488e-01 5.481904745101928711e-01 5.336573719978332520e-01 5.210373401641845703e-01 4.904374182224273682e-01 4.751732349395751953e-01 4.409327208995819092e-01 4.314242303371429443e-01 3.808680772781372070e-01 3.615685999393463135e-01 3.817334473133087158e-01 4.310514926910400391e-01 4.519942700862884521e-01 4.445424675941467285e-01 4.645135402679443359e-01 4.817478656768798828e-01 5.275397896766662598e-01 4.897820055484771729e-01 4.747038781642913818e-01 4.807245433330535889e-01 4.629937708377838135e-01 4.926311373710632324e-01 4.743333458900451660e-01 4.783947169780731201e-01 4.691466987133026123e-01 5.156826376914978027e-01 5.046986341476440430e-01
4.667403399944305420e-01 4.741105735301971436e-01 5.096322894096374512e-01 5.361155867576599121e-01 5.176749825477600098e-01 5.116016864776611328e-01 5.680990815162658691e-01 6.008909940719604492e-01 6.117232441902160645e-01 5.468864440917968750e-01 5.302298069000244141e-01 5.561130642890930176e-01 5.424019694328308105e-01 4.922271966934204102e-01 4.662659168243408203e-01 4.954944550991058350e-01 4.657741189002990723e-01 4.771280288696289062e-01 4.967743754386901855e-01 5.449423789978027344e-01 5.619978308677673340e-01 5.328115224838256836e-01 5.866124629974365234e-01 5.479882359504699707e-01 5.529103279113769531e-01 5.142371058464050293e-01 5.245452523231506348e-01 5.501470565795898438e-01 5.197966694831848145e-01 4.524307847023010254e-01 3.788536190986633301e-01 4.158875942230224609e-01 4.597397744655609131e-01 4.074915945529937744e-01 3.880517482757568359e-01 3.756301999092102051e-01 2.848597466945648193e-01 2.898761034011840820e-01 2.958176434040069580e-01 2.617204785346984863e-01 2.258787751197814941e-01 1.590304523706436157e-01 2.097542434930801392e-01 3.357343375682830811e-01 4.166679084300994873e-01 4.466138780117034912e-01 4.735957682132720947e-01 5.260101556777954102e-01 4.560273587703704834e-01 5.616939067840576172e-01 5.974597334861755371e-01 4.944653213024139404e-01 3.319886326789855957e-01 1.853143870830535889e-01 1.583745628595352173e-01 1.961990296840667725e-01 2.163016796112060547e-01 3.012069165706634521e-01 3.373053669929504395e-01 4.393481910228729248e-01 5.261273980140686035e-01 5.486574172973632812e-01 5.229247808456420898e-01 4.670027494430541992e-01 4.626637399196624756e-01 5.867243409156799316e-01 7.125440835952758789e-01 7.238916158676147461e-01 6.491770148277282715e-01 4.285089075565338135e-01 2.273760437965393066e-01 3.807473182678222656e-01 5.660148262977600098e-01 6.328163743019104004e-01 6.274271011352539062e-01 6.426249146461486816e-01 6.014966964721679688e-01 6.238665580749511719e-01 5.191172957420349121e-01 4.761369824409484863e-01 5.961417555809020996e-01 6.397355198860168457e-01 6.506709456443786621e-01 6.496780514717102051e-01 6.049334406852722168e-01 5.622779726982116699e-01 4.994063675403594971e-01 4.771240949630737305e-01 5.251867771148681641e-01 5.224107503890991211e-01 5.508735179901123047e-01 6.081172227859497070e-01 6.142982244491577148e-01 6.204431056976318359e-01 5.614857077598571777e-01 5.291129350662231445e-01 5.997499227523803711e-01 6.134449839591979980e-01 6.075896024703979492e-01 6.080981492996215820e-01 6.010082364082336426e-01 5.637661218643188477e-01 5.924109220504760742e-01 5.956955552101135254e-01 5.843768715858459473e-01 5.898228883743286133e-01 6.181345582008361816e-01 6.107398271560668945e-01 5.948618054389953613e-01 6.053444147109985352e-01 5.860909223556518555e-01 5.667464137077331543e-01 4.348728954792022705e-01 4.895168244838714600e-01 4.976836740970611572e-01 4.977484643459320068e-01 4.869826138019561768e-01 4.683690369129180908e-01 4.711097180843353271e-01 4.780512154102325439e-01 5.013065934181213379e-01 4.991566240787506104e-01 4.632495939731597900e-01 4.340784251689910889e-01 4.527193307876586914e-01 4.803070127964019775e-01 4.922319352626800537e-01 5.112544298171997070e-01
4.141425192356109619e-01 4.159033596515655518e-01 4.045160114765167236e-01 4.210583269596099854e-01 4.891500473022460938e-01 5.177712440490722656e-01 5.012850165367126465e-01 4.603968262672424316e-01 3.999705016613006592e-01 3.990254104137420654e-01 3.999856710433959961e-01 4.143750071525573730e-01 4.723403155803680420e-01 4.779368340969085693e-01 4.590909481048583984e-01 4.758833050727844238e-01 4.897143244743347168e-01 4.429288506507873535e-01 4.272751510143280029e-01 4.335061907768249512e-01 4.412000179290771484e-01 4.532288908958435059e-01 4.605487883090972900e-01 4.638202488422393799e-01 4.455711245536804199e-01 3.949590623378753662e-01 3.203282058238983154e-01 3.388434350490570068e-01 3.980721533298492432e-01 4.766256809234619141e-01 5.158490538597106934e-01 5.603078603744506836e-01 5.139235258102416992e-01 6.264153122901916504e-01 7.152300477027893066e-01 7.181147336959838867e-01 7.046701312065124512e-01 6.930273771286010742e-01 7.048005461692810059e-01 6.412662863731384277e-01 5.219054818153381348e-01 4.075366854667663574e-01 4.195542335510253906e-01 4.666363000869750977e-01 4.085757732391357422e-01 4.185081124305725098e-01 3.970728218555450439e-01 4.222128689289093018e-01 5.821976661682128906e-01 6.768744587898254395e-01 7.224242091178894043e-01 7.430198788642883301e-01 7.132450342178344727e-01 7.160845398902893066e-01 7.071568369865417480e-01 2.996521592140197754e-01 2.685414552688598633e-01 3.173676431179046631e-01 4.813763499259948730e-01 5.432733297348022461e-01 5.714614391326904297e-01 5.592719912528991699e-01 5.523880124092102051e-01 5.010603666305541992e-01 4.753852188587188721e-01 5.440753102302551270e-01 5.890324711799621582e-01 5.943501591682434082e-01 5.542742013931274414e-01 3.848337233066558838e-01 2.379048913717269897e-01 3.427120745182037354e-01 4.888115227222442627e-01 7.185597419738769531e-01 8.279565572738647461e-01 7.405611872673034668e-01 7.202637195587158203e-01 6.788114905357360840e-01 6.467157006263732910e-01 5.879537463188171387e-01 3.984811007976531982e-01 4.103917181491851807e-01 4.423540532588958740e-01 4.830612242221832275e-01 5.065430998802185059e-01 4.316792190074920654e-01 4.483281075954437256e-01 5.502762794494628906e-01 6.431508064270019531e-01 6.900628805160522461e-01 6.875873804092407227e-01 6.865115165710449219e-01 6.726119518280029297e-01 6.674379110336303711e-01 6.438471674919128418e-01 5.542641878128051758e-01 4.696856141090393066e-01 4.570119380950927734e-01 4.102686941623687744e-01 4.088308513164520264e-01 3.234857320785522461e-01 3.086134195327758789e-01 3.552956283092498779e-01 4.399796128273010254e-01 4.290894567966461182e-01 4.043781459331512451e-01 3.988855481147766113e-01 3.978290259838104248e-01 3.931860923767089844e-01 3.618600964546203613e-01 3.988067209720611572e-01 4.235330224037170410e-01 4.649330973625183105e-01 4.823270142078399658e-01 4.909485876560211182e-01 4.890973269939422607e-01 4.819519519805908203e-01 3.556441664695739746e-01 2.972702383995056152e-01 2.769699096679687500e-01 3.264378309249877930e-01 3.481931388378143311e-01 3.615234494209289551e-01 3.596164584159851074e-01 4.070608913898468018e-01 4.654496610164642334e-01 4.811789691448211670e-01 4.909223914146423340e-01
